sample_id,question,chain_q_orig,chain_q_extended,retrieved_q1,retrieved_q2,retrieved_q3,answer_ref,answer_pred,rouge1,rouge2,rougel,meteor,bertscore
1,"I am working in H&amp;FW deptt of Delhi more than 10 years on contract basis.
My appointment was 5 years contract basis on regular pay scale after completing 5years I m getting yearly extentionà¥¤ I am also getting childeren education allowance, DGEHS health card, EPF and other facility. Can I go for regularisation in the court. What is the merit of my case? Please adviseà¥¤( North East Delhi, Delhi )",MHA_114 → RPSR_34 → RPSR_8932 → EPF_AT,MHA_114 → RPSR_34 → RPSR_8932 → EPF_AT → RPSR → MHA → MHA_34 → RPSR_15,"I worked in Jbm auto gurgaon plant for 1 year 1 month, after that i got transfer to jbm pune plant and got different pf number and employee id, now i completed 4 years 2 months here. I want to end my contract now. 
Am i eligible for gratuity?( Pune, Maharashtra )","I'm 23 &amp; worked as a Social media executive &amp; writer in a startup. My boss is making excuses and refusing to pay back the salary of around 4 months. It's been around 1 year and 10 months, even after several requests and pleas, he isn't paying the salary. Although it's not a big amount, it ranges between 45k-50k. But as a 23-year-old it's a big amount for me. I need my hard-earned money. Pls, advise what should I do? 

Note: It will be helpful if the suggestions are of not too much hassle and within my affordability.( Thane, Maharashtra )","Joined TCS Mumbai on 4th June 2021 as consultant with joining bonus. Due to profile mismatch, overtime, verbal harassment and no response from higher management, i resigned and sent an email on 3-Aug (within probation), requesting them to relieve on 31-Aug. They were delaying and asked me to contact this and that person. Later, by 7-Aug, they blocked my laptop access. I could not work within notice period. In offer letter, appointment letter, internal policy - notice period after probation or confirmation only mentioned.
I returned company laptop. Got my salary, variable pay too.
Now after 1.5 years- they have sent me legal notice asking recovery of bonus and 2 months shortfall basic salary, within a week- else legal action. ( No calls or emails- they had my old defunct hotmail ID).meanwhile, i shifted to different city twice, but my phone number was same. Never ever they called me. They used very bad language- ""you had fraudulent intentions to dupe company etc.""

Please advise.( Pune, Maharashtra )",Dear ClientI think you have a valid case to ask for regularization but then to be very specific you need to share the contract and service rule book with us so that I can then provide you the more specific or exact answer on that. But as said prima-facie you have a case.,"Under Indian law, regularization of employment for contract workers in government departments is governed by the principles laid down in cases such as ""Secretary, State of Karnataka v. Umadevi (3)"" (2006) 4 SCC 1. The Supreme Court held that regularization is not a right and can only be granted if the employment is in accordance with the rules and there is a sanctioned post. Since you have been on contract for over 10 years with yearly extensions, there might be a basis to argue for regularization if you can demonstrate that your role fulfills a permanent need and there are sanctioned posts available.

However, mere continuation on a contract does not automatically entitle you to regularization. You can file a writ petition in the Delhi High Court seeking regularization, citing your long tenure and the nature of your duties. Consulting a lawyer to evaluate your specific circumstances and assist with drafting the petition would be a prudent next step.",20.3662,4.4379,18.1692,20.6204,84.4515
2,"Can I file a writ on fradulent selection of anganwadi worker throgh the interview process with political interfearence( Prakasam, Andhra Pradesh )",IRC_72 → FIN_A_8 → PSI_9 → RPSR_5923A,IRC_72 → FIN_A_8 → PSI_9 → RPSR_5923A → RPSR → FIN_A → IRC → PSI,"I worked in Jbm auto gurgaon plant for 1 year 1 month, after that i got transfer to jbm pune plant and got different pf number and employee id, now i completed 4 years 2 months here. I want to end my contract now. 
Am i eligible for gratuity?( Pune, Maharashtra )","In my graduation 3rd year marksheet my date of birth 21-jun-1993, seen 21-jun-1983 from distance, but actual it 21-jun-1993 when seen by lens, in 1993 third digit 9 is likely shaped birthday candel 9, and shape is likely 9,. Qr code represent 21-jun-1993 also. 
Please suggest me that ...should I do apply reprint in University or not? Is there any problem in govt job?( Bundi, Rajasthan )","Widow daughter can get family pension of panchayat taj dept employees.( North 24 Parganas, West Bengal )","A.Dear Sir,Yes, you can file but success rate is very low and remote.","Yes, a writ petition can be filed in the High Court under Article 226 of the Constitution of India if there is evidence of fraudulent selection or political interference in the appointment process of an Anganwadi worker. This is because such actions may violate principles of fairness and transparency required in public employment. However, the petitioner must provide concrete evidence of the alleged fraud and interference to support the claim.

To proceed, gather all relevant documents and evidence that demonstrate the irregularities in the selection process. Consult with a lawyer to draft and file the writ petition, ensuring it includes all necessary details and legal grounds for challenging the selection.",20.3662,4.4379,18.1692,20.6204,84.4515
3,"My company is refusing to pay any amount and giving reason that I have informed for leave immediately not before 3 month.
I applied for leave on 3q March 2023 and delivered on 18 April 2023.
Please let me know how can I get benefits?( Noida, Uttar Pradesh )",MBA_10 → FA_79 → SPE_4 → MTW_24,MBA_10 → FA_79 → SPE_4 → MTW_24 → wages → SPE → Maternity Benefit Act 1961 → Factories Act 1948,"I worked in Jbm auto gurgaon plant for 1 year 1 month, after that i got transfer to jbm pune plant and got different pf number and employee id, now i completed 4 years 2 months here. I want to end my contract now. 
Am i eligible for gratuity?( Pune, Maharashtra )","I work in travel Pvrt ltd company,  at the beginning of vivid our company owner stated to reduce the salary of staff to 50% from April 20 onwards but now he is not responding messages and calls and neither releasing any salary.  As confirmed from clients the work is started since starting of domestic airlines I. e.  May 2020. But now he is not responding me.( East Delhi, Delhi )","I am working in indian software MNC from october 2008 till date from 2008-2018 I was medically fit from 2018 I suffering from asthma, hip joint bone AVN disorder but this is not affecting my office work at all my office work performance is good so currently I am asking for work from home so can my employer terminate me for medical health( Pune, Maharashtra )","Dear Client,In India, the Maternity Benefit Act, 1961, governs maternity benefits for women employees. According to the Act, you are entitled to maternity leave if you have worked for your employer for at least 80 days in the 12 months immediately preceding your expected date of delivery. The Act does not specify a requirement for providing notice three months in advance. It's more about the duration of your employment before the expected delivery date. Go through your employment contract and your company's HR policies to understand the terms and conditions regarding maternity leave.","Under the Maternity Benefit Act 1961, an employee is entitled to maternity leave and benefits if she has worked for at least 80 days in the 12 months preceding her expected delivery date. The Act does not require a three-month notice for maternity leave; instead, it mandates that the employer must be informed as soon as practicable. Since you applied for leave on 31 March 2023 and delivered on 18 April 2023, you are entitled to maternity benefits.

You should formally request the benefits in writing, citing the Maternity Benefit Act 1961. If your employer still refuses, file a complaint with the labor commissioner in Uttar Pradesh.",20.3662,4.4379,18.1692,20.6204,84.4515
4,"If a labour dies of a strok while working in a factory will there be claim any compensation from ESIC ?( Kolkata, West Bengal )",ESI_2 → ESI_2A → ESI_10 → ESI_20,ESI_2 → ESI_2A → ESI_10 → ESI_20 → Employees State Insurance Act 1948 → esi → ESI_73A → ESI_86,"Hello Sir/Mam,

I was worked for a private IT company 5 days working a week for 4 years, 7 months and 24 days. Now when i asked company to pay the gratuity amount. They deny it saying i need to complete 5 years to become eligible for gratuity. But as per my research and finding a one should be eligible after 4 years, 190 days. Please help me out how to proceed further.( Jaipur, Rajasthan )","I worked in Jbm auto gurgaon plant for 1 year 1 month, after that i got transfer to jbm pune plant and got different pf number and employee id, now i completed 4 years 2 months here. I want to end my contract now. 
Am i eligible for gratuity?( Pune, Maharashtra )","In my graduation 3rd year marksheet my date of birth 21-jun-1993, seen 21-jun-1983 from distance, but actual it 21-jun-1993 when seen by lens, in 1993 third digit 9 is likely shaped birthday candel 9, and shape is likely 9,. Qr code represent 21-jun-1993 also. 
Please suggest me that ...should I do apply reprint in University or not? Is there any problem in govt job?( Bundi, Rajasthan )","Dear Client,Yes, you may. The eligible dependents benefit in favour of the injured/deceased in accordance with law within a period of four weeks. Kindly consult a lawyer. Check out the case Room No.9 vs Sub-Regional Office.Thank you!","Under the Employees State Insurance Act, 1948, compensation may be claimed if an employee suffers an injury or death arising out of and in the course of employment. Section 51 of the Act provides for dependents' benefits in case of death due to employment injury. If the stroke can be linked to work-related stress or conditions, the dependents of the deceased worker may be eligible for compensation.

The family should file a claim with the Employees' State Insurance Corporation (ESIC) providing medical and employment records to establish the connection between the stroke and employment conditions. If ESIC denies the claim, the family can appeal the decision before the Employees' Insurance Court under Section 74 of the Act.",20.3662,4.4379,18.1692,20.6204,84.4515
5,"The company fired me without any reason and paid me only 6 days extra over and above the number of days I worked( Patna, Bihar )",IDA_17B → EPF_12 → ESI_72 → ISM_12,IDA_17B → EPF_12 → ESI_72 → ISM_12 → ISM → Industrial Disputes Act 1947 → wages → Employees State Insurance Act 1948,"I worked in Jbm auto gurgaon plant for 1 year 1 month, after that i got transfer to jbm pune plant and got different pf number and employee id, now i completed 4 years 2 months here. I want to end my contract now. 
Am i eligible for gratuity?( Pune, Maharashtra )","I work in travel Pvrt ltd company,  at the beginning of vivid our company owner stated to reduce the salary of staff to 50% from April 20 onwards but now he is not responding messages and calls and neither releasing any salary.  As confirmed from clients the work is started since starting of domestic airlines I. e.  May 2020. But now he is not responding me.( East Delhi, Delhi )","I am working in indian software MNC from october 2008 till date from 2008-2018 I was medically fit from 2018 I suffering from asthma, hip joint bone AVN disorder but this is not affecting my office work at all my office work performance is good so currently I am asking for work from home so can my employer terminate me for medical health( Pune, Maharashtra )","Dear Client,If you have been terminated from your company without any reason and have received only 6 days' extra pay beyond the days you worked, you may have grounds for legal action under Indian labor laws. The Industrial Disputes Act, 1947, protects employees from unfair dismissal and ensures that employers provide a valid reason for termination. Additionally, under the Payment of Wages Act, 1936, employees are entitled to receive full and timely payment of their due wages. You should send a formal written complaint to your employer detailing your grievance and request the full payment you are owed. If the issue is not resolved, you can file a complaint with the labor commissioner or seek legal counsel to take the matter to the labor court to claim your rightful dues and any additional compensation for wrongful termination.","Under the Industrial Disputes Act 1947, an employee cannot be terminated without a valid reason and due process, which includes providing a notice period or compensation in lieu thereof. If terminated without cause, you may have grounds to challenge the termination as an unfair labor practice. You can file a complaint with the labor commissioner in Patna to seek redress for wrongful termination and unpaid dues. Additionally, consider issuing a legal notice to your employer demanding the full payment of wages and any other entitlements.",20.3662,4.4379,18.1692,20.6204,84.4515
6,"I am doing 4 year regular btech.I will be graduating next month.In my final year(7th sem) I needed some money.So I joined a private bpo company(Oct,2023).But I resigned next month.Overall i was there for a month.I have the offer letter and relieving letter both.

Now my question is should I write this 1 month job experience in ssc cgl(govt job exam) attestation form under previous employment?? Will there be any problem as I am in regular degree?? Or if don't mention will it get terminated on suppression of information?? I have uan with my adhar for working 1 month??( North 24 Parganas, West Bengal )",relieving_letter → GST_143 → BTC_292 → EC_RULES_68,relieving_letter → GST_143 → BTC_292 → EC_RULES_68 → EC_RULES → BTC → GST → wages,"I'm 23 &amp; worked as a Social media executive &amp; writer in a startup. My boss is making excuses and refusing to pay back the salary of around 4 months. It's been around 1 year and 10 months, even after several requests and pleas, he isn't paying the salary. Although it's not a big amount, it ranges between 45k-50k. But as a 23-year-old it's a big amount for me. I need my hard-earned money. Pls, advise what should I do? 

Note: It will be helpful if the suggestions are of not too much hassle and within my affordability.( Thane, Maharashtra )","Joined TCS Mumbai on 4th June 2021 as consultant with joining bonus. Due to profile mismatch, overtime, verbal harassment and no response from higher management, i resigned and sent an email on 3-Aug (within probation), requesting them to relieve on 31-Aug. They were delaying and asked me to contact this and that person. Later, by 7-Aug, they blocked my laptop access. I could not work within notice period. In offer letter, appointment letter, internal policy - notice period after probation or confirmation only mentioned.
I returned company laptop. Got my salary, variable pay too.
Now after 1.5 years- they have sent me legal notice asking recovery of bonus and 2 months shortfall basic salary, within a week- else legal action. ( No calls or emails- they had my old defunct hotmail ID).meanwhile, i shifted to different city twice, but my phone number was same. Never ever they called me. They used very bad language- ""you had fraudulent intentions to dupe company etc.""

Please advise.( Pune, Maharashtra )","I'm working in American MNC ( Concentrix Daksh services India Pvt Ltd) situated in Gurugram, haryana, India. The nature of company is service provider to top clients including global tech giants. And I'm working for one of the world's biggest tech giant (Google TVC ), by providing services in specific project on behalf of above mentioned company (CNX ). So, I came to know that we are offered very less salary as compared to average salary in other regions in world and no where near the average salary of Google. And recently it's highlighted by whistleblower that Google illegally underpaid thousands of workers in many countries breaching pay parity laws. So I need advice in context of that if pay parity laws says in US that Google TVCs ( temporary, vendors and contractual workers ) are entitled to equal compensation. So is it possible to highlight same issue in India as well, and if yes, how to do it and how to get success in receiving the entitled compensation from Google or main company ( cnx), ( which ever is culprit ). I'm adding few links for references and better understanding. https://amp.theguardian.com/technology/2021/sep/10/google-underpaid-workers-illegal-pay-disparity-documents https://payparity.org/( North Delhi, Delhi )","Dear Client,Given your situation, it is advisable to mention your one-month job experience in the SSC CGL attestation form under previous employment. Suppressing information, especially when you have documents like the offer letter, relieving letter, and UAN linked with your Aadhaar, can lead to complications later, including potential termination for not disclosing accurate information. According to Indian employment laws and the guidelines for SSC CGL, honesty in disclosing employment history is crucial. Since your work period was brief and you have documented proof, it should not negatively impact your application, and full disclosure ensures that there are no accusations of hiding relevant information.","In the context of SSC CGL and government job applications, full disclosure of past employment is crucial to avoid any accusations of suppression of information, which could lead to termination. The Central Civil Services (Conduct) Rules, 1964, emphasize the importance of honesty and integrity in government service. Therefore, it is advisable to mention your one-month employment in the attestation form to ensure transparency.

You can legally include this employment experience since you have documentation (offer and relieving letters) to support it. Ensure that all details are accurately reflected in the form. If any discrepancies arise, having supporting documents will be beneficial.",20.3662,4.4379,18.1692,20.6204,84.4515
7,"I had worked in company for 12 years, i was terminated , my details are as under
1 Designation : Deputy Manager Accounts
2 Salary          :  60,000.00 Monthly
They have paid some amount but not clear and even they didn't given me any account of the same. I didn't get my do dues certificate and other documents and due to this i am not able to  apply in any other company.
Need your kind advice on the above.( Raipur, Chhattisgarh )",IDA_17B → EPF_12 → ESI_72 → ISM_12,IDA_17B → EPF_12 → ESI_72 → ISM_12 → ISM → Industrial Disputes Act 1947 → wages → Employees State Insurance Act 1948,"I worked in Jbm auto gurgaon plant for 1 year 1 month, after that i got transfer to jbm pune plant and got different pf number and employee id, now i completed 4 years 2 months here. I want to end my contract now. 
Am i eligible for gratuity?( Pune, Maharashtra )","I work in travel Pvrt ltd company,  at the beginning of vivid our company owner stated to reduce the salary of staff to 50% from April 20 onwards but now he is not responding messages and calls and neither releasing any salary.  As confirmed from clients the work is started since starting of domestic airlines I. e.  May 2020. But now he is not responding me.( East Delhi, Delhi )","I was sick with covid in the month of April. So I didnt work for April, May and June, but marked the attendance on the company portal. I recieved salary for all these months with salary slips. Now they mailed me not to mark attendance for july and saying they will adjust april, may and june salary when I start working again. Can they do that? Should I mark july's attendance? Can they take any legal action against me? I have marked the attendance on the portal, is anything wrong in that?( New Delhi, Delhi )",If not provided then make written application to them for it or take oc from them . After that approach to the court,"Under the Payment of Gratuity Act, 1972, an employee who has completed five years of continuous service is entitled to gratuity upon termination. Given your 12 years of service, you are entitled to gratuity and a full settlement of dues. Legally, the company must provide a full account of payments and issue a no-dues certificate.

You can file a complaint with the labor commissioner in Raipur to address the non-payment and documentation issues. Additionally, consider sending a formal legal notice to your employer demanding the release of all pending dues and necessary documents.",20.3662,4.4379,18.1692,20.6204,84.4515
8,"I was doing the data entry  job today morning they called and told me to pay â¹2050 immediately i paid them now they r telling system time over again if u don't pay ur life will be spoiled they will upload your details in social media and arrest ur family members, please someone help me( Bangalore, Karnataka )",CCS_ME → GST_69 → GST_66 → EC_RULES_66,CCS_ME → GST_69 → GST_66 → EC_RULES_66 → EC_RULES → GST → GST_130 → CCS_ME_5,"I work in travel Pvrt ltd company,  at the beginning of vivid our company owner stated to reduce the salary of staff to 50% from April 20 onwards but now he is not responding messages and calls and neither releasing any salary.  As confirmed from clients the work is started since starting of domestic airlines I. e.  May 2020. But now he is not responding me.( East Delhi, Delhi )","I worked in Jbm auto gurgaon plant for 1 year 1 month, after that i got transfer to jbm pune plant and got different pf number and employee id, now i completed 4 years 2 months here. I want to end my contract now. 
Am i eligible for gratuity?( Pune, Maharashtra )","Dear Sir/Ma'am,
I was worked in pvt ltd. company for 32 days (21 days in January and 11 days in February) when i asked for salary via mail (there is no HR team) they reply to me we will pay salary in 60 days if you r comfortable then ok other wise we will terminate you, so that i resigned from my job, now they are not pay salary.( Hyderabad, Telangana )","Hello,As per the information you have given firstly please state the facts clearly and secondly you need not to worry of any sactions that is to be implicated by te company unless and until you have not done anything against the law instead you can file a FIR to piolice for harassment.","This situation appears to be a scam involving extortion, which is illegal under Section 384 of the Indian Penal Code (IPC). The demand for money under threat of harm or reputational damage is a criminal offense. Legally, you are not obligated to pay any further amounts, and the threats made against you and your family are unlawful. Immediately report the incident to the local police station and provide them with all communications and transactions related to this matter. Additionally, consider consulting with a lawyer to explore further legal actions against the perpetrators.",20.3662,4.4379,18.1692,20.6204,84.4515
9,"I am working in a LLP Software Company in which minimum wages of employees as a fresher/experienced up to 2 years are between 10K to 15K.

The company all of a sudden is asking for account details (although company have it) and it has been said that the company will deposit an amount of 50,000 or more to all the employees accounts.

All the employees will have to transfer this amount to some other account specified by company HR.

The company is saying that this is just for the taxation purpose and it is safe.

What are the minimum wages criteria as per the law?

Is it really safe for me to allow company depositing such large amount in my account?

Is it to restrict employees leaving from Job without/with notice period as our employment bond is too strict (asking employees to oay compensation amount whichever is higher while leaving job with a notice period) and is completely in favour of company?

Please suggest.( Mumbai suburban, Maharashtra )",ICA_73 → ICA_74 → SRA_14 → SRA_16,ICA_73 → ICA_74 → SRA_14 → SRA_16 → employment_bond → wages → Specific Relief Act 1963 → PROC_EMPLOYMENT_BOND,"I'm 23 &amp; worked as a Social media executive &amp; writer in a startup. My boss is making excuses and refusing to pay back the salary of around 4 months. It's been around 1 year and 10 months, even after several requests and pleas, he isn't paying the salary. Although it's not a big amount, it ranges between 45k-50k. But as a 23-year-old it's a big amount for me. I need my hard-earned money. Pls, advise what should I do? 

Note: It will be helpful if the suggestions are of not too much hassle and within my affordability.( Thane, Maharashtra )","I worked in Jbm auto gurgaon plant for 1 year 1 month, after that i got transfer to jbm pune plant and got different pf number and employee id, now i completed 4 years 2 months here. I want to end my contract now. 
Am i eligible for gratuity?( Pune, Maharashtra )","My father worked as driver in KPTCL on 1994  he worked 5 days only then he will not reported to duty because of    he is suffering from health issue and then one year back 29/05/2018 my father is died  so that  we are eligible for taking job from compassionate ground or not . my father no given to resignation letter to department( Shimoga, Karnataka )","Any unaccounted money being deposited to your bank account can cause trouble later on. There two aspects to it.1. If your employer is depositing money then tomorrow or later if the tax authorities check your bank account then they will charge with tax evasion as it will be considered as your income.2. Suppose the company is raided by tax authorities for tax evasion then you will also be considered as partner in crime for allowing your account to be used for it.So, need to be careful.","The primary legal issue here is whether the company's request for employees to transfer deposited funds is lawful and whether it complies with tax regulations. Under the Minimum Wages Act, 1948, employers must pay the statutory minimum wages, but depositing and redirecting funds as described could potentially violate tax laws and constitute money laundering. Employees should not participate in any activity that could be deemed illegal or fraudulent.

Legally, you cannot be compelled to participate in any transaction that lacks transparency or could be unlawful. It is advisable to request a written explanation from the company detailing the purpose and legality of the transaction. If the explanation is unsatisfactory, consider reporting the matter to the appropriate labor or tax authorities for further investigation.",20.3662,4.4379,18.1692,20.6204,84.4515
10,"Hi ,
I recently joined an MNC. Right from day two i started facing many challenges in terms of workplace 1) bullying and 2) discrimination. I realised when i would have a query, the answer  given was different from what others would be given in front of every one. People could say unfriendly things and this would not be stopped by the lead.
Secondly, at the time of salary negotiation i opted for a lesser package for lesser work load because i needed work for sustenance and not career. However, later they changed the work skill and put us all in a more engaging work. This change in work profile was never conveyed in writing. We have learned the salary would get changed because work profile has changed. However,  salary is still pending to be discussed.  It has been two months since we have joined. We are made to do a lot of OT.Further, people we granted leaves even during no leave period, where as i am not being granted leave even if i am planning it in advance.",MBA_10 → FA_79 → SPE_4 → MTW_24,MBA_10 → FA_79 → SPE_4 → MTW_24 → leave → SPE → wages → Factories Act 1948,"I resigned from the company and had cleared all the exit formalities also I have served the notice period, submitted all the assets and completed all the exit procedures. But during my Full and Final settlement company sent me recovery letter stating that I have to pay company dues for using the leaves benefit which the company has provided or else the legal action will be taken. Going through the company policy I found that there is no such line mentioned about leave recovery during the employee's exit. When I asked for clarification from the HR, there is no response from them regarding this. I have sent multiple reminders stating clarification but there is no response. What do I do in this case? How can I go legally in this matter since there is no reply from company's side?( Thane, Maharashtra )","I study in an engineering college and now I am in my second year going to start 3rd year in september my college has not given any holidays after semester end examinations and starts the new semester right the next day. This has happened for 4 continuous semesters now . In the academic calendar 1 month holiday is given but now they are going back on their words . Many of my classmates are depressed especially people from hostels who have not gone home.and I don't know what action to take ,pls tell me( Mysore, Karnataka )","Joined TCS Mumbai on 4th June 2021 as consultant with joining bonus. Due to profile mismatch, overtime, verbal harassment and no response from higher management, i resigned and sent an email on 3-Aug (within probation), requesting them to relieve on 31-Aug. They were delaying and asked me to contact this and that person. Later, by 7-Aug, they blocked my laptop access. I could not work within notice period. In offer letter, appointment letter, internal policy - notice period after probation or confirmation only mentioned.
I returned company laptop. Got my salary, variable pay too.
Now after 1.5 years- they have sent me legal notice asking recovery of bonus and 2 months shortfall basic salary, within a week- else legal action. ( No calls or emails- they had my old defunct hotmail ID).meanwhile, i shifted to different city twice, but my phone number was same. Never ever they called me. They used very bad language- ""you had fraudulent intentions to dupe company etc.""

Please advise.( Pune, Maharashtra )","You have to cope with the new environment initially, you also should know your own contribution to the management as everything is in record,better to avoid any antagonization, as regards salary & benefits you have to keep in record but not make an issue as you can claim any time,if need consult with a professional Employment & labour and Service matter expert lawyer to guide & help you quickly.","The primary legal issue is workplace harassment and discrimination, potentially violating the Equal Employment Opportunity laws. Additionally, the unilateral change in work profile and workload without written consent may breach the terms of your employment contract. Under the Industrial Disputes Act, 1947, and relevant labor laws, employees have the right to fair treatment and protection against discrimination and harassment.

Legally, you can file a formal complaint with your company's HR department documenting the instances of bullying and discrimination. If the internal resolution is unsatisfactory, consider lodging a complaint with the Equal Employment Opportunity Commission or a similar labor authority in your jurisdiction. For the change in work profile and salary issues, request a written clarification from HR, and if unresolved, consult with a labor lawyer to explore filing a claim for breach of contract or unfair labor practice.",20.3662,4.4379,18.1692,20.6204,84.4515
11,"Are we able to claim compensation Salary in private sector if company terminate employee's service poor performance basis. and even if employee signed out agreement which states that company is not liable to make any payment if termination is based on cause i.e non performance.( Nagpur, Maharashtra )",IDA_17B → EPF_12 → ESI_72 → ISM_12,IDA_17B → EPF_12 → ESI_72 → ISM_12 → ISM → wages → Industrial Disputes Act 1947 → Employees State Insurance Act 1948,"I work in travel Pvrt ltd company,  at the beginning of vivid our company owner stated to reduce the salary of staff to 50% from April 20 onwards but now he is not responding messages and calls and neither releasing any salary.  As confirmed from clients the work is started since starting of domestic airlines I. e.  May 2020. But now he is not responding me.( East Delhi, Delhi )","In my graduation 3rd year marksheet my date of birth 21-jun-1993, seen 21-jun-1983 from distance, but actual it 21-jun-1993 when seen by lens, in 1993 third digit 9 is likely shaped birthday candel 9, and shape is likely 9,. Qr code represent 21-jun-1993 also. 
Please suggest me that ...should I do apply reprint in University or not? Is there any problem in govt job?( Bundi, Rajasthan )","I worked in Jbm auto gurgaon plant for 1 year 1 month, after that i got transfer to jbm pune plant and got different pf number and employee id, now i completed 4 years 2 months here. I want to end my contract now. 
Am i eligible for gratuity?( Pune, Maharashtra )",1. Send a legal notice [if they do not comply then]2. You may file a suit in the civil court OR3. You may also file a complaint before the labour commissioner.ThanksShreyash Mohta,"Under Indian labor law, if an employee has signed an agreement stating that the company is not liable to pay compensation upon termination for cause, such as poor performance, the company may not be legally obligated to provide compensation. The enforceability of this clause depends on its alignment with the Industrial Disputes Act, 1947, which governs unfair termination practices. However, if the termination process was not conducted fairly or violated principles of natural justice, the employee might have grounds to challenge it.

The employee can file a complaint with the labor commissioner if there is evidence of unfair treatment or procedural lapses. Review the employment contract and termination process for any potential violations of statutory rights.",20.3662,4.4379,18.1692,20.6204,84.4515
12,"Hi Sir,
I was working for a company for 5 years. Client withdrawn the work, so company had given notice for 2 months verbally, and asked us to leave. Company is paying Severance to level 1,2,and 3 employee, however not ready to pay severance to level 4 and above, as saying this is company policy to not to pay at higher level.

Need to understand, can company give verbal notice instead of written to leave the company, where there is no resignation given by employee?

Can a company discriminate among the employee based on their level in the organization, while both the level employee losing the job?

Please guide me.( Bangalore, Karnataka )",PGA_4 → PGA_7 → CCS_ME_3 → MEPS_17,PGA_4 → PGA_7 → CCS_ME_3 → MEPS_17 → gratuity → MEPS → Payment of Gratuity Act 1972 → PROC_GRATUITY_CLAIM,"I'm 23 &amp; worked as a Social media executive &amp; writer in a startup. My boss is making excuses and refusing to pay back the salary of around 4 months. It's been around 1 year and 10 months, even after several requests and pleas, he isn't paying the salary. Although it's not a big amount, it ranges between 45k-50k. But as a 23-year-old it's a big amount for me. I need my hard-earned money. Pls, advise what should I do? 

Note: It will be helpful if the suggestions are of not too much hassle and within my affordability.( Thane, Maharashtra )","Joined TCS Mumbai on 4th June 2021 as consultant with joining bonus. Due to profile mismatch, overtime, verbal harassment and no response from higher management, i resigned and sent an email on 3-Aug (within probation), requesting them to relieve on 31-Aug. They were delaying and asked me to contact this and that person. Later, by 7-Aug, they blocked my laptop access. I could not work within notice period. In offer letter, appointment letter, internal policy - notice period after probation or confirmation only mentioned.
I returned company laptop. Got my salary, variable pay too.
Now after 1.5 years- they have sent me legal notice asking recovery of bonus and 2 months shortfall basic salary, within a week- else legal action. ( No calls or emails- they had my old defunct hotmail ID).meanwhile, i shifted to different city twice, but my phone number was same. Never ever they called me. They used very bad language- ""you had fraudulent intentions to dupe company etc.""

Please advise.( Pune, Maharashtra )","I am working in a Pvt Ltd Biotechnology company &amp; signed a bond for 5 years. But the work pressure &amp; environment is so toxic and painful. Even I am forced to work everyday approximately 10-12 hours which includes holidays &amp; weekly offs since 1.8 years. When I have resigned recently, they are not ready to relive me and asked me that they have trained me on work and I can's leave. However as a experienced person I haven't learned a single new thing from this organization whereas I have trained their fresher to work properly. What is the legal rights for me to sue the company and get relieve smoothly ?( Bhubaneswar, Orissa )","You have a Complex issue , you can take up the issue with the company under the Act quckly, through an Expert  Lawyer from this panel to protect your employment interest","Under the Industrial Disputes Act, 1947, termination of employment typically requires a written notice, especially for employees who have completed continuous service for at least one year. Verbal notice is generally insufficient and can be challenged legally. Discrimination in severance pay based on employee level may be contested if it is not explicitly stated in the employment contract or company policy, as it could violate principles of fairness.

The user can file a complaint with the Labour Commissioner for unfair dismissal and discrimination. Gather all relevant documentation, such as employment contracts, company policies, and any communication regarding the termination, to support the case.",20.3662,4.4379,18.1692,20.6204,84.4515
13,"Six years ago, I joined in an MNC and in Appointment letter they mentioned Retention bonus of 1lac which they will pay end of second year that needed to repay if I leave before 5 years of service in that group. I departed from my previous company after receiving bonus and paid amount for not fulfilling the notice period and other outstanding payments which they asked for. They didn't  asked for retention bonus then. Unfortunately, despite my departure, the company did not issue me a service certificate. Recently, I reached out to request the service certificate, and in response, they are now asking me to repay a retention bonus mentioned in my appointment letter, which they had paid but did not recover during my relieving.( West Godavari, Andhra Pradesh )",MEPS_26 → MEPS_40 → MBA_10 → FA_79,MEPS_26 → MEPS_40 → MBA_10 → FA_79 → leave → MEPS → notice_period → Factories Act 1948,"I resigned from the company and had cleared all the exit formalities also I have served the notice period, submitted all the assets and completed all the exit procedures. But during my Full and Final settlement company sent me recovery letter stating that I have to pay company dues for using the leaves benefit which the company has provided or else the legal action will be taken. Going through the company policy I found that there is no such line mentioned about leave recovery during the employee's exit. When I asked for clarification from the HR, there is no response from them regarding this. I have sent multiple reminders stating clarification but there is no response. What do I do in this case? How can I go legally in this matter since there is no reply from company's side?( Thane, Maharashtra )","Joined TCS Mumbai on 4th June 2021 as consultant with joining bonus. Due to profile mismatch, overtime, verbal harassment and no response from higher management, i resigned and sent an email on 3-Aug (within probation), requesting them to relieve on 31-Aug. They were delaying and asked me to contact this and that person. Later, by 7-Aug, they blocked my laptop access. I could not work within notice period. In offer letter, appointment letter, internal policy - notice period after probation or confirmation only mentioned.
I returned company laptop. Got my salary, variable pay too.
Now after 1.5 years- they have sent me legal notice asking recovery of bonus and 2 months shortfall basic salary, within a week- else legal action. ( No calls or emails- they had my old defunct hotmail ID).meanwhile, i shifted to different city twice, but my phone number was same. Never ever they called me. They used very bad language- ""you had fraudulent intentions to dupe company etc.""

Please advise.( Pune, Maharashtra )","I'm 23 &amp; worked as a Social media executive &amp; writer in a startup. My boss is making excuses and refusing to pay back the salary of around 4 months. It's been around 1 year and 10 months, even after several requests and pleas, he isn't paying the salary. Although it's not a big amount, it ranges between 45k-50k. But as a 23-year-old it's a big amount for me. I need my hard-earned money. Pls, advise what should I do? 

Note: It will be helpful if the suggestions are of not too much hassle and within my affordability.( Thane, Maharashtra )","Dear client,Review your Appointment Letter: Carefully review the terms and conditions outlined in your appointment letter regarding the retention bonus. Pay attention to any clauses or provisions related to repayment if you leave before completing a specified period of service.Employment Contract and Obligations: Consider whether you had a signed employment contract that specifically addressed the retention bonus and any repayment obligations. The terms and conditions outlined in the contract will be essential in determining your legal obligations.Company Policies and Practices: Research the company's policies and practices regarding the repayment of retention bonuses. Check if there are any specific guidelines or procedures mentioned in the company's policies that address this situation.Seek Legal Advice: Given the complexity of your situation, it is advisable to consult with an employment lawyer who can review your appointment letter, employment contract (if applicable), and any other relevant documents. They can provide you with accurate advice based on the laws and regulations in your jurisdiction and help you understand your rights and obligations.Negotiation or Settlement: Depending on the advice of your lawyer, you may consider negotiating or discussing a possible settlement with the company. It may be helpful to explain your side of the situation and present any documentation or evidence that supports your case.","The key legal issue is whether the company can enforce the repayment of the retention bonus after failing to do so at the time of your departure. The company's delay in demanding the repayment might be seen as a waiver of their right to enforce the clause, especially since they did not raise the issue when you left. Under the Contract Act, 1872, specifically Section 63, a party entitled to a benefit under a contract may waive any part of it. 

You can argue that the company's failure to demand the bonus at the time of your departure constitutes a waiver of their right to claim it now. However, if the company insists, you may need to negotiate or potentially litigate the matter. Consider sending a legal notice to the company disputing their claim and requesting the service certificate, citing their initial inaction as a waiver of rights.",20.3662,4.4379,18.1692,20.6204,84.4515
14,"Sir i have joined tsspdcl as engineer on Dec 12 .. i was absconding since Jan 2 as I have exams on Jan 30 and Feb 1 which am preparing since 5 months . I have doubt that whether they would terminate me from job( Hyderabad, Telangana )",absconding → GST_143 → CCS_ME → EPF_AT_23,absconding → GST_143 → CCS_ME → EPF_AT_23 → labour_court → EPF_AT → GST → Q_1112,"I'm 23 &amp; worked as a Social media executive &amp; writer in a startup. My boss is making excuses and refusing to pay back the salary of around 4 months. It's been around 1 year and 10 months, even after several requests and pleas, he isn't paying the salary. Although it's not a big amount, it ranges between 45k-50k. But as a 23-year-old it's a big amount for me. I need my hard-earned money. Pls, advise what should I do? 

Note: It will be helpful if the suggestions are of not too much hassle and within my affordability.( Thane, Maharashtra )","I am working in a Pvt Ltd Biotechnology company &amp; signed a bond for 5 years. But the work pressure &amp; environment is so toxic and painful. Even I am forced to work everyday approximately 10-12 hours which includes holidays &amp; weekly offs since 1.8 years. When I have resigned recently, they are not ready to relive me and asked me that they have trained me on work and I can's leave. However as a experienced person I haven't learned a single new thing from this organization whereas I have trained their fresher to work properly. What is the legal rights for me to sue the company and get relieve smoothly ?( Bhubaneswar, Orissa )","I work in travel Pvrt ltd company,  at the beginning of vivid our company owner stated to reduce the salary of staff to 50% from April 20 onwards but now he is not responding messages and calls and neither releasing any salary.  As confirmed from clients the work is started since starting of domestic airlines I. e.  May 2020. But now he is not responding me.( East Delhi, Delhi )",Dear ClientYou need to give strict reason so that they can restore yourself there. Wish you all the best!!Hope it helps.,"Absconding from work without notice can lead to disciplinary action, including termination, under employment contracts and company policies. Under the Industrial Employment (Standing Orders) Act, 1946, unauthorized absence can be considered misconduct, which may justify termination. You should immediately communicate with your employer, explaining your absence and providing any supporting documentation for your exams. Request a meeting to discuss your situation and express your willingness to resume duties. If termination proceedings are initiated, consider seeking assistance from the Labour Commissioner or a legal professional to explore your options for appeal or negotiation.",20.3662,4.4379,18.1692,20.6204,84.4515
15,"I was appointed as Product Manager in my current firm (as written and accepted in appointment letter) 
Probation period was of 6 months. 
Now I received a confirmation letter from company wherein my designation and job description is changed without notice. 
Is this legal?( Mumbai, Maharashtra )",SCST_A_19 → RPSR_2 → RPSR_3 → RPSR_156B,SCST_A_19 → RPSR_2 → RPSR_3 → RPSR_156B → RPSR → SCST_A → probation → leave,"Widow daughter can get family pension of panchayat taj dept employees.( North 24 Parganas, West Bengal )","I worked in Jbm auto gurgaon plant for 1 year 1 month, after that i got transfer to jbm pune plant and got different pf number and employee id, now i completed 4 years 2 months here. I want to end my contract now. 
Am i eligible for gratuity?( Pune, Maharashtra )","I'm working in American MNC ( Concentrix Daksh services India Pvt Ltd) situated in Gurugram, haryana, India. The nature of company is service provider to top clients including global tech giants. And I'm working for one of the world's biggest tech giant (Google TVC ), by providing services in specific project on behalf of above mentioned company (CNX ). So, I came to know that we are offered very less salary as compared to average salary in other regions in world and no where near the average salary of Google. And recently it's highlighted by whistleblower that Google illegally underpaid thousands of workers in many countries breaching pay parity laws. So I need advice in context of that if pay parity laws says in US that Google TVCs ( temporary, vendors and contractual workers ) are entitled to equal compensation. So is it possible to highlight same issue in India as well, and if yes, how to do it and how to get success in receiving the entitled compensation from Google or main company ( cnx), ( which ever is culprit ). I'm adding few links for references and better understanding. https://amp.theguardian.com/technology/2021/sep/10/google-underpaid-workers-illegal-pay-disparity-documents https://payparity.org/( North Delhi, Delhi )",First of all congratulations for your achievement. If the designation and description mentioned in the letter is wrong I would suggest you to approach the HR to verify the error. Let your HR know the problem and communicate that your designation and job description is X and it is printed Y. Let the concerned party know that this will harm your future growth prospect but also makes it look untruthful and I am sure they will help you out.,"The unilateral change in your job designation and description without notice may constitute a breach of contract under Indian contract law principles, specifically the Indian Contract Act, 1872. An employment contract, including terms in an appointment letter, is binding, and any alteration without mutual consent can be challenged. You cannot be compelled to accept a new role without your agreement unless such changes are explicitly allowed in your contract.

To address this, review your employment contract for any clauses allowing such changes. If no such clause exists, formally communicate your objection to the HR department and request a resolution. If the issue persists, consider filing a complaint with the local labor commissioner or seeking legal recourse for breach of contract.",20.3662,4.4379,18.1692,20.6204,84.4515
16,"from Feb 2023 to Dec 23 leaves taken 45 days, so my HR adjusted SL 5.5 and CL 5.5 days so the balance is minus 34, and after Jan 2024 i availed PL 30days, SL 6 days and CL 6 days, so my hr adjusted the last year balance minus34 from this year PL, SL and CL and i have taken 18 days leave from Jan 24 to May 24...so he is telling your leaves are exhausted so that is why we have deducted salary for 6 days. PLs advise whether it is possible or any chance to get my salary...whether it is possible to adjusting the previous year's leave balance to the current year( Chennai, Tamil Nadu )",PGA_7 → EPF_7D → ESI_55 → IRC_44,PGA_7 → EPF_7D → ESI_55 → IRC_44 → labour_court → Payment of Gratuity Act 1972 → gratuity → PROC_GRATUITY_CLAIM,"Joined TCS Mumbai on 4th June 2021 as consultant with joining bonus. Due to profile mismatch, overtime, verbal harassment and no response from higher management, i resigned and sent an email on 3-Aug (within probation), requesting them to relieve on 31-Aug. They were delaying and asked me to contact this and that person. Later, by 7-Aug, they blocked my laptop access. I could not work within notice period. In offer letter, appointment letter, internal policy - notice period after probation or confirmation only mentioned.
I returned company laptop. Got my salary, variable pay too.
Now after 1.5 years- they have sent me legal notice asking recovery of bonus and 2 months shortfall basic salary, within a week- else legal action. ( No calls or emails- they had my old defunct hotmail ID).meanwhile, i shifted to different city twice, but my phone number was same. Never ever they called me. They used very bad language- ""you had fraudulent intentions to dupe company etc.""

Please advise.( Pune, Maharashtra )","I'm 23 &amp; worked as a Social media executive &amp; writer in a startup. My boss is making excuses and refusing to pay back the salary of around 4 months. It's been around 1 year and 10 months, even after several requests and pleas, he isn't paying the salary. Although it's not a big amount, it ranges between 45k-50k. But as a 23-year-old it's a big amount for me. I need my hard-earned money. Pls, advise what should I do? 

Note: It will be helpful if the suggestions are of not too much hassle and within my affordability.( Thane, Maharashtra )","I am working in a Pvt Ltd Biotechnology company &amp; signed a bond for 5 years. But the work pressure &amp; environment is so toxic and painful. Even I am forced to work everyday approximately 10-12 hours which includes holidays &amp; weekly offs since 1.8 years. When I have resigned recently, they are not ready to relive me and asked me that they have trained me on work and I can's leave. However as a experienced person I haven't learned a single new thing from this organization whereas I have trained their fresher to work properly. What is the legal rights for me to sue the company and get relieve smoothly ?( Bhubaneswar, Orissa )","Dear client,After reviewing your leave adjustments, it seems that your HR's calculations are accurate. From February 2023 to December 2023, you took 45 days of leave, with 11 days covered by SL and CL, leaving you with a negative balance of 34 days. This deficit was carried over into 2024, where you received 30 days of PL, 6 days of SL, and 6 days of CL, making a total of 42 days. After accounting for the previous year's negative balance, you had 8 days of leave available for 2024. Since you took 18 days of leave from January to May 2024, you exceeded your leave entitlement by 10 days.HR's deduction of salary for 6 of these excess leave days aligns with the negative balance. To address this, you should check your company's leave policy to ensure that the adjustments and carry-forwards are in line with it. Discuss with HR to understand the deductions and verify if there were any errors or flexibility in the policy. If there are any mitigating circumstances or recording mistakes, request an adjustment or waiver of the deduction. However, based on the current information, it appears unlikely that you can reclaim the deducted salary unless there is an exception in the policy or an error in the calculations. Hope our prompt support in this matter would be greatly appreciated.","The primary legal issue here is whether the employer can adjust the previous year's negative leave balance against the current year's leave entitlement. Under the Industrial Employment (Standing Orders) Act, 1946, and related rules, employers have the discretion to manage leave policies, including carry-forward or adjustment of leave balances, as long as these policies are clearly communicated and agreed upon in the employment contract or company policy. If the company's leave policy explicitly allows for such adjustments, the deduction is likely lawful.

To address this situation, review your employment contract and the company's leave policy to confirm if such adjustments are permitted. If the policy is unclear or not adhered to, consider discussing the matter with HR to seek clarification or negotiate a resolution. If unresolved, you may file a complaint with the Labour Commissioner for potential violation of employment terms.",20.3662,4.4379,18.1692,20.6204,84.4515
17,"I have worked for theresumetask.com . They asked me for my aadhar card . I have given them my details.the condition was to fill 500 resume in 6 days but their server is not good. I was facing lots of issues. I called them many a times in a day. Then I informed them due to your server I can not work. But after 6 days they are asking me to pay 5400 plus gst. They are sending me legal threats by message. I can not find that company on Google. That company is registered in MP. And they people are from Gujarat. Even on true caller their name is fraud. What to do?( Jodhpur, Rajasthan )",GST → RPSR_1 → CCS_ME → IEA_142,GST → RPSR_1 → CCS_ME → IEA_142 → IEA → RPSR → GST_66 → IEA_15,"Joined TCS Mumbai on 4th June 2021 as consultant with joining bonus. Due to profile mismatch, overtime, verbal harassment and no response from higher management, i resigned and sent an email on 3-Aug (within probation), requesting them to relieve on 31-Aug. They were delaying and asked me to contact this and that person. Later, by 7-Aug, they blocked my laptop access. I could not work within notice period. In offer letter, appointment letter, internal policy - notice period after probation or confirmation only mentioned.
I returned company laptop. Got my salary, variable pay too.
Now after 1.5 years- they have sent me legal notice asking recovery of bonus and 2 months shortfall basic salary, within a week- else legal action. ( No calls or emails- they had my old defunct hotmail ID).meanwhile, i shifted to different city twice, but my phone number was same. Never ever they called me. They used very bad language- ""you had fraudulent intentions to dupe company etc.""

Please advise.( Pune, Maharashtra )","I'm 23 &amp; worked as a Social media executive &amp; writer in a startup. My boss is making excuses and refusing to pay back the salary of around 4 months. It's been around 1 year and 10 months, even after several requests and pleas, he isn't paying the salary. Although it's not a big amount, it ranges between 45k-50k. But as a 23-year-old it's a big amount for me. I need my hard-earned money. Pls, advise what should I do? 

Note: It will be helpful if the suggestions are of not too much hassle and within my affordability.( Thane, Maharashtra )","I am working in a Pvt Ltd Biotechnology company &amp; signed a bond for 5 years. But the work pressure &amp; environment is so toxic and painful. Even I am forced to work everyday approximately 10-12 hours which includes holidays &amp; weekly offs since 1.8 years. When I have resigned recently, they are not ready to relive me and asked me that they have trained me on work and I can's leave. However as a experienced person I haven't learned a single new thing from this organization whereas I have trained their fresher to work properly. What is the legal rights for me to sue the company and get relieve smoothly ?( Bhubaneswar, Orissa )","Dear Sir/ Madam,Before involving yourself in such a company you should have made a thorough check. However, now you need not pay any kind of money and let them proceed with whatever legal action they want to take till then you gather all the required documents which can show your work.if you find this response useful then please rate me","The primary legal issue here is whether the demand for payment is enforceable, considering the potential fraudulent nature of the company. Under the Indian Contract Act, 1872, a contract is void if it involves fraud or misrepresentation (Section 17). Since the company appears dubious and is not easily verifiable, the demand may lack legal standing.

You should not pay the demanded amount without verifying the company's legitimacy. File a complaint with the local police for potential fraud and also report the issue to the Cyber Crime Cell, given the online nature of the transaction. Retain all communication and evidence of the server issues and threats for any future legal proceedings.",20.3662,4.4379,18.1692,20.6204,84.4515
18,"I have 2 month notice period but I served 1 month and for another month paid full month salary I don't have reliving letter and mail acceptance so they were not providing my full and final settlement amount what to do now( Bangalore, Karnataka )",MEPS_26 → MEPS_40 → PGA_7 → EPF_7D,MEPS_26 → MEPS_40 → PGA_7 → EPF_7D → labour_court → MEPS → Payment of Gratuity Act 1972 → PROC_GRATUITY_CLAIM,"I worked in Jbm auto gurgaon plant for 1 year 1 month, after that i got transfer to jbm pune plant and got different pf number and employee id, now i completed 4 years 2 months here. I want to end my contract now. 
Am i eligible for gratuity?( Pune, Maharashtra )","I work in travel Pvrt ltd company,  at the beginning of vivid our company owner stated to reduce the salary of staff to 50% from April 20 onwards but now he is not responding messages and calls and neither releasing any salary.  As confirmed from clients the work is started since starting of domestic airlines I. e.  May 2020. But now he is not responding me.( East Delhi, Delhi )","Dear Sir/Ma'am,
I was worked in pvt ltd. company for 32 days (21 days in January and 11 days in February) when i asked for salary via mail (there is no HR team) they reply to me we will pay salary in 60 days if you r comfortable then ok other wise we will terminate you, so that i resigned from my job, now they are not pay salary.( Hyderabad, Telangana )","Dear Client,If you have completed one month of the two-month notice period and paid the full month's salary, but are facing issues obtaining a relieving letter and acceptance of your resignation through email, it can create complications in receiving your full and final settlement. To address this, you may consider taking the following steps. Firstly, reach out to your HR department or the concerned authority in writing, requesting your relieving letter and acknowledgment of your resignation. Clearly communicate your concerns about the pending full and final settlement and emphasize the importance of these documents for your future employment opportunities. If there is no response or cooperation, consider seeking assistance from a legal professional or labor union to intervene on your behalf. Document all communication attempts for reference. If the issue persists, you may explore legal options such as filing a complaint with the labor department or pursuing legal action for non-compliance with employment terms. Consulting with a labor lawyer will provide you with specific guidance tailored to your situation and jurisdiction, helping you navigate the process to secure your full and final settlement.","Under the Payment of Wages Act, 1936, employers are required to pay all wages, including the full and final settlement, within a stipulated time after the employee's last working day. Since you have served the notice period as per your agreement and paid for the remaining period, you are entitled to your full and final settlement. You can send a legal notice to your employer demanding the settlement amount and the relieving letter. If the employer fails to comply, you may file a complaint with the labor commissioner in Bangalore to seek redressal.",20.3662,4.4379,18.1692,20.6204,84.4515
19,"My company is threating me because I uploaded the video in the social media of there cheating with customers
After that my company seen that video. After they threating me I don't know what to do next( Gurgaon, Haryana )",BNS_318 → IPC_415 → CCS_ME → COMP_MA_10,BNS_318 → IPC_415 → CCS_ME → COMP_MA_10 → COMP_MA → BNS → IPC → COMP_MA_447,"I worked in Jbm auto gurgaon plant for 1 year 1 month, after that i got transfer to jbm pune plant and got different pf number and employee id, now i completed 4 years 2 months here. I want to end my contract now. 
Am i eligible for gratuity?( Pune, Maharashtra )","I work in travel Pvrt ltd company,  at the beginning of vivid our company owner stated to reduce the salary of staff to 50% from April 20 onwards but now he is not responding messages and calls and neither releasing any salary.  As confirmed from clients the work is started since starting of domestic airlines I. e.  May 2020. But now he is not responding me.( East Delhi, Delhi )","I am working in indian software MNC from october 2008 till date from 2008-2018 I was medically fit from 2018 I suffering from asthma, hip joint bone AVN disorder but this is not affecting my office work at all my office work performance is good so currently I am asking for work from home so can my employer terminate me for medical health( Pune, Maharashtra )","Dear Sir,Yes, you cannot do such things being a sub-ordinate to your Boss. At the most you may resign the job and lodge a complaint against the company bringing out such cheating to light.","Uploading a video that exposes company misconduct may be protected under whistleblower laws, specifically under the Whistle Blowers Protection Act, 2014, if the information pertains to corruption or misuse of power. However, if the video breaches company confidentiality agreements, the company may have grounds for disciplinary action. The user should review their employment contract for any confidentiality clauses and assess whether the video falls under protected disclosures.

Next steps include documenting all threats received and considering filing a complaint with the local labor commissioner if the threats escalate. Consulting with an attorney specializing in employment law to evaluate the protections available under the Whistle Blowers Protection Act is advisable.",20.3662,4.4379,18.1692,20.6204,84.4515
20,"agar koi apne previous company apko terminate kar chuki hai false alegation ke sath aur wo ab abhi dusre job me kaam kar raha h aur previous company ke leads abhi bhi mere sath bussiness kar rahe h toh meri previous company legal action mail karne ke liye treathened kar rahi h( Kolkata, West Bengal )",IDA_2A → ESI_73 → IDA_25F → IDA_25H,IDA_2A → ESI_73 → IDA_25F → IDA_25H → Industrial Disputes Act 1947 → EPF_6 → provident_fund → wrongful_termination,"Widow daughter can get family pension of panchayat taj dept employees.( North 24 Parganas, West Bengal )","I worked in Jbm auto gurgaon plant for 1 year 1 month, after that i got transfer to jbm pune plant and got different pf number and employee id, now i completed 4 years 2 months here. I want to end my contract now. 
Am i eligible for gratuity?( Pune, Maharashtra )","I work in travel Pvrt ltd company,  at the beginning of vivid our company owner stated to reduce the salary of staff to 50% from April 20 onwards but now he is not responding messages and calls and neither releasing any salary.  As confirmed from clients the work is started since starting of domestic airlines I. e.  May 2020. But now he is not responding me.( East Delhi, Delhi )","Dear Client,The company cannot terminate you arbitrarily. The termination process must comply with the mandates under the Industrial Disputes Act. In this situation, if the company terminates you without any rationale, you can send a legal notice to the company and file a complaint to the State Labor Commissioner against the company for unfair labor practices. Further, if you are a workman under Section 2(s) of the Industrial Dispute Act, then you can file a suit under Section 2A of the said Act before the concerned Labor Court. Otherwise, you can file a civil suit against the company and seek appropriate remedy. If required, you can consult an advocate for advice and assistance in the matter.Hope it helps.Thank you.","In your situation, the primary legal issue is potential wrongful termination and defamation by your previous employer. Under the Industrial Disputes Act 1947, wrongful termination can be contested if the dismissal was without just cause or due process. If your previous employer is threatening legal action based on false allegations, this could potentially constitute defamation if the claims are untrue and damaging to your reputation.

You can legally continue working with your current employer and maintain business relationships unless there is a valid non-compete clause or confidentiality agreement that you are violating. Consider sending a cease and desist letter to your previous employer if their threats constitute harassment or defamation. Consulting with a local attorney to evaluate the specifics of your case and potentially file a complaint with the labor commissioner may also be beneficial.",20.3662,4.4379,18.1692,20.6204,84.4515
21,"Hi! I am a student and I interned at a certain startup for 1 month in the month of January for stipend of 12k Rs. After completion of internship the company told me that they will be paying me the amount in some time. They kept extending the date every week.

In March they told me I'd receive it by the end of the month however it didn't happen. Now yesterday the employer told me that "" I cannot pay you the stipend because it's personal "".

He says that I have been bothering his team. The thing is this manager never responded to my mails. So I used to message my mentor in the company to contact him. He says that I shouldn't have contacted them & won't be paying me. In the last 2 months I have only messaged him 5 times with only asking when will I receive the payment & he never responded to the mails so I contacted my mentor to tell him to kindly read my mails. All including only 5 messages to the HR & 5 messages to the mentor. He says that I have been contacting them everyday & bothering them.

I have the offer letter all the chats regarding the work I have done & also the chat of the manager saying I will be receiving the amount shortly.

The manager also called me today & talked to me rudely saying I can do whatever I want but he won't be paying me & also used abusive language. Unfortunately he called me via whats app so I couldn't record it. But I have all the proof of him denying to pay & offer letter.

I did some research & found some legal processes. To send him a legal letter & if he doesn't responds to file a civil suit against the company. That apart I wanted to know what I should really do . Because I a student & cannot spend much time & money for the law suit. Is it a good option to go against him legally? I also fear if the matter escalates & costs me a lot. Can that happen?

Any advice will be helpful. I am from India & I interned for Frontend engineer role remotely & the startup has about 8 employees and it is saas based.( Jaipur, Rajasthan )",EC_RULES_74 → EC_RULES_73 → CCS_ME → EC_RULES_68,EC_RULES_74 → EC_RULES_73 → CCS_ME → EC_RULES_68 → wages → EC_RULES → Q_15 → WAGE_C_11,"Joined TCS Mumbai on 4th June 2021 as consultant with joining bonus. Due to profile mismatch, overtime, verbal harassment and no response from higher management, i resigned and sent an email on 3-Aug (within probation), requesting them to relieve on 31-Aug. They were delaying and asked me to contact this and that person. Later, by 7-Aug, they blocked my laptop access. I could not work within notice period. In offer letter, appointment letter, internal policy - notice period after probation or confirmation only mentioned.
I returned company laptop. Got my salary, variable pay too.
Now after 1.5 years- they have sent me legal notice asking recovery of bonus and 2 months shortfall basic salary, within a week- else legal action. ( No calls or emails- they had my old defunct hotmail ID).meanwhile, i shifted to different city twice, but my phone number was same. Never ever they called me. They used very bad language- ""you had fraudulent intentions to dupe company etc.""

Please advise.( Pune, Maharashtra )","I'm 23 &amp; worked as a Social media executive &amp; writer in a startup. My boss is making excuses and refusing to pay back the salary of around 4 months. It's been around 1 year and 10 months, even after several requests and pleas, he isn't paying the salary. Although it's not a big amount, it ranges between 45k-50k. But as a 23-year-old it's a big amount for me. I need my hard-earned money. Pls, advise what should I do? 

Note: It will be helpful if the suggestions are of not too much hassle and within my affordability.( Thane, Maharashtra )","I applied 4 days leave in Feb 24 for last week of March and by mistake he sanctioned this Leave with remarks that he can't sanction at this moment. I did not see remarks and just sa leave approved and proceeded for home town but now after one-month he cancelled my leave and made me unauthorised and also for supporting he yesterday gave me a letter dated 5 days back.Ehat action can I take because every time he harrases me showing his boss attitude( Banaskantha, Gujarat )","Dear Client,It is extremely a sad state of affairs of unpaid employment that takes place. Legally taking any action will cost you a certain amount which you will have to bear, since youâre a student. But, file a complaint with an advocate and send a notice if that prompts the company to do something about the situation. If youâre financially on a crunch, I suggest to not take action legally.","The primary legal issue is the non-payment of a promised stipend, which constitutes a breach of contract. Under the Indian Contract Act, 1872, a valid contract requires fulfillment of agreed terms, including payment for services rendered. The user can send a formal legal notice to the company demanding payment of the stipend. If the company fails to respond or pay, the user can file a small claims suit for recovery of the amount, which is a cost-effective legal option. Given the evidence of the offer letter and communications, the user has a strong case for breach of contract.",20.3662,4.4379,18.1692,20.6204,84.4515
22,"Currently i was working in a central PSU,have completed 13 years of service,what they will do if i abscond from duty for 6 months,i may join after 6 months in same PSU( Khammam, Telangana )",ATA_19 → MBA_10 → FA_79 → SPE_4,ATA_19 → MBA_10 → FA_79 → SPE_4 → SPE → labour_court → govt_service → Factories Act 1948,"Widow daughter can get family pension of panchayat taj dept employees.( North 24 Parganas, West Bengal )","In my graduation 3rd year marksheet my date of birth 21-jun-1993, seen 21-jun-1983 from distance, but actual it 21-jun-1993 when seen by lens, in 1993 third digit 9 is likely shaped birthday candel 9, and shape is likely 9,. Qr code represent 21-jun-1993 also. 
Please suggest me that ...should I do apply reprint in University or not? Is there any problem in govt job?( Bundi, Rajasthan )","I worked in Jbm auto gurgaon plant for 1 year 1 month, after that i got transfer to jbm pune plant and got different pf number and employee id, now i completed 4 years 2 months here. I want to end my contract now. 
Am i eligible for gratuity?( Pune, Maharashtra )","Dear ClientIf you are working with PSU and suddenly abscond then they will send some showcause notices to your given address and permanent address. If they do not hear back from you then they will put your employment on hold for sometime and may be suspend you, depending on the organization internal rules.Once you are back they will take you back but your seniority will be lost by those period when you were absent.There is a twist here. If you are are absent for any reason which are prohibited by the organization for example, criminal activity, second job etc. then you might be terminated when they come ot know about it.","Absconding from duty in a central Public Sector Undertaking (PSU) can lead to disciplinary action, including termination of employment. Under the Central Civil Services (Conduct) Rules, 1964, unauthorized absence from duty without proper leave can be treated as misconduct. Legally, you cannot simply abscond and expect to rejoin without consequences.

To address this, submit a formal leave application citing valid reasons for your absence and seek approval from your employer. If you have already absconded, contact your HR department immediately to explain your situation and request a resolution.",20.3662,4.4379,18.1692,20.6204,84.4515
23,"Hello i was asked to put down my papers by my HR and they agreed to provide me salary for the notice period but now they are unresponsive. Should I continue to follow up on emails or call them ?( Noida, Uttar Pradesh )",MEPS_26 → MEPS_40 → IDA_17B → EPF_12,MEPS_26 → MEPS_40 → IDA_17B → EPF_12 → wages → MEPS → Industrial Disputes Act 1947 → notice_period,"I worked in Jbm auto gurgaon plant for 1 year 1 month, after that i got transfer to jbm pune plant and got different pf number and employee id, now i completed 4 years 2 months here. I want to end my contract now. 
Am i eligible for gratuity?( Pune, Maharashtra )","I'm 23 &amp; worked as a Social media executive &amp; writer in a startup. My boss is making excuses and refusing to pay back the salary of around 4 months. It's been around 1 year and 10 months, even after several requests and pleas, he isn't paying the salary. Although it's not a big amount, it ranges between 45k-50k. But as a 23-year-old it's a big amount for me. I need my hard-earned money. Pls, advise what should I do? 

Note: It will be helpful if the suggestions are of not too much hassle and within my affordability.( Thane, Maharashtra )","I lost my Job in the year 2017 due to a false sexual harassment matter. I didnt fight in court of law. I worked  in few places who didnt insist for character certificate from police. Now new employer insists on character certificate. What should i do? Will persuation to police department help? My online application was rejected and i m not aware why it was rejected though.( Mumbai suburban, Maharashtra )","Hi client,Yes follow up. In case,  if they don't reply you can send a legal notice.Thanks and RegardsSimi Paul","Under the Industrial Disputes Act, 1947, an employee is entitled to receive notice pay if asked to resign without serving the notice period. If the employer is unresponsive, the employee can send a formal legal notice demanding the agreed salary for the notice period. If there is still no response, the next step is to file a complaint with the labor commissioner or pursue a civil suit for recovery of dues. It is advisable to document all communications and attempts to resolve the issue amicably.",20.3662,4.4379,18.1692,20.6204,84.4515
24,"2. Years ago we applied for job in Canada through agent in Chandigarh, at time they said it will take 2 months, we paid hefty amount but they keep on asking for more and more paperwork and donât show us any progress or even if they have even applied, so we made a ruckus then they showed some portal that showed my UCI AND APPLICATION NO. But we still canât believe, this January they asked for passport to get visa but still no reply, we keep on asking for tracking no. But they donât provide anything. What can we do legally( Hoshiarpur, Punjab )",IEA_143 → IEA_142 → BTC_236 → GST_146,IEA_143 → IEA_142 → BTC_236 → GST_146 → GST → gratuity → BTC → IEA,"Sir,
I am a student in need of money so I decided to do a part time job for online data entry company.
They gave me 700 forms to do in 6 days. After the 3rd day the server on which they asked me to fill forms showed errors constantly,and soon after my Id was blocked. They said that my login and logout differed so my id got blocked. Then they asked me to pay 3999 to restore it. I did. Then the id did not resume for another 2 days. And the deadline passed again. When I asked them they said it was my net error and made me pay 3999 again. They said this was refundable with my salary and sent me an email confirming this too. Now I have completed 698 forms and error has occurred again. And I cant acess the account again. Now they ate not picking up my calls when I want to talk to them regarding this( Visakhapatnam, Andhra Pradesh )","I resigned from the company and had cleared all the exit formalities also I have served the notice period, submitted all the assets and completed all the exit procedures. But during my Full and Final settlement company sent me recovery letter stating that I have to pay company dues for using the leaves benefit which the company has provided or else the legal action will be taken. Going through the company policy I found that there is no such line mentioned about leave recovery during the employee's exit. When I asked for clarification from the HR, there is no response from them regarding this. I have sent multiple reminders stating clarification but there is no response. What do I do in this case? How can I go legally in this matter since there is no reply from company's side?( Thane, Maharashtra )","Widow daughter can get family pension of panchayat taj dept employees.( North 24 Parganas, West Bengal )","Dear Sir,Better to lodge complaint with Police as such agent wanted to enrich at your cost and fooling you.","The primary legal issue is potential fraud or breach of contract by the agent. Under the Indian Penal Code, Section 420 deals with cheating and dishonestly inducing delivery of property, which may apply if the agent misrepresented their ability to secure a job in Canada. You can file a police complaint against the agent for fraud, providing all documentation and communication records as evidence. Additionally, consider filing a complaint with the District Consumer Disputes Redressal Commission for deficiency in service, seeking a refund and compensation. Ensure to gather all relevant documents such as receipts, emails, and any agreements made with the agent.",20.3662,4.4379,18.1692,20.6204,84.4515
25,"Chartered Accountant Partnership Firm runs with 85 employees as on date. The Firm is registered under EPFO. However, only 10 staff members are covered under EPFO and remaining 75 staff members are not provided the PF facility. I wish to know, whether such establishment can extend PF benefit only to its selected employees? Is it not mandatory to the establishment to extend PF benefit to all its employees once the threshold limit of 20 is exceeded?( Chennai, Tamil Nadu )",EPF_6 → EPF_AT_2 → CCS_ME_3 → CCS_ME_5,EPF_6 → EPF_AT_2 → CCS_ME_3 → CCS_ME_5 → provident_fund → gratuity → labour_court → EPF_AT,"I worked in Jbm auto gurgaon plant for 1 year 1 month, after that i got transfer to jbm pune plant and got different pf number and employee id, now i completed 4 years 2 months here. I want to end my contract now. 
Am i eligible for gratuity?( Pune, Maharashtra )","I'm 23 &amp; worked as a Social media executive &amp; writer in a startup. My boss is making excuses and refusing to pay back the salary of around 4 months. It's been around 1 year and 10 months, even after several requests and pleas, he isn't paying the salary. Although it's not a big amount, it ranges between 45k-50k. But as a 23-year-old it's a big amount for me. I need my hard-earned money. Pls, advise what should I do? 

Note: It will be helpful if the suggestions are of not too much hassle and within my affordability.( Thane, Maharashtra )","In my graduation 3rd year marksheet my date of birth 21-jun-1993, seen 21-jun-1983 from distance, but actual it 21-jun-1993 when seen by lens, in 1993 third digit 9 is likely shaped birthday candel 9, and shape is likely 9,. Qr code represent 21-jun-1993 also. 
Please suggest me that ...should I do apply reprint in University or not? Is there any problem in govt job?( Bundi, Rajasthan )","Dear Sir,PF benefit to be extended all the stock members who are on the rolls. You may lodge complaint with concerned authorities and also go to the High Court etc. However, it may result into your termination also. Please take wise decision.","Under the Employees' Provident Funds and Miscellaneous Provisions Act, 1952, once an establishment employs 20 or more employees, it is mandatory to provide Provident Fund (PF) benefits to all eligible employees. Selectively extending PF benefits to only a few employees while excluding others is not permissible under the law. The firm must ensure compliance by enrolling all eligible employees under the EPF scheme.

The user should conduct an internal audit to identify all eligible employees and ensure their enrollment in the EPF scheme. If the firm is currently non-compliant, it should take immediate steps to rectify this by contacting the Employees' Provident Fund Organization (EPFO) for guidance on enrolling the remaining employees and addressing any potential penalties for non-compliance.",20.3662,4.4379,18.1692,20.6204,84.4515
26,"I resigned my job and didn't serve notice period as there was nothing mentioned regarding to that in the appointment letter. Also there was no bond.
But hr is asking to serve 1 month notice period or pay a month's salary( Bangalore, Karnataka )",MEPS_26 → MEPS_40 → IDA_17B → EPF_12,MEPS_26 → MEPS_40 → IDA_17B → EPF_12 → wages → Industrial Disputes Act 1947 → notice_period → MEPS,"I worked in Jbm auto gurgaon plant for 1 year 1 month, after that i got transfer to jbm pune plant and got different pf number and employee id, now i completed 4 years 2 months here. I want to end my contract now. 
Am i eligible for gratuity?( Pune, Maharashtra )","I'm 23 &amp; worked as a Social media executive &amp; writer in a startup. My boss is making excuses and refusing to pay back the salary of around 4 months. It's been around 1 year and 10 months, even after several requests and pleas, he isn't paying the salary. Although it's not a big amount, it ranges between 45k-50k. But as a 23-year-old it's a big amount for me. I need my hard-earned money. Pls, advise what should I do? 

Note: It will be helpful if the suggestions are of not too much hassle and within my affordability.( Thane, Maharashtra )","I work in travel Pvrt ltd company,  at the beginning of vivid our company owner stated to reduce the salary of staff to 50% from April 20 onwards but now he is not responding messages and calls and neither releasing any salary.  As confirmed from clients the work is started since starting of domestic airlines I. e.  May 2020. But now he is not responding me.( East Delhi, Delhi )","Dear Client,If it is not mentioned in your employment agreement then you can send a legal notice to your employer along with a copy of employment agreement.","Under Indian labor law, if the appointment letter or employment contract does not specify a notice period, the employer cannot legally enforce a notice period or demand payment in lieu of notice. The Industrial Disputes Act, 1947, does not mandate a notice period unless specified in the employment terms. Therefore, the HR's demand lacks legal basis if no notice period is stipulated in your contract.

You can respond to HR stating that there is no contractual obligation to serve or pay for a notice period. If the employer insists, you may file a complaint with the local labor commissioner for wrongful demands.",20.3662,4.4379,18.1692,20.6204,84.4515
27,"Hi, I'm working with a company which has joined me with 6 months probation and 1 month notice period, my health gets degree after 2 months and then my HR call and ask to resign but when I resign over email, company didn't accept my resignation and ask to serve notice period. Pls let me know 1. what is law applicable if employee is not in position to serve notice period due to health related issues, 2. Is it possible to avoid serving notice period is you are under probation period.( East Delhi, Delhi )",MEPS_26 → MEPS_40 → SCST_A_19 → RPSR_2,MEPS_26 → MEPS_40 → SCST_A_19 → RPSR_2 → RPSR → notice_period → MEPS → probation,"I worked in Jbm auto gurgaon plant for 1 year 1 month, after that i got transfer to jbm pune plant and got different pf number and employee id, now i completed 4 years 2 months here. I want to end my contract now. 
Am i eligible for gratuity?( Pune, Maharashtra )","I'm 23 &amp; worked as a Social media executive &amp; writer in a startup. My boss is making excuses and refusing to pay back the salary of around 4 months. It's been around 1 year and 10 months, even after several requests and pleas, he isn't paying the salary. Although it's not a big amount, it ranges between 45k-50k. But as a 23-year-old it's a big amount for me. I need my hard-earned money. Pls, advise what should I do? 

Note: It will be helpful if the suggestions are of not too much hassle and within my affordability.( Thane, Maharashtra )","I work in travel Pvrt ltd company,  at the beginning of vivid our company owner stated to reduce the salary of staff to 50% from April 20 onwards but now he is not responding messages and calls and neither releasing any salary.  As confirmed from clients the work is started since starting of domestic airlines I. e.  May 2020. But now he is not responding me.( East Delhi, Delhi )","Hello sir,First, many companies allowed you to pay a salary of notice period to the company and then the company realizes you from the position. We need your joining letter, offer letter or other related documents where we can find the exact terms and conditions in the extreme conditions of employment. Please provide relevant documents for an exact solution.","Under Indian labor law, the terms of employment, including notice periods, are governed by the employment contract. If the contract specifies a notice period during probation, it generally must be honored unless there is a mutual agreement to waive it. However, if health issues prevent fulfilling this obligation, the employee may request the company to waive the notice period on compassionate grounds, supported by medical documentation.

The employee should formally communicate their inability to serve the notice period due to health reasons, providing medical certificates or reports as evidence. If the company insists on the notice period, the employee may negotiate or seek assistance from the labor commissioner for resolution.",20.3662,4.4379,18.1692,20.6204,84.4515
28,"Hi, I'm working as an IT employee, My father works in a private company where annual income is below 6 lakhs, and my mother works as govt primary school teacher, Am I eligible to get nc-obc certificate?( Bellary, Karnataka )",IDA_17B → EPF_12 → ESI_72 → ISM_12,IDA_17B → EPF_12 → ESI_72 → ISM_12 → wages → Industrial Disputes Act 1947 → ISM → Employees Provident Fund Act 1952,"I worked in Jbm auto gurgaon plant for 1 year 1 month, after that i got transfer to jbm pune plant and got different pf number and employee id, now i completed 4 years 2 months here. I want to end my contract now. 
Am i eligible for gratuity?( Pune, Maharashtra )","In my graduation 3rd year marksheet my date of birth 21-jun-1993, seen 21-jun-1983 from distance, but actual it 21-jun-1993 when seen by lens, in 1993 third digit 9 is likely shaped birthday candel 9, and shape is likely 9,. Qr code represent 21-jun-1993 also. 
Please suggest me that ...should I do apply reprint in University or not? Is there any problem in govt job?( Bundi, Rajasthan )","I work in travel Pvrt ltd company,  at the beginning of vivid our company owner stated to reduce the salary of staff to 50% from April 20 onwards but now he is not responding messages and calls and neither releasing any salary.  As confirmed from clients the work is started since starting of domestic airlines I. e.  May 2020. But now he is not responding me.( East Delhi, Delhi )","Hi,In order to qualify as an OBC non-creamy layer candidate, the applicant's parents' annual income should be less than Rs. 8 lakhs. Salary and agricultural income are not to be considered as income for calculating annual income for creamy layer status. As far as the Government employees are considered, the entry cadre/post is to be taken into consideration. Please confirm the following in your case.Please rate my answerThank You","Eligibility for the Non-Creamy Layer Other Backward Classes (NC-OBC) certificate is determined by the combined annual income of the applicant's parents. According to the Government of India guidelines, the income threshold for NC-OBC is currently set at Rs. 8 lakhs per annum. Since your father's income is below Rs. 6 lakhs and your mother is a government employee, her salary is not considered in the income calculation for NC-OBC purposes if she is not a Class I officer or above. 

You can apply for the NC-OBC certificate at the local Tahsildar's office in Bellary, Karnataka. Ensure you provide all necessary documents, including income proof and employment details of your parents, to support your application.",20.3662,4.4379,18.1692,20.6204,84.4515
29,"I was selected for a government job in 2016 through an examination. In March 2017, the result was declared invalid after a departmental investigation. Now, I got the job in 2019 after it was proved in CAT that cancellation of the result was arbitrary by the department. Now, can I demand for compensation in the court, as the department ruined almost 3 years of service life?( Kolkata, West Bengal )",ATA_19,ATA_19 → labour_court → govt_service → Administrative Tribunals Act 1985 → PROC_GOVT_SERVICE_DISPUTE,"I worked in Jbm auto gurgaon plant for 1 year 1 month, after that i got transfer to jbm pune plant and got different pf number and employee id, now i completed 4 years 2 months here. I want to end my contract now. 
Am i eligible for gratuity?( Pune, Maharashtra )","I am working in a company but it is not adding any value to my personal development & career development. I am in the end of probation period. Can my company take action against me if I resign from the job or will have to face consequences. I want to know how they will handle me.( Bangalore, Karnataka )","I lost my Job in the year 2017 due to a false sexual harassment matter. I didnt fight in court of law. I worked  in few places who didnt insist for character certificate from police. Now new employer insists on character certificate. What should i do? Will persuation to police department help? My online application was rejected and i m not aware why it was rejected though.( Mumbai suburban, Maharashtra )","Yes, you can demand compensation.","Under the Administrative Tribunals Act 1985, a claim for compensation can be pursued if a government action is found to be arbitrary and has caused loss or damage. Since the Central Administrative Tribunal (CAT) ruled that the cancellation of your result was arbitrary, you may have grounds to seek compensation for the loss of service years. However, compensation claims against government departments can be complex and require demonstrating specific damages suffered due to the delay.

To proceed, file a claim for compensation with the appropriate administrative tribunal, detailing the financial and career impact of the delay. Gather evidence such as documentation of your selection, the arbitrary cancellation, and the CAT ruling.",20.3662,4.4379,18.1692,20.6204,84.4515
30,"Is a contract for work from home which is not physically signed, valid.( Ahmedabad, Gujarat )",contract_labour → HAMA_15 → GUJARAT_ELECTRICITY_1969 → HAMA_11,contract_labour → HAMA_15 → GUJARAT_ELECTRICITY_1969 → HAMA_11 → HAMA → ART_39_D → CLA_10 → Contract Labour Act 1970,"I worked in Jbm auto gurgaon plant for 1 year 1 month, after that i got transfer to jbm pune plant and got different pf number and employee id, now i completed 4 years 2 months here. I want to end my contract now. 
Am i eligible for gratuity?( Pune, Maharashtra )","I am working in indian software MNC from october 2008 till date from 2008-2018 I was medically fit from 2018 I suffering from asthma, hip joint bone AVN disorder but this is not affecting my office work at all my office work performance is good so currently I am asking for work from home so can my employer terminate me for medical health( Pune, Maharashtra )","I work in travel Pvrt ltd company,  at the beginning of vivid our company owner stated to reduce the salary of staff to 50% from April 20 onwards but now he is not responding messages and calls and neither releasing any salary.  As confirmed from clients the work is started since starting of domestic airlines I. e.  May 2020. But now he is not responding me.( East Delhi, Delhi )","Hi,Yes, it can be valid.","Under Indian contract law, a contract does not need to be physically signed to be valid, provided there is an offer, acceptance, consideration, and the intention to create legal relations. The Indian Contract Act, 1872, governs such agreements and recognizes electronic contracts under the Information Technology Act, 2000. Therefore, a work-from-home agreement communicated and accepted via email or other electronic means can be legally binding.

The user should ensure that the terms of the work-from-home arrangement are clearly documented and communicated, even if not physically signed. It is advisable to retain all correspondence related to the agreement as evidence. If there are disputes, consider seeking a formal acknowledgment or confirmation from the employer regarding the terms of the arrangement.",20.3662,4.4379,18.1692,20.6204,84.4515
31,"What is absconding law in India ?
Can my company abscond me if I'm not present at office for 2 days ?( Mumbai, Maharashtra )",IDA_12 → IRC_41 → IRC_42 → IRC_43,IDA_12 → IRC_41 → IRC_42 → IRC_43 → IRC → Industrial Disputes Act 1947 → dispute_resolution → IRC_87,"I worked in Jbm auto gurgaon plant for 1 year 1 month, after that i got transfer to jbm pune plant and got different pf number and employee id, now i completed 4 years 2 months here. I want to end my contract now. 
Am i eligible for gratuity?( Pune, Maharashtra )","I am working in indian software MNC from october 2008 till date from 2008-2018 I was medically fit from 2018 I suffering from asthma, hip joint bone AVN disorder but this is not affecting my office work at all my office work performance is good so currently I am asking for work from home so can my employer terminate me for medical health( Pune, Maharashtra )","I have joined in my current company in April 2022, but in  september i received an offer from another company for part-time work. initially i said yes but after 1 week i left that company. but they have created a pf account under my UAN and marked DOj and date of exit as same date. now though i left the later company, it still showing as current company in epfo. does it cause any problem in my next company BGV? Can I change my current company details in EPFO?( Hyderabad, Telangana )","The company has its own set of rules on absconding. Ensure that you follow to avoid any such issues. 2 days will be too short to treat absconding. Furthermore, notice needs to serve on you before they treat you absconding.","Absconding is not specifically defined under Indian law but generally refers to an employee's unauthorized absence from work without informing the employer. Under the Industrial Employment (Standing Orders) Act, 1946, and company policies, unauthorized absence can lead to disciplinary action, including termination. However, a mere absence of two days is unlikely to be considered absconding unless company policies explicitly state otherwise.

Review your employment contract and company policies to understand the specific provisions related to unauthorized absences. If you have legitimate reasons for your absence, communicate them to your employer as soon as possible to prevent any adverse action.",20.3662,4.4379,18.1692,20.6204,84.4515
32,"My company is forcing me to resign as part of their retrenchment process, I have tried my best to convince them to retain me. They are giving me 3 months of fixed pay, medical benefits till March 31, 2024, and 15 15-day salary for every year of service according to retrenchment law. I am unsure if they notified the labour commissioner or related government departments. My HR is secretly conducting retrenchment without any formal email or notification, Please advise.( Thane, Maharashtra )",IDA_25F → IDA_25H → IDA_25N → IRC_64,IDA_25F → IDA_25H → IDA_25N → IRC_64 → IRC → EPF_6 → provident_fund → Industrial Disputes Act 1947,"I worked in Jbm auto gurgaon plant for 1 year 1 month, after that i got transfer to jbm pune plant and got different pf number and employee id, now i completed 4 years 2 months here. I want to end my contract now. 
Am i eligible for gratuity?( Pune, Maharashtra )","I'm 23 &amp; worked as a Social media executive &amp; writer in a startup. My boss is making excuses and refusing to pay back the salary of around 4 months. It's been around 1 year and 10 months, even after several requests and pleas, he isn't paying the salary. Although it's not a big amount, it ranges between 45k-50k. But as a 23-year-old it's a big amount for me. I need my hard-earned money. Pls, advise what should I do? 

Note: It will be helpful if the suggestions are of not too much hassle and within my affordability.( Thane, Maharashtra )","I work in travel Pvrt ltd company,  at the beginning of vivid our company owner stated to reduce the salary of staff to 50% from April 20 onwards but now he is not responding messages and calls and neither releasing any salary.  As confirmed from clients the work is started since starting of domestic airlines I. e.  May 2020. But now he is not responding me.( East Delhi, Delhi )","Dear Client,Usually in the Big Corporate Sector, the Company instead of retrenchment an employee holding a Director/Executive rank position insists on or forces him for submission of resignation for proven professional misconduct following Co's policy and considering the future career and social status of an employee because retrenchment puts a stigma on the career of an employee service record which may put on hold of the employee's further engagement. The Company also offers few lucrative benefits to outgoing employees if they tender their resignation and accept the offer of the Company. Since your position in the Company does not come under the purview of the Industrial Dispute Act, 1947, if you do not accept the Co's proposal for resignation then they may retrench or dismiss you from service holding a domestic inquiry against your professional misconduct or breach of any terms of employment. In that case, based on your confidence,  you have to access justice against the arbitrary and unjustified retrenchment/dismissal from service through a Civil Suit before a Civil Court. So, now the matter exclusively depends upon you.","Under the Industrial Disputes Act 1947, retrenchment requires compliance with specific procedures, including notifying the labor commissioner and obtaining necessary approvals if the company employs more than 100 workers. Failure to comply with these requirements renders the retrenchment illegal. You can legally challenge the retrenchment if the company has not followed these procedures. 

Next steps: Document all communications and evidence of the retrenchment process. Consult with a labor lawyer to potentially file a complaint with the labor commissioner or pursue legal action for wrongful termination if procedural violations are confirmed.",20.3662,4.4379,18.1692,20.6204,84.4515
33,"I have been on leaves due to sickness and after 15 days have stopped responding to employer due to high mental stress. My employment contract is ending. And I've got 2 warning letter to which I responded and agreed to start working the next week, BUT then my employer says ""you don't need to work anyways your contact is ending"", even after asking for a reason didn't got it. I'm worried whether I'll be liable for any disciplinary action or not. As I have contacted the organisation and agreed to start working but the organisation itself is denying. NEED GENUINE LABOUR LAW ADVICE.( Pune, Maharashtra )",GST_117 → ESI_81 → GST_22 → EC_RULES_67,GST_117 → ESI_81 → GST_22 → EC_RULES_67 → EC_RULES → GST → Employees State Insurance Act 1948 → ESI_88,"Joined TCS Mumbai on 4th June 2021 as consultant with joining bonus. Due to profile mismatch, overtime, verbal harassment and no response from higher management, i resigned and sent an email on 3-Aug (within probation), requesting them to relieve on 31-Aug. They were delaying and asked me to contact this and that person. Later, by 7-Aug, they blocked my laptop access. I could not work within notice period. In offer letter, appointment letter, internal policy - notice period after probation or confirmation only mentioned.
I returned company laptop. Got my salary, variable pay too.
Now after 1.5 years- they have sent me legal notice asking recovery of bonus and 2 months shortfall basic salary, within a week- else legal action. ( No calls or emails- they had my old defunct hotmail ID).meanwhile, i shifted to different city twice, but my phone number was same. Never ever they called me. They used very bad language- ""you had fraudulent intentions to dupe company etc.""

Please advise.( Pune, Maharashtra )","I'm 23 &amp; worked as a Social media executive &amp; writer in a startup. My boss is making excuses and refusing to pay back the salary of around 4 months. It's been around 1 year and 10 months, even after several requests and pleas, he isn't paying the salary. Although it's not a big amount, it ranges between 45k-50k. But as a 23-year-old it's a big amount for me. I need my hard-earned money. Pls, advise what should I do? 

Note: It will be helpful if the suggestions are of not too much hassle and within my affordability.( Thane, Maharashtra )","I am working in a Pvt Ltd Biotechnology company &amp; signed a bond for 5 years. But the work pressure &amp; environment is so toxic and painful. Even I am forced to work everyday approximately 10-12 hours which includes holidays &amp; weekly offs since 1.8 years. When I have resigned recently, they are not ready to relive me and asked me that they have trained me on work and I can's leave. However as a experienced person I haven't learned a single new thing from this organization whereas I have trained their fresher to work properly. What is the legal rights for me to sue the company and get relieve smoothly ?( Bhubaneswar, Orissa )","Dear Client,Since your contract of employment will end soon, the company is not in the mode of renewing the contract of an employee who has already been issued two warning letters for the commission of misconduct. So, you do not need to worry about disciplinary action as for non-renewal of contract, your relationship with the Company gets seized.","Under Indian labor law, an employee cannot be held liable for disciplinary action if they have made a reasonable effort to return to work and the employer has refused their services. In your situation, since you have communicated your willingness to resume work and the employer has declined, you are not liable for any disciplinary action related to absenteeism. The employer's refusal to allow you to work despite your readiness indicates that they have effectively waived any breach of contract claims.

Next steps: Document all communications with your employer regarding your willingness to return to work and their refusal. If they attempt to take any adverse action against you, you may consider filing a complaint with the Labour Commissioner under the Industrial Disputes Act, 1947 for wrongful treatment.",20.3662,4.4379,18.1692,20.6204,84.4515
34,"We would like to know, whether trainee/probationary can be employed for one year from the date of 1st day employment for operators. after one year , they will be confirmed as permanent and will be applicable for min wages act.
what payment to be given for the first year along with Esi and PF.( Bangalore, Karnataka )",EPF_6 → EPF_AT_2 → CCS_ME_3 → CCS_ME_5,EPF_6 → EPF_AT_2 → CCS_ME_3 → CCS_ME_5 → provident_fund → gratuity → labour_court → EPF_AT,"I worked in Jbm auto gurgaon plant for 1 year 1 month, after that i got transfer to jbm pune plant and got different pf number and employee id, now i completed 4 years 2 months here. I want to end my contract now. 
Am i eligible for gratuity?( Pune, Maharashtra )","I work in travel Pvrt ltd company,  at the beginning of vivid our company owner stated to reduce the salary of staff to 50% from April 20 onwards but now he is not responding messages and calls and neither releasing any salary.  As confirmed from clients the work is started since starting of domestic airlines I. e.  May 2020. But now he is not responding me.( East Delhi, Delhi )","I am working in indian software MNC from october 2008 till date from 2008-2018 I was medically fit from 2018 I suffering from asthma, hip joint bone AVN disorder but this is not affecting my office work at all my office work performance is good so currently I am asking for work from home so can my employer terminate me for medical health( Pune, Maharashtra )",Dear ClientYou need to check your company's service rules to know whether and how the probationers can be absorbed and confirmed. You talk to a lawyer with full details of your employment to have comprehensive understanding on this.,"Under the Minimum Wages Act, 1948, all employees, including trainees and probationary employees, must be paid at least the minimum wage set by the state government for their respective category and industry. In Karnataka, this means ensuring that even during the probationary period, operators receive at least the statutory minimum wage. Additionally, the Employees' State Insurance (ESI) Act, 1948, and the Employees' Provident Funds (EPF) and Miscellaneous Provisions Act, 1952, require contributions for eligible employees, including those on probation, provided they meet the salary threshold.

Employers can employ individuals as trainees or probationers for a specified period, but they must comply with statutory wage and benefit requirements. Ensure compliance by reviewing the current minimum wage notifications for Karnataka and making necessary arrangements for ESI and PF contributions. Consult with a labor law expert to ensure all employment contracts and policies align with statutory requirements.",20.3662,4.4379,18.1692,20.6204,84.4515
35,"Company asked me to leave after probation period As my employment not confirmed 
Due to : - 
1)	Manager doing many unethical practices he was fearing I will update to management (Proof I have).
2)	Not got any opportunity to clarify someone else
3)	In 6 month I have synchronize all activities, build two best team &amp; Enabled process for Cloud &amp; DevOps. So my manager now confident he can continue delivery as followed by my setup.
4)	Even at the time of joining I have not signed Code of Conduct policy because they are new to India operation I was worried they may utilize my skill and will remove me.
Please advise.( Bangalore, Karnataka )",SCST_A_19 → RPSR_2 → RPSR_3 → RPSR_156B,SCST_A_19 → RPSR_2 → RPSR_3 → RPSR_156B → probation → RPSR → SCST_A → leave,"I am working in a Pvt Ltd Biotechnology company &amp; signed a bond for 5 years. But the work pressure &amp; environment is so toxic and painful. Even I am forced to work everyday approximately 10-12 hours which includes holidays &amp; weekly offs since 1.8 years. When I have resigned recently, they are not ready to relive me and asked me that they have trained me on work and I can's leave. However as a experienced person I haven't learned a single new thing from this organization whereas I have trained their fresher to work properly. What is the legal rights for me to sue the company and get relieve smoothly ?( Bhubaneswar, Orissa )","I resigned from the company and had cleared all the exit formalities also I have served the notice period, submitted all the assets and completed all the exit procedures. But during my Full and Final settlement company sent me recovery letter stating that I have to pay company dues for using the leaves benefit which the company has provided or else the legal action will be taken. Going through the company policy I found that there is no such line mentioned about leave recovery during the employee's exit. When I asked for clarification from the HR, there is no response from them regarding this. I have sent multiple reminders stating clarification but there is no response. What do I do in this case? How can I go legally in this matter since there is no reply from company's side?( Thane, Maharashtra )","Joined TCS Mumbai on 4th June 2021 as consultant with joining bonus. Due to profile mismatch, overtime, verbal harassment and no response from higher management, i resigned and sent an email on 3-Aug (within probation), requesting them to relieve on 31-Aug. They were delaying and asked me to contact this and that person. Later, by 7-Aug, they blocked my laptop access. I could not work within notice period. In offer letter, appointment letter, internal policy - notice period after probation or confirmation only mentioned.
I returned company laptop. Got my salary, variable pay too.
Now after 1.5 years- they have sent me legal notice asking recovery of bonus and 2 months shortfall basic salary, within a week- else legal action. ( No calls or emails- they had my old defunct hotmail ID).meanwhile, i shifted to different city twice, but my phone number was same. Never ever they called me. They used very bad language- ""you had fraudulent intentions to dupe company etc.""

Please advise.( Pune, Maharashtra )","A.Dear Sir/Madam,After completion of the probation period, it is the discretion of the employer to put you on permanent role or not. If you have proof regarding the issues he has made for you, then, you must complaint this to the head of the department before you leave the job.","The primary legal issue is whether the termination after the probation period was wrongful or retaliatory. Under Indian labor laws, particularly the Industrial Disputes Act, 1947, an employee can challenge a termination if it is arbitrary or retaliatory, especially if it involves whistleblowing against unethical practices. Since you have proof of unethical practices by your manager, you may have grounds to claim wrongful termination.

You can file a complaint with the Labour Commissioner or approach the Industrial Tribunal for redressal. Collect all evidence of unethical practices and any communication related to your termination. Consider sending a legal notice to the company outlining your grievances and seeking either reinstatement or compensation.",20.3662,4.4379,18.1692,20.6204,84.4515
36,"I have signed a bond of 5 years in the company, I have completed one year. Now i have been put into PIP. If i get terminated or resign after the PIP period ends will i be liable to to pay the bond amount?( Bangalore, Karnataka )",ICA_73 → ICA_74 → SRA_14 → SRA_16,ICA_73 → ICA_74 → SRA_14 → SRA_16 → Specific Relief Act 1963 → employment_bond → wages → PROC_EMPLOYMENT_BOND,"I worked in Jbm auto gurgaon plant for 1 year 1 month, after that i got transfer to jbm pune plant and got different pf number and employee id, now i completed 4 years 2 months here. I want to end my contract now. 
Am i eligible for gratuity?( Pune, Maharashtra )","I work in travel Pvrt ltd company,  at the beginning of vivid our company owner stated to reduce the salary of staff to 50% from April 20 onwards but now he is not responding messages and calls and neither releasing any salary.  As confirmed from clients the work is started since starting of domestic airlines I. e.  May 2020. But now he is not responding me.( East Delhi, Delhi )","I am working in a company but it is not adding any value to my personal development & career development. I am in the end of probation period. Can my company take action against me if I resign from the job or will have to face consequences. I want to know how they will handle me.( Bangalore, Karnataka )","Dear Client,In case you have resigned voluntarily before completing the bond period, many agreements would require you to pay the bond amount as you are breaking the contract. Check the specific clauses related to resignation, termination, and PIP.  If the terms are ambiguous, it might be helpful to discuss with your HR department or consult a legal professional to understand your obligations. Though If the bond explicitly states that you owe the bond amount upon resignation, you might have to pay it even if you resign after PIP. However, the company's ability to enforce the bond in this case would depend on the specific terms and conditions We hope that our response is helpful to you.","If you are terminated after the Performance Improvement Plan (PIP) period, you generally would not be liable to pay the bond amount, as the termination is initiated by the employer. However, if you voluntarily resign, the terms of the employment bond will determine your liability. Under Indian law, particularly the Indian Contract Act, 1872, an employment bond is enforceable if it is reasonable and not in restraint of trade. Review the bond terms to assess any stipulated penalties for early termination. Next steps: Consult the bond agreement for specific clauses related to termination and consider negotiating with your employer regarding the bond terms.",20.3662,4.4379,18.1692,20.6204,84.4515
37,"My company removed me from the job without prior notice. I got this job a week back but they suddenly told your performance is not upto the mark so you will be kicked. Is this a right practice? I traveled around 400km for this job.( Bangalore, Karnataka )",GST_143 → GST_141 → LIM_54 → EC_RULES_66,GST_143 → GST_141 → LIM_54 → EC_RULES_66 → EC_RULES → LIM → GST → GST_129,"I worked in Jbm auto gurgaon plant for 1 year 1 month, after that i got transfer to jbm pune plant and got different pf number and employee id, now i completed 4 years 2 months here. I want to end my contract now. 
Am i eligible for gratuity?( Pune, Maharashtra )","I was sick with covid in the month of April. So I didnt work for April, May and June, but marked the attendance on the company portal. I recieved salary for all these months with salary slips. Now they mailed me not to mark attendance for july and saying they will adjust april, may and june salary when I start working again. Can they do that? Should I mark july's attendance? Can they take any legal action against me? I have marked the attendance on the portal, is anything wrong in that?( New Delhi, Delhi )","I work in travel Pvrt ltd company,  at the beginning of vivid our company owner stated to reduce the salary of staff to 50% from April 20 onwards but now he is not responding messages and calls and neither releasing any salary.  As confirmed from clients the work is started since starting of domestic airlines I. e.  May 2020. But now he is not responding me.( East Delhi, Delhi )",Dear client ask for reason behind termination ask for all legal documents and file a Labour case near your area consult a Labour lawyer near you. Regards NITHYANANDAN.S,"Under Indian labor law, particularly the Industrial Employment (Standing Orders) Act, 1946, an employer must provide reasonable notice or compensation in lieu of notice before terminating an employee, unless the employment is probationary or at-will. Since employment was only a week long, it is likely considered probationary, allowing for termination without notice if specified in the employment contract. However, if no such terms exist, the termination may be contested for lack of due process.

The user can request a copy of the employment contract to verify terms regarding probation and termination. If the contract lacks clarity or the termination seems unjust, filing a complaint with the local labor commissioner in Bangalore is a viable step.",20.3662,4.4379,18.1692,20.6204,84.4515
38,"Dear Sir/Mam, I recently changed my job and in my new workplace PF is not contributed by the employer neither it is deducted from my salary. I requested them to deduct but they refused. My previous Employer used to deduct PF. I want my EPF to continue for retirement and tax benefits, what can I do?( Mathura, Uttar Pradesh )",EPF_6 → EPF_AT_2 → CCS_ME_3 → CCS_ME_5,EPF_6 → EPF_AT_2 → CCS_ME_3 → CCS_ME_5 → provident_fund → labour_court → gratuity → EPF_AT,"I worked in Jbm auto gurgaon plant for 1 year 1 month, after that i got transfer to jbm pune plant and got different pf number and employee id, now i completed 4 years 2 months here. I want to end my contract now. 
Am i eligible for gratuity?( Pune, Maharashtra )","I work in travel Pvrt ltd company,  at the beginning of vivid our company owner stated to reduce the salary of staff to 50% from April 20 onwards but now he is not responding messages and calls and neither releasing any salary.  As confirmed from clients the work is started since starting of domestic airlines I. e.  May 2020. But now he is not responding me.( East Delhi, Delhi )","I lost my Job in the year 2017 due to a false sexual harassment matter. I didnt fight in court of law. I worked  in few places who didnt insist for character certificate from police. Now new employer insists on character certificate. What should i do? Will persuation to police department help? My online application was rejected and i m not aware why it was rejected though.( Mumbai suburban, Maharashtra )","Dear Client,If your employer hire more than 20 employees under him then he need to maintain EPF and contribute his share in that. In other case he can deny to contribute if all other employees in majority want EPF Exemption. These two condition are exemption in case of EPF for employer and in all other situation he need to contribute under EPF scheme. The punishment for employer who contravenes or make default is payment is prescribed i.e.punishable with imprisonment for a term which may extend to six months, or with fine which may extend to one thousand rupees, or with both.Thank You.","Under the Employees' Provident Funds and Miscellaneous Provisions Act, 1952, it is mandatory for establishments with 20 or more employees to provide EPF benefits. If your current employer has 20 or more employees and is not contributing to the EPF, they are likely in violation of this Act. You can file a complaint with the Employees' Provident Fund Organization (EPFO) to enforce compliance. Additionally, consider discussing the issue with your HR department to ensure they are aware of their legal obligations. If the establishment has fewer than 20 employees, they may not be required to provide EPF, and you may need to explore voluntary schemes for retirement savings.",20.3662,4.4379,18.1692,20.6204,84.4515
39,"The employment contract states that the company can terminate the employee without notice during the probation period. However the employee has to give a 2 month notice period or two months salary failing that, during probation. Is this legal?( Mumbai, Maharashtra )",MEPS_26 → MEPS_40 → SCST_A_19 → RPSR_2,MEPS_26 → MEPS_40 → SCST_A_19 → RPSR_2 → RPSR → MEPS → SCST_A → notice_period,"Widow daughter can get family pension of panchayat taj dept employees.( North 24 Parganas, West Bengal )","I worked in Jbm auto gurgaon plant for 1 year 1 month, after that i got transfer to jbm pune plant and got different pf number and employee id, now i completed 4 years 2 months here. I want to end my contract now. 
Am i eligible for gratuity?( Pune, Maharashtra )","I'm working in American MNC ( Concentrix Daksh services India Pvt Ltd) situated in Gurugram, haryana, India. The nature of company is service provider to top clients including global tech giants. And I'm working for one of the world's biggest tech giant (Google TVC ), by providing services in specific project on behalf of above mentioned company (CNX ). So, I came to know that we are offered very less salary as compared to average salary in other regions in world and no where near the average salary of Google. And recently it's highlighted by whistleblower that Google illegally underpaid thousands of workers in many countries breaching pay parity laws. So I need advice in context of that if pay parity laws says in US that Google TVCs ( temporary, vendors and contractual workers ) are entitled to equal compensation. So is it possible to highlight same issue in India as well, and if yes, how to do it and how to get success in receiving the entitled compensation from Google or main company ( cnx), ( which ever is culprit ). I'm adding few links for references and better understanding. https://amp.theguardian.com/technology/2021/sep/10/google-underpaid-workers-illegal-pay-disparity-documents https://payparity.org/( North Delhi, Delhi )","Dear client,Yes the employer can terminate during the probation period without a prior notice, provided that this term is included in the agreement. Even the employee can terminate the employment, provided that it is aligning to the terms and conditions, agreement between them.If you are doubtful about the same, let an advocate review your agreement copy before you proceed further.","The employment contract's clause requiring an employee to give a two-month notice or pay two months' salary during probation, while allowing the employer to terminate without notice, may be challenged as unfair and potentially violating principles of equity and good conscience under Indian Contract Act, 1872. This could be seen as an unconscionable contract term, which courts may not enforce if deemed unreasonable. 

The user can file a complaint with the Labour Commissioner or approach a civil court for a declaration that the clause is void. It is advisable to gather evidence of the contract terms and any communications with the employer regarding this issue. Consulting a lawyer to assess the contract's enforceability and to potentially negotiate with the employer would be prudent next steps.",20.3662,4.4379,18.1692,20.6204,84.4515
40,"Have you ever been debarred from any examination or rusticated by any University or any other
 educational authority/institution?



Is college exam included in this?( Aligarh, Uttar Pradesh )",FIN_A_44 → RPSR_15 → RPSR_3213 → FIN_A_29,FIN_A_44 → RPSR_15 → RPSR_3213 → FIN_A_29 → FIN_A → RPSR → RPSR_7826A → FIN_A_27,"Widow daughter can get family pension of panchayat taj dept employees.( North 24 Parganas, West Bengal )","Hello Sir/Mam,

I was worked for a private IT company 5 days working a week for 4 years, 7 months and 24 days. Now when i asked company to pay the gratuity amount. They deny it saying i need to complete 5 years to become eligible for gratuity. But as per my research and finding a one should be eligible after 4 years, 190 days. Please help me out how to proceed further.( Jaipur, Rajasthan )","My wife working in a private company since last 1year. She is expecting first child and due date is around February next year. She is planning to inform and ask the employer for maternity leave. However she is getting to know that the employer allowing only 3months for paid maternity leave. What can we do about this?( Bangalore, Karnataka )","Dear client,Debarred - This means that were you prohibited by any authority for giving exams. If any authority conducting the exams debars you from writing the exam, maybe by way of malpractice or any other illegal means followed by you while writing the exam, only then you can agree on being debarred in that attestation form.Yes, if the college exam is conducted by any authoritative board, then yes it is included.","The legal issue concerns whether college exams fall under the category of examinations from which one can be debarred or rusticated by an educational authority. Under the applicable educational regulations, college exams conducted by recognized universities or educational institutions are included in this category. Therefore, if one has been debarred or rusticated from a college exam, it must be disclosed if such a question is asked by an authority.

The user should review the specific regulations or guidelines provided by the university or educational institution to understand the implications of being debarred or rusticated. If required to disclose such information, ensure that any relevant documentation or records are accurately presented. If uncertain, seek clarification from the institution or a legal advisor familiar with educational law.",20.3662,4.4379,18.1692,20.6204,84.4515
41,"Hello sir/ma'am
I accepted an offer letter via mail for an online job last week, nd send in the resignation after only 3days of working with them. Is the offer letter or my ""i accept you offer"" mail legally binding?( Thiruvananthapuram, Kerala )",MEPS_26 → MEPS_40,MEPS_26 → MEPS_40 → notice_period → MEPS → leave → retrenchment,"Widow daughter can get family pension of panchayat taj dept employees.( North 24 Parganas, West Bengal )","I worked in Jbm auto gurgaon plant for 1 year 1 month, after that i got transfer to jbm pune plant and got different pf number and employee id, now i completed 4 years 2 months here. I want to end my contract now. 
Am i eligible for gratuity?( Pune, Maharashtra )","In my graduation 3rd year marksheet my date of birth 21-jun-1993, seen 21-jun-1983 from distance, but actual it 21-jun-1993 when seen by lens, in 1993 third digit 9 is likely shaped birthday candel 9, and shape is likely 9,. Qr code represent 21-jun-1993 also. 
Please suggest me that ...should I do apply reprint in University or not? Is there any problem in govt job?( Bundi, Rajasthan )","Dear Client,You need to check the document in detail to see if it mentioned any notice period or a particular time to be spend with the company. On absence, youâd be safe.","The acceptance of an offer letter can create a legally binding contract if it includes all essential terms and both parties have agreed to them. Under Indian Contract Act, 1872, a contract is formed when there is an offer, acceptance, and consideration. However, if the contract allows for a notice period or probationary period during which either party can terminate the agreement, you may be able to resign without legal repercussions.

You can check the terms of the offer letter for any clauses related to resignation or notice period. If there is no specific clause preventing early resignation, you may legally terminate your employment. Consider sending a formal resignation email citing the terms of the contract and keep a copy for your records.",20.3662,4.4379,18.1692,20.6204,84.4515
42,"Dear Sir/Madam,
myself working with MNC, at Mumbai for more than 8 year, we got 1 month notice period in offer letter while leaving job willingly. jut now our HR send e mail in BCC not to all employee which we come to know by mutual  discussion among us, after 2 days they get letter signed from us for 1 month termination clause replaced with 3 month. (letter's draft quote/unquote below) 
My query 1) it is officially correct to change termination period from 1 month to 3 month by issuing separate letter for employee worked for 8 year 2) if i serve 1 month notice can they deduct salary for 2 month , if yes how from PF, GRATUTITY, MEDICAL LTA ETC.  below quoting data of msg. for clear understanding'
quote
Dear All,
This is to inform you that there is an amendment in the Termination Clause of the letter of appointment. These changes will be in effect from June 01, 2018
Notice Period while in Probation:        Current notice period of 15 (fifteen) days is replaced by 1 (One) month

Upon Confirmation of services:            Current notice period of 1 (one) month is replaced by 3 (three) months

âTerminationâ Clause will be read as:

The first six (6) months of your employment will be on a probationary basis. Should either party decide to terminate the employment before the probation is confirmed,

1 (One) month written notice or payment of salary in lieu of notice shall be given.

Otherwise the employment may be terminated:

Â·            By either party hereto giving 3 (Three) monthâ notice in writing or payment of salary in lieu of notice; or

Â·            By the Company at any time without giving notice or salary in lieu of notice under the following circumstances:

Â·         If you indulge in any dishonesty, misappropriation, acts subversive of discipline, willful insubordination, riotous disorderly and indecent behavior, fraud, dishonesty and drunkenness or if you are at any time found to Commit any serious or persistent breach of any of the terms of this AGREEMENT; or

Â·         Be guilty of any grave misconduct so as to bring Company into disrepute; or any indiscipline not in the interest of the company.

Â·         If you are at any time found to be acting dishonestly or using your position in the Company for your own personal advantage contrary to the interests of the Company which will lead to immediate dismissal without notice or compensation whatsoever.

Â·         Filing for bankruptcy or making any arrangement with creditors (technically you cannot terminate for bankruptcy it is unconstitutional).

Â·         Become medically unfit and you remain absent due to continued ill health or due to unsound mind; or

Â·         Commit any criminal offence if the same is considered to be of a serious nature and incompatible with further continuance of your employment with the Company.

Adjustment of leave against unserved notice period cannot be construed as the right of the employee and is at the sole discretion of the organization.
unquote
Thanks/Regd.",IEA_114B → MEPS_26 → MEPS_40 → MWA_14,IEA_114B → MEPS_26 → MEPS_40 → MWA_14 → overtime → Minimum Wages Act 1948 → MEPS → notice_period,"I'm 23 &amp; worked as a Social media executive &amp; writer in a startup. My boss is making excuses and refusing to pay back the salary of around 4 months. It's been around 1 year and 10 months, even after several requests and pleas, he isn't paying the salary. Although it's not a big amount, it ranges between 45k-50k. But as a 23-year-old it's a big amount for me. I need my hard-earned money. Pls, advise what should I do? 

Note: It will be helpful if the suggestions are of not too much hassle and within my affordability.( Thane, Maharashtra )","Joined TCS Mumbai on 4th June 2021 as consultant with joining bonus. Due to profile mismatch, overtime, verbal harassment and no response from higher management, i resigned and sent an email on 3-Aug (within probation), requesting them to relieve on 31-Aug. They were delaying and asked me to contact this and that person. Later, by 7-Aug, they blocked my laptop access. I could not work within notice period. In offer letter, appointment letter, internal policy - notice period after probation or confirmation only mentioned.
I returned company laptop. Got my salary, variable pay too.
Now after 1.5 years- they have sent me legal notice asking recovery of bonus and 2 months shortfall basic salary, within a week- else legal action. ( No calls or emails- they had my old defunct hotmail ID).meanwhile, i shifted to different city twice, but my phone number was same. Never ever they called me. They used very bad language- ""you had fraudulent intentions to dupe company etc.""

Please advise.( Pune, Maharashtra )","My father worked as driver in KPTCL on 1994  he worked 5 days only then he will not reported to duty because of    he is suffering from health issue and then one year back 29/05/2018 my father is died  so that  we are eligible for taking job from compassionate ground or not . my father no given to resignation letter to department( Shimoga, Karnataka )",Please check your employment conditions or internal rules states that the employer shall have the right to change the rules at any point of time.regardsrajeev,"The unilateral change in the notice period from 1 month to 3 months without mutual consent may not be legally enforceable under Indian contract law, which requires mutual agreement for contract modifications. According to the Indian Contract Act, 1872, any alteration to the terms of a contract must be agreed upon by both parties. If you serve only a 1-month notice, the company may attempt to recover the remaining notice period salary, but they cannot legally deduct from statutory benefits like PF and gratuity, which are protected under the Employees' Provident Funds and Miscellaneous Provisions Act, 1952, and the Payment of Gratuity Act, 1972, respectively.

Next steps: 1) Consult with an employment lawyer to assess the enforceability of the new notice period clause. 2) Consider sending a formal letter to HR disputing the unilateral change and stating your intention to adhere to the original 1-month notice period.",20.3662,4.4379,18.1692,20.6204,84.4515
43,"Sir... I worked in a pvt company for 5 years(2009-2014). Then I resigned from 2014 and joined another company in 2018....

But i transfered epf money from old company to new company in 2021.
Epf given me interest for 6 years (2015, 2016,2017,2018,2019,2020).

But epf transfered only three years interest money that is 2015,2016,2017.
Then epf deducted my interest money for year (2018,2019,2020,)in which interest money update was reflected in my pf passbook. 

I complain to epf but they answered me that interest money updated mistakly from 2018 to 2020.

As per rule only three years interest money will be paid/transfer after last contribution. 
Can i got interest money from 2018 to 2020 which was showing in pf passbook.( Bhubaneswar, Orissa )",EPF_6 → EPF_AT_2 → CCS_ME_3 → CCS_ME_5,EPF_6 → EPF_AT_2 → CCS_ME_3 → CCS_ME_5 → provident_fund → gratuity → labour_court → EPF_AT,"Joined TCS Mumbai on 4th June 2021 as consultant with joining bonus. Due to profile mismatch, overtime, verbal harassment and no response from higher management, i resigned and sent an email on 3-Aug (within probation), requesting them to relieve on 31-Aug. They were delaying and asked me to contact this and that person. Later, by 7-Aug, they blocked my laptop access. I could not work within notice period. In offer letter, appointment letter, internal policy - notice period after probation or confirmation only mentioned.
I returned company laptop. Got my salary, variable pay too.
Now after 1.5 years- they have sent me legal notice asking recovery of bonus and 2 months shortfall basic salary, within a week- else legal action. ( No calls or emails- they had my old defunct hotmail ID).meanwhile, i shifted to different city twice, but my phone number was same. Never ever they called me. They used very bad language- ""you had fraudulent intentions to dupe company etc.""

Please advise.( Pune, Maharashtra )","I'm 23 &amp; worked as a Social media executive &amp; writer in a startup. My boss is making excuses and refusing to pay back the salary of around 4 months. It's been around 1 year and 10 months, even after several requests and pleas, he isn't paying the salary. Although it's not a big amount, it ranges between 45k-50k. But as a 23-year-old it's a big amount for me. I need my hard-earned money. Pls, advise what should I do? 

Note: It will be helpful if the suggestions are of not too much hassle and within my affordability.( Thane, Maharashtra )","Dear team
I resigned on 5th July  and my notice period was 3 months, I served till 24th September and as per 3 months notice period my last working day was 2nd October.... But since I had to join other organization on 27th September I sent multiple mails for relieving me just 5 days earlier from my last working day. 

When I didn't get any confirmation I myself sent declaration mail for my last working day as 24th September and also wrote that I am ready to compensate against my remaining notice period as per HR policy. I joined other organization on 27th September but my previous organization intentionally mentioned last working day as 2nd October

After getting relieving also I sent multiple mails for correction of date but didn't get any help

Please suggest what steps can be taken against my previous employer for this unethical behavior...( Udaipur, Rajasthan )","Dear Client,As per the rule you can get the interest till 3 year after the last payment and after three year it will be stopped. So you can claim for 3 year interest money from the bank after showing the relevant documents.Hope, it is helpful","The legal issue here involves the entitlement to interest on the EPF account after cessation of contributions. According to the Employees' Provident Funds Scheme, 1952, interest is credited to the EPF account for up to three years after the last contribution, as per the EPFO guidelines. Since the EPF office has corrected the interest credited beyond this period, legally, you cannot claim interest for the years 2018 to 2020.

You can file a grievance with the EPF Grievance Management System if you believe there has been an error or seek clarification on their decision. Alternatively, consider consulting the regional EPF office or a legal expert specializing in labor law for further assistance.",20.3662,4.4379,18.1692,20.6204,84.4515
44,"Dear Sir,

I was working with an institution in Mumbai and I had put my resignation in August 2020, as per my contract 30 days of notice period was finalized however due to excess work till September end and beyond that I worked as a consultant for them till end of November mutually agreeing 50% of my monthly salary to be compensated along with YTD sales commission at 1%, to be paid on my last working day. However until now they have not provided any compensation or settlement against the same hence I seek what best I can do. 

I have my resignation letter as proof, my last day announcement on WhatsApp by our director, Email confirmation about the compensation of 1%.

The compensation is around 4.6Lakhs and They still have not paid yet.( Jabalpur, Madhya Pradesh )",MEPS_26 → MEPS_40 → IDA_17B → EPF_12,MEPS_26 → MEPS_40 → IDA_17B → EPF_12 → wages → Industrial Disputes Act 1947 → notice_period → MEPS,"Joined TCS Mumbai on 4th June 2021 as consultant with joining bonus. Due to profile mismatch, overtime, verbal harassment and no response from higher management, i resigned and sent an email on 3-Aug (within probation), requesting them to relieve on 31-Aug. They were delaying and asked me to contact this and that person. Later, by 7-Aug, they blocked my laptop access. I could not work within notice period. In offer letter, appointment letter, internal policy - notice period after probation or confirmation only mentioned.
I returned company laptop. Got my salary, variable pay too.
Now after 1.5 years- they have sent me legal notice asking recovery of bonus and 2 months shortfall basic salary, within a week- else legal action. ( No calls or emails- they had my old defunct hotmail ID).meanwhile, i shifted to different city twice, but my phone number was same. Never ever they called me. They used very bad language- ""you had fraudulent intentions to dupe company etc.""

Please advise.( Pune, Maharashtra )","I'm 23 &amp; worked as a Social media executive &amp; writer in a startup. My boss is making excuses and refusing to pay back the salary of around 4 months. It's been around 1 year and 10 months, even after several requests and pleas, he isn't paying the salary. Although it's not a big amount, it ranges between 45k-50k. But as a 23-year-old it's a big amount for me. I need my hard-earned money. Pls, advise what should I do? 

Note: It will be helpful if the suggestions are of not too much hassle and within my affordability.( Thane, Maharashtra )","I am working in a Pvt Ltd Biotechnology company &amp; signed a bond for 5 years. But the work pressure &amp; environment is so toxic and painful. Even I am forced to work everyday approximately 10-12 hours which includes holidays &amp; weekly offs since 1.8 years. When I have resigned recently, they are not ready to relive me and asked me that they have trained me on work and I can's leave. However as a experienced person I haven't learned a single new thing from this organization whereas I have trained their fresher to work properly. What is the legal rights for me to sue the company and get relieve smoothly ?( Bhubaneswar, Orissa )","Hi,You can recover the amount by filing a money recovery suit against them. However, you should approach the management first and serve them with legal notice.If you found this helpful, please rate us.","The primary legal issue is the non-payment of agreed compensation and sales commission, which can be addressed under the Indian Contract Act, 1872, for breach of contract. Since the employer has not fulfilled the contractual obligation to pay the agreed compensation, you can send a formal legal notice demanding payment of the outstanding amount. If the employer fails to respond or settle the dues, you may file a suit for recovery of money in a civil court. Collect all relevant documentation, including your resignation letter, any written agreements, and communications regarding compensation, to support your claim.",20.3662,4.4379,18.1692,20.6204,84.4515
45,"I'd joined the organization at 18 Oct 2016 with two years of service bond but because of so much work load, not personal satisfaction & got the better opportunity, I'd put the resignation on 19 Jul 2018 & served the three months of notice period. I'd lots of convinced to them for accept the resignation & relieving me via mail, call & face to face discussion & finally exited from the oragnization on 29 Oct 2018 after the not getting any positive sign from them. I've also completed my two years of service with organization.
They denied to relieve me because of put down resignation before completion of two years of service bond but as per clause mentioned in appointment letter, employee need to pay retention amount if leave/ resign from organization before completion two years & I've already paid retention amount to them but still manager regret to give relieving letter, retention amount & also not give last month salary to me. They treat me as a absconding case.
I have the resignation discussion proof.
So, please help me. What can I do for in such case( Pune, Maharashtra )",MEPS_26 → MEPS_40 → IDA_17B → EPF_12,MEPS_26 → MEPS_40 → IDA_17B → EPF_12 → Employees Provident Fund Act 1952 → Industrial Disputes Act 1947 → notice_period → MEPS,"Joined TCS Mumbai on 4th June 2021 as consultant with joining bonus. Due to profile mismatch, overtime, verbal harassment and no response from higher management, i resigned and sent an email on 3-Aug (within probation), requesting them to relieve on 31-Aug. They were delaying and asked me to contact this and that person. Later, by 7-Aug, they blocked my laptop access. I could not work within notice period. In offer letter, appointment letter, internal policy - notice period after probation or confirmation only mentioned.
I returned company laptop. Got my salary, variable pay too.
Now after 1.5 years- they have sent me legal notice asking recovery of bonus and 2 months shortfall basic salary, within a week- else legal action. ( No calls or emails- they had my old defunct hotmail ID).meanwhile, i shifted to different city twice, but my phone number was same. Never ever they called me. They used very bad language- ""you had fraudulent intentions to dupe company etc.""

Please advise.( Pune, Maharashtra )","I'm 23 &amp; worked as a Social media executive &amp; writer in a startup. My boss is making excuses and refusing to pay back the salary of around 4 months. It's been around 1 year and 10 months, even after several requests and pleas, he isn't paying the salary. Although it's not a big amount, it ranges between 45k-50k. But as a 23-year-old it's a big amount for me. I need my hard-earned money. Pls, advise what should I do? 

Note: It will be helpful if the suggestions are of not too much hassle and within my affordability.( Thane, Maharashtra )","I resigned from the company and had cleared all the exit formalities also I have served the notice period, submitted all the assets and completed all the exit procedures. But during my Full and Final settlement company sent me recovery letter stating that I have to pay company dues for using the leaves benefit which the company has provided or else the legal action will be taken. Going through the company policy I found that there is no such line mentioned about leave recovery during the employee's exit. When I asked for clarification from the HR, there is no response from them regarding this. I have sent multiple reminders stating clarification but there is no response. What do I do in this case? How can I go legally in this matter since there is no reply from company's side?( Thane, Maharashtra )","For details, pl. contact some advocate through vidhikarya.com.","The primary legal issue is the employer's failure to provide a relieving letter and last month's salary despite the employee fulfilling the bond requirement and paying the retention amount. According to the Industrial Disputes Act 1947, specifically under Section 33C(2), if you are classified as a ""workman,"" you can file a claim for the recovery of your dues before the Labour Court. If not classified as a workman, you should file a civil suit for recovery of dues and specific performance to obtain the relieving letter.

Next steps: Send a formal legal notice to the employer demanding the issuance of the relieving letter and payment of the pending salary. If there is no response or resolution, proceed with filing a complaint with the Labour Commissioner or a civil suit in the appropriate court for recovery and redressal.",20.3662,4.4379,18.1692,20.6204,84.4515
46,"Dear Sir/Maam, 
I left my company. My company (Jio-Mumbai) delivered a laptop to its branch office (Gorakhpur) near to my home, as i was working from home. After leaving the company, company is asking me to deliver it to different city (Lucknow) and refusing to pay for travel or for reverse courier pickup. Do I have to do what company is saying or can i say no and ask for courier pickup? What would be my legal right?
Note that i didn't sign any paper where it says that i have to return this laptop to a different city. Company is simply saying that it's their policy.( Gorkakhpur, Uttar Pradesh )",COMP_MA_10 → GST_46 → COMP_MA_23 → COMP_MA_16,COMP_MA_10 → GST_46 → COMP_MA_23 → COMP_MA_16 → COMP_MA → GST → COMP_MA_29 → GST_127,"Joined TCS Mumbai on 4th June 2021 as consultant with joining bonus. Due to profile mismatch, overtime, verbal harassment and no response from higher management, i resigned and sent an email on 3-Aug (within probation), requesting them to relieve on 31-Aug. They were delaying and asked me to contact this and that person. Later, by 7-Aug, they blocked my laptop access. I could not work within notice period. In offer letter, appointment letter, internal policy - notice period after probation or confirmation only mentioned.
I returned company laptop. Got my salary, variable pay too.
Now after 1.5 years- they have sent me legal notice asking recovery of bonus and 2 months shortfall basic salary, within a week- else legal action. ( No calls or emails- they had my old defunct hotmail ID).meanwhile, i shifted to different city twice, but my phone number was same. Never ever they called me. They used very bad language- ""you had fraudulent intentions to dupe company etc.""

Please advise.( Pune, Maharashtra )","I'm 23 &amp; worked as a Social media executive &amp; writer in a startup. My boss is making excuses and refusing to pay back the salary of around 4 months. It's been around 1 year and 10 months, even after several requests and pleas, he isn't paying the salary. Although it's not a big amount, it ranges between 45k-50k. But as a 23-year-old it's a big amount for me. I need my hard-earned money. Pls, advise what should I do? 

Note: It will be helpful if the suggestions are of not too much hassle and within my affordability.( Thane, Maharashtra )","I worked in Jbm auto gurgaon plant for 1 year 1 month, after that i got transfer to jbm pune plant and got different pf number and employee id, now i completed 4 years 2 months here. I want to end my contract now. 
Am i eligible for gratuity?( Pune, Maharashtra )","Dear client, after the termination of employment there will be a cessation of relationship between you and the employer. It is your duty to return the employers assests after the termination of employment.","The key legal issue here is the obligation to return company property and the terms under which it must be done. Since there is no signed agreement requiring you to return the laptop to a specific location, the company's demand lacks a contractual basis. Under Indian contract law, particularly the Indian Contract Act, 1872, obligations must be expressly agreed upon by both parties.

You are not legally required to deliver the laptop to Lucknow if no such obligation was agreed upon. You can insist on the company arranging a courier pickup from your location or reimburse you for any reasonable costs incurred if you choose to send it. Communicate your position in writing to the company, referencing the lack of any contractual obligation to return the laptop to a different city.",20.3662,4.4379,18.1692,20.6204,84.4515
47,"I have a bond with my employer , now i want to break the bond and ready to pay the bond breakage fee also but employer is not responding & releasing( Bangalore, Karnataka )",MEPS_26 → MEPS_40,MEPS_26 → MEPS_40 → MEPS → notice_period → leave → retrenchment,"Widow daughter can get family pension of panchayat taj dept employees.( North 24 Parganas, West Bengal )","My father worked as driver in KPTCL on 1994  he worked 5 days only then he will not reported to duty because of    he is suffering from health issue and then one year back 29/05/2018 my father is died  so that  we are eligible for taking job from compassionate ground or not . my father no given to resignation letter to department( Shimoga, Karnataka )","I worked in Jbm auto gurgaon plant for 1 year 1 month, after that i got transfer to jbm pune plant and got different pf number and employee id, now i completed 4 years 2 months here. I want to end my contract now. 
Am i eligible for gratuity?( Pune, Maharashtra )","Hello,1. The company may not sue you if you break the bond as it will not be successful in recovering any money from you through court order.2 The company may send you a legal notice as part of their pressure tactics.3. You should resign only if you are Sure of another secure job without your originals and a reliving letter.4. Along with your Resignation letter ask the company to return your original certificate which are with them.5 No employer can force you to work or continue to be with them.6. First send a Resignation letter without any Notice period showing your personal reasons and in the letter ask them to return your Originals. Meet your boss in person and Submit the resignationIf you find this review helpful, please rate.Thank You","Under Indian contract law, specifically the Indian Contract Act, 1872, an employment bond is enforceable if it is reasonable and not in restraint of trade. If the bond specifies a breakage fee and you are willing to pay it, the employer is legally obligated to release you from the bond. The employer's non-response may constitute a breach of contract.

You can send a formal legal notice to the employer demanding release from the bond upon payment of the specified fee. If the employer still does not respond, consider filing a suit for specific performance or seeking a declaratory judgment from the court to enforce the bond terms.",20.3662,4.4379,18.1692,20.6204,84.4515
48,"I have SC verdict, HC Verdicts and favorable govt affidavit. Matter of Required edu candidates vs. Higher edu candidates(not have required edu) in TGT recruitment written notification.( East Delhi, Delhi )","Delhi Shops and Establishments Act, 1954 → govt_service → RPSR_11 → DSEA_48","Delhi Shops and Establishments Act, 1954 → govt_service → RPSR_11 → DSEA_48 → RPSR → RPSR_3213 → RPSR_10041 → DSEA_23","In my graduation 3rd year marksheet my date of birth 21-jun-1993, seen 21-jun-1983 from distance, but actual it 21-jun-1993 when seen by lens, in 1993 third digit 9 is likely shaped birthday candel 9, and shape is likely 9,. Qr code represent 21-jun-1993 also. 
Please suggest me that ...should I do apply reprint in University or not? Is there any problem in govt job?( Bundi, Rajasthan )","I work in travel Pvrt ltd company,  at the beginning of vivid our company owner stated to reduce the salary of staff to 50% from April 20 onwards but now he is not responding messages and calls and neither releasing any salary.  As confirmed from clients the work is started since starting of domestic airlines I. e.  May 2020. But now he is not responding me.( East Delhi, Delhi )","I am working in a Pvt Ltd Biotechnology company &amp; signed a bond for 5 years. But the work pressure &amp; environment is so toxic and painful. Even I am forced to work everyday approximately 10-12 hours which includes holidays &amp; weekly offs since 1.8 years. When I have resigned recently, they are not ready to relive me and asked me that they have trained me on work and I can's leave. However as a experienced person I haven't learned a single new thing from this organization whereas I have trained their fresher to work properly. What is the legal rights for me to sue the company and get relieve smoothly ?( Bhubaneswar, Orissa )","Dear Sir,You may search for Senior Advocates who are practicing in Service matters. Better engage an Advocate having direct experience in the Service matters so that you can get favourable orders.","The most important legal point is that the user possesses favorable Supreme Court and High Court verdicts, along with a supportive government affidavit, which strengthens their position in the recruitment dispute. The legal issue revolves around the eligibility criteria in TGT recruitment, specifically concerning required educational qualifications versus higher educational qualifications that do not meet the specified requirements.

Legally, the user can assert their eligibility based on the favorable verdicts and affidavit. However, they cannot bypass the recruitment process or alter the qualifications stipulated in the notification without legal validation. The next steps include submitting the verdicts and affidavit to the recruitment authority to assert compliance with the eligibility criteria and, if necessary, filing a writ petition in the High Court to enforce the verdicts and seek relief.",20.3662,4.4379,18.1692,20.6204,84.4515
49,"We have been working continuously for 10 years as a third party contractual worker in an organization under WB state government. But we don't get all the orders related to state government cobtractual salary increment or other benefits. Management says these orders are not for us. Our future is uncertain! What to do in this situation?( Kolkata, West Bengal )",MBA_10 → FA_79 → SPE_4 → MTW_24,MBA_10 → FA_79 → SPE_4 → MTW_24 → wages → MTW → SPE → leave,"I worked in Jbm auto gurgaon plant for 1 year 1 month, after that i got transfer to jbm pune plant and got different pf number and employee id, now i completed 4 years 2 months here. I want to end my contract now. 
Am i eligible for gratuity?( Pune, Maharashtra )","I work in travel Pvrt ltd company,  at the beginning of vivid our company owner stated to reduce the salary of staff to 50% from April 20 onwards but now he is not responding messages and calls and neither releasing any salary.  As confirmed from clients the work is started since starting of domestic airlines I. e.  May 2020. But now he is not responding me.( East Delhi, Delhi )","I'm 23 &amp; worked as a Social media executive &amp; writer in a startup. My boss is making excuses and refusing to pay back the salary of around 4 months. It's been around 1 year and 10 months, even after several requests and pleas, he isn't paying the salary. Although it's not a big amount, it ranges between 45k-50k. But as a 23-year-old it's a big amount for me. I need my hard-earned money. Pls, advise what should I do? 

Note: It will be helpful if the suggestions are of not too much hassle and within my affordability.( Thane, Maharashtra )","Dear Client,The Finance Department, Audit Branch, Government of West Bengal, has issued new service conditions for contract, casual, and daily-rated workers through office order No. 3998-F(P2) dated 15/07/2019. These conditions aim to ensure the effective use of public funds, facilitate workers' redeployment during restructuring or organizational winding up, and establish guidelines for engagement. Key points include:1. Workers can remain engaged in the same capacity until the age of 60, provided they have served continuously for ten years with a minimum of 240-day attendance from both current and previous organizations.2. Workers are entitled to new rates of remuneration, medical and leave facilities, enhanced remuneration, and a terminal benefit of Rs. 3 lakhs on their 60th birthday based on their length of service.3. Workers have the option to opt out, while misconduct can lead to termination of engagement.If the management or third-party employer refuses to implement the state government's order, it is recommended that all contractual workers collectively and jointly file a complaint against the third-party contractor with the State Labour Commissioner. This step is crucial for seeking redressal of grievances and ensuring adherence to the new service conditions outlined by the government.","Under the Contract Labour (Regulation and Abolition) Act, 1970, contract workers are entitled to certain benefits, but these may not include state government increments unless specified in the contract. Since you are a third-party contractual worker, the primary obligation for salary increments and benefits lies with the contractor, not the state government. Legally, you can demand that your contractor comply with any contractual terms related to salary and benefits.

To address your situation, first review your contract to understand your entitlements. If your contract is not being honored, consider filing a complaint with the local labor commissioner to seek enforcement of your rights. Additionally, you may explore forming or joining a workers' union to collectively bargain for better terms.",20.3662,4.4379,18.1692,20.6204,84.4515
50,"We are working with a PSU organisation with a work order, but the work order is going to expire. As per their CLC both notice pay and retrenchment benefit to be given to the existing workers. But we have been assigned with new work order and we want to retain the same workers for the same. Is it necessary to give notice pay and retrenchment benefit to the same workers in order to close the previous work order ?( Rourkela, Orissa )",IDA_25F → IDA_25H → IDA_25N → IRC_64,IDA_25F → IDA_25H → IDA_25N → IRC_64 → IRC → Industrial Disputes Act 1947 → EPF_6 → provident_fund,"I worked in Jbm auto gurgaon plant for 1 year 1 month, after that i got transfer to jbm pune plant and got different pf number and employee id, now i completed 4 years 2 months here. I want to end my contract now. 
Am i eligible for gratuity?( Pune, Maharashtra )","I'm 23 &amp; worked as a Social media executive &amp; writer in a startup. My boss is making excuses and refusing to pay back the salary of around 4 months. It's been around 1 year and 10 months, even after several requests and pleas, he isn't paying the salary. Although it's not a big amount, it ranges between 45k-50k. But as a 23-year-old it's a big amount for me. I need my hard-earned money. Pls, advise what should I do? 

Note: It will be helpful if the suggestions are of not too much hassle and within my affordability.( Thane, Maharashtra )","I work in travel Pvrt ltd company,  at the beginning of vivid our company owner stated to reduce the salary of staff to 50% from April 20 onwards but now he is not responding messages and calls and neither releasing any salary.  As confirmed from clients the work is started since starting of domestic airlines I. e.  May 2020. But now he is not responding me.( East Delhi, Delhi )","Dear Client,Once an order or direction is passed for payment of retrenchment compensation to the retrenched workmen by the competent authority (CLC/Dy. CLC) ) you have to comply with the said order. However, in this context, reference may be made to Sec.25H of the Industrial Dispute Act, 1947 which deals with the Re-employment of retrenched workmen and says ""Where any workmen are retrenched, and the employer proposes to take into his employ any persons, he shall, in such manner as may be prescribed, give an opportunity to the retrenched workmen who are citizens of India to offer themselves for re-employment and such retrenched workman who offers themselves for re-employment shall have preference over other persons. Further, an Explanation to Sec.25M of the Act which deals with the prohibition of layoff of the workmen says ""For the purposes of this section, a workman shall not be deemed to be laid-off by an employer if such employer offers any alternative employment (which in the opinion of the employer does not call for any special skill or previous experience and can be done by the workman) in the same establishment from which he has been laid-off or in any other establishment belonging to the same employer, situate in the same town or village, or situate within such distance from the establishment to which he belongs that the transfer will not involve undue hardship to the workman having regard to the facts and circumstances of his case, provided that the wages which would normally have been paid to the workman are offered for the alternative appointment also."" So, in view of the above provision of the relevant law, you can make an application before the competent authority for review of its order referring above alternative provisions of law that also protect the benefit and interest of the workmen. If the competent authority allows your appeal considering its fairness, it may call for a hearing in the matter serving the notice to the workmen and you. In the hearing, if the workmen agree with your offer, then the authority may review its order.","Under the Industrial Disputes Act, 1947, specifically Sections 25F and 25N, retrenchment benefits and notice pay are required when terminating workers due to the expiration of a work order. However, if the same workers are being retained under a new work order without any break in service, the requirement for retrenchment benefits may not apply, as there is no actual termination of employment. Ensure that the transition between work orders is seamless to avoid any legal implications of retrenchment.

Next steps: (1) Draft an addendum or new contract that extends the employment of the workers under the new work order without interruption. (2) Consult with a labor law expert to ensure compliance with all statutory requirements and avoid potential disputes.",20.3662,4.4379,18.1692,20.6204,84.4515
51,"Within on year of termination can i join current organisations old client( Chennai, Tamil Nadu )",M_C_MEHTA_CHILD_LABOUR_1996 → wrongful_termination → ART_21_LABOUR → IEA_90,M_C_MEHTA_CHILD_LABOUR_1996 → wrongful_termination → ART_21_LABOUR → IEA_90 → IEA → ART_24 → IDA_25F → EPF_6,"In my graduation 3rd year marksheet my date of birth 21-jun-1993, seen 21-jun-1983 from distance, but actual it 21-jun-1993 when seen by lens, in 1993 third digit 9 is likely shaped birthday candel 9, and shape is likely 9,. Qr code represent 21-jun-1993 also. 
Please suggest me that ...should I do apply reprint in University or not? Is there any problem in govt job?( Bundi, Rajasthan )","I worked in Jbm auto gurgaon plant for 1 year 1 month, after that i got transfer to jbm pune plant and got different pf number and employee id, now i completed 4 years 2 months here. I want to end my contract now. 
Am i eligible for gratuity?( Pune, Maharashtra )","I work in travel Pvrt ltd company,  at the beginning of vivid our company owner stated to reduce the salary of staff to 50% from April 20 onwards but now he is not responding messages and calls and neither releasing any salary.  As confirmed from clients the work is started since starting of domestic airlines I. e.  May 2020. But now he is not responding me.( East Delhi, Delhi )","It depends on the terms of your termination agreement and any non-compete or non-solicitation clauses that may have been included in your employment contract.If there are no restrictions on joining the old client of your current organization, then you may be able to do so without any issues. However, if you signed a non-compete or non-solicitation agreement, you may be prohibited from working with the old client for a certain period of time after leaving your previous employer.It's important to carefully review your employment contract and any termination agreements to determine whether there are any restrictions on your ability to work with the old client. If you are unsure, it's a good idea to seek legal advice to avoid any potential legal issues.Thank you","Joining a former employer's client within one year of termination may raise issues related to non-compete and non-solicitation clauses if such clauses were part of your employment contract. Under Indian law, particularly Section 27 of the Indian Contract Act, 1872, agreements in restraint of trade are void, but courts have upheld reasonable restrictions if they protect legitimate business interests. 

If your contract included a non-compete clause, review its terms to determine its enforceability. If no such clause exists, or if it is deemed unreasonable, you may join the client. Consider consulting with an employment lawyer to review your contract and assess any potential legal risks.",20.3662,4.4379,18.1692,20.6204,84.4515
52,I am working in the organisation and someone has stolen my 40k amount from purse and company people unable to find out the person. Is there any law through which I can claim on the company.,IEA_119 → COMP_MA_8 → BTC_4 → COMP_MA_19,IEA_119 → COMP_MA_8 → BTC_4 → COMP_MA_19 → COMP_MA → BTC → IEA → IEA_1145,"I worked in Jbm auto gurgaon plant for 1 year 1 month, after that i got transfer to jbm pune plant and got different pf number and employee id, now i completed 4 years 2 months here. I want to end my contract now. 
Am i eligible for gratuity?( Pune, Maharashtra )","I work in travel Pvrt ltd company,  at the beginning of vivid our company owner stated to reduce the salary of staff to 50% from April 20 onwards but now he is not responding messages and calls and neither releasing any salary.  As confirmed from clients the work is started since starting of domestic airlines I. e.  May 2020. But now he is not responding me.( East Delhi, Delhi )","I'm 23 &amp; worked as a Social media executive &amp; writer in a startup. My boss is making excuses and refusing to pay back the salary of around 4 months. It's been around 1 year and 10 months, even after several requests and pleas, he isn't paying the salary. Although it's not a big amount, it ranges between 45k-50k. But as a 23-year-old it's a big amount for me. I need my hard-earned money. Pls, advise what should I do? 

Note: It will be helpful if the suggestions are of not too much hassle and within my affordability.( Thane, Maharashtra )","Dear Sir,You can lodge police complaint. It will interrogate the suspected and review the CCTV footings and catch hold the thief.","The primary legal issue is whether the company can be held liable for the theft of personal property on its premises. Generally, under tort law, an employer is not automatically liable for thefts committed by third parties unless there is a breach of a specific duty of care, such as inadequate security measures. In this case, to hold the company liable, it would be necessary to prove negligence on their part, such as failing to provide reasonable security.

You cannot directly claim compensation from the company without evidence of their negligence. However, you can file a police report regarding the theft, which may prompt an investigation. Additionally, review any company policies or employee agreements that may address liability for personal property.",20.3662,4.4379,18.1692,20.6204,84.4515
53,"Sir if any employee left a BPO 5 months back due to health reason with the notify by email to his manager. At the time of joining he signed a bond of 1 Year but after 10 month he faced seviour health issues, before that he requested for shift Chang on the basis of health issues but organization did not do that. After left the organization company called to the employee and took the interview for re-joining, but he did not re-joining the organization. Now company filed a case on the employee as absconding employee in his nearest meditation DC center and calling to his family members as well. What should he do. Please advise as soon as possible.( East Delhi, Delhi )",absconding → BTC_50 → BTC_54 → KSEA_18,"absconding → BTC_50 → BTC_54 → KSEA_18 → Kerala Shops and Commercial Establishments Act, 1960 → wages → BTC → Q_86","I resigned from the company and had cleared all the exit formalities also I have served the notice period, submitted all the assets and completed all the exit procedures. But during my Full and Final settlement company sent me recovery letter stating that I have to pay company dues for using the leaves benefit which the company has provided or else the legal action will be taken. Going through the company policy I found that there is no such line mentioned about leave recovery during the employee's exit. When I asked for clarification from the HR, there is no response from them regarding this. I have sent multiple reminders stating clarification but there is no response. What do I do in this case? How can I go legally in this matter since there is no reply from company's side?( Thane, Maharashtra )","In my graduation 3rd year marksheet my date of birth 21-jun-1993, seen 21-jun-1983 from distance, but actual it 21-jun-1993 when seen by lens, in 1993 third digit 9 is likely shaped birthday candel 9, and shape is likely 9,. Qr code represent 21-jun-1993 also. 
Please suggest me that ...should I do apply reprint in University or not? Is there any problem in govt job?( Bundi, Rajasthan )","Joined TCS Mumbai on 4th June 2021 as consultant with joining bonus. Due to profile mismatch, overtime, verbal harassment and no response from higher management, i resigned and sent an email on 3-Aug (within probation), requesting them to relieve on 31-Aug. They were delaying and asked me to contact this and that person. Later, by 7-Aug, they blocked my laptop access. I could not work within notice period. In offer letter, appointment letter, internal policy - notice period after probation or confirmation only mentioned.
I returned company laptop. Got my salary, variable pay too.
Now after 1.5 years- they have sent me legal notice asking recovery of bonus and 2 months shortfall basic salary, within a week- else legal action. ( No calls or emails- they had my old defunct hotmail ID).meanwhile, i shifted to different city twice, but my phone number was same. Never ever they called me. They used very bad language- ""you had fraudulent intentions to dupe company etc.""

Please advise.( Pune, Maharashtra )",You should appear in the case and defend it You have a good defence. They cannot actually recover compel you to rejoin them or collect any money from you. But you should engage a lawyer in your local area and defend your case. Please ask Vidhikarya to allot you a lawyer in your locality.,"The legal issue at hand is the enforcement of an employment bond and the allegation of absconding. Under Indian Contract Act, 1872, employment bonds are enforceable if they are reasonable and not in the nature of a penalty. Given the health issues and the prior notification to the employer, the employee may have a valid defense against the claim of absconding. The employee should gather all relevant documentation, including medical records and email correspondences with the employer, to support their case. It is advisable to respond to the mediation notice, attend the mediation session at the DC center, and present these defenses. If necessary, consult with a legal professional to prepare a formal response or defense in the mediation process.",20.3662,4.4379,18.1692,20.6204,84.4515
54,"I have not received my Full & Final Settlement including 3 months salaries ( notice period ) , Gratuity for 10 years of service & Travel + Other Reimbursements from my former employer. The CEO was making Covid as an excuse initially. Now he says that there are lots of gaps in my work due to which the company is facing losses. Can i get all my  money? How should I go about it?( Bangalore, Karnataka )",MEPS_26 → MEPS_40 → PGA_4 → PGA_7,MEPS_26 → MEPS_40 → PGA_4 → PGA_7 → gratuity → MEPS → labour_court → Payment of Gratuity Act 1972,"I worked in Jbm auto gurgaon plant for 1 year 1 month, after that i got transfer to jbm pune plant and got different pf number and employee id, now i completed 4 years 2 months here. I want to end my contract now. 
Am i eligible for gratuity?( Pune, Maharashtra )","I'm 23 &amp; worked as a Social media executive &amp; writer in a startup. My boss is making excuses and refusing to pay back the salary of around 4 months. It's been around 1 year and 10 months, even after several requests and pleas, he isn't paying the salary. Although it's not a big amount, it ranges between 45k-50k. But as a 23-year-old it's a big amount for me. I need my hard-earned money. Pls, advise what should I do? 

Note: It will be helpful if the suggestions are of not too much hassle and within my affordability.( Thane, Maharashtra )","I lost my Job in the year 2017 due to a false sexual harassment matter. I didnt fight in court of law. I worked  in few places who didnt insist for character certificate from police. Now new employer insists on character certificate. What should i do? Will persuation to police department help? My online application was rejected and i m not aware why it was rejected though.( Mumbai suburban, Maharashtra )","Hi,You can serve them with legal notice to repay the amount they owe you, and then file a civil suit for money recovery. Maintain a record of all work receipts to serve as proof of your work. You can also claim damages against the employer for breach of your employment contract.","Under the Payment of Gratuity Act, 1972, an employee who has completed five years of continuous service is entitled to receive gratuity. Since you have completed 10 years of service, you are legally entitled to gratuity. Additionally, if your employment contract stipulated a notice period salary and reimbursement for travel and other expenses, you are entitled to those payments as well.

To recover your dues, send a formal legal notice to your employer demanding the full and final settlement, including the unpaid salaries, gratuity, and reimbursements. If the employer fails to comply, you may file a complaint with the labour court in Bangalore for recovery of your dues.",20.3662,4.4379,18.1692,20.6204,84.4515
55,Iam working in a company from last 3yrs . I applied for a loan and asked for a salary slip but director refused it giving some bogus reasons. ?So is it a legal right of an employee,IDA_17B → EPF_12 → ESI_72 → ISM_12,IDA_17B → EPF_12 → ESI_72 → ISM_12 → wages → Industrial Disputes Act 1947 → ISM → Employees State Insurance Act 1948,"Widow daughter can get family pension of panchayat taj dept employees.( North 24 Parganas, West Bengal )","I'm working in American MNC ( Concentrix Daksh services India Pvt Ltd) situated in Gurugram, haryana, India. The nature of company is service provider to top clients including global tech giants. And I'm working for one of the world's biggest tech giant (Google TVC ), by providing services in specific project on behalf of above mentioned company (CNX ). So, I came to know that we are offered very less salary as compared to average salary in other regions in world and no where near the average salary of Google. And recently it's highlighted by whistleblower that Google illegally underpaid thousands of workers in many countries breaching pay parity laws. So I need advice in context of that if pay parity laws says in US that Google TVCs ( temporary, vendors and contractual workers ) are entitled to equal compensation. So is it possible to highlight same issue in India as well, and if yes, how to do it and how to get success in receiving the entitled compensation from Google or main company ( cnx), ( which ever is culprit ). I'm adding few links for references and better understanding. https://amp.theguardian.com/technology/2021/sep/10/google-underpaid-workers-illegal-pay-disparity-documents https://payparity.org/( North Delhi, Delhi )","I'm 23 &amp; worked as a Social media executive &amp; writer in a startup. My boss is making excuses and refusing to pay back the salary of around 4 months. It's been around 1 year and 10 months, even after several requests and pleas, he isn't paying the salary. Although it's not a big amount, it ranges between 45k-50k. But as a 23-year-old it's a big amount for me. I need my hard-earned money. Pls, advise what should I do? 

Note: It will be helpful if the suggestions are of not too much hassle and within my affordability.( Thane, Maharashtra )",Yes it is your right to have salary slip. Tell your employer that if he does not give you then he will be in problem.,"Under Indian labor law, employees have the right to receive documentation of their wages, such as salary slips, as part of their employment records. The Payment of Wages Act, 1936 mandates that employers must maintain records of wages paid to employees, which includes providing salary slips upon request. 

If the director refuses to provide a salary slip, the employee can file a complaint with the local labor commissioner or labor court for non-compliance with statutory obligations. The employee should first formally request the salary slip in writing, stating the necessity for the document, and if refused again, proceed with the complaint.",20.3662,4.4379,18.1692,20.6204,84.4515
56,"I am working in school , my school has not payed me my salary from last 6 months and now I have changed my school. Now they are saying that they will pay my 70% of the salary. They did not inform me initially that they will pay me 70% , now they are telling me that they cannot pay me more than 70% . I've given them in writing that I will not accept less than 100% . Now what can I do ? Kindly advice me.( Jodhpur, Rajasthan )",IDA_17B → EPF_12 → ESI_72 → ISM_12,IDA_17B → EPF_12 → ESI_72 → ISM_12 → ISM → Industrial Disputes Act 1947 → wages → Employees Provident Fund Act 1952,"I worked in Jbm auto gurgaon plant for 1 year 1 month, after that i got transfer to jbm pune plant and got different pf number and employee id, now i completed 4 years 2 months here. I want to end my contract now. 
Am i eligible for gratuity?( Pune, Maharashtra )","I'm 23 &amp; worked as a Social media executive &amp; writer in a startup. My boss is making excuses and refusing to pay back the salary of around 4 months. It's been around 1 year and 10 months, even after several requests and pleas, he isn't paying the salary. Although it's not a big amount, it ranges between 45k-50k. But as a 23-year-old it's a big amount for me. I need my hard-earned money. Pls, advise what should I do? 

Note: It will be helpful if the suggestions are of not too much hassle and within my affordability.( Thane, Maharashtra )","Widow daughter can get family pension of panchayat taj dept employees.( North 24 Parganas, West Bengal )","Hi,More information is required about your contract or agreement with the previous school in order to help you out.However, if the terms of agreement are in your favor, then you can issue a legal notice to the school authorities.","Under the Payment of Wages Act, 1936, an employer is obligated to pay full wages without unauthorized deductions. The school's offer to pay only 70% of your salary without prior agreement is likely a breach of this obligation. You can issue a legal notice to the school demanding full payment of the outstanding salary. If they fail to comply, consider filing a claim with the appropriate labor court or authority in Rajasthan for recovery of the full amount.",20.3662,4.4379,18.1692,20.6204,84.4515
57,"Hi ! I am Ashish, working in a private company in Delhi, Currently Serving Notice Period of 2 months(60 Days), I gave my resignation on 10th October 2020, the employer has given me Appraisal Letter on 13th Nov 2020 and increased my pay. but due to work level stress and not so well Health conditions, i wanted to stop working for a year or two after completing my notice period. I have completed more than half of the Notice period now on 15th nov my employer has given me suspension of 1 week, from 16th nov- 22nd Nov 2020, saying that you have not delivered a Graphic for Diwali that can be posted on company behalf on social media channels. there were unrealistic timelines and i got only 1 day to work on those Graphics, where he wanted me to create a video as well, but i at least delivered 2 graphics. i promised him that i will try my best to do it, but he's saying now that i falsely committed and i have been telling lies to him about the work and hence a suspension is in place for you which is unpaid. He's also not giving me last working date and acceptance on my resignation, and now when i asked for it, he's saying that you will have o serve up to 24th of Dec 2020. where as my notice period should end on 10th Dec. i even told him that i will support him in everything, even if i leave. i am now looking for a legal advice on what should be my next step or can this be legally challenged ? i am not sure currently.( South West Delhi, Delhi )",MEPS_26 → MEPS_40 → MBA_10 → FA_79,MEPS_26 → MEPS_40 → MBA_10 → FA_79 → Factories Act 1948 → MEPS → notice_period → leave,"Joined TCS Mumbai on 4th June 2021 as consultant with joining bonus. Due to profile mismatch, overtime, verbal harassment and no response from higher management, i resigned and sent an email on 3-Aug (within probation), requesting them to relieve on 31-Aug. They were delaying and asked me to contact this and that person. Later, by 7-Aug, they blocked my laptop access. I could not work within notice period. In offer letter, appointment letter, internal policy - notice period after probation or confirmation only mentioned.
I returned company laptop. Got my salary, variable pay too.
Now after 1.5 years- they have sent me legal notice asking recovery of bonus and 2 months shortfall basic salary, within a week- else legal action. ( No calls or emails- they had my old defunct hotmail ID).meanwhile, i shifted to different city twice, but my phone number was same. Never ever they called me. They used very bad language- ""you had fraudulent intentions to dupe company etc.""

Please advise.( Pune, Maharashtra )","I'm 23 &amp; worked as a Social media executive &amp; writer in a startup. My boss is making excuses and refusing to pay back the salary of around 4 months. It's been around 1 year and 10 months, even after several requests and pleas, he isn't paying the salary. Although it's not a big amount, it ranges between 45k-50k. But as a 23-year-old it's a big amount for me. I need my hard-earned money. Pls, advise what should I do? 

Note: It will be helpful if the suggestions are of not too much hassle and within my affordability.( Thane, Maharashtra )","Dear team
I resigned on 5th July  and my notice period was 3 months, I served till 24th September and as per 3 months notice period my last working day was 2nd October.... But since I had to join other organization on 27th September I sent multiple mails for relieving me just 5 days earlier from my last working day. 

When I didn't get any confirmation I myself sent declaration mail for my last working day as 24th September and also wrote that I am ready to compensate against my remaining notice period as per HR policy. I joined other organization on 27th September but my previous organization intentionally mentioned last working day as 2nd October

After getting relieving also I sent multiple mails for correction of date but didn't get any help

Please suggest what steps can be taken against my previous employer for this unethical behavior...( Udaipur, Rajasthan )","Dear Sir,You may get issue a strong legal notice claiming huge compensation for continuous mental torture.Rate me Five Star*","The primary legal issue is the employer's extension of the notice period and the unpaid suspension. Under Indian labor laws, the terms of employment, including notice period and suspension, are governed by the employment contract and the Industrial Employment (Standing Orders) Act, 1946. If the employment contract specifies a 60-day notice period, the employer cannot unilaterally extend it without your consent.

You can challenge the unpaid suspension if it violates the terms of your employment contract or if it was imposed without a fair inquiry. First, send a formal written complaint to your HR department detailing the breach of contract regarding the notice period and suspension. If unresolved, consider filing a complaint with the labor commissioner or pursuing legal action for breach of contract.",20.3662,4.4379,18.1692,20.6204,84.4515
58,"Sir, I am working in PSU as contract employee (officer category). Location of work is at Andaman island . Did I am eligible for getting hardship allowance(10% of basic salary as extra) as per 7th CPC rule?
Permanent employees are getting same benefit here at my office .( South Andaman, Andaman and Nicobar )",IDA_17B → EPF_12 → ESI_72 → ISM_12,IDA_17B → EPF_12 → ESI_72 → ISM_12 → ISM → Industrial Disputes Act 1947 → Employees State Insurance Act 1948 → Employees Provident Fund Act 1952,"I work in travel Pvrt ltd company,  at the beginning of vivid our company owner stated to reduce the salary of staff to 50% from April 20 onwards but now he is not responding messages and calls and neither releasing any salary.  As confirmed from clients the work is started since starting of domestic airlines I. e.  May 2020. But now he is not responding me.( East Delhi, Delhi )","I'm 23 &amp; worked as a Social media executive &amp; writer in a startup. My boss is making excuses and refusing to pay back the salary of around 4 months. It's been around 1 year and 10 months, even after several requests and pleas, he isn't paying the salary. Although it's not a big amount, it ranges between 45k-50k. But as a 23-year-old it's a big amount for me. I need my hard-earned money. Pls, advise what should I do? 

Note: It will be helpful if the suggestions are of not too much hassle and within my affordability.( Thane, Maharashtra )","I am working in a Pvt Ltd Biotechnology company &amp; signed a bond for 5 years. But the work pressure &amp; environment is so toxic and painful. Even I am forced to work everyday approximately 10-12 hours which includes holidays &amp; weekly offs since 1.8 years. When I have resigned recently, they are not ready to relive me and asked me that they have trained me on work and I can's leave. However as a experienced person I haven't learned a single new thing from this organization whereas I have trained their fresher to work properly. What is the legal rights for me to sue the company and get relieve smoothly ?( Bhubaneswar, Orissa )","Dear Client,A contractual and fixed-term employee is governed by the contract of employment. If your letter of appointment makes you eligible to get that allowance, you may approach accordingly to the concerned authority for disbursement of hardship allowance payable under the 7th CPC Rules. Usually, risk and hardship allowance is available to defense personnel, Railways, Air force, employees attached to disaster management etc. who are on permanent roles of the deptt.","Contract employees in a PSU may not automatically be entitled to the same benefits as permanent employees, such as hardship allowance, unless explicitly stated in their contract or employment terms. The 7th Central Pay Commission (CPC) recommendations typically apply to regular government employees, and contract employees are often governed by the specific terms of their contracts and the policies of the employing PSU. 

To determine eligibility, review the terms of your employment contract and any relevant PSU policies regarding allowances for contract employees. If the contract or policy does not mention hardship allowance, consider discussing the matter with your HR department to explore any discretionary allowances or amendments. If necessary, seek clarification from a legal advisor specializing in employment law to assess any potential claims under the applicable labor laws or policies.",20.3662,4.4379,18.1692,20.6204,84.4515
59,"April-24 I got appraisal according to my performance and after three i resigned for that role but now they are recovered my appraisal Amount.Now what to do( Bangalore, Karnataka )",PGA_7 → EPF_7D → ESI_55 → IRC_44,PGA_7 → EPF_7D → ESI_55 → IRC_44 → labour_court → PROC_GRATUITY_CLAIM → gratuity → Payment of Gratuity Act 1972,"I worked in Jbm auto gurgaon plant for 1 year 1 month, after that i got transfer to jbm pune plant and got different pf number and employee id, now i completed 4 years 2 months here. I want to end my contract now. 
Am i eligible for gratuity?( Pune, Maharashtra )","I'm 23 &amp; worked as a Social media executive &amp; writer in a startup. My boss is making excuses and refusing to pay back the salary of around 4 months. It's been around 1 year and 10 months, even after several requests and pleas, he isn't paying the salary. Although it's not a big amount, it ranges between 45k-50k. But as a 23-year-old it's a big amount for me. I need my hard-earned money. Pls, advise what should I do? 

Note: It will be helpful if the suggestions are of not too much hassle and within my affordability.( Thane, Maharashtra )","I am working in a Pvt Ltd Biotechnology company &amp; signed a bond for 5 years. But the work pressure &amp; environment is so toxic and painful. Even I am forced to work everyday approximately 10-12 hours which includes holidays &amp; weekly offs since 1.8 years. When I have resigned recently, they are not ready to relive me and asked me that they have trained me on work and I can's leave. However as a experienced person I haven't learned a single new thing from this organization whereas I have trained their fresher to work properly. What is the legal rights for me to sue the company and get relieve smoothly ?( Bhubaneswar, Orissa )","Dear Client,Read your employment contract, clauses related to appraisals, bonuses, and resignation. Check the company policy, which might require employees to return a portion of bonuses or appraisals if they resign within a short period after receiving them. Reach out to your HR department for an explanation and ask to provide a detailed breakdown of the recovery.  If you believe that the recovery is not justified with your contract, try to negotiate with HR or appeal the decision. We hope that our response is helpful to you.","The key legal issue here is whether the employer's recovery of the appraisal amount is justified under the terms of your employment contract and applicable labor laws. Under the Indian Contract Act, 1872, any deduction from salary or recovery of appraisal amounts must be explicitly stated in the employment contract or company policy. If the recovery was not stipulated, it may be considered unlawful.

You can send a formal written request to your employer demanding clarification and the return of the deducted amount, citing the absence of any contractual provision for such recovery. If the employer fails to respond or rectify the situation, consider filing a complaint with the Labour Commissioner under the Industrial Disputes Act, 1947. Collect all relevant documentation, such as your appraisal letter and resignation communication, to support your claim.",20.3662,4.4379,18.1692,20.6204,84.4515
60,"I put my resignation to my employer for an early release by deducting my salary lieu in against the notice period as per company separation policy, but my employer is not accepting my resignation and not reliving me and asking to serve the notice period. Kindly advice to proceed further.( Hyderabad, Telangana )",MEPS_26 → MEPS_40 → IDA_17B → EPF_12,MEPS_26 → MEPS_40 → IDA_17B → EPF_12 → wages → MEPS → notice_period → Industrial Disputes Act 1947,"I worked in Jbm auto gurgaon plant for 1 year 1 month, after that i got transfer to jbm pune plant and got different pf number and employee id, now i completed 4 years 2 months here. I want to end my contract now. 
Am i eligible for gratuity?( Pune, Maharashtra )","I work in travel Pvrt ltd company,  at the beginning of vivid our company owner stated to reduce the salary of staff to 50% from April 20 onwards but now he is not responding messages and calls and neither releasing any salary.  As confirmed from clients the work is started since starting of domestic airlines I. e.  May 2020. But now he is not responding me.( East Delhi, Delhi )","I'm 23 &amp; worked as a Social media executive &amp; writer in a startup. My boss is making excuses and refusing to pay back the salary of around 4 months. It's been around 1 year and 10 months, even after several requests and pleas, he isn't paying the salary. Although it's not a big amount, it ranges between 45k-50k. But as a 23-year-old it's a big amount for me. I need my hard-earned money. Pls, advise what should I do? 

Note: It will be helpful if the suggestions are of not too much hassle and within my affordability.( Thane, Maharashtra )","Hey,Generally in employment agreement reduction of the notice period is not allowed. So if it is not mentioned in your agreement you signed at the time of starting the job then its your obligation to complete your notice period. If you have some untaken holidays by you then you use them to reduce your notice using them.If you find my answer useful then please rate my answer. Thank you","Under the Industrial Disputes Act 1947, an employee is generally required to serve the notice period as stipulated in their employment contract unless the employer agrees to waive it. If the company's separation policy allows for salary deduction in lieu of notice, the employer should honor this provision. However, if the employer refuses to accept the resignation or the terms of the separation policy, the employee may issue a legal notice demanding compliance with the contract terms. 

The next steps are to review the employment contract and company policy to confirm the terms regarding notice period and salary deduction. If the employer remains uncooperative, consider filing a complaint with the local labor commissioner or pursuing legal action to enforce the contract terms.",20.3662,4.4379,18.1692,20.6204,84.4515
61,"Dear Sir,

I have recently resigned from my organisation after serving for 4yrs 8 months and 2 days. As I have checked on internet 4.8 yrs is eligible for grautity.  I have conveyed same to my HR but he is saying grautity is eligible only for 5 yrs or more.

Would just require an confirmation from an legal advisor for exact rule of Grautity as this is pending from 4 months from my old employer end.( Mumbai suburban, Maharashtra )",IDA_25F → IDA_25H → IDA_25N → IRC_64,IDA_25F → IDA_25H → IDA_25N → IRC_64 → IRC → EPF_6 → provident_fund → Industrial Disputes Act 1947,"I worked in Jbm auto gurgaon plant for 1 year 1 month, after that i got transfer to jbm pune plant and got different pf number and employee id, now i completed 4 years 2 months here. I want to end my contract now. 
Am i eligible for gratuity?( Pune, Maharashtra )","I work in travel Pvrt ltd company,  at the beginning of vivid our company owner stated to reduce the salary of staff to 50% from April 20 onwards but now he is not responding messages and calls and neither releasing any salary.  As confirmed from clients the work is started since starting of domestic airlines I. e.  May 2020. But now he is not responding me.( East Delhi, Delhi )","I'm 23 &amp; worked as a Social media executive &amp; writer in a startup. My boss is making excuses and refusing to pay back the salary of around 4 months. It's been around 1 year and 10 months, even after several requests and pleas, he isn't paying the salary. Although it's not a big amount, it ranges between 45k-50k. But as a 23-year-old it's a big amount for me. I need my hard-earned money. Pls, advise what should I do? 

Note: It will be helpful if the suggestions are of not too much hassle and within my affordability.( Thane, Maharashtra )","Dear Client,According to Section 4(1) of the Payment of Gratuity Act of 1972, gratuity must be paid to an employee upon cessation of employment if he or she has rendered continuous service for five years or more. According to section 2A of the Act, an employee is said to be in continuous service for a period if he has for that period been in uninterrupted service including service which may be interrupted on account of accident, sickness, leave, absence from duty without leave, layoff, strike or a lock-out or cessation of work not due to any fault of employee. Section 4(2) of the Act provides that for every completed year of service or part thereof in excess of 6 months, the employer shall pay gratuity to an employee at the prescribed rates. So, when you worked for a period of 4 years 8 months & 2 days in the Company, you are eligible for payment of gratuity by the employer. Under Rule 7(1) of the Payment of Gratuity Rules, 1972, an employee who is eligible for payment of gratuity under the Act, or any person authorized, in writing, to act on his behalf, shall apply, within thirty days from the date the gratuity became payable, in Form 'I' to the employer who is duty bound to disburse the gratuity within 30 days of cessation of employment of employee or claim made by an employee. After the completion of 30 days, the employer has to pay you not only the gratuity amount but also the simple interest accrued for the delay in payment of the gratuity. In case of denial of gratuity by the employer, serving a legal notice to the company, reach out to the office of the concerned Labour Commissioner and the Controlling Authority under the Act to file a complaint against the employer over non-payment of gratuity despite your eligibility to redress the grievance. Under Sub-Sec.5 of Section 7 of the Act, the Controlling Authority is empowered with the Code of Civil Procedure, 1908 to try the claim of the applicant and pass an order/direction on the claim petition. If required, you may hire the service of an Advocate experienced in service matters to navigate the issue in the right way.","Under the Payment of Gratuity Act, 1972, an employee is generally eligible for gratuity upon completing five years of continuous service. However, courts have interpreted ""continuous service"" to sometimes include service of 4 years and 240 days, effectively recognizing it as equivalent to five years in certain cases (e.g., Madras High Court in Mettur Beardsell Ltd. v. Regional Labour Commissioner). Since you have completed 4 years, 8 months, and 2 days, you may argue eligibility based on this interpretation.

You can legally demand gratuity by sending a formal written request to your employer, citing the relevant legal interpretation. If your employer refuses, file a complaint with the Controlling Authority under the Payment of Gratuity Act in your area.",20.3662,4.4379,18.1692,20.6204,84.4515
62,"Hi,

I have served the full notice period and done with all the documentation of FNF but while submitting the ID card they said you are terminated and and we not provide your payouts( Lucknow, Uttar Pradesh )",IDA_2A → ESI_73 → MEPS_26 → MEPS_40,IDA_2A → ESI_73 → MEPS_26 → MEPS_40 → MEPS → Industrial Disputes Act 1947 → notice_period → PROC_WRONGFUL_TERMINATION,"I'm 23 &amp; worked as a Social media executive &amp; writer in a startup. My boss is making excuses and refusing to pay back the salary of around 4 months. It's been around 1 year and 10 months, even after several requests and pleas, he isn't paying the salary. Although it's not a big amount, it ranges between 45k-50k. But as a 23-year-old it's a big amount for me. I need my hard-earned money. Pls, advise what should I do? 

Note: It will be helpful if the suggestions are of not too much hassle and within my affordability.( Thane, Maharashtra )","I worked in Jbm auto gurgaon plant for 1 year 1 month, after that i got transfer to jbm pune plant and got different pf number and employee id, now i completed 4 years 2 months here. I want to end my contract now. 
Am i eligible for gratuity?( Pune, Maharashtra )","I am working in a Pvt Ltd Biotechnology company &amp; signed a bond for 5 years. But the work pressure &amp; environment is so toxic and painful. Even I am forced to work everyday approximately 10-12 hours which includes holidays &amp; weekly offs since 1.8 years. When I have resigned recently, they are not ready to relive me and asked me that they have trained me on work and I can's leave. However as a experienced person I haven't learned a single new thing from this organization whereas I have trained their fresher to work properly. What is the legal rights for me to sue the company and get relieve smoothly ?( Bhubaneswar, Orissa )","Dear Client,If you've completed your notice period and fulfilled all the necessary requirements for your Full and Final (FNF) settlement, but your employer is refusing to provide your payouts and has terminated you, it's important to take the appropriate steps to address the situation. Here's what you could consider doing:Review Your Employment Contract and Policies: Carefully review your employment contract and any company policies related to termination and FNF settlements. Ensure you understand your rights and the company's obligations in this situation.Gather Documentation: Collect all the documentation related to your notice period completion, FNF settlement, and any communications you've had with your employer regarding the termination and payout denial. This documentation could be crucial if you need to take further action.Speak with HR or Management: Reach out to your company's HR department or relevant management to discuss the situation. Calmly and professionally express your concerns and inquire about the reasons for your termination and the denial of your payouts. Make sure to communicate your willingness to resolve any issues.Understand the Reasons: Ask for clear reasons behind your termination and the denial of your payouts. Understand whether this is a misunderstanding, a mistake, or a deliberate action on their part.Escalate if Necessary: If you are not able to reach a satisfactory resolution through discussions with HR or management, consider escalating the matter. This could involve speaking with higher management or seeking guidance from an ombudsman or compliance department within the company.Labor Authorities or Employment Tribunals: Depending on your jurisdiction, you might have the option to file a complaint with labor authorities or employment tribunals if you believe your rights have been violated. An employment lawyer can guide you through this process.Maintain Professionalism: Throughout this process, it's important to maintain professionalism and avoid confrontations or aggressive behavior. Effective communication and a clear understanding of your rights will be crucial.","The termination after serving the full notice period and completing all documentation for full and final settlement may constitute wrongful termination under the Industrial Disputes Act, 1947. The employer's refusal to provide payouts could be challenged as a violation of the terms of employment and the procedural requirements for termination.

Legally, you can file a complaint with the Labour Commissioner or approach the Industrial Tribunal for wrongful termination and recovery of dues. You cannot, however, force the employer to reinstate you without a legal order. As a next step, send a legal notice to the employer demanding the dues and outlining the wrongful termination. If there is no response, proceed with filing a complaint with the appropriate labor authorities.",20.3662,4.4379,18.1692,20.6204,84.4515
63,"I am actually having troubles with an employment bond I signed with my previous company. On the day of my resignation, I paid them liquidity damages through a dated cheque and in return got my experience certificate and relieving letter. After 7 months of leaving the HR calls me and requests the bond money. 

They admitted it was the finance team fault and that they forgot to credit into the company account. I politely told her I cannot arrange such a huge sum now. Kindly stop troubling me. I also asked them why was this not communicated much earlier. They asked me to talk with the accounts team and they would give me the number but I never heard from them. 

Now after 5 months, they are dropping an email requesting the same. What should I do in this case?( Bangalore, Karnataka )",ICA_73 → ICA_74 → SRA_14 → SRA_16,ICA_73 → ICA_74 → SRA_14 → SRA_16 → employment_bond → Specific Relief Act 1963 → PROC_EMPLOYMENT_BOND → wages,"Joined TCS Mumbai on 4th June 2021 as consultant with joining bonus. Due to profile mismatch, overtime, verbal harassment and no response from higher management, i resigned and sent an email on 3-Aug (within probation), requesting them to relieve on 31-Aug. They were delaying and asked me to contact this and that person. Later, by 7-Aug, they blocked my laptop access. I could not work within notice period. In offer letter, appointment letter, internal policy - notice period after probation or confirmation only mentioned.
I returned company laptop. Got my salary, variable pay too.
Now after 1.5 years- they have sent me legal notice asking recovery of bonus and 2 months shortfall basic salary, within a week- else legal action. ( No calls or emails- they had my old defunct hotmail ID).meanwhile, i shifted to different city twice, but my phone number was same. Never ever they called me. They used very bad language- ""you had fraudulent intentions to dupe company etc.""

Please advise.( Pune, Maharashtra )","I'm 23 &amp; worked as a Social media executive &amp; writer in a startup. My boss is making excuses and refusing to pay back the salary of around 4 months. It's been around 1 year and 10 months, even after several requests and pleas, he isn't paying the salary. Although it's not a big amount, it ranges between 45k-50k. But as a 23-year-old it's a big amount for me. I need my hard-earned money. Pls, advise what should I do? 

Note: It will be helpful if the suggestions are of not too much hassle and within my affordability.( Thane, Maharashtra )","I am working in a Pvt Ltd Biotechnology company &amp; signed a bond for 5 years. But the work pressure &amp; environment is so toxic and painful. Even I am forced to work everyday approximately 10-12 hours which includes holidays &amp; weekly offs since 1.8 years. When I have resigned recently, they are not ready to relive me and asked me that they have trained me on work and I can's leave. However as a experienced person I haven't learned a single new thing from this organization whereas I have trained their fresher to work properly. What is the legal rights for me to sue the company and get relieve smoothly ?( Bhubaneswar, Orissa )","Hi,Initially, An application stating your grievance can be send to management department of your previous company. As, no one can extract money from someone else because of his/her own fault.","The key legal issue here is whether the payment of liquidity damages via the cheque constitutes a full and final settlement of the employment bond obligations. Under the Indian Contract Act, 1872, once a payment is made and accepted as full settlement, the contract is typically considered discharged unless there is evidence of fraud or a mutual mistake. Since you have proof of payment (the dated cheque) and received an experience certificate and relieving letter, this suggests the company accepted the payment as settlement.

Legally, you are not obligated to pay again if the cheque was honored and the transaction completed. It is advisable to respond to their email, reiterating that the payment was made and accepted, and request written confirmation from them acknowledging this. If they persist, consider consulting a lawyer to send a formal legal notice asserting your position and demanding cessation of any further claims.",20.3662,4.4379,18.1692,20.6204,84.4515
64,"In my contract it was mentioned that I shall have 6 month of notice period later they increased it for 3 more moths without letting me know and I came to know about it when got fired  and they fired me after 9 months suddenly and saying you were not a confirmed employee and  would not get 60 days of notice period. But as per the contract or agreement  Probation shall be for first 6 months , they have given notice period for 29 days. And if se new policy comes for notice period it has to be signed from me or they can directly apply by themself?( Bangalore, Karnataka )",MEPS_26 → MEPS_40 → IDA_17B → EPF_12,MEPS_26 → MEPS_40 → IDA_17B → EPF_12 → wages → MEPS → Industrial Disputes Act 1947 → notice_period,"I worked in Jbm auto gurgaon plant for 1 year 1 month, after that i got transfer to jbm pune plant and got different pf number and employee id, now i completed 4 years 2 months here. I want to end my contract now. 
Am i eligible for gratuity?( Pune, Maharashtra )","I'm 23 &amp; worked as a Social media executive &amp; writer in a startup. My boss is making excuses and refusing to pay back the salary of around 4 months. It's been around 1 year and 10 months, even after several requests and pleas, he isn't paying the salary. Although it's not a big amount, it ranges between 45k-50k. But as a 23-year-old it's a big amount for me. I need my hard-earned money. Pls, advise what should I do? 

Note: It will be helpful if the suggestions are of not too much hassle and within my affordability.( Thane, Maharashtra )","Widow daughter can get family pension of panchayat taj dept employees.( North 24 Parganas, West Bengal )","Dear Client,A probationary period may be extended by an employer if required based on your performance and ability to grasp the jobs assigned and an extension of the probation period must be informed to the probationer before extension. In the absence of notice of extension of probation, a Probationer may be treated as an employee of the Company on the expiry of the probation period,  An employer cannot terminate an employee and even probationer from a job or service without serving a 30-day notice in compliance with Clause 13(1) of model Standing Orders applicable in an establishment in the absence of certified Standing Orders under Industrial Employment(Standing Orders) Act, 1946 which amounts to illegal termination from service as defined under Sec.2A of the Industrial Dispute Act, 1947. So in the prevailing situation, it may be suggested that if you are not holding the position of Manager/Supervisor but a workman as defined u/s.2(s) of the Industrial Dispute Act then for such an arbitrary and illegal termination from employment, reach out to the office of the Labour Commissioner concerned for filing a complaint against the employer for redressal of your grievance failing which after serving a legal notice to the Company, you can raise an industrial dispute under Sec.2A of the Act directly before the Central/State Govm. Industrial Tribunal claiming your reinstatement in service with back wages.  Otherwise, if you belong to the position of Manager or Supervisor of the Company,  you have to file a civil suit before the Civil Court for appropriate relief in the matter serving a legal notice to the employer.","The primary legal issue is whether the employer can unilaterally change the notice period without the employee's consent. Under Indian contract law, any modification to an employment contract, such as an extension of the notice period, typically requires mutual consent. The Industrial Disputes Act, 1947, and relevant employment laws in Karnataka may require adherence to the original terms unless both parties agree to changes.

Legally, the employer cannot enforce a notice period extension without your agreement if it was not communicated or accepted by you. You can challenge the employer's action by first sending a formal written notice disputing the unilateral change and demanding adherence to the original contract terms. If the issue remains unresolved, consider filing a complaint with the local labor commissioner or initiating legal action for breach of contract.",20.3662,4.4379,18.1692,20.6204,84.4515
65,"where can I complaint( Mumbai, Maharashtra )",IDA_2A → ESI_73 → IDA_25F → IDA_25H,IDA_2A → ESI_73 → IDA_25F → IDA_25H → Industrial Disputes Act 1947 → EPF_6 → provident_fund → wrongful_termination,"Widow daughter can get family pension of panchayat taj dept employees.( North 24 Parganas, West Bengal )","I'm working in American MNC ( Concentrix Daksh services India Pvt Ltd) situated in Gurugram, haryana, India. The nature of company is service provider to top clients including global tech giants. And I'm working for one of the world's biggest tech giant (Google TVC ), by providing services in specific project on behalf of above mentioned company (CNX ). So, I came to know that we are offered very less salary as compared to average salary in other regions in world and no where near the average salary of Google. And recently it's highlighted by whistleblower that Google illegally underpaid thousands of workers in many countries breaching pay parity laws. So I need advice in context of that if pay parity laws says in US that Google TVCs ( temporary, vendors and contractual workers ) are entitled to equal compensation. So is it possible to highlight same issue in India as well, and if yes, how to do it and how to get success in receiving the entitled compensation from Google or main company ( cnx), ( which ever is culprit ). I'm adding few links for references and better understanding. https://amp.theguardian.com/technology/2021/sep/10/google-underpaid-workers-illegal-pay-disparity-documents https://payparity.org/( North Delhi, Delhi )","I worked in Jbm auto gurgaon plant for 1 year 1 month, after that i got transfer to jbm pune plant and got different pf number and employee id, now i completed 4 years 2 months here. I want to end my contract now. 
Am i eligible for gratuity?( Pune, Maharashtra )","Dear Client,The company cannot terminate your services once you have given your resignation and already serving your notice period. However, your boss has the power to exempt you from serving the notice period if he really wants you out of the office. In your case you cant get terminated as you have served your resignation.In case the company has terminated you post your resignation and denies any of the benefits to which you were eligible at the time of leaving the company, then this action of the company can be challenged in the Court of law.","For complaints related to wrongful termination or employment disputes in Mumbai, Maharashtra, the appropriate forum is the Labour Court or Industrial Tribunal under the Industrial Disputes Act, 1947. This Act provides mechanisms for addressing grievances related to unfair dismissal, wage disputes, and other employment issues. 

You can file a complaint with the Labour Commissioner’s office, which will facilitate conciliation proceedings. If conciliation fails, the matter can be referred to the Labour Court for adjudication. Ensure to gather all relevant documents and evidence supporting your claim before proceeding.",20.3662,4.4379,18.1692,20.6204,84.4515
66,"Dear Sir
             I am a Student. But, I don't earn. My parents are retired Govt Primary and secondary school Teachers. The pensions of both my parents sums up to worth 80000 per month. My family doesn't have any other source of income apart from this. Then, how much income should I mention on the income certificate? Is I am eligible for the OBC-NCL Certificate? If yes, then What should I fill in the column of Parents Profession in the OB-NCL application form?( Nalanda, Bihar )",EPF_6 → EPF_AT_2 → CCS_ME_3 → CCS_ME_5,EPF_6 → EPF_AT_2 → CCS_ME_3 → CCS_ME_5 → provident_fund → labour_court → gratuity → EPF_AT,"I worked in Jbm auto gurgaon plant for 1 year 1 month, after that i got transfer to jbm pune plant and got different pf number and employee id, now i completed 4 years 2 months here. I want to end my contract now. 
Am i eligible for gratuity?( Pune, Maharashtra )","I work in travel Pvrt ltd company,  at the beginning of vivid our company owner stated to reduce the salary of staff to 50% from April 20 onwards but now he is not responding messages and calls and neither releasing any salary.  As confirmed from clients the work is started since starting of domestic airlines I. e.  May 2020. But now he is not responding me.( East Delhi, Delhi )","I'm 23 &amp; worked as a Social media executive &amp; writer in a startup. My boss is making excuses and refusing to pay back the salary of around 4 months. It's been around 1 year and 10 months, even after several requests and pleas, he isn't paying the salary. Although it's not a big amount, it ranges between 45k-50k. But as a 23-year-old it's a big amount for me. I need my hard-earned money. Pls, advise what should I do? 

Note: It will be helpful if the suggestions are of not too much hassle and within my affordability.( Thane, Maharashtra )","Dear Client,The Non-creamy Layer (NCL) Certificate would be applicable to OBC candidates who are covered under the Income/Wealth Test criterion.   Neither salary nor income from other sources should cross Rs.8 lakhs in three consecutive years.    When your parents pension income is Rs.80,000/-per month then multiplying by 12 it comes to Rs.Rs.9,60,000/- per year that crosses the prescribed limit of income. So, you are not elligible to apply for OBC-NCL Certificate.  However, when your parents under Government employment, the status of the job (Group A/B/C/D) is more important than the salary. If your parents are earning more than 8 lakhs annually, but their rank is below that of group B officers, you are still come under the Non-Creamy Layer status. For more detailed information you may contact the office of the Tehsildar or SDM/DM who are the competent authority for issue of caste certificates.","For determining eligibility for the OBC-NCL (Other Backward Classes - Non-Creamy Layer) certificate, the income limit is a crucial factor. According to the Government of India guidelines, the current income ceiling for OBC-NCL status is ₹8 lakh per annum. Since your parents' combined pension amounts to ₹9.6 lakh annually, you would not qualify for the OBC-NCL certificate as the income exceeds the prescribed limit.

In the income certificate, you must accurately report the total pension income of ₹80,000 per month. For the OBC-NCL application form, list your parents' profession as ""Retired Government Teachers."" Consider consulting the local Tehsildar or revenue office for further guidance on documentation and eligibility criteria specific to your region.",20.3662,4.4379,18.1692,20.6204,84.4515
67,"I am working in UPPCL as assistant engineer. The term and condition mentioned in  ""Advertisement""  different from the ""U.P. State Electricity Board Engineers Service Regulations,1970"". Which one is apply to me ?( Ghaziabad, Uttar Pradesh )",LWF_4 → Contract Labour Act 1970 → GUJARAT_ELECTRICITY_1969 → CCS_ME,LWF_4 → Contract Labour Act 1970 → GUJARAT_ELECTRICITY_1969 → CCS_ME → LWF → ART_39_D → CLA_10 → contract_labour,"I worked in Jbm auto gurgaon plant for 1 year 1 month, after that i got transfer to jbm pune plant and got different pf number and employee id, now i completed 4 years 2 months here. I want to end my contract now. 
Am i eligible for gratuity?( Pune, Maharashtra )","I work in travel Pvrt ltd company,  at the beginning of vivid our company owner stated to reduce the salary of staff to 50% from April 20 onwards but now he is not responding messages and calls and neither releasing any salary.  As confirmed from clients the work is started since starting of domestic airlines I. e.  May 2020. But now he is not responding me.( East Delhi, Delhi )","In my graduation 3rd year marksheet my date of birth 21-jun-1993, seen 21-jun-1983 from distance, but actual it 21-jun-1993 when seen by lens, in 1993 third digit 9 is likely shaped birthday candel 9, and shape is likely 9,. Qr code represent 21-jun-1993 also. 
Please suggest me that ...should I do apply reprint in University or not? Is there any problem in govt job?( Bundi, Rajasthan )",First follow the Advt conditions.,"The U.P. State Electricity Board Engineers Service Regulations, 1970, would typically govern the terms of employment for engineers at UPPCL, as these are specific regulations established for the service conditions of engineers. If there is a discrepancy between the advertisement and these regulations, the regulations generally take precedence unless the advertisement was issued under a specific statutory authority that overrides the regulations. Legally, you cannot rely solely on the advertisement if it contradicts established regulations. 

Next steps: Review the specific clauses in both the advertisement and the regulations to identify discrepancies. Consider consulting with a labor lawyer or your union representative to clarify your rights and obligations under the applicable regulations.",20.3662,4.4379,18.1692,20.6204,84.4515
68,"I inadvertently mention in my obc ncl application during apply for it my own income instead of my parents that is respectively 1.5 lpa and 5.5 lpa. My father is businessman and they file income tax return. I joined Railway govt services level 1 post as unreserved category before 6 months before. There are two DV conduct one by RRC (Recruitment Agency) and 2nd stage by department. After first DV i realised mistake done by me then for 2nd dv i prepared new obc ncl with my parents income and submitted it to departmental dv. 

but i am afraid because 1st dv certificate not as per my parents income. 
Q1. In future department can take action against me. 
Q2. can i now cancel my reservation claim because my selection made through unreserved category at all stage of recruitment process and my age also under unreserved category. 
Q3. In future i have to return my all salary earn during service.( Muzaffarpur, Bihar )",IDA_17B → EPF_12 → ESI_72 → ISM_12,IDA_17B → EPF_12 → ESI_72 → ISM_12 → ISM → Industrial Disputes Act 1947 → wages → Employees Provident Fund Act 1952,"I resigned from the company and had cleared all the exit formalities also I have served the notice period, submitted all the assets and completed all the exit procedures. But during my Full and Final settlement company sent me recovery letter stating that I have to pay company dues for using the leaves benefit which the company has provided or else the legal action will be taken. Going through the company policy I found that there is no such line mentioned about leave recovery during the employee's exit. When I asked for clarification from the HR, there is no response from them regarding this. I have sent multiple reminders stating clarification but there is no response. What do I do in this case? How can I go legally in this matter since there is no reply from company's side?( Thane, Maharashtra )","I'm 23 &amp; worked as a Social media executive &amp; writer in a startup. My boss is making excuses and refusing to pay back the salary of around 4 months. It's been around 1 year and 10 months, even after several requests and pleas, he isn't paying the salary. Although it's not a big amount, it ranges between 45k-50k. But as a 23-year-old it's a big amount for me. I need my hard-earned money. Pls, advise what should I do? 

Note: It will be helpful if the suggestions are of not too much hassle and within my affordability.( Thane, Maharashtra )","Joined TCS Mumbai on 4th June 2021 as consultant with joining bonus. Due to profile mismatch, overtime, verbal harassment and no response from higher management, i resigned and sent an email on 3-Aug (within probation), requesting them to relieve on 31-Aug. They were delaying and asked me to contact this and that person. Later, by 7-Aug, they blocked my laptop access. I could not work within notice period. In offer letter, appointment letter, internal policy - notice period after probation or confirmation only mentioned.
I returned company laptop. Got my salary, variable pay too.
Now after 1.5 years- they have sent me legal notice asking recovery of bonus and 2 months shortfall basic salary, within a week- else legal action. ( No calls or emails- they had my old defunct hotmail ID).meanwhile, i shifted to different city twice, but my phone number was same. Never ever they called me. They used very bad language- ""you had fraudulent intentions to dupe company etc.""

Please advise.( Pune, Maharashtra )","Dear Client,The eligibility for an OBC NCL certificate is determined based on the annual income of the applicant's parents if the income falls below Rs.8 lakh in a financial year. So, when your parent's income falls below the threshold limit of income, even if you wrongly mention it as your income that will not change your status quo which is determined based on the parent's income. Apart from the parent's income, if you meet the other eligible criteria required for the issue of an OBC NCL Certificate, then there is nothing to worry about any future consequences and more so when you are recruited against an unreserved category.","The primary legal issue is the potential misrepresentation in the OBC NCL certificate, which could lead to administrative or legal consequences under the Railway Services rules or relevant government employment regulations. Under the Central Civil Services (Classification, Control & Appeal) Rules, any false declaration can result in disciplinary action, including termination.

1. The department could potentially take action if they determine the initial misrepresentation was intentional or materially affected your employment eligibility.
2. Since your selection was through the unreserved category, you can formally notify the department in writing that you wish to cancel any reservation claims, ensuring transparency and reducing potential liabilities.
3. Returning salary is unlikely unless it's proven that the misrepresentation directly affected your employment status or benefits.

Next steps: Submit a formal declaration to the department clarifying the error and your intention to cancel any reservation claims. Consult with a legal professional specializing in employment law to ensure compliance with all procedural requirements.",20.3662,4.4379,18.1692,20.6204,84.4515
69,"How to take legal action against my previous employer who is ignoring to clear my pending salaries?( Gwalior, Madhya Pradesh )",IDA_17B → EPF_12 → ESI_72 → ISM_12,IDA_17B → EPF_12 → ESI_72 → ISM_12 → ISM → Industrial Disputes Act 1947 → Employees State Insurance Act 1948 → wages,"I worked in Jbm auto gurgaon plant for 1 year 1 month, after that i got transfer to jbm pune plant and got different pf number and employee id, now i completed 4 years 2 months here. I want to end my contract now. 
Am i eligible for gratuity?( Pune, Maharashtra )","I am working in indian software MNC from october 2008 till date from 2008-2018 I was medically fit from 2018 I suffering from asthma, hip joint bone AVN disorder but this is not affecting my office work at all my office work performance is good so currently I am asking for work from home so can my employer terminate me for medical health( Pune, Maharashtra )","Past I worked in school for 6 years. now I applied for a gratuity and they said we don't have any rules to give a gratuity. is this any rule that the school does not come under the Gratuity Act? or what should I do to get my gratuity?( Gwalior, Madhya Pradesh )","Dear Client,If your previous employer after many request is not granting you salary ,you can file the matter against him in the Labour commission where they will settle the matter or you can also file a case under section 33(c) of Industrial Dispute Act for the recovery of your salary from employer or case can be filed under payment of wages act, 1936 under the concerned authorities.Thank You.","Under the Payment of Wages Act, 1936, an employer is obligated to pay wages within a specified time frame, and failure to do so can be legally challenged. If your previous employer is ignoring your pending salary, you can file a complaint with the Labour Commissioner in Gwalior, Madhya Pradesh. You may also consider filing a suit for recovery of dues in the appropriate labor court. Ensure you have documentation of your employment and any correspondence regarding your salary to support your claim.",20.3662,4.4379,18.1692,20.6204,84.4515
70,"As my health was not sound enough when i joined a company, in line when i asked or told to initiate quitting process, I was told to serve 3 months but the offer letter didn't mention any such as for trainees and primarily - i joined as a trainee. As 2 months i proceeded, i couldn't able to continue and was strong that my health over job so i asked them if i could resign. And in that process I was easily threatened, one of them treated me disrespectfully. after hours of waiting they asked us initially to pay then they again told ""you need not pay or compensate for the 3 months remaining"" - while all this was in the process my 2nd month salary was frozen. they promised that they will give me salary within weeks but its been 3 months since this happened and they didn't oblige. Secondly, now that I'm well and to search for a job if i proceed after three months, they mailed me ""we can't help you with BGV"". 
My doubt is, I have such an academic records as i got AIR 21 in CMA - I feel like my dream has been shattered. Is there any way possible that i can have my Dream to progress?( Chennai, Tamil Nadu )",MEPS_26 → MEPS_40 → IDA_17B → EPF_12,MEPS_26 → MEPS_40 → IDA_17B → EPF_12 → wages → notice_period → MEPS → Industrial Disputes Act 1947,"Joined TCS Mumbai on 4th June 2021 as consultant with joining bonus. Due to profile mismatch, overtime, verbal harassment and no response from higher management, i resigned and sent an email on 3-Aug (within probation), requesting them to relieve on 31-Aug. They were delaying and asked me to contact this and that person. Later, by 7-Aug, they blocked my laptop access. I could not work within notice period. In offer letter, appointment letter, internal policy - notice period after probation or confirmation only mentioned.
I returned company laptop. Got my salary, variable pay too.
Now after 1.5 years- they have sent me legal notice asking recovery of bonus and 2 months shortfall basic salary, within a week- else legal action. ( No calls or emails- they had my old defunct hotmail ID).meanwhile, i shifted to different city twice, but my phone number was same. Never ever they called me. They used very bad language- ""you had fraudulent intentions to dupe company etc.""

Please advise.( Pune, Maharashtra )","Dear team
I resigned on 5th July  and my notice period was 3 months, I served till 24th September and as per 3 months notice period my last working day was 2nd October.... But since I had to join other organization on 27th September I sent multiple mails for relieving me just 5 days earlier from my last working day. 

When I didn't get any confirmation I myself sent declaration mail for my last working day as 24th September and also wrote that I am ready to compensate against my remaining notice period as per HR policy. I joined other organization on 27th September but my previous organization intentionally mentioned last working day as 2nd October

After getting relieving also I sent multiple mails for correction of date but didn't get any help

Please suggest what steps can be taken against my previous employer for this unethical behavior...( Udaipur, Rajasthan )","I resigned from the company and had cleared all the exit formalities also I have served the notice period, submitted all the assets and completed all the exit procedures. But during my Full and Final settlement company sent me recovery letter stating that I have to pay company dues for using the leaves benefit which the company has provided or else the legal action will be taken. Going through the company policy I found that there is no such line mentioned about leave recovery during the employee's exit. When I asked for clarification from the HR, there is no response from them regarding this. I have sent multiple reminders stating clarification but there is no response. What do I do in this case? How can I go legally in this matter since there is no reply from company's side?( Thane, Maharashtra )","A.Dear SirPlease approach the following authority or similar authority in a stateThe Office Commissioner of Labour(1) Where any industrial dispute exists or is apprehended, the conciliation officer may, or where the dispute relates to a public utility service and a notice under section 22 has been given, shall hold conciliation proceedings in the prescribed manner.(2) The conciliation officer shall, for the purpose of bringing about a settlement of the dispute, without delay, investigate the dispute and all matters affecting the merits and the right settlement thereof and may do all such things as he thinks fit for the purpose of inducing the parties to come to a fair and amicable settlement of the dispute.(3) If a settlement of the dispute or of any of the matters in dispute is arrived at in the course of the conciliation proceedings the conciliationofficer shall send a report thereof to the appropriate Government 1 or an officer authorised in this behalf by the appropriate Government] together with a memorandum of the settlement signed by the parties to the dispute.(4) If no such settlement is arrived at, the conciliation officer shall, as soon as practicable after the close of the investigation, send to the appropriate Government a full report setting forth the steps taken by him for ascertaining the facts and circumstances relating to the dispute and for bringing about a settlement thereof, together with a full statement of such facts and circumstances, and the reasons on account of which, in his opinion, a settlement could not be arrived at.(5) If, on a consideration of the report referred to in sub- section (4), the appropriate Government is satisfied that there is a case for reference to a Board, 2 Labour Court, Tribunal or National Tribunal,] it may make such reference. Where the appropriate Government does not make such a reference it shall record and communicate to the parties concerned its reasons therefor.(6) A report under this section shall be submitted within fourteen days of the commencement of the conciliation proceedings or within such shorter period as may be fixed by the appropriate Government: 3 Provided that, 4 subject to the approval of the conciliation officer,] the time for the submission of the report may be extended by such period as may be agreed upon in writing by all the parties to the dispute.]","The primary legal issue is the non-payment of salary and potential breach of contract by the employer. Under the Payment of Wages Act, 1936, an employer is obligated to pay wages without unauthorized deductions and within the prescribed time. The employer's failure to pay the second month's salary and the refusal to assist with background verification (BGV) may constitute a breach of employment terms.

You can file a complaint with the Labour Commissioner in Chennai for the recovery of unpaid wages. Additionally, consider sending a formal demand letter to the employer requesting the release of your salary and assistance with BGV. If the employer does not respond, you may pursue legal action in a civil court for breach of contract and damages.",20.3662,4.4379,18.1692,20.6204,84.4515
71,"Can I get regular BA degree course while Im in service as a DEd teacher?( Jalgaon, Maharashtra )",ESI_51A → MEPS_1 → MEPS_2 → MEPS_25,ESI_51A → MEPS_1 → MEPS_2 → MEPS_25 → MEPS → working_hours → Employees State Insurance Act 1948 → leave,"I worked in Jbm auto gurgaon plant for 1 year 1 month, after that i got transfer to jbm pune plant and got different pf number and employee id, now i completed 4 years 2 months here. I want to end my contract now. 
Am i eligible for gratuity?( Pune, Maharashtra )","Widow daughter can get family pension of panchayat taj dept employees.( North 24 Parganas, West Bengal )","Past I worked in school for 6 years. now I applied for a gratuity and they said we don't have any rules to give a gratuity. is this any rule that the school does not come under the Gratuity Act? or what should I do to get my gratuity?( Gwalior, Madhya Pradesh )","Dear Sir,You cannot get your regular BA Degree since you are working as Teacher. You may get BA Degree through distance mode and it is equivalent to regular BA Degree.","A DEd teacher in service can pursue a regular BA degree course, provided it does not conflict with the terms of employment or working hours stipulated by the employer. The Employees State Insurance Act, 1948, or any other employment-related statutes do not explicitly prohibit pursuing further education while employed. However, it is crucial to ensure that the educational pursuit does not interfere with job responsibilities or violate any employment contract terms.

Next steps: Review the employment contract for any clauses related to further education or outside activities. If necessary, seek written permission from the employer to avoid any potential conflicts or disciplinary actions.",20.3662,4.4379,18.1692,20.6204,84.4515
72,"My employer is a private bank and it is doing Discrimination in profile allocation to me since October 2019, means I am in the organisation without any profile and work without any reason. Which deprived me of my career growth and financial benefits and growth. Eventhough the profile were available I wasn't alloted any, and when I complained about it to management the HR gave me a punishment transfer to Assam. But management didn't answered or replied to any complaint. I had done a whistle blower for a fraud at Wankaner Branch since then HR is doing this Discrimination and mental harassment to me please guide for legal action( Rajkot, Gujarat )",CCS_ME → ESI_46 → MHA_21 → ESI_16,CCS_ME → ESI_46 → MHA_21 → ESI_16 → Employees State Insurance Act 1948 → PROC_ESI_CLAIM → MHA → esi,"Joined TCS Mumbai on 4th June 2021 as consultant with joining bonus. Due to profile mismatch, overtime, verbal harassment and no response from higher management, i resigned and sent an email on 3-Aug (within probation), requesting them to relieve on 31-Aug. They were delaying and asked me to contact this and that person. Later, by 7-Aug, they blocked my laptop access. I could not work within notice period. In offer letter, appointment letter, internal policy - notice period after probation or confirmation only mentioned.
I returned company laptop. Got my salary, variable pay too.
Now after 1.5 years- they have sent me legal notice asking recovery of bonus and 2 months shortfall basic salary, within a week- else legal action. ( No calls or emails- they had my old defunct hotmail ID).meanwhile, i shifted to different city twice, but my phone number was same. Never ever they called me. They used very bad language- ""you had fraudulent intentions to dupe company etc.""

Please advise.( Pune, Maharashtra )","I'm 23 &amp; worked as a Social media executive &amp; writer in a startup. My boss is making excuses and refusing to pay back the salary of around 4 months. It's been around 1 year and 10 months, even after several requests and pleas, he isn't paying the salary. Although it's not a big amount, it ranges between 45k-50k. But as a 23-year-old it's a big amount for me. I need my hard-earned money. Pls, advise what should I do? 

Note: It will be helpful if the suggestions are of not too much hassle and within my affordability.( Thane, Maharashtra )","I resigned from the company and had cleared all the exit formalities also I have served the notice period, submitted all the assets and completed all the exit procedures. But during my Full and Final settlement company sent me recovery letter stating that I have to pay company dues for using the leaves benefit which the company has provided or else the legal action will be taken. Going through the company policy I found that there is no such line mentioned about leave recovery during the employee's exit. When I asked for clarification from the HR, there is no response from them regarding this. I have sent multiple reminders stating clarification but there is no response. What do I do in this case? How can I go legally in this matter since there is no reply from company's side?( Thane, Maharashtra )",You may send a legal letter to the said HR with the help of an advocate and you must also send a complaint to the head office of your branch regarding such discrimination and humiliation along with justified remedy.,"The key legal issue is workplace discrimination and retaliation, potentially violating the Whistleblower Protection Act, which safeguards employees from retaliation after reporting misconduct. Under Indian law, specifically the Industrial Disputes Act, 1947, if you qualify as a ""workman,"" you can file a complaint with the Labour Commissioner for unfair labor practices. Additionally, if the discrimination involves mental harassment, it may fall under the purview of the Sexual Harassment of Women at Workplace (Prevention, Prohibition and Redressal) Act, 2013, if applicable.

You cannot be legally punished for whistleblowing, and any such transfer could be challenged as retaliatory. The next steps are to document all incidents of discrimination and harassment, and then file a formal complaint with the Labour Commissioner or the appropriate authority within your organization. If unresolved, consider approaching the civil court for further redress.",20.3662,4.4379,18.1692,20.6204,84.4515
73,"Sir i want to ask that byjus trainer say that its day one salary training process but after 21 days firstly thay say that your job location will change approx 50 km in other city, but i maild him that i am ready but i want few time to relocate but after these day they maild me that i am regected or not shortlisted for this position. and thay run away to give me my salary and they say that we are not responsible. what should i do?( Azamgarh, Uttar Pradesh )",IDA_12 → IRC_41 → IRC_42 → IRC_43,IDA_12 → IRC_41 → IRC_42 → IRC_43 → IRC → Industrial Disputes Act 1947 → dispute_resolution → Q_532,"I worked in Jbm auto gurgaon plant for 1 year 1 month, after that i got transfer to jbm pune plant and got different pf number and employee id, now i completed 4 years 2 months here. I want to end my contract now. 
Am i eligible for gratuity?( Pune, Maharashtra )","I work in travel Pvrt ltd company,  at the beginning of vivid our company owner stated to reduce the salary of staff to 50% from April 20 onwards but now he is not responding messages and calls and neither releasing any salary.  As confirmed from clients the work is started since starting of domestic airlines I. e.  May 2020. But now he is not responding me.( East Delhi, Delhi )","I'm 23 &amp; worked as a Social media executive &amp; writer in a startup. My boss is making excuses and refusing to pay back the salary of around 4 months. It's been around 1 year and 10 months, even after several requests and pleas, he isn't paying the salary. Although it's not a big amount, it ranges between 45k-50k. But as a 23-year-old it's a big amount for me. I need my hard-earned money. Pls, advise what should I do? 

Note: It will be helpful if the suggestions are of not too much hassle and within my affordability.( Thane, Maharashtra )","A.Dear SirPlease approach the following authority or similar authority in a stateThe Office Commissioner of LabourKarmika Bhavan, Dairy Circle,Section 12 in The Industrial Disputes Act, 194712. Duties of conciliation officers.- (relevant section 12(2) of ID Act)(1) Where any industrial dispute exists or is apprehended, the conciliation officer may, or where the dispute relates to a public utility service and a notice under section 22 has been given, shall hold conciliation proceedings in the prescribed manner.(2) The conciliation officer shall, for the purpose of bringing about a settlement of the dispute, without delay, investigate the dispute and all matters affecting the merits and the right settlement thereof and may do all such things as he thinks fit for the purpose of inducing the parties to come to a fair and amicable settlement of the dispute.(3) If a settlement of the dispute or of any of the matters in dispute is arrived at in the course of the conciliation proceedings the conciliationofficer shall send a report thereof to the appropriate Government 1 or an officer authorised in this behalf by the appropriate Government] together with a memorandum of the settlement signed by the parties to the dispute.(4) If no such settlement is arrived at, the conciliation officer shall, as soon as practicable after the close of the investigation, send to the appropriate Government a full report setting forth the steps taken by him for ascertaining the facts and circumstances relating to the dispute and for bringing about a settlement thereof, together with a full statement of such facts and circumstances, and the reasons on account of which, in his opinion, a settlement could not be arrived at.(5) If, on a consideration of the report referred to in sub- section (4), the appropriate Government is satisfied that there is a case for reference to a Board, 2 Labour Court, Tribunal or National Tribunal,] it may make such reference. Where the appropriate Government does not make such a reference it shall record and communicate to the parties concerned its reasons therefor.(6) A report under this section shall be submitted within fourteen days of the commencement of the conciliation proceedings or within such shorter period as may be fixed by the appropriate Government: 3 Provided that, 4 subject to the approval of the conciliation officer,] the time for the submission of the report may be extended by such period as may be agreed upon in writing by all the parties to the dispute.]","The key legal issue is the non-payment of salary for the training period. Under the Payment of Wages Act, 1936, employees are entitled to receive wages for the work performed, including training periods if promised. Since the company promised a salary for the training period, they are obligated to pay it.

You can send a formal legal notice to Byju's demanding payment for the training period. If they fail to respond or pay, you may file a complaint with the labor commissioner or pursue a civil suit for recovery of wages in the appropriate court.",20.3662,4.4379,18.1692,20.6204,84.4515
74,"I am a vice president in a foundry in Coimbatore. I have a signed appointment letter where my employer had agreed during my recruitment to pay 3% of gross profits on revenues generated above a target threshold. Now I have resigned and during settlement, the employer is flatly refusing to pay any incentive without giving any reason. He is just saying don't ask I will not pay, let's part in good terms. What can I do now? He has already signed and provided my relieving letter, but has not provided settlement yet.( Coimbatore, Tamil Nadu )",PGA_7 → EPF_7D → ESI_55 → IRC_44,PGA_7 → EPF_7D → ESI_55 → IRC_44 → labour_court → Payment of Gratuity Act 1972 → gratuity → IRC,"I worked in Jbm auto gurgaon plant for 1 year 1 month, after that i got transfer to jbm pune plant and got different pf number and employee id, now i completed 4 years 2 months here. I want to end my contract now. 
Am i eligible for gratuity?( Pune, Maharashtra )","I'm 23 &amp; worked as a Social media executive &amp; writer in a startup. My boss is making excuses and refusing to pay back the salary of around 4 months. It's been around 1 year and 10 months, even after several requests and pleas, he isn't paying the salary. Although it's not a big amount, it ranges between 45k-50k. But as a 23-year-old it's a big amount for me. I need my hard-earned money. Pls, advise what should I do? 

Note: It will be helpful if the suggestions are of not too much hassle and within my affordability.( Thane, Maharashtra )","I am working in a Pvt Ltd Biotechnology company &amp; signed a bond for 5 years. But the work pressure &amp; environment is so toxic and painful. Even I am forced to work everyday approximately 10-12 hours which includes holidays &amp; weekly offs since 1.8 years. When I have resigned recently, they are not ready to relive me and asked me that they have trained me on work and I can's leave. However as a experienced person I haven't learned a single new thing from this organization whereas I have trained their fresher to work properly. What is the legal rights for me to sue the company and get relieve smoothly ?( Bhubaneswar, Orissa )","Dear client,First you go through  the agreement explicitly states the incentive terms and conditions. If the document clearly defines the incentive payment based on gross profits exceeding the target threshold, it will strengthen your position and next Send a formal written request to your employer, asking for a detailed explanation as to why the incentive payment is being not paid. Again your employer is not paying 3% gross profit. If your employer does not respond to your formal request, you can have your lawyer send a legal notice demanding payment of the incentive. This step often prompts employers to reconsider their stance due to the potential legal consequences. Next you can you can file a complaint with the appropriate Labour tribunal or the Labour commissioner.Thank you","The refusal to pay the agreed incentive constitutes a breach of contract under the Indian Contract Act, 1872. Specifically, Section 73 allows for compensation for any loss or damage caused by the breach of a contract. Since the employer agreed to pay 3% of gross profits above a target threshold, this forms a part of your contractual rights.

To address this, send a formal legal notice to the employer demanding payment of the owed incentive. If the employer fails to comply, file a suit for recovery of dues in a civil court. Collect and preserve all relevant documents, such as the appointment letter and any correspondence related to the incentive agreement, to support your claim.",20.3662,4.4379,18.1692,20.6204,84.4515
75,"how to proceed further if the company doesnot give the  immediate relieving  even when we are ready to pay penalty...?( Visakhapatnam, Andhra Pradesh )",SEEDS_19 → BOCW_12 → SPE_9 → relieving_letter,SEEDS_19 → BOCW_12 → SPE_9 → relieving_letter → SPE → BOCW → SEEDS → Q_103,"Widow daughter can get family pension of panchayat taj dept employees.( North 24 Parganas, West Bengal )","I worked in Jbm auto gurgaon plant for 1 year 1 month, after that i got transfer to jbm pune plant and got different pf number and employee id, now i completed 4 years 2 months here. I want to end my contract now. 
Am i eligible for gratuity?( Pune, Maharashtra )","In my graduation 3rd year marksheet my date of birth 21-jun-1993, seen 21-jun-1983 from distance, but actual it 21-jun-1993 when seen by lens, in 1993 third digit 9 is likely shaped birthday candel 9, and shape is likely 9,. Qr code represent 21-jun-1993 also. 
Please suggest me that ...should I do apply reprint in University or not? Is there any problem in govt job?( Bundi, Rajasthan )",Dear ClientYou can send them a legal notice asking them to relieve you as per the employment offer letter and term and conditions or else you will be forced to file a case against them for breach of terms of contract and seek compensation from them.Hope it helps.,"The primary legal issue is the company's refusal to provide an immediate relieving letter despite the employee's willingness to pay any applicable penalties. Under the Indian Contract Act, 1872, a contract of employment is binding, but both parties must adhere to the terms, including notice periods and penalties for early termination. If the employment contract specifies conditions for early release upon payment of a penalty, the company is obligated to honor this.

The employee can send a formal written request to the company, citing the specific contractual clause that allows for early release upon penalty payment. If the company still refuses, the employee may file a complaint with the labor commissioner or pursue legal action for breach of contract.",20.3662,4.4379,18.1692,20.6204,84.4515
76,"My father is working as doctor in State government. He has applied for VRS in july 2019 and opted for VRS on 31 oct 2019 after completing 3 month notice period. But the department didn't give him any information regarding reliving. So he continued his service. He has also received the salery for the month of april 2020. Also he was not on duty from 25 feb 2020 as he was stuck in my location due to lockdown. 
Now his department is saying that you will not be given salery from this month. Also your previous salery will be recovered. Is it legal. Can we go to court. In which court should we go.( Sidhi, Madhya Pradesh )",MEPS_26 → MEPS_40,MEPS_26 → MEPS_40 → MEPS → notice_period → leave → retrenchment,"Joined TCS Mumbai on 4th June 2021 as consultant with joining bonus. Due to profile mismatch, overtime, verbal harassment and no response from higher management, i resigned and sent an email on 3-Aug (within probation), requesting them to relieve on 31-Aug. They were delaying and asked me to contact this and that person. Later, by 7-Aug, they blocked my laptop access. I could not work within notice period. In offer letter, appointment letter, internal policy - notice period after probation or confirmation only mentioned.
I returned company laptop. Got my salary, variable pay too.
Now after 1.5 years- they have sent me legal notice asking recovery of bonus and 2 months shortfall basic salary, within a week- else legal action. ( No calls or emails- they had my old defunct hotmail ID).meanwhile, i shifted to different city twice, but my phone number was same. Never ever they called me. They used very bad language- ""you had fraudulent intentions to dupe company etc.""

Please advise.( Pune, Maharashtra )","I'm 23 &amp; worked as a Social media executive &amp; writer in a startup. My boss is making excuses and refusing to pay back the salary of around 4 months. It's been around 1 year and 10 months, even after several requests and pleas, he isn't paying the salary. Although it's not a big amount, it ranges between 45k-50k. But as a 23-year-old it's a big amount for me. I need my hard-earned money. Pls, advise what should I do? 

Note: It will be helpful if the suggestions are of not too much hassle and within my affordability.( Thane, Maharashtra )","Dear team
I resigned on 5th July  and my notice period was 3 months, I served till 24th September and as per 3 months notice period my last working day was 2nd October.... But since I had to join other organization on 27th September I sent multiple mails for relieving me just 5 days earlier from my last working day. 

When I didn't get any confirmation I myself sent declaration mail for my last working day as 24th September and also wrote that I am ready to compensate against my remaining notice period as per HR policy. I joined other organization on 27th September but my previous organization intentionally mentioned last working day as 2nd October

After getting relieving also I sent multiple mails for correction of date but didn't get any help

Please suggest what steps can be taken against my previous employer for this unethical behavior...( Udaipur, Rajasthan )",Court expenses will be more and get terminal benefits smoothly.,"The key legal issue is whether the department's failure to formally accept the Voluntary Retirement Scheme (VRS) application affects the employment status and salary entitlement of your father. Under Indian employment law, particularly in government service, a VRS application must be formally accepted by the employer for it to be effective. Since your father continued to work and received a salary, it indicates that the VRS was not accepted, and he remained in service.

You can challenge the department's decision to recover the salary by filing a writ petition in the Madhya Pradesh High Court, arguing that the lack of formal acceptance of the VRS implies continued employment. The department's sudden decision to stop salary payments and recover past payments without proper notice or procedure may be contested as arbitrary. Consult with a lawyer to draft and file the petition, ensuring all relevant documents, including the VRS application and salary records, are included.",20.3662,4.4379,18.1692,20.6204,84.4515
77,"Sir,
My case is a little crooked. This is why I have to reach out to the legal fraternity for help. In my 10th and 12th and Gradyate mark sheets but in aadhaar card and pan card my father's name spelled is added by a single letter (Debiswara in place of Debiswar) and I've filled my application form for this job with his original name. Now I'm really tensed about my document verification process as they will raise an objection on it and is there any problem to apply any jobs. What advice would you give I should do?( Nabarangpur, Orissa )",EC_RULES_68 → FIN_A_56 → EC_RULES_69 → FIN_A_140A,EC_RULES_68 → FIN_A_56 → EC_RULES_69 → FIN_A_140A → FIN_A → wages → EC_RULES → Q_1221,"I study in an engineering college and now I am in my second year going to start 3rd year in september my college has not given any holidays after semester end examinations and starts the new semester right the next day. This has happened for 4 continuous semesters now . In the academic calendar 1 month holiday is given but now they are going back on their words . Many of my classmates are depressed especially people from hostels who have not gone home.and I don't know what action to take ,pls tell me( Mysore, Karnataka )","Widow daughter can get family pension of panchayat taj dept employees.( North 24 Parganas, West Bengal )","I worked in a private limited company. I resigned in February 2016. As per my joining letter either parties have to serve in a 3 months notice. The company decided to terminate my services with immediate effect and did not pay me the notice period amount of 3 months. I also was due to receive some previous salaries and expenses incrurred by me on behalf of the company that have been acknowledged for. Apart from this the daily allowance and travel allowance also was unpaid for. I have followed up for a long time and the company has just paid me Rs 100,000 so far and going as per documents they need to pay me approximately another Rs 400,000. What should I do?( Bangalore, Karnataka )","Dear Client,In this case, you have to first correct the spelling. Make an affidavit explaining the discrepancy caused, write the correct spelling and get the affidavit notarized by the notary public. Give an application for publication of the name correction in the newspaper and the official gazette, along with necessary documents and requisite fees. Update the name in the Aadhaar card and PAN Card, you can update in online mode. UIDAI (for Aadhaar card) and NSDL or UTIITSL (for PAN card). During document verification, give them all the relevant documents of the correction of the name, which would not cause any more discrepancy. We hope that our response is helpful to you.","The discrepancy in your father's name across different documents may cause issues during document verification for job applications. Under Indian law, it is crucial that identification documents are consistent to avoid legal complications. To rectify this, you should apply for a correction in either your Aadhaar or PAN card to ensure uniformity with your educational certificates. You can approach the respective authorities (UIDAI for Aadhaar and NSDL for PAN) to initiate the correction process. Additionally, keep a notarized affidavit explaining the discrepancy and the steps taken to correct it, which can be presented during the document verification process if needed.",20.3662,4.4379,18.1692,20.6204,84.4515
78,"Hello, I'm working in a healthcare private Ltd company as a staff nurse since from January 2022 as I have a 12 hours of shift. I demanded them to give me overtime not there are refusing to do it. Please guide about it what should to do.( Pune, Maharashtra )",MWA_14 → FA_59 → MTW_26 → MTW_40,MWA_14 → FA_59 → MTW_26 → MTW_40 → wages → PROC_OVERTIME_CLAIM → Minimum Wages Act 1948 → overtime,"I worked in Jbm auto gurgaon plant for 1 year 1 month, after that i got transfer to jbm pune plant and got different pf number and employee id, now i completed 4 years 2 months here. I want to end my contract now. 
Am i eligible for gratuity?( Pune, Maharashtra )","I work in travel Pvrt ltd company,  at the beginning of vivid our company owner stated to reduce the salary of staff to 50% from April 20 onwards but now he is not responding messages and calls and neither releasing any salary.  As confirmed from clients the work is started since starting of domestic airlines I. e.  May 2020. But now he is not responding me.( East Delhi, Delhi )","I was sick with covid in the month of April. So I didnt work for April, May and June, but marked the attendance on the company portal. I recieved salary for all these months with salary slips. Now they mailed me not to mark attendance for july and saying they will adjust april, may and june salary when I start working again. Can they do that? Should I mark july's attendance? Can they take any legal action against me? I have marked the attendance on the portal, is anything wrong in that?( New Delhi, Delhi )",Dear ClientAs a general rule for working overtime one should be compensated. Look at the HR manual of your hospital and find out what are the rules on working time and overtime. If nothing is mentioned then you can complain to the labour commissioner.,"Under the Minimum Wages Act, 1948, employees are entitled to overtime pay for hours worked beyond the standard work hours, which is typically 8 hours per day. Since you are working a 12-hour shift, you should be compensated for the additional 4 hours as overtime. Legally, you can file a complaint with the labor commissioner if your employer refuses to pay the overtime wages. Collect evidence of your work hours, such as attendance records and any correspondence with your employer regarding your overtime request. This documentation will support your claim when you approach the labor authorities.",20.3662,4.4379,18.1692,20.6204,84.4515
79,"I have received joining bonus. The contract says: ""The joining bonus is a one-time payment that you will be entitled to only if you (a) join us on or before the date of joining confirmed to you by the recruiter; and (b) are employed with the Company for a period of 18 months from the date on which you join the Company."" My company has notice period of 2 months. So, if i give resignation paper, I still have to serve 2 months with the company. If I drop resignation paper after 16 months, and work for 2 notice period months, will that be counted as 18 months in employment and will I be able to keep the joining bonus?( Chennai, Tamil Nadu )",MEPS_26 → MEPS_40,MEPS_26 → MEPS_40 → notice_period → MEPS → leave → retrenchment,"Joined TCS Mumbai on 4th June 2021 as consultant with joining bonus. Due to profile mismatch, overtime, verbal harassment and no response from higher management, i resigned and sent an email on 3-Aug (within probation), requesting them to relieve on 31-Aug. They were delaying and asked me to contact this and that person. Later, by 7-Aug, they blocked my laptop access. I could not work within notice period. In offer letter, appointment letter, internal policy - notice period after probation or confirmation only mentioned.
I returned company laptop. Got my salary, variable pay too.
Now after 1.5 years- they have sent me legal notice asking recovery of bonus and 2 months shortfall basic salary, within a week- else legal action. ( No calls or emails- they had my old defunct hotmail ID).meanwhile, i shifted to different city twice, but my phone number was same. Never ever they called me. They used very bad language- ""you had fraudulent intentions to dupe company etc.""

Please advise.( Pune, Maharashtra )","I'm 23 &amp; worked as a Social media executive &amp; writer in a startup. My boss is making excuses and refusing to pay back the salary of around 4 months. It's been around 1 year and 10 months, even after several requests and pleas, he isn't paying the salary. Although it's not a big amount, it ranges between 45k-50k. But as a 23-year-old it's a big amount for me. I need my hard-earned money. Pls, advise what should I do? 

Note: It will be helpful if the suggestions are of not too much hassle and within my affordability.( Thane, Maharashtra )","Dear team
I resigned on 5th July  and my notice period was 3 months, I served till 24th September and as per 3 months notice period my last working day was 2nd October.... But since I had to join other organization on 27th September I sent multiple mails for relieving me just 5 days earlier from my last working day. 

When I didn't get any confirmation I myself sent declaration mail for my last working day as 24th September and also wrote that I am ready to compensate against my remaining notice period as per HR policy. I joined other organization on 27th September but my previous organization intentionally mentioned last working day as 2nd October

After getting relieving also I sent multiple mails for correction of date but didn't get any help

Please suggest what steps can be taken against my previous employer for this unethical behavior...( Udaipur, Rajasthan )","Hello,As per the information you have provided it is clear that that clause under your contract for joining bonus will only be given if you have done with your service of 18 months not including 2 months of notice period policy.","The critical legal issue is whether the notice period counts towards the 18-month employment requirement for retaining the joining bonus. Typically, employment contracts are interpreted based on their explicit terms. If the contract does not explicitly exclude the notice period from the employment duration, it is generally considered part of the employment period. Therefore, serving the 2-month notice period after 16 months of employment would typically fulfill the 18-month requirement, allowing you to retain the bonus.

To ensure compliance, review the employment contract for any specific clauses regarding the notice period and bonus retention. If the contract language is ambiguous, consider seeking clarification from HR or legal counsel to avoid potential disputes.",20.3662,4.4379,18.1692,20.6204,84.4515
80,"Sir, this is just to give you an insight; On November 29,2022, I was fell down in the office premises during office hours and suffered with a severe backache due to spinal injury (I consulted with around 10 Doctorsb & I was advised by all the doctors to undergo surgery and the EG Management has also asked me to go for the surgery and join the office ASAP), which I did on July 04, 2023. I have submitted all the relevant medical documents to HR and to the Management in support of my absence.
I was on sick leave for approximately 2 months to recover from the surgery (as per the doctor's advice). During this time, I was in regular touch with my line manager and kept them updated on my progress. I had also informed them of my plans to return to work from August 01,2023 and i joined the office but as the wound was fresh and I feel pain while longer sittings, I was asked to take rest and come back after only you will perfectly fine . Then i joined the office again on August 21,2023 and again the management said that you should take rest and join only after you will be perfect. I have told him (Mr. Sandip Sengupta) that it may take time and as per the doctor's advice it will be recovered only if i will get into my daily routine life.
After all this happened I have informed my line manager and to Mr. Sengupta about my joining from September 4th September (as my line manager had discussed and brief me about my KRA/ Profile on August 22,2023).
However, when I arrived at the office after the prayer meeting at HQ on September 4th, I was asked to resign from my job. I was told that ""my position is no longer needed"". 
l could not understand how is it possible because a week ago they were briefing me about my new responsibilities and now they are saying that my position is no longer needed as the company has no funds to give salary. 
I am deeply disappointed by this decision. I have been a loyal and hardworking employee for over five (05) years, and I have always gone above and beyond my duties. I am confident that I would have been able to make a full recovery and return to work at full capacity.
I believe that this decision is unfair and discriminatory. I have been treated differently from other employees who have taken sick leave for similar reasons. I am also concerned that I have not been paid my salary for the period of my absence.( South Delhi, Delhi )",IDA_2A → ESI_73 → PGA_7 → EPF_7D,IDA_2A → ESI_73 → PGA_7 → EPF_7D → labour_court → gratuity → wrongful_termination → Payment of Gratuity Act 1972,"I resigned from the company and had cleared all the exit formalities also I have served the notice period, submitted all the assets and completed all the exit procedures. But during my Full and Final settlement company sent me recovery letter stating that I have to pay company dues for using the leaves benefit which the company has provided or else the legal action will be taken. Going through the company policy I found that there is no such line mentioned about leave recovery during the employee's exit. When I asked for clarification from the HR, there is no response from them regarding this. I have sent multiple reminders stating clarification but there is no response. What do I do in this case? How can I go legally in this matter since there is no reply from company's side?( Thane, Maharashtra )","I'm working in American MNC ( Concentrix Daksh services India Pvt Ltd) situated in Gurugram, haryana, India. The nature of company is service provider to top clients including global tech giants. And I'm working for one of the world's biggest tech giant (Google TVC ), by providing services in specific project on behalf of above mentioned company (CNX ). So, I came to know that we are offered very less salary as compared to average salary in other regions in world and no where near the average salary of Google. And recently it's highlighted by whistleblower that Google illegally underpaid thousands of workers in many countries breaching pay parity laws. So I need advice in context of that if pay parity laws says in US that Google TVCs ( temporary, vendors and contractual workers ) are entitled to equal compensation. So is it possible to highlight same issue in India as well, and if yes, how to do it and how to get success in receiving the entitled compensation from Google or main company ( cnx), ( which ever is culprit ). I'm adding few links for references and better understanding. https://amp.theguardian.com/technology/2021/sep/10/google-underpaid-workers-illegal-pay-disparity-documents https://payparity.org/( North Delhi, Delhi )","Widow daughter can get family pension of panchayat taj dept employees.( North 24 Parganas, West Bengal )","Dear Client,A forced resignation is a synonym of termination. It is not legal to terminate an employee while they are on sick leave. According to the Employees' State Insurance Act, 1948, an employee who is on sick leave is entitled to full wages for the duration of their leave. The act also states that no employer can terminate an employee during their sickness period, and if the employer does so, it will be considered an offense under the act. Moreover, the Industrial Disputes Act, 1947, prohibits the termination of an employee who is on medical leave. If an employer violates this, the employee can challenge the termination in the labor court, and the employer may be penalized for wrongful termination. However, if an employee has exhausted all of their sick leave and is still unable to perform their job duties, the employer may terminate their employment on grounds of prolonged illness or incapacity and in that case, an employee deserves compensation for discharge from service on medical grounds from the employer.  However,  the employer must provide a valid reason for the termination and follow the proper procedure applicable under the labor laws. So, in the prevailing situation, if you are not holding the position of Manager/Supervisor but a workman as defined u/s.2(s) of the Industrial Dispute Act then after serving a legal notice to the Company, reach out to the office of the Labour Commissioner concerned for filing a complaint against the employer for arbitrary and illegal termination from employment without compliance of the mandatory provisions of I D Act failing which you can also raise an industrial dispute u/s.2A of I D Act directly before the Central Govt. Industrial Tribunal or State Industrial Tribunal depending upon the class/sector of establishment you belong claiming reinstatement in service with back wages. Apart you can also file an application u/s.33C(2) of the I D Act before the concerned Labour Court claiming F & F settlement dues from your employer. Otherwise, you have to file a civil suit against the company for recovery of your dues and appropriate relief. In case you need any assistance in the matter of drafting the complaint or raising a dispute under I D Act before the Industrial Tribunal you may contact our legal team with the relevant papers.","The primary legal issue here is potential wrongful termination and discrimination due to medical leave, which may violate provisions under the Industrial Disputes Act, 1947, and the Payment of Gratuity Act, 1972. As an employee with over five years of service, you are entitled to gratuity upon termination, and the sudden termination citing lack of funds after medical leave could be challenged as unjust. 

You can file a complaint with the Labour Commissioner for wrongful termination and non-payment of dues. Additionally, consider sending a legal notice to your employer demanding the outstanding salary and gratuity. If unresolved, an application can be filed under Section 33C(2) of the Industrial Disputes Act before the Labour Court.",20.3662,4.4379,18.1692,20.6204,84.4515
81,"My notice Period as per offer letter is one month started serving after 2 day HR and TL informed you notice Period Is of 2 month as the company policy change.but I have not acknowledged the same and I don't even no about this before Resignation.
Now I had informed already I am not able to serve notice of 2month instead of this I will be paying out one month salary basic but from them no response.

Now they are saying you case will be Consider as unclean.

Buyout option was given by TL and at last they working day of one month they denied.
As per company policy I am ready to pay them.( Thane, Maharashtra )",MEPS_26 → MEPS_40 → MBA_10 → FA_79,MEPS_26 → MEPS_40 → MBA_10 → FA_79 → Factories Act 1948 → MEPS → notice_period → leave,"I applied 4 days leave in Feb 24 for last week of March and by mistake he sanctioned this Leave with remarks that he can't sanction at this moment. I did not see remarks and just sa leave approved and proceeded for home town but now after one-month he cancelled my leave and made me unauthorised and also for supporting he yesterday gave me a letter dated 5 days back.Ehat action can I take because every time he harrases me showing his boss attitude( Banaskantha, Gujarat )","Joined TCS Mumbai on 4th June 2021 as consultant with joining bonus. Due to profile mismatch, overtime, verbal harassment and no response from higher management, i resigned and sent an email on 3-Aug (within probation), requesting them to relieve on 31-Aug. They were delaying and asked me to contact this and that person. Later, by 7-Aug, they blocked my laptop access. I could not work within notice period. In offer letter, appointment letter, internal policy - notice period after probation or confirmation only mentioned.
I returned company laptop. Got my salary, variable pay too.
Now after 1.5 years- they have sent me legal notice asking recovery of bonus and 2 months shortfall basic salary, within a week- else legal action. ( No calls or emails- they had my old defunct hotmail ID).meanwhile, i shifted to different city twice, but my phone number was same. Never ever they called me. They used very bad language- ""you had fraudulent intentions to dupe company etc.""

Please advise.( Pune, Maharashtra )","I'm 23 &amp; worked as a Social media executive &amp; writer in a startup. My boss is making excuses and refusing to pay back the salary of around 4 months. It's been around 1 year and 10 months, even after several requests and pleas, he isn't paying the salary. Although it's not a big amount, it ranges between 45k-50k. But as a 23-year-old it's a big amount for me. I need my hard-earned money. Pls, advise what should I do? 

Note: It will be helpful if the suggestions are of not too much hassle and within my affordability.( Thane, Maharashtra )","Dear Client,As per the facts mentioned, the employees would not be governed by the agreement which was executed by the company bilaterally.Extension of the notice period by your employer unilaterally is illegal and cannot be enforced. Legally, you are only bound to serve which was agreed by you during joining. There would be no legal infirmity.You may file an appropriate application before labour commissioner staiting your valid reasons.","The primary legal issue here is the enforceability of the notice period as per the employment contract. According to contract law principles, any changes to the terms of employment, such as an extended notice period, typically require mutual consent. Since you did not acknowledge or agree to the change from a one-month to a two-month notice period, the original terms in your offer letter should apply.

You can insist on adhering to the original one-month notice period as per your offer letter and offer to pay the buyout for the remaining period, as initially agreed upon. Send a formal written communication, preferably through a legal notice, reiterating your willingness to comply with the original terms and your readiness to settle the buyout. If the company still considers your case ""unclean,"" you may need to seek intervention from a labor court or tribunal to resolve the dispute.",20.3662,4.4379,18.1692,20.6204,84.4515
82,"Is there any way to file a co, plaint against working ethics of school management as they keep changing there plans of working which dire toy effects employees. Ex they promise to give two Saturdays off but they assign them as working in lieu of Holiday that are gazetted and in the calender.  Don't get paid as promise or acc to the scale of cbse( Noida, Uttar Pradesh )",WAGE_C_28 → SRA_40 → KSEA_25 → RPSR_40,"WAGE_C_28 → SRA_40 → KSEA_25 → RPSR_40 → RPSR → Kerala Shops and Commercial Establishments Act, 1960 → Specific Relief Act 1963 → WAGE_C","I work in travel Pvrt ltd company,  at the beginning of vivid our company owner stated to reduce the salary of staff to 50% from April 20 onwards but now he is not responding messages and calls and neither releasing any salary.  As confirmed from clients the work is started since starting of domestic airlines I. e.  May 2020. But now he is not responding me.( East Delhi, Delhi )","I worked in Jbm auto gurgaon plant for 1 year 1 month, after that i got transfer to jbm pune plant and got different pf number and employee id, now i completed 4 years 2 months here. I want to end my contract now. 
Am i eligible for gratuity?( Pune, Maharashtra )","I am working in a Pvt Ltd Biotechnology company &amp; signed a bond for 5 years. But the work pressure &amp; environment is so toxic and painful. Even I am forced to work everyday approximately 10-12 hours which includes holidays &amp; weekly offs since 1.8 years. When I have resigned recently, they are not ready to relive me and asked me that they have trained me on work and I can's leave. However as a experienced person I haven't learned a single new thing from this organization whereas I have trained their fresher to work properly. What is the legal rights for me to sue the company and get relieve smoothly ?( Bhubaneswar, Orissa )","Dear client,In the given situation, a complaint can be lodged to CBSE Board by addressing the letter directly to the CVO(Chief Vigilance Officer ), CBSE Board, 2, Community Centre, Preet Vihar, Delhi-110092. and giving the specific facts of the matter relating to corruption. The complaints can also be lodged directly by sending an email. However, before lodging the complaint please ensure that the organization and officials are under CBSEâs jurisdiction.","The primary legal issue involves potential violations of employment terms and labor laws by the school management. Under the Industrial Disputes Act, 1947, and the Uttar Pradesh Shops and Commercial Establishments Act, employees have the right to fixed working hours and holidays. If the school is not adhering to the agreed terms regarding holidays and pay scales, employees can file a complaint with the Labor Commissioner or approach an Industrial Tribunal.

Employees cannot unilaterally refuse to work on assigned days without risking disciplinary action unless the work conditions violate statutory rights. To address this, gather evidence of the promises made regarding holidays and pay scales, and send a formal grievance to the school management. If the issue persists, escalate the matter to the Labor Commissioner for intervention.",20.3662,4.4379,18.1692,20.6204,84.4515
83,"my Father died in 2001 during his service period as a School teacher. That time I was a kid. Now I am adult and mature to claim his job as a compensation. 
Kindly suggest how can I take it forward( Hooghly, West Bengal )",compensation → GST_143 → RPSR_156B → FIN_A_244A,compensation → GST_143 → RPSR_156B → FIN_A_244A → FIN_A → GST → RPSR → probation,"Sir,
I am a student in need of money so I decided to do a part time job for online data entry company.
They gave me 700 forms to do in 6 days. After the 3rd day the server on which they asked me to fill forms showed errors constantly,and soon after my Id was blocked. They said that my login and logout differed so my id got blocked. Then they asked me to pay 3999 to restore it. I did. Then the id did not resume for another 2 days. And the deadline passed again. When I asked them they said it was my net error and made me pay 3999 again. They said this was refundable with my salary and sent me an email confirming this too. Now I have completed 698 forms and error has occurred again. And I cant acess the account again. Now they ate not picking up my calls when I want to talk to them regarding this( Visakhapatnam, Andhra Pradesh )","Widow daughter can get family pension of panchayat taj dept employees.( North 24 Parganas, West Bengal )","In my last job, I'll join through a third party hiring company, after resignation, i am not able to serve the last 5 days in a notice period. Now the HR of the company was not responding to my calls, when I called to that third party hiring company customer care they're saying your FNF was processed, but I'll not receive that money in my bank account. Is there any way that get my salary. Please give any solution for this situation.( Vijayawada, Andhra Pradesh )","Yes, you can apply and do as soon as possible","Under the West Bengal Government's compassionate appointment policy, you may be eligible to apply for a job as compensation for your father's death in service. However, applications for such appointments typically need to be made within a specific timeframe following the employee's death, often within a few years. Given the significant time lapse since your father's passing in 2001, eligibility may be affected.

You should first verify whether any special provisions or exceptions apply to your case under the current policy. Contact the relevant education department or authority in West Bengal to inquire about your eligibility and the application process. If necessary, consider consulting with a lawyer who specializes in employment or administrative law to explore any potential legal remedies or exceptions.",20.3662,4.4379,18.1692,20.6204,84.4515
84,"The company i am working with, wants to introduce alternate saturday off.  In the same premises, there is factory and corporate office. 
Can we have 48 hour week for factory workers and 54 hour week with alternate saturdays off for supervisory, managerial and administrative staff.( Pune, Maharashtra )",IRC_67 → DPDP_31 → IDA_25C → ESI_17,IRC_67 → DPDP_31 → IDA_25C → ESI_17 → Employees State Insurance Act 1948 → IRC → DPDP → Industrial Disputes Act 1947,"I worked in Jbm auto gurgaon plant for 1 year 1 month, after that i got transfer to jbm pune plant and got different pf number and employee id, now i completed 4 years 2 months here. I want to end my contract now. 
Am i eligible for gratuity?( Pune, Maharashtra )","I'm 23 &amp; worked as a Social media executive &amp; writer in a startup. My boss is making excuses and refusing to pay back the salary of around 4 months. It's been around 1 year and 10 months, even after several requests and pleas, he isn't paying the salary. Although it's not a big amount, it ranges between 45k-50k. But as a 23-year-old it's a big amount for me. I need my hard-earned money. Pls, advise what should I do? 

Note: It will be helpful if the suggestions are of not too much hassle and within my affordability.( Thane, Maharashtra )","My father worked as driver in KPTCL on 1994  he worked 5 days only then he will not reported to duty because of    he is suffering from health issue and then one year back 29/05/2018 my father is died  so that  we are eligible for taking job from compassionate ground or not . my father no given to resignation letter to department( Shimoga, Karnataka )","Dear Sir,Before you proceed further please have a look to your legal status, type of job you are handling.Shanti Ranjan Behera,Advocate","Under the Factories Act, 1948, the maximum permissible working hours for adult workers in a factory is 48 hours per week. For supervisory, managerial, and administrative staff, the Shops and Establishments Act applicable in Maharashtra may allow for different working hours, potentially up to 54 hours per week, provided it complies with state-specific rules and conditions. 

Legally, the company can implement a 48-hour work week for factory workers and a 54-hour work week with alternate Saturdays off for the corporate staff, provided it adheres to the relevant labor laws and ensures proper documentation and consent. The company should consult the Maharashtra Shops and Establishments Act to ensure compliance and consider implementing a formal policy that outlines these working hours and conditions.",20.3662,4.4379,18.1692,20.6204,84.4515
85,"I am working with a company , In which I have not signed any bond. I m serving the notice period of 1 month but as per company I have to serve notice period of 3 months. When I asked HR for the same he said we have our own policy. Many of my friends get relieved in 10-20 days from system. How to get early relieve from system.( East Delhi, Delhi )",MEPS_26 → MEPS_40,MEPS_26 → MEPS_40 → MEPS → notice_period → leave → retrenchment,"Dear Sir/Ma'am,
I was worked in pvt ltd. company for 32 days (21 days in January and 11 days in February) when i asked for salary via mail (there is no HR team) they reply to me we will pay salary in 60 days if you r comfortable then ok other wise we will terminate you, so that i resigned from my job, now they are not pay salary.( Hyderabad, Telangana )","I was sick with covid in the month of April. So I didnt work for April, May and June, but marked the attendance on the company portal. I recieved salary for all these months with salary slips. Now they mailed me not to mark attendance for july and saying they will adjust april, may and june salary when I start working again. Can they do that? Should I mark july's attendance? Can they take any legal action against me? I have marked the attendance on the portal, is anything wrong in that?( New Delhi, Delhi )","I have joined in my current company in April 2022, but in  september i received an offer from another company for part-time work. initially i said yes but after 1 week i left that company. but they have created a pf account under my UAN and marked DOj and date of exit as same date. now though i left the later company, it still showing as current company in epfo. does it cause any problem in my next company BGV? Can I change my current company details in EPFO?( Hyderabad, Telangana )","Dear Sir,If company owe any amount to you then  you can come out of the job and they cannot do anything.","The legal issue here is the enforceability of the notice period when no formal agreement or bond has been signed. Under Indian Contract Law, specifically Section 27 of the Indian Contract Act, 1872, an employer cannot enforce a notice period that was not mutually agreed upon in a written contract. If there is no signed agreement specifying a three-month notice period, the company cannot legally compel you to serve it.

You can formally communicate your intention to serve only a one-month notice period, citing the absence of a signed agreement. If the company insists, consider negotiating a mutually agreeable solution or seek assistance from a labor lawyer to draft a formal communication.",20.3662,4.4379,18.1692,20.6204,84.4515
86,"I was relieved from my service (resignation accepted) on 7th January to contest state assembly election. I wish to withdraw my resignation. Can I withdraw resignation and join my service?( Churachandpur, Manipur )",MBA_10 → FA_79 → SPE_4 → MTW_24,MBA_10 → FA_79 → SPE_4 → MTW_24 → leave → wages → SPE → Factories Act 1948,"I worked in Jbm auto gurgaon plant for 1 year 1 month, after that i got transfer to jbm pune plant and got different pf number and employee id, now i completed 4 years 2 months here. I want to end my contract now. 
Am i eligible for gratuity?( Pune, Maharashtra )","Past I worked in school for 6 years. now I applied for a gratuity and they said we don't have any rules to give a gratuity. is this any rule that the school does not come under the Gratuity Act? or what should I do to get my gratuity?( Gwalior, Madhya Pradesh )","Now I am working as assistant professor in aided college. I want to pply for another government job. If the management of our college refused to give the NOC, can I apply for new government job without NOC?
Are there any problems to apply for new government job without NOC?( Haveri District, Karnataka )","Dear Client,Unfortunately your employer can refuse your retracted resignation, so prepare yourself for that scenario if you can. If your employer refuses to accept your retraction, then you will be legally obliged to work your notice and then leave.Thanks","The ability to withdraw a resignation depends on the employment contract and the employer's acceptance of the withdrawal. Under Indian employment law, once a resignation is accepted and the employee is relieved, the contract of employment is typically considered terminated. However, if the employer agrees to the withdrawal, the employee may rejoin. 

In your case, since the resignation was accepted, you cannot unilaterally withdraw it. You should immediately contact your employer to discuss the possibility of rejoining and express your intention to withdraw the resignation. If the employer agrees, they may allow you to rejoin under the same or new terms.",20.3662,4.4379,18.1692,20.6204,84.4515
87,"I am an emoloyee of central govt. PSU. I requested permission from my organziation for 24 months extraordinary leave for study purpose. It was duly forwarded by my competent authority, HoD but it did not get sanctioned from Head HR. I sent multiple reminders all in vain. Initially, I was sick so left my station on medical ground. Since there was too much delay from organization, I proceeded with my studies. Everytime I mentioned ""Leave without pay"" still management credited salary to my account for 9 months since I left station. One fine day, they send me ""unauthorised absence"" notice. I replied. Such notice came two times more, I replied to each plus again sent reminder to HR for considering my absence as EOL for study prupose. Now, I want to resign from the service outright due to personal and family reasons. Even my family reasons are very well known to my organization. I want to resign with immediate effect. They are telling, if I join, they will hold disciplinary action, which will take a lot of time like typical govt. Organization. One suggestion came of resigning while still on the so called ""absence"". My query is will I be called for disciplinary action if I resign with immediate effect. ? I am totally okay with paying the financial obligations which the authorities paid due to their lack of promptness. If I am okay with paying dues, and if they want they can also reduce my work experience( Dhanbad, Jharkhand )",MBA_10 → FA_79 → SPE_4 → MTW_24,MBA_10 → FA_79 → SPE_4 → MTW_24 → wages → SPE → MTW → Factories Act 1948,"Joined TCS Mumbai on 4th June 2021 as consultant with joining bonus. Due to profile mismatch, overtime, verbal harassment and no response from higher management, i resigned and sent an email on 3-Aug (within probation), requesting them to relieve on 31-Aug. They were delaying and asked me to contact this and that person. Later, by 7-Aug, they blocked my laptop access. I could not work within notice period. In offer letter, appointment letter, internal policy - notice period after probation or confirmation only mentioned.
I returned company laptop. Got my salary, variable pay too.
Now after 1.5 years- they have sent me legal notice asking recovery of bonus and 2 months shortfall basic salary, within a week- else legal action. ( No calls or emails- they had my old defunct hotmail ID).meanwhile, i shifted to different city twice, but my phone number was same. Never ever they called me. They used very bad language- ""you had fraudulent intentions to dupe company etc.""

Please advise.( Pune, Maharashtra )","I'm 23 &amp; worked as a Social media executive &amp; writer in a startup. My boss is making excuses and refusing to pay back the salary of around 4 months. It's been around 1 year and 10 months, even after several requests and pleas, he isn't paying the salary. Although it's not a big amount, it ranges between 45k-50k. But as a 23-year-old it's a big amount for me. I need my hard-earned money. Pls, advise what should I do? 

Note: It will be helpful if the suggestions are of not too much hassle and within my affordability.( Thane, Maharashtra )","I am working in a Pvt Ltd Biotechnology company &amp; signed a bond for 5 years. But the work pressure &amp; environment is so toxic and painful. Even I am forced to work everyday approximately 10-12 hours which includes holidays &amp; weekly offs since 1.8 years. When I have resigned recently, they are not ready to relive me and asked me that they have trained me on work and I can's leave. However as a experienced person I haven't learned a single new thing from this organization whereas I have trained their fresher to work properly. What is the legal rights for me to sue the company and get relieve smoothly ?( Bhubaneswar, Orissa )","Dear Sir,You cannot anticipate about the penalties which may be imposed during disciplinary action which may be initiated against you. Take a wise decision.","Under the Central Civil Services (Leave) Rules, 1972, unauthorized absence can lead to disciplinary action, including termination. However, if you resign with immediate effect, the organization may still proceed with disciplinary action unless they accept your resignation unconditionally. You can submit a formal resignation letter citing personal and family reasons, and explicitly state your willingness to settle any financial dues.

Next steps: Submit your resignation in writing, clearly outlining your reasons and readiness to repay any undue salary. Follow up with a request for acknowledgment and acceptance of your resignation to avoid prolonged disciplinary proceedings.",20.3662,4.4379,18.1692,20.6204,84.4515
88,"I Joined the company and 2 days later I resigned. Now they are asking me to serve the notice period of 2 months or else to pay the notice pay.
Can I leave immediately if I do not want the experience letter or will it put me in any legal trouble?( Hyderabad, Telangana )",MEPS_26 → MEPS_40 → MBA_10 → FA_79,MEPS_26 → MEPS_40 → MBA_10 → FA_79 → Factories Act 1948 → MEPS → notice_period → leave,"I worked in Jbm auto gurgaon plant for 1 year 1 month, after that i got transfer to jbm pune plant and got different pf number and employee id, now i completed 4 years 2 months here. I want to end my contract now. 
Am i eligible for gratuity?( Pune, Maharashtra )","Dear Sir/Ma'am,
I was worked in pvt ltd. company for 32 days (21 days in January and 11 days in February) when i asked for salary via mail (there is no HR team) they reply to me we will pay salary in 60 days if you r comfortable then ok other wise we will terminate you, so that i resigned from my job, now they are not pay salary.( Hyderabad, Telangana )","I was sick with covid in the month of April. So I didnt work for April, May and June, but marked the attendance on the company portal. I recieved salary for all these months with salary slips. Now they mailed me not to mark attendance for july and saying they will adjust april, may and june salary when I start working again. Can they do that? Should I mark july's attendance? Can they take any legal action against me? I have marked the attendance on the portal, is anything wrong in that?( New Delhi, Delhi )","Hi,If your contract contains the term that you need to serve a notice period or else they are entitle to seek remuneration for notice pay, then you will have to mandatorily serve the notice period or pay them notice pay, otherwise they can sue you for breach of contract.If you like my answer, please rate me.","The primary legal issue here is the enforcement of the notice period as per the employment contract. Under Indian Contract Act, 1872, the terms of the employment contract, including notice period obligations, are binding if agreed upon by both parties. If the contract specifies a notice period of two months, the employer can legally demand either the completion of this period or payment in lieu of notice.

You cannot leave immediately without potential legal consequences unless the employer agrees to waive the notice period. If you leave without serving the notice or paying in lieu, the company may pursue legal action for breach of contract. Consider negotiating with the employer for a shorter notice period or settlement, and review your employment contract for any clauses that might allow for an early exit.",20.3662,4.4379,18.1692,20.6204,84.4515
89,"1.Is Visa type required for the determination of International worker for PF contribution? 2.What is the definition of PF wages for international workers? 3.Is there any minimum period to be considered for PF coverage? 4.Is Aadhaar is mandatory for UAN generation for IW? 5.Is there any restriction for EPS wages for IW?( Thiruvallur, Tamil Nadu )",EPF_6 → EPF_AT_2 → CCS_ME_3 → CCS_ME_5,EPF_6 → EPF_AT_2 → CCS_ME_3 → CCS_ME_5 → provident_fund → gratuity → labour_court → EPF_AT,"I worked in Jbm auto gurgaon plant for 1 year 1 month, after that i got transfer to jbm pune plant and got different pf number and employee id, now i completed 4 years 2 months here. I want to end my contract now. 
Am i eligible for gratuity?( Pune, Maharashtra )","I work in travel Pvrt ltd company,  at the beginning of vivid our company owner stated to reduce the salary of staff to 50% from April 20 onwards but now he is not responding messages and calls and neither releasing any salary.  As confirmed from clients the work is started since starting of domestic airlines I. e.  May 2020. But now he is not responding me.( East Delhi, Delhi )","I am working in indian software MNC from october 2008 till date from 2008-2018 I was medically fit from 2018 I suffering from asthma, hip joint bone AVN disorder but this is not affecting my office work at all my office work performance is good so currently I am asking for work from home so can my employer terminate me for medical health( Pune, Maharashtra )","Hi,Every foreign worker employed with an establishment to whom the EPF applies must become a member of the provident fund (PF) from the first date of his/her employment. There is no minimum period of stay in India for activation of PF compliance. Visa will be required, and adhar is not mandatory.If you like my answer, please rate me.","1. Visa type is not required for determining an International Worker for PF contribution. According to the Employees' Provident Fund Scheme, an International Worker is defined based on the employment relationship and the existence of a social security agreement between India and the worker's home country.

2. PF wages for International Workers include basic wages, dearness allowance, retaining allowance, and cash value of food concessions, as per the Employees' Provident Fund and Miscellaneous Provisions Act, 1952.

3. There is no minimum period for PF coverage; an International Worker is covered from the first day of employment in India.

4. Aadhaar is not mandatory for UAN generation for International Workers; they can use their passport as an identity proof.

5. There is no specific restriction on EPS wages for International Workers, but contributions are subject to the wage ceiling applicable under the scheme.

Next steps: Verify the existence of any social security agreement between India and the worker's home country. Ensure all necessary documentation, such as a passport, is ready for UAN generation.",20.3662,4.4379,18.1692,20.6204,84.4515
90,"Raised immediate resignation(40 days notice period, company policy 90 days) in current company X due to personal reason, but got offer from Company Y. Accepted the offer and joining date is May 17. But Current company X informed me that the release me from the current client project on May 16th, but they will release me only after 90 days(July 5). They are going to consider remaining date as LOP. I have informed about this to New Company Y, they have no issue on it. My doubt is whether will it cause any trouble in future( Delhi, Delhi )",MEPS_26 → MEPS_40,MEPS_26 → MEPS_40 → notice_period → MEPS → leave → retrenchment,"I worked in Jbm auto gurgaon plant for 1 year 1 month, after that i got transfer to jbm pune plant and got different pf number and employee id, now i completed 4 years 2 months here. I want to end my contract now. 
Am i eligible for gratuity?( Pune, Maharashtra )","I'm 23 &amp; worked as a Social media executive &amp; writer in a startup. My boss is making excuses and refusing to pay back the salary of around 4 months. It's been around 1 year and 10 months, even after several requests and pleas, he isn't paying the salary. Although it's not a big amount, it ranges between 45k-50k. But as a 23-year-old it's a big amount for me. I need my hard-earned money. Pls, advise what should I do? 

Note: It will be helpful if the suggestions are of not too much hassle and within my affordability.( Thane, Maharashtra )","I was sick with covid in the month of April. So I didnt work for April, May and June, but marked the attendance on the company portal. I recieved salary for all these months with salary slips. Now they mailed me not to mark attendance for july and saying they will adjust april, may and june salary when I start working again. Can they do that? Should I mark july's attendance? Can they take any legal action against me? I have marked the attendance on the portal, is anything wrong in that?( New Delhi, Delhi )","Dear Sir,You have to make arrangements with both the companies and see that the misunderstandings are removed thus you can make the confusion cleared.","The primary legal issue concerns the enforcement of the notice period stipulated in the employment contract with Company X. Under Indian contract law, specifically the Indian Contract Act, 1872, the terms of an employment contract, including notice periods, are generally enforceable unless they are deemed unreasonable or unfair. Since Company Y has no issue with the overlap, the main concern is potential claims from Company X for breach of contract if the notice period is not honored.

Legally, you cannot unilaterally reduce the notice period without Company X's consent unless there is a provision in your contract allowing for such an adjustment. However, since Company X has agreed to release you from client duties and treat the remaining period as Leave Without Pay (LOP), it appears they are accommodating your situation to some extent.

Next steps: 
1. Confirm in writing with Company X that they agree to the LOP arrangement and that this will not affect your employment records or future references.
2. Ensure that all communications and agreements are documented to protect against any future claims of breach.",20.3662,4.4379,18.1692,20.6204,84.4515
91,"At Bangalore office Premises my superior given a job but it struck technicaly I clearly explained him..he fired on me and ask me you can do or not ..I said I struck technicaly I can't do...then you get out from my office he shouted forcefully and purposely sent back to home..I went home Sent to resignation mail they accepted suddenly already they planned on me at Covid situation..now they are not releasing my salary and F and F though I was worked 4.5 years (office in Bangalore after accepting resignation I went Native place Andra Pradesh with Epass...now iam in AP) I requested them to clear my due they are telling that hand over the things at after 1.5 month..now I don't have money and job..( Bangalore, Karnataka )",IDA_17B → EPF_12 → ESI_72 → ISM_12,IDA_17B → EPF_12 → ESI_72 → ISM_12 → ISM → Industrial Disputes Act 1947 → wages → Employees State Insurance Act 1948,"I'm 23 &amp; worked as a Social media executive &amp; writer in a startup. My boss is making excuses and refusing to pay back the salary of around 4 months. It's been around 1 year and 10 months, even after several requests and pleas, he isn't paying the salary. Although it's not a big amount, it ranges between 45k-50k. But as a 23-year-old it's a big amount for me. I need my hard-earned money. Pls, advise what should I do? 

Note: It will be helpful if the suggestions are of not too much hassle and within my affordability.( Thane, Maharashtra )","Joined TCS Mumbai on 4th June 2021 as consultant with joining bonus. Due to profile mismatch, overtime, verbal harassment and no response from higher management, i resigned and sent an email on 3-Aug (within probation), requesting them to relieve on 31-Aug. They were delaying and asked me to contact this and that person. Later, by 7-Aug, they blocked my laptop access. I could not work within notice period. In offer letter, appointment letter, internal policy - notice period after probation or confirmation only mentioned.
I returned company laptop. Got my salary, variable pay too.
Now after 1.5 years- they have sent me legal notice asking recovery of bonus and 2 months shortfall basic salary, within a week- else legal action. ( No calls or emails- they had my old defunct hotmail ID).meanwhile, i shifted to different city twice, but my phone number was same. Never ever they called me. They used very bad language- ""you had fraudulent intentions to dupe company etc.""

Please advise.( Pune, Maharashtra )","I resigned from the company and had cleared all the exit formalities also I have served the notice period, submitted all the assets and completed all the exit procedures. But during my Full and Final settlement company sent me recovery letter stating that I have to pay company dues for using the leaves benefit which the company has provided or else the legal action will be taken. Going through the company policy I found that there is no such line mentioned about leave recovery during the employee's exit. When I asked for clarification from the HR, there is no response from them regarding this. I have sent multiple reminders stating clarification but there is no response. What do I do in this case? How can I go legally in this matter since there is no reply from company's side?( Thane, Maharashtra )",You may approach Labor Commissioner and as per recent circulars your problem will be solved,"Under the Industrial Disputes Act, 1947, if you are classified as a ""workman"" under Section 2(s), you can file a complaint with the Labour Commissioner for non-payment of wages and wrongful termination. The employer is obligated to settle your Full and Final (F&F) dues upon resignation, including any pending salary. Since you have already resigned and they accepted it, withholding your salary and dues is unjustified.

You should send a legal notice to your employer demanding payment of your dues. If they fail to comply, file a complaint with the Labour Commissioner in Bangalore or approach the Labour Court under Section 33C(2) of the Industrial Disputes Act for recovery of your dues. Ensure you have documented evidence of your resignation and any communication regarding the dues.",20.3662,4.4379,18.1692,20.6204,84.4515
92,"My company is an OPC and took signature on bond papers stating that 50% of my salary for the first month or three consecutive months summing to 50% of my salary will be deducted as security deposit refundable upon completion of year and serving a 30days notice period. 2 days before my 1 year completion I seeked advise from my HR in a private space upon offering me a increment I said I will rather serve my notice period starting from two days onwards and serve my notice period to procure my deposit and all reliving documents as I don't intend to continue respecting the terms of the agreement signed. 
In next two hours the HR called me again in a private space and threaten to resign today or I will be terminated. I straight away questions the reasons for termination and the what evidence they have. The HR stated it was me talking bad about the company with no evidence. The next thing is my manager convincing me to forget everything and continue no body is going to terminate you. But I fear they are cultivating evidence against me to terminate me before I complete my Term so they can avoid returning the refund. I need urgent advise and assistance in a way that I walk out respectfully with all my documents and financial duties.( Hyderabad, Telangana )",ICA_73 → ICA_74 → SRA_14 → SRA_16,ICA_73 → ICA_74 → SRA_14 → SRA_16 → employment_bond → PROC_EMPLOYMENT_BOND → Specific Relief Act 1963 → wages,"Joined TCS Mumbai on 4th June 2021 as consultant with joining bonus. Due to profile mismatch, overtime, verbal harassment and no response from higher management, i resigned and sent an email on 3-Aug (within probation), requesting them to relieve on 31-Aug. They were delaying and asked me to contact this and that person. Later, by 7-Aug, they blocked my laptop access. I could not work within notice period. In offer letter, appointment letter, internal policy - notice period after probation or confirmation only mentioned.
I returned company laptop. Got my salary, variable pay too.
Now after 1.5 years- they have sent me legal notice asking recovery of bonus and 2 months shortfall basic salary, within a week- else legal action. ( No calls or emails- they had my old defunct hotmail ID).meanwhile, i shifted to different city twice, but my phone number was same. Never ever they called me. They used very bad language- ""you had fraudulent intentions to dupe company etc.""

Please advise.( Pune, Maharashtra )","I'm 23 &amp; worked as a Social media executive &amp; writer in a startup. My boss is making excuses and refusing to pay back the salary of around 4 months. It's been around 1 year and 10 months, even after several requests and pleas, he isn't paying the salary. Although it's not a big amount, it ranges between 45k-50k. But as a 23-year-old it's a big amount for me. I need my hard-earned money. Pls, advise what should I do? 

Note: It will be helpful if the suggestions are of not too much hassle and within my affordability.( Thane, Maharashtra )","Dear team
I resigned on 5th July  and my notice period was 3 months, I served till 24th September and as per 3 months notice period my last working day was 2nd October.... But since I had to join other organization on 27th September I sent multiple mails for relieving me just 5 days earlier from my last working day. 

When I didn't get any confirmation I myself sent declaration mail for my last working day as 24th September and also wrote that I am ready to compensate against my remaining notice period as per HR policy. I joined other organization on 27th September but my previous organization intentionally mentioned last working day as 2nd October

After getting relieving also I sent multiple mails for correction of date but didn't get any help

Please suggest what steps can be taken against my previous employer for this unethical behavior...( Udaipur, Rajasthan )","Dear Client,It is never advisable to continue with a toxic or unethical work culture in a workplace, along with an apprehension of job insecurity that adversely affects one's skills and career. A service/employment bond itself does not create any relationship between an employer and an employee unless and until it is followed by the essential steps required to make the Bond valid and enforceable under the law. The validity of Employment bonds can be challenged based on Section 27 of the Indian Contract Act,1872, which prohibits any agreement in restraint of trade and profession. The law states that an agreement (employment bond) will be illegal only if it restrains someone from exercising a lawful profession/ trade/ business. As per the mandate of Section 27 of the Indian Contract Act,1872, any terms and conditions of an agreement that directly or indirectly compel the employee to serve the employer or put a restriction on them joining the competitor or other employer are not valid. The employee has the right to resign from employment even if he has agreed to the employment bond to serve the employer for a specific period. In the case where the employer can prove that the employee is joining the competitor to disclose the trade secret, then the court may issue an injunction order restricting the employee from joining the competitor. Further, Section 73 of the Act makes provision for un-liquidated damages (not stipulated in a contract), Section 74 deals with liquidated damages (stipulated in a contract), and no compensation is attracted for mere breach of contract u/s.73 and 74 of the Act unless such breach resulted in an actual loss or damage to the opposite party employer. So, in the prevailing situation, if you are not holding a position of manager or supervisor in the Company, but a workman as defined under Sec.2(s) of the Industrial Dispute Act, 1947. serving a legal notice to the Company reach out to the office of the concerned Labour Commissioner or the office of the Chief Inspector, Shops and Establishments, as the case may be, to file a complaint against the company over alleged unfair labour practice for redressal of your grievance, Apart from this, you can file an application under Sec.33C(2) of the Industrial Disputes Act, 1947 before the State Labour Court claiming your dues from the Company. Further, the SAMADHAN Portal was launched by the Ministry of Labour and Employment to facilitate the filing of industrial disputes by the workmen, employers, and trade unions under the Industrial Disputes Act, 1947. The online portal has a user-friendly interface and has enhanced transparency and efficiency of grievance resolution for all stakeholders. The workmen/trade unions/management can file their disputes and claims by logging into the portal through the UMANG app and also by visiting the nearest Common Services Centres. But, if you are holding the position of Manager or Administrator in the Company, you have to file a civil suit against the Company before the Civil Court seeking appropriate relief in the matter. If you are an employee of the IT Company then be informed that to restrict IT Companies from exploiting their employees by playing double standards, the Division Bench of the Karnataka High Court in the case of Commissioner of Income Tax v. Texas Instruments India Pvt Ltd (2021) 435 ITR unambiguously held that the IT sector employees considered to be ""workmen"" under Section 2(s) of the Industrial Dispute Act, 1947. Further, the Hon'ble Bombay High Court in the case of Godrej and Boyce Manufacturing Company Ltd. v. Shivkranti Kamgar Sanghatana, 2024 SCC OnLine Bom 938, decided on 28-03-2024 ruled out that the nature of duties and functions is the determining factor in ascertaining âworkmanâ under S. 2(s) of Industrial Disputes Act, 1947. If required, consult with an Advocate experienced in service matters to navigate the issue in the right way","The primary legal issue here involves the enforcement of the employment bond and potential wrongful termination. Under the Indian Contract Act, 1872, an employment bond is enforceable if it is reasonable and not in restraint of trade. However, any attempt to terminate employment without just cause to avoid financial obligations could be challenged as wrongful termination.

Legally, the company cannot terminate employment without valid evidence of misconduct, especially if it is intended to avoid returning the security deposit. The user should document all interactions with HR and management, and immediately send a formal written notice to the company asserting their intention to serve the notice period and demand the return of the security deposit upon completion. If the company still threatens termination, consider sending a legal notice through an attorney to safeguard rights and ensure compliance with the employment contract.",20.3662,4.4379,18.1692,20.6204,84.4515
93,"I was about to join an organisation next week but today got an email stating the withdrawal offer. I will be out of job and have commitments to fullfill . I want to know what can be my approach so they do not play with anyones career.( Bangalore, Karnataka )",GST_143 → BTC_365 → BTC_187 → EC_RULES_8,GST_143 → BTC_365 → BTC_187 → EC_RULES_8 → EC_RULES → BTC → GST → BTC_266,"I work in travel Pvrt ltd company,  at the beginning of vivid our company owner stated to reduce the salary of staff to 50% from April 20 onwards but now he is not responding messages and calls and neither releasing any salary.  As confirmed from clients the work is started since starting of domestic airlines I. e.  May 2020. But now he is not responding me.( East Delhi, Delhi )","I worked in Jbm auto gurgaon plant for 1 year 1 month, after that i got transfer to jbm pune plant and got different pf number and employee id, now i completed 4 years 2 months here. I want to end my contract now. 
Am i eligible for gratuity?( Pune, Maharashtra )","I was sick with covid in the month of April. So I didnt work for April, May and June, but marked the attendance on the company portal. I recieved salary for all these months with salary slips. Now they mailed me not to mark attendance for july and saying they will adjust april, may and june salary when I start working again. Can they do that? Should I mark july's attendance? Can they take any legal action against me? I have marked the attendance on the portal, is anything wrong in that?( New Delhi, Delhi )","Dear Sir,You may file representation before Labor Commissioner and get issue legal notice and save your job.","The withdrawal of a job offer before the commencement of employment can be challenged if it constitutes a breach of contract. Under Indian Contract Law, if a formal offer and acceptance have been made, and you have relied on this offer to your detriment, you may have grounds to claim damages for breach of contract. However, if the offer letter contained a clause allowing the employer to withdraw the offer at any time, it might limit your legal recourse.

You can send a formal legal notice to the organization demanding an explanation and potential compensation for any losses incurred due to their withdrawal. Additionally, consider approaching the labor commissioner or seeking redressal through a civil suit for breach of contract if the terms support your claim.",20.3662,4.4379,18.1692,20.6204,84.4515
94,"Hi Legal Advisers ,
Now big scams going on UAN ?As Scammers   calling people and give adds as if you have any issue in pf please reach out to us so we can solve and taking Uan Numbers and Adding fake Companies and black mailing for money .
if this people refuse to give money. The Scammers Closing UAN and marking reason as Death?
So please give us solution for this ?( Hyderabad, Telangana )",EPF_6 → EPF_AT_2 → CCS_ME_3 → CCS_ME_5,EPF_6 → EPF_AT_2 → CCS_ME_3 → CCS_ME_5 → provident_fund → gratuity → labour_court → EPF_AT,"I work in travel Pvrt ltd company,  at the beginning of vivid our company owner stated to reduce the salary of staff to 50% from April 20 onwards but now he is not responding messages and calls and neither releasing any salary.  As confirmed from clients the work is started since starting of domestic airlines I. e.  May 2020. But now he is not responding me.( East Delhi, Delhi )","I'm 23 &amp; worked as a Social media executive &amp; writer in a startup. My boss is making excuses and refusing to pay back the salary of around 4 months. It's been around 1 year and 10 months, even after several requests and pleas, he isn't paying the salary. Although it's not a big amount, it ranges between 45k-50k. But as a 23-year-old it's a big amount for me. I need my hard-earned money. Pls, advise what should I do? 

Note: It will be helpful if the suggestions are of not too much hassle and within my affordability.( Thane, Maharashtra )","In my graduation 3rd year marksheet my date of birth 21-jun-1993, seen 21-jun-1983 from distance, but actual it 21-jun-1993 when seen by lens, in 1993 third digit 9 is likely shaped birthday candel 9, and shape is likely 9,. Qr code represent 21-jun-1993 also. 
Please suggest me that ...should I do apply reprint in University or not? Is there any problem in govt job?( Bundi, Rajasthan )","Dear Client,Your Universal Account Number (UAN) is confidential and should not be shared with anyone except your employer or when required for legitimate purposes like accessing your EPF account online. The Employees' Provident Fund Organisation (EPFO) strongly advises against sharing your UAN, password, OTP, or any other personal or financial details with anyone, including over the phone, social media, or email. EPFO is warning members via its website and social media handles regarding fake phone calls and is also advising them not to share personal details like PAN, Aadhaar, bank account, or EPF account details like Universal Account Number (UAN). Till now it was mainly banks and other financial institutions that were warning their customers not to share their OTP, card and other personal details with anyone to avoid falling prey to fraudsters posing as bank employees. However, now EPFO has also issued a similar warning to its members. However, even if you find yourself a victim of any such scam using your UAN by default,  you should immediately file an online complaint using the EPF i-Grievance Management System (www. https://epfigms.gov.in/). or filing a complaint offline in the office of the Regional PF Commissioner concerned and additionally report the matter online at https://www.cybercrime.gov.in/ to the National Cyber Crime Reporting Portal(NCCRP), an initiative of the Government of India to facilitate victims/ complainants to report cybercrime scams or complaints online. Once a cybercrime scam is reported online to NCCRP and EPF i-Grievance Management System, the investigating team starts the routine process of investigation immediately to reach out to scammers and restore the status of the EPF members post-investigation. The length of time it takes to investigate a cybercrime can vary greatly depending on the complexity of the case, the resources available to the investigators, and the cooperation of the victim. If required, you may consult with a cybercrime expert to navigate the issue in the right way.","The issue involves fraudulent activities related to the misuse of Universal Account Numbers (UAN) in the Employees' Provident Fund (EPF) system. Under the Indian Penal Code, such acts may constitute offenses of cheating (Section 420) and criminal intimidation (Section 503). Victims should immediately report the fraud to the Cyber Crime Cell and the Employees' Provident Fund Organization (EPFO). 

Do not share personal UAN details with unauthorized entities. As a next step, file a formal complaint with both the local police and EPFO, providing all evidence of the scam, such as call recordings or messages, to initiate an investigation.",20.3662,4.4379,18.1692,20.6204,84.4515
95,"I had worked in a firm in Bangalore for a period of 3.5 years, during the end of my notice period, I had taken a leave, for an induction of my next firm. My Management thought I am working at two firm side by side and to which they abruptly told me not to come to office anymore and fired me. I tried to explain my situation to management and they were not willing to hear me, I did not get my experience certificate nor my settlement, The HR / management was not responding to me. Fast-forward 5 years from then when I contacted them for letter of recommendation or Experience certificate, they denied saying I had absconded from there and following my commitments they had to undergo lots of consumer cases and they had lost lakhs of rupees they did not file an FIR against me or blacklist me because they were indebted to my career. When I asked them why wasn't I informed about all this when I tried to contact, they said it was just  so that they wish me good, they did not want to spoil my career. My 3 years of dedication to the firm my best job and I rank myself in my career as the best experience is what I got from this firm. I do not want my 3 years to go missing from my profile. How can I get back to them for my experience certificate? Yes the only thing I am asking is my experience certificate I do not want even my settlement to be provided, after that Covid did make my bankrupt.( Bangalore, Karnataka )",MEPS_26 → MEPS_40 → MBA_10 → FA_79,MEPS_26 → MEPS_40 → MBA_10 → FA_79 → Factories Act 1948 → MEPS → leave → notice_period,"Joined TCS Mumbai on 4th June 2021 as consultant with joining bonus. Due to profile mismatch, overtime, verbal harassment and no response from higher management, i resigned and sent an email on 3-Aug (within probation), requesting them to relieve on 31-Aug. They were delaying and asked me to contact this and that person. Later, by 7-Aug, they blocked my laptop access. I could not work within notice period. In offer letter, appointment letter, internal policy - notice period after probation or confirmation only mentioned.
I returned company laptop. Got my salary, variable pay too.
Now after 1.5 years- they have sent me legal notice asking recovery of bonus and 2 months shortfall basic salary, within a week- else legal action. ( No calls or emails- they had my old defunct hotmail ID).meanwhile, i shifted to different city twice, but my phone number was same. Never ever they called me. They used very bad language- ""you had fraudulent intentions to dupe company etc.""

Please advise.( Pune, Maharashtra )","I'm 23 &amp; worked as a Social media executive &amp; writer in a startup. My boss is making excuses and refusing to pay back the salary of around 4 months. It's been around 1 year and 10 months, even after several requests and pleas, he isn't paying the salary. Although it's not a big amount, it ranges between 45k-50k. But as a 23-year-old it's a big amount for me. I need my hard-earned money. Pls, advise what should I do? 

Note: It will be helpful if the suggestions are of not too much hassle and within my affordability.( Thane, Maharashtra )","I am working in a Pvt Ltd Biotechnology company &amp; signed a bond for 5 years. But the work pressure &amp; environment is so toxic and painful. Even I am forced to work everyday approximately 10-12 hours which includes holidays &amp; weekly offs since 1.8 years. When I have resigned recently, they are not ready to relive me and asked me that they have trained me on work and I can's leave. However as a experienced person I haven't learned a single new thing from this organization whereas I have trained their fresher to work properly. What is the legal rights for me to sue the company and get relieve smoothly ?( Bhubaneswar, Orissa )","Dear Client,In such a situation, it's unfortunate that your previous employer is withholding your experience certificate. To address this issue, you can consider sending a formal written request to the HR department or management, explaining your perspective and emphasizing the importance of the certificate for your career. Clearly state that you are not seeking any financial settlement but only the experience certificate. If they remain unresponsive, you may explore legal avenues, such as approaching the labor department or seeking advice from a legal professional, to assert your right to the experience certificate based on the employment you served. Having a legal professional involved can guide you on the most appropriate course of action to resolve the matter and retrieve your essential documentation.Thankyou","The primary legal issue is the denial of an experience certificate, which is vital for your career progression. Under Indian labor laws, particularly the Industrial Employment (Standing Orders) Act, 1946, employees are entitled to receive documentation of their employment tenure. You can send a formal legal notice to the company demanding the issuance of your experience certificate, citing your rights under this Act. If the company fails to comply, you may file a complaint with the labor commissioner or pursue a civil suit for specific performance to obtain the certificate. Collect any evidence of your employment and communications with the company to support your claim.",20.3662,4.4379,18.1692,20.6204,84.4515
96,"Recently my company  got to know about my side job that i do in free time and they are planning to terminate for that reason. Though there has been no conflict of interest or misuse of any information or resources but just because it was not informed they wanted to terminate. Can that be challenged( Bangalore, Karnataka )",MEPS_26 → MEPS_40,MEPS_26 → MEPS_40 → MEPS → notice_period → retrenchment → leave,"Dear Sir/Ma'am,
I was worked in pvt ltd. company for 32 days (21 days in January and 11 days in February) when i asked for salary via mail (there is no HR team) they reply to me we will pay salary in 60 days if you r comfortable then ok other wise we will terminate you, so that i resigned from my job, now they are not pay salary.( Hyderabad, Telangana )","I worked in Jbm auto gurgaon plant for 1 year 1 month, after that i got transfer to jbm pune plant and got different pf number and employee id, now i completed 4 years 2 months here. I want to end my contract now. 
Am i eligible for gratuity?( Pune, Maharashtra )","I was sick with covid in the month of April. So I didnt work for April, May and June, but marked the attendance on the company portal. I recieved salary for all these months with salary slips. Now they mailed me not to mark attendance for july and saying they will adjust april, may and june salary when I start working again. Can they do that? Should I mark july's attendance? Can they take any legal action against me? I have marked the attendance on the portal, is anything wrong in that?( New Delhi, Delhi )","Dear client,In India, we donât have a blanket law covering âcan an individual works (freelance) while being employed full time with an organizationâ. There are lots of grey areas when it comes to multiple employment in India.Most organizations have their own rules n regulations regarding this. While some organizations do not allow this, some allow it under certain conditions like,The work should not be the same as what you are employed in or your primary skill- Cannot work for any competitor (direct or indirect)- Some might put a cap to the time and remuneration- Some might limit you from working in certain domain or using certain skill you acquired or are using for your primary employer.So the best thing to take care of the legal aspect is to speak to you manager and HR.Certain organizations have a binding contract an individual is supposed to sign before starting any freelance / additional job (for both time and self service). In that case, if you have agreed not to work or freelance anywhere else, then they can terminate you by providing a notice period with the valid reason.","The legal issue here is whether the termination for having a side job without prior disclosure is lawful. Under Indian employment law, particularly if the employment contract or company policy explicitly prohibits outside employment without disclosure, the company may have grounds for termination. However, if there is no such clause, the termination could be challenged as arbitrary.

You can review your employment contract and company policies to check for any clauses regarding outside employment. If such a clause does not exist, consider sending a formal written explanation to your employer clarifying the lack of conflict of interest. If the termination proceeds, you may challenge it by filing a complaint with the labor commissioner or pursuing legal action for wrongful termination.",20.3662,4.4379,18.1692,20.6204,84.4515
97,"In my previous company they'll hold my FnF amount, after 5 months from resignation they released my settlement amount, but they're not credited my salary for the notice period. What can I do?( Vijayawada, Andhra Pradesh )",MEPS_26 → MEPS_40 → PGA_7 → EPF_7D,MEPS_26 → MEPS_40 → PGA_7 → EPF_7D → labour_court → Payment of Gratuity Act 1972 → MEPS → gratuity,"I worked in Jbm auto gurgaon plant for 1 year 1 month, after that i got transfer to jbm pune plant and got different pf number and employee id, now i completed 4 years 2 months here. I want to end my contract now. 
Am i eligible for gratuity?( Pune, Maharashtra )","Widow daughter can get family pension of panchayat taj dept employees.( North 24 Parganas, West Bengal )","I'm 23 &amp; worked as a Social media executive &amp; writer in a startup. My boss is making excuses and refusing to pay back the salary of around 4 months. It's been around 1 year and 10 months, even after several requests and pleas, he isn't paying the salary. Although it's not a big amount, it ranges between 45k-50k. But as a 23-year-old it's a big amount for me. I need my hard-earned money. Pls, advise what should I do? 

Note: It will be helpful if the suggestions are of not too much hassle and within my affordability.( Thane, Maharashtra )","Dear Client, If your previous company has not credited your salary for the notice period despite the lapse of time since your resignation, you have several options to address the issue:Review Your Employment Contract: Start by reviewing your employment contract or offer letter to understand the terms and conditions regarding notice period and salary payments. This will help you determine if your employer is legally obligated to pay you for the notice period.Contact HR or Payroll Department: Reach out to the HR or payroll department of your previous company to inquire about the status of your salary for the notice period. Provide them with any relevant documentation, such as your resignation letter and proof of employment, to support your claim.Send a Formal Notice: If contacting HR or payroll does not yield results, consider sending a formal notice to your previous employer requesting payment for the outstanding salary. Clearly outline the details of your resignation, the notice period served, and the amount owed to you.Seek Legal Advice: If your employer continues to withhold your salary despite your efforts to resolve the issue amicably, consider seeking legal advice. A lawyer specializing in employment law can help you understand your rights and options under Indian labor laws and may assist you in taking legal action if necessary.Approach Labor Authorities: As a last resort, you can file a complaint with the appropriate labor authorities or the labor court in your jurisdiction. Provide them with all relevant documentation and evidence to support your claim, and they can investigate the matter and facilitate the resolution.It's important to act promptly and assert your rights to ensure that you receive the salary rightfully owed to you for the notice period served.","The legal issue here is the non-payment of salary for the notice period, which may constitute a breach of contract under employment law. Under the Payment of Wages Act, 1936, employees are entitled to receive all earned wages, including those for the notice period, unless otherwise stipulated in the employment contract. You can send a formal legal notice to your previous employer demanding payment of the withheld salary for the notice period. If the employer fails to comply, you may file a complaint with the Labour Court in Andhra Pradesh for recovery of wages.",20.3662,4.4379,18.1692,20.6204,84.4515
98,"The order passed in 2014 has not been executed till now . I have filed an execution case also but there is no outcome( Jamshedpur, Jharkhand )",IEA_108 → BTC_240 → BTC_81 → EPF_AT_11,IEA_108 → BTC_240 → BTC_81 → EPF_AT_11 → labour_court → gratuity → IEA → EPF_AT,"Widow daughter can get family pension of panchayat taj dept employees.( North 24 Parganas, West Bengal )","I'm working in American MNC ( Concentrix Daksh services India Pvt Ltd) situated in Gurugram, haryana, India. The nature of company is service provider to top clients including global tech giants. And I'm working for one of the world's biggest tech giant (Google TVC ), by providing services in specific project on behalf of above mentioned company (CNX ). So, I came to know that we are offered very less salary as compared to average salary in other regions in world and no where near the average salary of Google. And recently it's highlighted by whistleblower that Google illegally underpaid thousands of workers in many countries breaching pay parity laws. So I need advice in context of that if pay parity laws says in US that Google TVCs ( temporary, vendors and contractual workers ) are entitled to equal compensation. So is it possible to highlight same issue in India as well, and if yes, how to do it and how to get success in receiving the entitled compensation from Google or main company ( cnx), ( which ever is culprit ). I'm adding few links for references and better understanding. https://amp.theguardian.com/technology/2021/sep/10/google-underpaid-workers-illegal-pay-disparity-documents https://payparity.org/( North Delhi, Delhi )","I resigned from the company and had cleared all the exit formalities also I have served the notice period, submitted all the assets and completed all the exit procedures. But during my Full and Final settlement company sent me recovery letter stating that I have to pay company dues for using the leaves benefit which the company has provided or else the legal action will be taken. Going through the company policy I found that there is no such line mentioned about leave recovery during the employee's exit. When I asked for clarification from the HR, there is no response from them regarding this. I have sent multiple reminders stating clarification but there is no response. What do I do in this case? How can I go legally in this matter since there is no reply from company's side?( Thane, Maharashtra )","Hi,You can file an exectution petition in the court. As per Rule 2 (e) of Civil Rules of Practice âExecution Petitionâ means a petition to the Court for the execution of any decree or order.If you like my answer, please give a good review","Under the Code of Civil Procedure, 1908, specifically Order XXI, execution of decrees is governed by detailed procedures. If an execution petition has been filed but remains pending without result, it is crucial to ensure that all procedural requirements have been met, such as proper service of notice to the judgment debtor. You can file an application under Section 151 of the CPC to expedite the execution process by requesting the court to prioritize your case. Additionally, consider filing a contempt petition if the judgment debtor is willfully disobeying the court's order. If there is undue delay by the court, you may also approach a higher court seeking a direction for expeditious disposal of the execution proceedings.",20.3662,4.4379,18.1692,20.6204,84.4515
99,"I was working in one pvt comany and salary date was 10th of every month on 12th got mail to director for 15 ppl that we are working in other company via mail and they hold salary for all which is not right we were not working with other company. So on the basis of non payment of wages i resigned on 15th nov due to non payment of wages and they hold salary and not reverting anything on mail or phone till date....my 45 days salary is pending so what kind of course of action is require...in my appointment letter no notice period is mentioned so i can leave company immediate basis..i am staying in Ahmedabad and i was working in ahmedabad office only and their head office is at delhi so where i can submit notice or legal action is require in ahmedbad or in delhi...in ahmedbad office all employee left and no one is working now( Ahmedabad, Gujarat )",MEPS_26 → MEPS_40 → MBA_10 → FA_79,MEPS_26 → MEPS_40 → MBA_10 → FA_79 → Factories Act 1948 → MEPS → notice_period → leave,"I applied 4 days leave in Feb 24 for last week of March and by mistake he sanctioned this Leave with remarks that he can't sanction at this moment. I did not see remarks and just sa leave approved and proceeded for home town but now after one-month he cancelled my leave and made me unauthorised and also for supporting he yesterday gave me a letter dated 5 days back.Ehat action can I take because every time he harrases me showing his boss attitude( Banaskantha, Gujarat )","Joined TCS Mumbai on 4th June 2021 as consultant with joining bonus. Due to profile mismatch, overtime, verbal harassment and no response from higher management, i resigned and sent an email on 3-Aug (within probation), requesting them to relieve on 31-Aug. They were delaying and asked me to contact this and that person. Later, by 7-Aug, they blocked my laptop access. I could not work within notice period. In offer letter, appointment letter, internal policy - notice period after probation or confirmation only mentioned.
I returned company laptop. Got my salary, variable pay too.
Now after 1.5 years- they have sent me legal notice asking recovery of bonus and 2 months shortfall basic salary, within a week- else legal action. ( No calls or emails- they had my old defunct hotmail ID).meanwhile, i shifted to different city twice, but my phone number was same. Never ever they called me. They used very bad language- ""you had fraudulent intentions to dupe company etc.""

Please advise.( Pune, Maharashtra )","Dear Sir/Ma'am,
I was worked in pvt ltd. company for 32 days (21 days in January and 11 days in February) when i asked for salary via mail (there is no HR team) they reply to me we will pay salary in 60 days if you r comfortable then ok other wise we will terminate you, so that i resigned from my job, now they are not pay salary.( Hyderabad, Telangana )","Hello Client,You may send a legal notice to the company if they fail to comply with the legal notice then you may file a suit against them in labour court.Thanks & Regards","The primary legal issue is the non-payment of wages, which is a violation of the Payment of Wages Act, 1936. Since your employment was in Ahmedabad, you can initiate legal action in Ahmedabad itself. You can send a legal notice to the company demanding your unpaid salary. If there is no response, file a complaint with the local labor commissioner in Ahmedabad, who can investigate and order the payment of your dues. If the issue remains unresolved, consider filing a case in the labor court for recovery of your pending wages.",20.3662,4.4379,18.1692,20.6204,84.4515
100,"I had applied  for junior engineer (electrical) recruitment-2016 in PH quota,they have rejected in medical exam ,because they are considered only one leg disability candidate,so I put the w.p in high court they also rejected,I am not having money to go for supreme court, kindly help me to get the justice.( Bangalore, Karnataka )",GST_118 → GST_117 → ESI_81 → COMM_C_18,GST_118 → GST_117 → ESI_81 → COMM_C_18 → COMM_C → GST → Employees State Insurance Act 1948 → GST_26,"I work in travel Pvrt ltd company,  at the beginning of vivid our company owner stated to reduce the salary of staff to 50% from April 20 onwards but now he is not responding messages and calls and neither releasing any salary.  As confirmed from clients the work is started since starting of domestic airlines I. e.  May 2020. But now he is not responding me.( East Delhi, Delhi )","I worked in Jbm auto gurgaon plant for 1 year 1 month, after that i got transfer to jbm pune plant and got different pf number and employee id, now i completed 4 years 2 months here. I want to end my contract now. 
Am i eligible for gratuity?( Pune, Maharashtra )","I'm 23 &amp; worked as a Social media executive &amp; writer in a startup. My boss is making excuses and refusing to pay back the salary of around 4 months. It's been around 1 year and 10 months, even after several requests and pleas, he isn't paying the salary. Although it's not a big amount, it ranges between 45k-50k. But as a 23-year-old it's a big amount for me. I need my hard-earned money. Pls, advise what should I do? 

Note: It will be helpful if the suggestions are of not too much hassle and within my affordability.( Thane, Maharashtra )",If you are facing financial constraints to appeal to the Hon'ble Supreme Court then you can approach the Legal Aid Services department of the Supreme Court and they shall provide you a suitable Advocate to fight your case. You can go to this site https://sclsc.nic.in/ and download the application to apply for the legal aid.,"The primary legal issue is discrimination in employment under the Rights of Persons with Disabilities Act, 2016. The Act mandates non-discrimination in employment and provides for reservation for persons with disabilities. Since the High Court has already rejected the writ petition, an appeal to the Supreme Court is the next legal recourse, though it requires financial resources.

If appealing to the Supreme Court is financially unfeasible, consider seeking assistance from legal aid services, which provide free legal services to those unable to afford them. Additionally, reaching out to NGOs that focus on disability rights may offer support or advocacy.",20.3662,4.4379,18.1692,20.6204,84.4515
101,"àª®àª¾àª°à« àªàª¿àª²à«àª²àª¾ àª«à«àª° àª¬àª¦àª²à« àªàª°à«àª¥à« àªà«àª¨à« àªàª°àªà« àª¹àª¤à« àªªàª°àªàª¤à« àªàª¾àª¤àª¾ àª¨àª¾ àªµàª¡àª¾àª àª®àª¾àª°àª¾ àª¬àª¾àª¦ àª¨à« àª¸à«àªµ àªµàª¿àª¨àªàª¤à« àª¨à« àªàª°àªà« àªàª¨à«àªµàª¯à« àª¬àª¦àª²à« àªàª°à« àªàªªà«àª² àªà« àª®àª¾àª°à« àª¹àªà« àªàª°à«àª² àª¨àª¥à« àª¤à« àª àª¬àª¾àª¬àª¤à« àª¶à«àª àªàª°à« àª¶àªàª¾àª¯( Jamnagar, Gujarat )",PGA_7 → EPF_7D → ESI_55 → IRC_44,PGA_7 → EPF_7D → ESI_55 → IRC_44 → labour_court → gratuity → PROC_GRATUITY_CLAIM → Payment of Gratuity Act 1972,"Widow daughter can get family pension of panchayat taj dept employees.( North 24 Parganas, West Bengal )","Suggest me bihar govt rules though which i can claim Advance pay for marriage ceremony( Kishanganj, Bihar )","à®¨à®¾à®©à¯ à®à®°à¯ à®¨à¯à®°à®¤à¯à®¤à®¿à®²à¯ à®à®°à®£à¯à®à¯ à®à®®à¯à®ªà¯à®©à®¿ à®µà¯à®²à¯ à®ªà®¾à®°à¯à®¤à¯à®¤à¯à®©à¯. à®à®¤à®©à®¾à®²à¯ à®µà¯à®²à¯ à®ªà®¾à®°à¯à®¤à¯à®¤ à®à®®à¯à®ªà¯à®©à®¿à®¯à®¿à®²à¯ à®à®à®¿à®¤à®®à¯ à®µà®¾à®à¯à® à®µà¯à®£à¯à®à¯à®®à¯ à®à®©à¯à®±à¯ à®ªà®¿ à®ªà¯. à®à®¤à®¿à®à®¾à®°à®¿à®à®³à¯ à®à¯à®±à®¿à®©à®¾à®°à¯. à®à®¨à¯à®¤ à®à®à®¿à®¤à®®à¯ à®à®ªà¯à®ªà®à®¿ à®à®´à¯à®¤à¯à®µà®¤à¯( Madurai, Tamil Nadu )","Dear ClientYou must specify the facts and circumstances clearly to help you out in the present matter, however, if you feel any kind of injustice has happened with you, then take the advice of lawyer.ThanksRegards","The legal issue here pertains to the right to claim gratuity under the Payment of Gratuity Act, 1972. Under this Act, an employee who has completed five years of continuous service is entitled to gratuity upon termination of employment, whether due to resignation, retirement, or death. If gratuity has not been paid, the employee can file a claim with the Controlling Authority under the Act.

The user should gather all employment documents, including appointment letters, salary slips, and any correspondence related to termination. Submit a formal application for gratuity to the employer, and if unresolved, file a claim with the Labour Court or the appropriate authority under the Payment of Gratuity Act, 1972.",20.3662,4.4379,18.1692,20.6204,84.4515
102,"I am a Sri Lankan student studied in an NIT.
I got selected into a multinational tech company through campus placements.

I was supposed to join in june, but they delayed my joining saying that they'll get my employment Visa through the company. 

But now they are refusing to hire me saying that they cannot arrange Visa. 

I have informed them multiple times that I can arrange VISA if they send me necessary documents. They are refusing to send them.

They are not telling a clear reason when I ask why they can't hire me. 


What action can I take in this case.

Thank you( Bangalore, Karnataka )",CCS_ME → BTC_133 → EPF_AT_10 → EC_RULES_8,CCS_ME → BTC_133 → EPF_AT_10 → EC_RULES_8 → EC_RULES → BTC → EPF_AT → CCS_ME_5,"Joined TCS Mumbai on 4th June 2021 as consultant with joining bonus. Due to profile mismatch, overtime, verbal harassment and no response from higher management, i resigned and sent an email on 3-Aug (within probation), requesting them to relieve on 31-Aug. They were delaying and asked me to contact this and that person. Later, by 7-Aug, they blocked my laptop access. I could not work within notice period. In offer letter, appointment letter, internal policy - notice period after probation or confirmation only mentioned.
I returned company laptop. Got my salary, variable pay too.
Now after 1.5 years- they have sent me legal notice asking recovery of bonus and 2 months shortfall basic salary, within a week- else legal action. ( No calls or emails- they had my old defunct hotmail ID).meanwhile, i shifted to different city twice, but my phone number was same. Never ever they called me. They used very bad language- ""you had fraudulent intentions to dupe company etc.""

Please advise.( Pune, Maharashtra )","I'm 23 &amp; worked as a Social media executive &amp; writer in a startup. My boss is making excuses and refusing to pay back the salary of around 4 months. It's been around 1 year and 10 months, even after several requests and pleas, he isn't paying the salary. Although it's not a big amount, it ranges between 45k-50k. But as a 23-year-old it's a big amount for me. I need my hard-earned money. Pls, advise what should I do? 

Note: It will be helpful if the suggestions are of not too much hassle and within my affordability.( Thane, Maharashtra )","I am working in a Pvt Ltd Biotechnology company &amp; signed a bond for 5 years. But the work pressure &amp; environment is so toxic and painful. Even I am forced to work everyday approximately 10-12 hours which includes holidays &amp; weekly offs since 1.8 years. When I have resigned recently, they are not ready to relive me and asked me that they have trained me on work and I can's leave. However as a experienced person I haven't learned a single new thing from this organization whereas I have trained their fresher to work properly. What is the legal rights for me to sue the company and get relieve smoothly ?( Bhubaneswar, Orissa )","Dear client,As per Section 5 of the Indian Contract Act, 1872-""A proposal may be revoked at any time before the communication of its acceptance is complete as against the proposer, but not afterwards. âA proposal may be revoked at any time before the communication of its acceptance is complete as against the proposer, but not afterwards.""The job offer once accepted becomes a basic legal contract between you and your new employer and when your employer withdraws that offer then it falls under âBreach of Contractâ. Normally the contract once made cannot be unilaterally revoked. Only both parties can discharge each other from obligation by novation /accord and satisfaction.You can file a suit by consulting a lawyer and sue your employer","The primary legal issue here is breach of contract, as the company has reneged on their offer of employment. Under Indian Contract Act, 1872, specifically Section 73, you may claim compensation for any loss or damage caused by the breach. Since the company is not providing necessary documents for visa processing, it may be considered a failure to fulfill their contractual obligations. 

You can send a formal legal notice to the company demanding fulfillment of the employment contract or compensation for the breach. If they fail to respond or comply, consider filing a suit for breach of contract in a civil court. Collect all relevant communications and documents that demonstrate their commitment to hire and the subsequent breach.",20.3662,4.4379,18.1692,20.6204,84.4515
103,"I have 3 days overlap issue in my service now I am changing to MNC company they have asked me for any Mail confirmation from my previous companies as changing in dates, they are not accepting this I need suggestion for this( Warangal, Telangana )",EPF_6 → EPF_AT_2 → CCS_ME_3 → CCS_ME_5,EPF_6 → EPF_AT_2 → CCS_ME_3 → CCS_ME_5 → provident_fund → gratuity → labour_court → EPF_AT,"I work in travel Pvrt ltd company,  at the beginning of vivid our company owner stated to reduce the salary of staff to 50% from April 20 onwards but now he is not responding messages and calls and neither releasing any salary.  As confirmed from clients the work is started since starting of domestic airlines I. e.  May 2020. But now he is not responding me.( East Delhi, Delhi )","I'm 23 &amp; worked as a Social media executive &amp; writer in a startup. My boss is making excuses and refusing to pay back the salary of around 4 months. It's been around 1 year and 10 months, even after several requests and pleas, he isn't paying the salary. Although it's not a big amount, it ranges between 45k-50k. But as a 23-year-old it's a big amount for me. I need my hard-earned money. Pls, advise what should I do? 

Note: It will be helpful if the suggestions are of not too much hassle and within my affordability.( Thane, Maharashtra )","I worked in Jbm auto gurgaon plant for 1 year 1 month, after that i got transfer to jbm pune plant and got different pf number and employee id, now i completed 4 years 2 months here. I want to end my contract now. 
Am i eligible for gratuity?( Pune, Maharashtra )","Dear Client,In India, it is legal to hold multiple jobs without breaching the law. However, a person with a similar set of jobs may raise questions about a breach of confidence because many employers place such restrictions in their employment agreements in addition to rules barring holding down numerous jobs. Contact the HR departments of your previous companies and request for a formal clarification of the email or letter that acknowledges the overlap and provide the correct dates. If possible, write a self-declaration letter explaining the overlap, including the correct dates and write the reason for the overlap. Clearly communicate the problems you are facing in obtaining the required document. If the HR of your previous companies is uncooperative, escalate the matter to higher authority. We hope that our response is helpful to you.","The primary legal issue is the overlap in employment dates, which can affect the integrity of your employment records. Legally, you cannot alter employment dates without the consent of your previous employer as it constitutes falsification of records. Under the Indian Contract Act, 1872, any misrepresentation can have legal repercussions.

To resolve this, request a formal letter from your previous employer clarifying the exact dates of your employment. If they refuse, consider obtaining an affidavit stating the correct dates and explaining the overlap, which can be presented to the new employer.",20.3662,4.4379,18.1692,20.6204,84.4515
104,"I worked in a company for 2 months in 2013. I resigned on email. After few days I send email and ask for procedure for relieving letter. But company never responded . After 7 year they send a registered AD letter and wrote that they received my resignation on dated 2013.  They asked me to pay huge amount which was not matching in appointment letter. I was on probation and one month notice period . Will they take legal action against me ?( Beed, Maharashtra )",MEPS_26 → MEPS_40 → SCST_A_19 → RPSR_2,MEPS_26 → MEPS_40 → SCST_A_19 → RPSR_2 → RPSR → MEPS → notice_period → probation,"I'm 23 &amp; worked as a Social media executive &amp; writer in a startup. My boss is making excuses and refusing to pay back the salary of around 4 months. It's been around 1 year and 10 months, even after several requests and pleas, he isn't paying the salary. Although it's not a big amount, it ranges between 45k-50k. But as a 23-year-old it's a big amount for me. I need my hard-earned money. Pls, advise what should I do? 

Note: It will be helpful if the suggestions are of not too much hassle and within my affordability.( Thane, Maharashtra )","Joined TCS Mumbai on 4th June 2021 as consultant with joining bonus. Due to profile mismatch, overtime, verbal harassment and no response from higher management, i resigned and sent an email on 3-Aug (within probation), requesting them to relieve on 31-Aug. They were delaying and asked me to contact this and that person. Later, by 7-Aug, they blocked my laptop access. I could not work within notice period. In offer letter, appointment letter, internal policy - notice period after probation or confirmation only mentioned.
I returned company laptop. Got my salary, variable pay too.
Now after 1.5 years- they have sent me legal notice asking recovery of bonus and 2 months shortfall basic salary, within a week- else legal action. ( No calls or emails- they had my old defunct hotmail ID).meanwhile, i shifted to different city twice, but my phone number was same. Never ever they called me. They used very bad language- ""you had fraudulent intentions to dupe company etc.""

Please advise.( Pune, Maharashtra )","I worked in Jbm auto gurgaon plant for 1 year 1 month, after that i got transfer to jbm pune plant and got different pf number and employee id, now i completed 4 years 2 months here. I want to end my contract now. 
Am i eligible for gratuity?( Pune, Maharashtra )","Dear Sir,You may get issue a reply legal notice and close the issue.Rate me Five Star*","The primary legal issue is whether the company can enforce a claim for payment after such a long delay. Under the Limitation Act, 1963, the limitation period for filing a suit for breach of contract is three years from the date the cause of action arises. Since the company is attempting to claim payment after seven years, it is likely barred by the statute of limitations.

Legally, the company cannot take action to recover the alleged dues as the claim is time-barred. You should respond to the registered AD letter, citing the Limitation Act, and assert that any claim is invalid due to the expiration of the limitation period. If the company persists, consult with a lawyer to draft a formal reply or defense.",20.3662,4.4379,18.1692,20.6204,84.4515
105,"Wanted to know if we can hire a full-time freelancer for my company in bulk and what the hiring policy is as per labor law in India( Bangalore, Karnataka )",GST_88 → IDRA_15A → MEPS_20 → RPWD_21,GST_88 → IDRA_15A → MEPS_20 → RPWD_21 → RPWD → MEPS → provident_fund → IDRA,"Widow daughter can get family pension of panchayat taj dept employees.( North 24 Parganas, West Bengal )","I'm 23 &amp; worked as a Social media executive &amp; writer in a startup. My boss is making excuses and refusing to pay back the salary of around 4 months. It's been around 1 year and 10 months, even after several requests and pleas, he isn't paying the salary. Although it's not a big amount, it ranges between 45k-50k. But as a 23-year-old it's a big amount for me. I need my hard-earned money. Pls, advise what should I do? 

Note: It will be helpful if the suggestions are of not too much hassle and within my affordability.( Thane, Maharashtra )","In my graduation 3rd year marksheet my date of birth 21-jun-1993, seen 21-jun-1983 from distance, but actual it 21-jun-1993 when seen by lens, in 1993 third digit 9 is likely shaped birthday candel 9, and shape is likely 9,. Qr code represent 21-jun-1993 also. 
Please suggest me that ...should I do apply reprint in University or not? Is there any problem in govt job?( Bundi, Rajasthan )","Dear Client,There is no specific legislation to regulate the hiring of full-time Freelancers. However, freelancers are labourers, even though they donât work full-time but on a contractual basis. Accordingly, the provision of the Contract and Labour (Regulation and Abolition) Act, 1970, the Indian Contract Act, 1872, and Intellectual property Laws amongst others are applicable to freelancers if hired by the Company in addition to their full-time jobs. But before hiring freelancers you should check with your prospective employees to ensure that this is allowed under the existing contract that governs their terms of employment with other entrepreneurs/Companies to avoid any conflict or consequences. Any Hire is a specialized self-service platform within Upwork that helps you hire and onboard employees from around the world as either independent contractors or full-time, permanent employees. With Any Hire, you can process payments, manage contracts, and view reports all in one convenient location. You can also request worker classification assistance if needed.","Under Indian labor law, freelancers are considered independent contractors rather than employees, which means they are not covered by labor laws applicable to full-time employees, such as the Industrial Disputes Act, 1947, or the Employees' Provident Funds and Miscellaneous Provisions Act, 1952. You can hire freelancers in bulk, but ensure that their contracts clearly define the nature of their work, payment terms, and that they are not entitled to employee benefits. Legally, freelancers should not be treated as employees to avoid potential misclassification issues.

Next steps include drafting comprehensive contracts for the freelancers that outline their roles and responsibilities, and consulting with a labor law expert to ensure compliance with relevant regulations. Additionally, maintain records of all agreements and communications with the freelancers to protect your company from any legal disputes.",20.3662,4.4379,18.1692,20.6204,84.4515
106,"Actually I'm saying my father expire in may 2021 and her pf claim is in but their officer authority is rude behaviour and not worked and I'm three sisters and one brother and three are minor and I'm major but I'm very confusing it's created many problems plz anyone help ??( Samastipur, Bihar )",EPF_6 → EPF_AT_2 → CCS_ME_3 → CCS_ME_5,EPF_6 → EPF_AT_2 → CCS_ME_3 → CCS_ME_5 → provident_fund → gratuity → labour_court → EPF_AT,"I worked in Jbm auto gurgaon plant for 1 year 1 month, after that i got transfer to jbm pune plant and got different pf number and employee id, now i completed 4 years 2 months here. I want to end my contract now. 
Am i eligible for gratuity?( Pune, Maharashtra )","I work in travel Pvrt ltd company,  at the beginning of vivid our company owner stated to reduce the salary of staff to 50% from April 20 onwards but now he is not responding messages and calls and neither releasing any salary.  As confirmed from clients the work is started since starting of domestic airlines I. e.  May 2020. But now he is not responding me.( East Delhi, Delhi )","I'm 23 &amp; worked as a Social media executive &amp; writer in a startup. My boss is making excuses and refusing to pay back the salary of around 4 months. It's been around 1 year and 10 months, even after several requests and pleas, he isn't paying the salary. Although it's not a big amount, it ranges between 45k-50k. But as a 23-year-old it's a big amount for me. I need my hard-earned money. Pls, advise what should I do? 

Note: It will be helpful if the suggestions are of not too much hassle and within my affordability.( Thane, Maharashtra )","Dear Sir,You may get issue a legal notice and then approach Civil Court and file interim application not to disburse the amount to anybody except. If the matter is seized by Civil Court then you will get favorable orders.Rate me Five Star*","Under the Employees' Provident Funds and Miscellaneous Provisions Act, 1952, the legal heirs of a deceased employee are entitled to claim the Provident Fund (PF) benefits. As the major sibling, you can act as the guardian for your minor siblings to facilitate the PF claim process. Approach the PF office with the death certificate of your father, your identity proof, and proof of guardianship for your siblings. If the PF office is uncooperative, consider filing a complaint with the regional PF commissioner or approach the labor court for assistance.",20.3662,4.4379,18.1692,20.6204,84.4515
107,"I was working in a company i left job its been almost more than 2 months but till now settlement has not done when i  asked thy r saying it will be done by batch wise  in this case what should i do and pf is also not updated from their end( Bangalore, Karnataka )",EPF_6 → EPF_AT_2 → CCS_ME_3 → CCS_ME_5,EPF_6 → EPF_AT_2 → CCS_ME_3 → CCS_ME_5 → provident_fund → gratuity → labour_court → EPF_AT,"I work in travel Pvrt ltd company,  at the beginning of vivid our company owner stated to reduce the salary of staff to 50% from April 20 onwards but now he is not responding messages and calls and neither releasing any salary.  As confirmed from clients the work is started since starting of domestic airlines I. e.  May 2020. But now he is not responding me.( East Delhi, Delhi )","Joined TCS Mumbai on 4th June 2021 as consultant with joining bonus. Due to profile mismatch, overtime, verbal harassment and no response from higher management, i resigned and sent an email on 3-Aug (within probation), requesting them to relieve on 31-Aug. They were delaying and asked me to contact this and that person. Later, by 7-Aug, they blocked my laptop access. I could not work within notice period. In offer letter, appointment letter, internal policy - notice period after probation or confirmation only mentioned.
I returned company laptop. Got my salary, variable pay too.
Now after 1.5 years- they have sent me legal notice asking recovery of bonus and 2 months shortfall basic salary, within a week- else legal action. ( No calls or emails- they had my old defunct hotmail ID).meanwhile, i shifted to different city twice, but my phone number was same. Never ever they called me. They used very bad language- ""you had fraudulent intentions to dupe company etc.""

Please advise.( Pune, Maharashtra )","I'm 23 &amp; worked as a Social media executive &amp; writer in a startup. My boss is making excuses and refusing to pay back the salary of around 4 months. It's been around 1 year and 10 months, even after several requests and pleas, he isn't paying the salary. Although it's not a big amount, it ranges between 45k-50k. But as a 23-year-old it's a big amount for me. I need my hard-earned money. Pls, advise what should I do? 

Note: It will be helpful if the suggestions are of not too much hassle and within my affordability.( Thane, Maharashtra )",Serve them a legal notice and then take legal recourse.,"Under the Payment of Gratuity Act, 1972, and the Employees' Provident Funds and Miscellaneous Provisions Act, 1952, an employer is obligated to settle dues and update provident fund contributions promptly upon an employee's exit. Legally, the user can demand immediate settlement and PF updates. The user cannot be compelled to wait indefinitely for a ""batch-wise"" settlement if it violates statutory timelines.

Next steps: Send a formal legal notice to the company demanding immediate settlement of dues and PF updates. If there is no response or resolution, file a complaint with the local Labour Commissioner or approach the Employees' Provident Fund Organization (EPFO) for redressal.",20.3662,4.4379,18.1692,20.6204,84.4515
108,"I  left my job at 2nd September 2023 I didnât serve any notice period but now my company is asking me to pay fnf money 13000 what should I do in this case. Also I have not spent 6months in this company and I didnât get any confirmation that I am confirmed employee of this organisation 
I didnât signed any copy of bond or any confirmation mail against my offer letter can company take legal action against me ?( Raipur, Chhattisgarh )",MEPS_26 → MEPS_40 → PGA_7 → EPF_7D,MEPS_26 → MEPS_40 → PGA_7 → EPF_7D → labour_court → gratuity → Payment of Gratuity Act 1972 → MEPS,"Joined TCS Mumbai on 4th June 2021 as consultant with joining bonus. Due to profile mismatch, overtime, verbal harassment and no response from higher management, i resigned and sent an email on 3-Aug (within probation), requesting them to relieve on 31-Aug. They were delaying and asked me to contact this and that person. Later, by 7-Aug, they blocked my laptop access. I could not work within notice period. In offer letter, appointment letter, internal policy - notice period after probation or confirmation only mentioned.
I returned company laptop. Got my salary, variable pay too.
Now after 1.5 years- they have sent me legal notice asking recovery of bonus and 2 months shortfall basic salary, within a week- else legal action. ( No calls or emails- they had my old defunct hotmail ID).meanwhile, i shifted to different city twice, but my phone number was same. Never ever they called me. They used very bad language- ""you had fraudulent intentions to dupe company etc.""

Please advise.( Pune, Maharashtra )","I'm 23 &amp; worked as a Social media executive &amp; writer in a startup. My boss is making excuses and refusing to pay back the salary of around 4 months. It's been around 1 year and 10 months, even after several requests and pleas, he isn't paying the salary. Although it's not a big amount, it ranges between 45k-50k. But as a 23-year-old it's a big amount for me. I need my hard-earned money. Pls, advise what should I do? 

Note: It will be helpful if the suggestions are of not too much hassle and within my affordability.( Thane, Maharashtra )","I work in travel Pvrt ltd company,  at the beginning of vivid our company owner stated to reduce the salary of staff to 50% from April 20 onwards but now he is not responding messages and calls and neither releasing any salary.  As confirmed from clients the work is started since starting of domestic airlines I. e.  May 2020. But now he is not responding me.( East Delhi, Delhi )","Dear Client,In the absence of a specific stipulation in the offer letter or contract of employment, an employer cannot demand back the F & F Settlement dues for non-performance of of notice period by an employee who tender his resignation from the service. So, go through the terms and conditions of your offer letter carefully and if that letter bears no specific stipulation, then you need to serve a legal notice to your employer and file an application under Sec.33C(2) of the Industrial Dispute Act, 1947 before the concerned Labour Court claiming your dues receivable on cessation of employment from the employer.","The key legal issue is whether the company can enforce the notice period and claim financial recovery from you. Under Indian employment law, the enforceability of a notice period depends on the terms of the employment contract. If you did not sign any agreement or receive confirmation as a permanent employee, the company may have limited grounds to enforce a notice period or financial recovery.

You can request a copy of any signed agreement or employment terms from the company to verify their claims. If no such agreement exists, you can respond to the company disputing their claim and request a formal explanation of their legal basis. If the company persists, consider sending a legal notice disputing their claim and consult a local attorney for further assistance.",20.3662,4.4379,18.1692,20.6204,84.4515
109,"I would like to take legal action against my Boss for the mental harassment and torture I faced during my employment with my Organization. Please let me know the appropriate steps I need to take to register a case against my former boss. I am willing to cooperate with the necessary authorities to ensure that justice is served.( Chhatarpur, Madhya Pradesh )",GST_154 → HAMA_8 → HAMA_7 → MHA_31,GST_154 → HAMA_8 → HAMA_7 → MHA_31 → MHA → GST → HAMA → GST_76,"I worked in Jbm auto gurgaon plant for 1 year 1 month, after that i got transfer to jbm pune plant and got different pf number and employee id, now i completed 4 years 2 months here. I want to end my contract now. 
Am i eligible for gratuity?( Pune, Maharashtra )","I work in travel Pvrt ltd company,  at the beginning of vivid our company owner stated to reduce the salary of staff to 50% from April 20 onwards but now he is not responding messages and calls and neither releasing any salary.  As confirmed from clients the work is started since starting of domestic airlines I. e.  May 2020. But now he is not responding me.( East Delhi, Delhi )","I am working in indian software MNC from october 2008 till date from 2008-2018 I was medically fit from 2018 I suffering from asthma, hip joint bone AVN disorder but this is not affecting my office work at all my office work performance is good so currently I am asking for work from home so can my employer terminate me for medical health( Pune, Maharashtra )","If you wish to take legal action against your former boss for mental harassment and torture, here are some general steps you can take:Document everything: Write down all incidents of mental harassment and torture you faced while working with your former boss. Be specific about the date, time, location, and the details of the incident.Talk to HR: If your organization has an HR department, you can report the harassment to them. Provide them with all the necessary information and documents to support your claim. If your organization doesn't have an HR department, or if you don't feel comfortable reporting to them, you can skip this step.Consult with a lawyer: Consult with a lawyer who specializes in labor and employment law to understand your legal rights and options. The lawyer can help you assess the strength of your case and provide guidance on the legal process.File a complaint with the appropriate authorities: You can file a complaint with the appropriate authorities, such as the Equal Employment Opportunity Commission (EEOC) or the state labor department. They will investigate your claim and determine if your employer violated any labor laws.Pursue legal action: If the investigation confirms that your employer violated any labor laws, you can pursue legal action against your employer. This may involve filing a lawsuit or pursuing arbitration.thank you","Mental harassment in the workplace can be addressed under the Indian Penal Code, specifically Section 509, which deals with acts intended to insult the modesty of a person. The first step is to gather evidence of the harassment, such as emails, messages, or witness statements. You can file a complaint with the local police station in Chhatarpur, Madhya Pradesh, detailing the harassment and providing your evidence. Additionally, consider filing a complaint with the labor commissioner or an appropriate workplace tribunal for further investigation and redress.",20.3662,4.4379,18.1692,20.6204,84.4515
110,"In my previous employment with Max Life Insurance Co. Ltd. gratuity amount that is 4.81% of my Basic deducted from my CTC. Since I have left the company in 3 years and 6 months so definitely I am not eligible for gratuity but they are dening to pay my deducted amount too. So please guide am I eligible for my deducted amount without any interest or not, because in my previous to previous employment I had received it.( Dhanbad, Jharkhand )",PGA_4 → PGA_7 → CCS_ME_3 → MEPS_17,PGA_4 → PGA_7 → CCS_ME_3 → MEPS_17 → gratuity → PROC_GRATUITY_CLAIM → Payment of Gratuity Act 1972 → labour_court,"I worked in Jbm auto gurgaon plant for 1 year 1 month, after that i got transfer to jbm pune plant and got different pf number and employee id, now i completed 4 years 2 months here. I want to end my contract now. 
Am i eligible for gratuity?( Pune, Maharashtra )","Widow daughter can get family pension of panchayat taj dept employees.( North 24 Parganas, West Bengal )","I work in travel Pvrt ltd company,  at the beginning of vivid our company owner stated to reduce the salary of staff to 50% from April 20 onwards but now he is not responding messages and calls and neither releasing any salary.  As confirmed from clients the work is started since starting of domestic airlines I. e.  May 2020. But now he is not responding me.( East Delhi, Delhi )","Dear Client,According to the Gratuity Act 1972, an employee is eligible to receive a gratuity amount after completing five years of continuous service at one organisation. The gratuity amount is paid to the employees once they retire, resign, or are laid off. Hence you are not eligible for gratuity.Thank you so much, I hope this answer helped you.","The Payment of Gratuity Act, 1972, stipulates that gratuity is payable only upon completion of five years of continuous service, except in cases of death or disablement. In your case, having worked for 3 years and 6 months, you are not eligible for gratuity under the Act. However, if the amount deducted as gratuity was part of your CTC without a legal basis, you may be entitled to claim it back. You cannot claim the gratuity amount itself, but you can demand the return of the deducted amount if it was improperly withheld. Consider sending a formal demand letter to your former employer, and if unresolved, you may approach the labor court for redress.",20.3662,4.4379,18.1692,20.6204,84.4515
111,"Dear sir, I had left my previous company on August 2021 its been 3 years, after that i join 2 more company but they dont have PF service even my current company team size is less then 10 member so they also dont have PF facility, Due to urgent cash need i thought to close my PF account and withdraw the amount from EPF, when I had check my EPF accounts some random company had open my EPF,  I had no idea about this company how they had got my documents and how they have open my EPF accounts the joining date is showing 01/01/2023 and they have not marked the exit date, now i dont know what to do( Mumbai City, Maharashtra )",EPF_6 → EPF_AT_2 → CCS_ME_3 → CCS_ME_5,EPF_6 → EPF_AT_2 → CCS_ME_3 → CCS_ME_5 → provident_fund → gratuity → labour_court → EPF_AT,"Joined TCS Mumbai on 4th June 2021 as consultant with joining bonus. Due to profile mismatch, overtime, verbal harassment and no response from higher management, i resigned and sent an email on 3-Aug (within probation), requesting them to relieve on 31-Aug. They were delaying and asked me to contact this and that person. Later, by 7-Aug, they blocked my laptop access. I could not work within notice period. In offer letter, appointment letter, internal policy - notice period after probation or confirmation only mentioned.
I returned company laptop. Got my salary, variable pay too.
Now after 1.5 years- they have sent me legal notice asking recovery of bonus and 2 months shortfall basic salary, within a week- else legal action. ( No calls or emails- they had my old defunct hotmail ID).meanwhile, i shifted to different city twice, but my phone number was same. Never ever they called me. They used very bad language- ""you had fraudulent intentions to dupe company etc.""

Please advise.( Pune, Maharashtra )","I'm 23 &amp; worked as a Social media executive &amp; writer in a startup. My boss is making excuses and refusing to pay back the salary of around 4 months. It's been around 1 year and 10 months, even after several requests and pleas, he isn't paying the salary. Although it's not a big amount, it ranges between 45k-50k. But as a 23-year-old it's a big amount for me. I need my hard-earned money. Pls, advise what should I do? 

Note: It will be helpful if the suggestions are of not too much hassle and within my affordability.( Thane, Maharashtra )","I am working in a Pvt Ltd Biotechnology company &amp; signed a bond for 5 years. But the work pressure &amp; environment is so toxic and painful. Even I am forced to work everyday approximately 10-12 hours which includes holidays &amp; weekly offs since 1.8 years. When I have resigned recently, they are not ready to relive me and asked me that they have trained me on work and I can's leave. However as a experienced person I haven't learned a single new thing from this organization whereas I have trained their fresher to work properly. What is the legal rights for me to sue the company and get relieve smoothly ?( Bhubaneswar, Orissa )","Dear Client,No Company including MNC will open a PF account for a person just because they have access to your PAN details. Only when employees join, work for few days and abscond, company will create a PF Account with UAN so that they can track such employees and make them resign and get relieved properly. It is only by way of employment in an establishment covered under the provisions of the EPF & MP Act, 1952. Visit to the nearest EPFO office and report the matter. Or you can report the matter to the EPFO's online grievance portal. Explain the matter to your previous employer and your current employer about the opening of the unauthorized EPF account and the misuse of the documents. You can file a complaint before the police station regarding the fraudulent activity or you can file a complaint before the Cyber Crime cell. We hope that our response is helpful to you.","The primary legal issue here is the unauthorized use of your personal information to open an EPF account, potentially constituting identity theft or fraud. Under the Employees' Provident Funds and Miscellaneous Provisions Act, 1952, only legitimate employers can open EPF accounts for their employees. You cannot legally withdraw funds from an account opened without your consent or knowledge.

To address this, immediately file a complaint with the Employees' Provident Fund Organization (EPFO) through their grievance portal. Additionally, consider filing a police report for identity theft and fraud, as this may involve criminal activities. Collect all relevant documents and communications to support your claims when contacting authorities.",20.3662,4.4379,18.1692,20.6204,84.4515
112,"I work in a private company and due to the current pandemic situation I have been doing work from home. 
My working hour is 8 hours a day but recently my employer is demanding me to work 2 more extra hours daily. They want me to work for 10 hours a day from now on.
So, my question is:
Can I be forced to work overtime? or Do we have a choice to deny their demand?  I'm also afraid that if I deny their demand, I might lose my job.( Kolkata, West Bengal )",MWA_14 → FA_59 → MTW_26 → MTW_40,MWA_14 → FA_59 → MTW_26 → MTW_40 → overtime → PROC_OVERTIME_CLAIM → wages → MTW,"I worked in Jbm auto gurgaon plant for 1 year 1 month, after that i got transfer to jbm pune plant and got different pf number and employee id, now i completed 4 years 2 months here. I want to end my contract now. 
Am i eligible for gratuity?( Pune, Maharashtra )","I'm 23 &amp; worked as a Social media executive &amp; writer in a startup. My boss is making excuses and refusing to pay back the salary of around 4 months. It's been around 1 year and 10 months, even after several requests and pleas, he isn't paying the salary. Although it's not a big amount, it ranges between 45k-50k. But as a 23-year-old it's a big amount for me. I need my hard-earned money. Pls, advise what should I do? 

Note: It will be helpful if the suggestions are of not too much hassle and within my affordability.( Thane, Maharashtra )","Joined TCS Mumbai on 4th June 2021 as consultant with joining bonus. Due to profile mismatch, overtime, verbal harassment and no response from higher management, i resigned and sent an email on 3-Aug (within probation), requesting them to relieve on 31-Aug. They were delaying and asked me to contact this and that person. Later, by 7-Aug, they blocked my laptop access. I could not work within notice period. In offer letter, appointment letter, internal policy - notice period after probation or confirmation only mentioned.
I returned company laptop. Got my salary, variable pay too.
Now after 1.5 years- they have sent me legal notice asking recovery of bonus and 2 months shortfall basic salary, within a week- else legal action. ( No calls or emails- they had my old defunct hotmail ID).meanwhile, i shifted to different city twice, but my phone number was same. Never ever they called me. They used very bad language- ""you had fraudulent intentions to dupe company etc.""

Please advise.( Pune, Maharashtra )","Hi,Legally NO, but this may affect your performance and other issues.You may humbly explain the reason for not able to give extra time.","Under the Factories Act, 1948, and the Shops and Establishments Act applicable in West Bengal, an employee cannot be forced to work overtime without their consent, and overtime must be compensated at twice the ordinary rate of wages. Employers can request overtime, but employees have the right to refuse if it is beyond the agreed terms of employment. If you are being coerced into working extra hours without proper compensation, document all communications and consider filing a complaint with the local labor commissioner. Additionally, review your employment contract to understand your rights and obligations regarding work hours and seek legal advice if necessary.",20.3662,4.4379,18.1692,20.6204,84.4515
113,"My employers are forcing me to make documents from back dates when I was not even appointed. I did resign, but they are not signing my no dues form, if they don't I won't be able to join other institution. Can they do so?( Gurgaon, Haryana )",ISM_35 → DPDP_40 → IDRA_30 → BOCW_14,ISM_35 → DPDP_40 → IDRA_30 → BOCW_14 → BOCW → IDRA → DPDP → ISM,"I worked in Jbm auto gurgaon plant for 1 year 1 month, after that i got transfer to jbm pune plant and got different pf number and employee id, now i completed 4 years 2 months here. I want to end my contract now. 
Am i eligible for gratuity?( Pune, Maharashtra )","I'm 23 &amp; worked as a Social media executive &amp; writer in a startup. My boss is making excuses and refusing to pay back the salary of around 4 months. It's been around 1 year and 10 months, even after several requests and pleas, he isn't paying the salary. Although it's not a big amount, it ranges between 45k-50k. But as a 23-year-old it's a big amount for me. I need my hard-earned money. Pls, advise what should I do? 

Note: It will be helpful if the suggestions are of not too much hassle and within my affordability.( Thane, Maharashtra )","I work in travel Pvrt ltd company,  at the beginning of vivid our company owner stated to reduce the salary of staff to 50% from April 20 onwards but now he is not responding messages and calls and neither releasing any salary.  As confirmed from clients the work is started since starting of domestic airlines I. e.  May 2020. But now he is not responding me.( East Delhi, Delhi )",Dear clientIt appears from the attitude and activities of your employer that they are engaged in unfair labour practice.Reach out to the office of concerned office of Labour Commissioner with your appointment letter and all other relevant papers that prove your complaint against employer or visit the office of Chief Inspector Shops and Establishment if your employer comes under the purview of them for redressal of your grievance.Hope the steps may work.,"Employers cannot legally force employees to create false documents, as this constitutes fraud and misrepresentation under Indian Penal Code Section 463. Additionally, withholding a ""no dues"" certificate without valid reason may be considered an unfair labor practice. The user should not comply with the request to backdate documents, as this could implicate them in fraudulent activities. 

The user can send a formal legal notice to the employer demanding the issuance of the ""no dues"" certificate. If the employer continues to refuse, the user may file a complaint with the labor commissioner in Gurgaon for resolution.",20.3662,4.4379,18.1692,20.6204,84.4515
114,"It has been approximately 10 months since I have left an organisation. However, despite numerous mails the company is yet to pay me my salary for my last working month, and provide me with a 'Full and Final Settlement' document. They are absolutely unresponsive. What should I do?( Kolkata, West Bengal )",IDA_17B → EPF_12 → ESI_72 → ISM_12,IDA_17B → EPF_12 → ESI_72 → ISM_12 → wages → Industrial Disputes Act 1947 → Employees State Insurance Act 1948 → ISM,"I worked in Jbm auto gurgaon plant for 1 year 1 month, after that i got transfer to jbm pune plant and got different pf number and employee id, now i completed 4 years 2 months here. I want to end my contract now. 
Am i eligible for gratuity?( Pune, Maharashtra )","I was sick with covid in the month of April. So I didnt work for April, May and June, but marked the attendance on the company portal. I recieved salary for all these months with salary slips. Now they mailed me not to mark attendance for july and saying they will adjust april, may and june salary when I start working again. Can they do that? Should I mark july's attendance? Can they take any legal action against me? I have marked the attendance on the portal, is anything wrong in that?( New Delhi, Delhi )","I am non-teaching employee in one of the prestigious central university. My appointment was on for one year probation ( which may further be extended for one more year ) . Till date neither they given me letter of confirmation nor letter of extension of probation. Also , they have not given me any grade promotion. I have written few letters to administration also , but they haven't replied me . What to do next ??( Varanasi, Uttar Pradesh )","Dear Client,you can take this matter to labour commission as If an employer doesn't pay up your salary, you can approach the labour commissioner. They will help you to reconcile this matter and if no solution is reached labour commissioner will hand over this matter to the court.Thank You.","Under the Payment of Wages Act, 1936, an employer is obligated to pay all wages due to an employee within a specified time frame after the employment ends. The failure to pay wages and provide a 'Full and Final Settlement' can be challenged legally. You can file a complaint with the Labour Commissioner in Kolkata, as they have the authority to address wage disputes. Additionally, consider sending a legal notice to the company demanding payment and settlement. If the issue remains unresolved, you may proceed to file a suit in the appropriate labor court for recovery of dues.",20.3662,4.4379,18.1692,20.6204,84.4515
115,"Sir/Madam, 
I have completed 5 years in the company however there was no PF deduction. I have even requested for gratuity during my notice period but after 15 days got the answer that I am not liable for the same as the company did not deduct PF. Should I send them legal notice? Am I eligible for gratuity or not, please guide me.( Kolkata, West Bengal )",MEPS_26 → MEPS_40 → PGA_4 → PGA_7,MEPS_26 → MEPS_40 → PGA_4 → PGA_7 → Payment of Gratuity Act 1972 → gratuity → labour_court → PROC_GRATUITY_CLAIM,"I worked in Jbm auto gurgaon plant for 1 year 1 month, after that i got transfer to jbm pune plant and got different pf number and employee id, now i completed 4 years 2 months here. I want to end my contract now. 
Am i eligible for gratuity?( Pune, Maharashtra )","I work in travel Pvrt ltd company,  at the beginning of vivid our company owner stated to reduce the salary of staff to 50% from April 20 onwards but now he is not responding messages and calls and neither releasing any salary.  As confirmed from clients the work is started since starting of domestic airlines I. e.  May 2020. But now he is not responding me.( East Delhi, Delhi )","I was sick with covid in the month of April. So I didnt work for April, May and June, but marked the attendance on the company portal. I recieved salary for all these months with salary slips. Now they mailed me not to mark attendance for july and saying they will adjust april, may and june salary when I start working again. Can they do that? Should I mark july's attendance? Can they take any legal action against me? I have marked the attendance on the portal, is anything wrong in that?( New Delhi, Delhi )","Dear Client,If a company employs 20 or more individuals, it falls under the EPF & MP Act, 1952, providing benefits to its employees. Employees earning up to â¹15,000 must have an EPF account, while those earning more require approval. Failure to register under EPF can lead to legal consequences. The Payment of Gratuity Act, 1972 mandates gratuity payment for employees with five years of continuous service. Form 'I' must be submitted to the employer within 30 days of gratuity becoming due. The employer must pay gratuity within 30 days of employment cessation, along with accrued interest for delays. Non-payment can be reported to the Labour Commissioner for action.","Under the Payment of Gratuity Act, 1972, an employee is eligible for gratuity after completing five years of continuous service, regardless of whether PF deductions were made. The absence of PF deductions does not affect your eligibility for gratuity. You can send a legal notice to your employer demanding payment of gratuity. If they fail to comply, file a claim with the appropriate labour court or the controlling authority under the Payment of Gratuity Act to enforce your rights.",20.3662,4.4379,18.1692,20.6204,84.4515
116,"Sir/Madam, I resigned from a public sector bank as a confirmed employee of the Bank without giving/serving 3 months notice period. Bank asked me to deposit the gross salary for 3 months. But there was no provision for this in the appointment letter and also no mention was there in service rules of the Bank. The rule was related to the employees currently under probation. They had to deposit 1 month salary in case they are not able to give notice period. Pls help whether Bank is justified in asking for 3 month salary to be deposited with Bank.( Lucknow, Uttar Pradesh )",MEPS_26 → MEPS_40 → SCST_A_19 → RPSR_2,MEPS_26 → MEPS_40 → SCST_A_19 → RPSR_2 → RPSR → notice_period → MEPS → leave,"I worked in Jbm auto gurgaon plant for 1 year 1 month, after that i got transfer to jbm pune plant and got different pf number and employee id, now i completed 4 years 2 months here. I want to end my contract now. 
Am i eligible for gratuity?( Pune, Maharashtra )","I'm 23 &amp; worked as a Social media executive &amp; writer in a startup. My boss is making excuses and refusing to pay back the salary of around 4 months. It's been around 1 year and 10 months, even after several requests and pleas, he isn't paying the salary. Although it's not a big amount, it ranges between 45k-50k. But as a 23-year-old it's a big amount for me. I need my hard-earned money. Pls, advise what should I do? 

Note: It will be helpful if the suggestions are of not too much hassle and within my affordability.( Thane, Maharashtra )","I work in travel Pvrt ltd company,  at the beginning of vivid our company owner stated to reduce the salary of staff to 50% from April 20 onwards but now he is not responding messages and calls and neither releasing any salary.  As confirmed from clients the work is started since starting of domestic airlines I. e.  May 2020. But now he is not responding me.( East Delhi, Delhi )","Dear Sir,Bank is not justified but to save your skin you have to pay it other wise you may get negative. Take wise decision.","The bank's demand for a three-month salary deposit appears unjustified if there is no provision for such a requirement in your appointment letter or the bank's service rules. According to the principles of contract law, the terms of employment are governed by the contract (appointment letter) and any applicable service rules. If the rule requiring a notice period or salary in lieu applies only to probationary employees, and you were a confirmed employee, the bank cannot impose additional conditions not stipulated in your contract.

You can legally refuse to pay the three-month salary if it contradicts the terms of your employment agreement. Consider sending a formal written response to the bank, citing the absence of such a provision in your contract and service rules. If the issue persists, you may file a complaint with the appropriate labor tribunal or seek a declaratory judgment from a civil court to resolve the contractual dispute.",20.3662,4.4379,18.1692,20.6204,84.4515
117,"can we hold any of company's office belongings if they are holding the salary for invalid reasons. Will it impose any legal issues on me since i have asked to clear my outstanding before the return office belongings. Your advice is required( Surat, Gujarat )",IDA_12 → IRC_41 → IRC_42 → IRC_43,IDA_12 → IRC_41 → IRC_42 → IRC_43 → IRC → Industrial Disputes Act 1947 → dispute_resolution → IRC_15,"I worked in Jbm auto gurgaon plant for 1 year 1 month, after that i got transfer to jbm pune plant and got different pf number and employee id, now i completed 4 years 2 months here. I want to end my contract now. 
Am i eligible for gratuity?( Pune, Maharashtra )","I work in travel Pvrt ltd company,  at the beginning of vivid our company owner stated to reduce the salary of staff to 50% from April 20 onwards but now he is not responding messages and calls and neither releasing any salary.  As confirmed from clients the work is started since starting of domestic airlines I. e.  May 2020. But now he is not responding me.( East Delhi, Delhi )","I am working in indian software MNC from october 2008 till date from 2008-2018 I was medically fit from 2018 I suffering from asthma, hip joint bone AVN disorder but this is not affecting my office work at all my office work performance is good so currently I am asking for work from home so can my employer terminate me for medical health( Pune, Maharashtra )",you  should not take any such items to your home otherwise they may file theft case against you.,"Holding company property as leverage for unpaid salary is generally not advisable and can lead to legal consequences. Under Indian law, unauthorized retention of company property can be considered theft or misappropriation under the Indian Penal Code, which could result in criminal charges. Instead, pursue legal remedies such as filing a complaint with the labor commissioner or issuing a legal notice to the employer demanding payment of the outstanding salary.

Next steps: 
1. File a complaint with the local labor commissioner to address the issue of unpaid salary.
2. Consider sending a formal legal notice to the employer demanding immediate payment of the outstanding salary.",20.3662,4.4379,18.1692,20.6204,84.4515
118,"Sir
I am working in private company from 10 years as permanent employee I met an accident on bike and left hand was not operating now I am disability about 60%  company will take to the work or not( Gulbarga, Karnataka )",GST_89 → LIM_6 → COMP_MA_10 → FIN_A_71,GST_89 → LIM_6 → COMP_MA_10 → FIN_A_71 → FIN_A → GST → COMP_MA → LIM,"I worked in Jbm auto gurgaon plant for 1 year 1 month, after that i got transfer to jbm pune plant and got different pf number and employee id, now i completed 4 years 2 months here. I want to end my contract now. 
Am i eligible for gratuity?( Pune, Maharashtra )","My father worked as driver in KPTCL on 1994  he worked 5 days only then he will not reported to duty because of    he is suffering from health issue and then one year back 29/05/2018 my father is died  so that  we are eligible for taking job from compassionate ground or not . my father no given to resignation letter to department( Shimoga, Karnataka )","In my graduation 3rd year marksheet my date of birth 21-jun-1993, seen 21-jun-1983 from distance, but actual it 21-jun-1993 when seen by lens, in 1993 third digit 9 is likely shaped birthday candel 9, and shape is likely 9,. Qr code represent 21-jun-1993 also. 
Please suggest me that ...should I do apply reprint in University or not? Is there any problem in govt job?( Bundi, Rajasthan )","Hi,It would categorically depend upon the company, however more facts are required to help you out.","Under the Rights of Persons with Disabilities Act, 2016, an employer is required to provide reasonable accommodation to employees with disabilities, which includes making necessary adjustments to enable them to continue working. Given your 60% disability, the company should assess your ability to perform your job with or without reasonable accommodations. If the company refuses to accommodate or discriminates against you due to your disability, you may file a complaint with the State Commissioner for Persons with Disabilities in Karnataka.

Next steps: Request a formal meeting with your HR department to discuss reasonable accommodations. If the company is uncooperative, gather evidence of any discrimination and consult the State Commissioner for further action.",20.3662,4.4379,18.1692,20.6204,84.4515
119,"My father retired from a private company in 2009. In Feb 2019, he wrote to them asking for a copy of a document. While sending him this document, the company said their records of his salary from 2006 to 2009, don't match what was paid to him. He now fears that they may ask him to pay back all the money. Need advice & counsel on whether they can do that.( Bangalore, Karnataka )",IDA_17B → EPF_12 → ESI_72 → ISM_12,IDA_17B → EPF_12 → ESI_72 → ISM_12 → ISM → Industrial Disputes Act 1947 → Employees Provident Fund Act 1952 → wages,"I'm 23 &amp; worked as a Social media executive &amp; writer in a startup. My boss is making excuses and refusing to pay back the salary of around 4 months. It's been around 1 year and 10 months, even after several requests and pleas, he isn't paying the salary. Although it's not a big amount, it ranges between 45k-50k. But as a 23-year-old it's a big amount for me. I need my hard-earned money. Pls, advise what should I do? 

Note: It will be helpful if the suggestions are of not too much hassle and within my affordability.( Thane, Maharashtra )","Joined TCS Mumbai on 4th June 2021 as consultant with joining bonus. Due to profile mismatch, overtime, verbal harassment and no response from higher management, i resigned and sent an email on 3-Aug (within probation), requesting them to relieve on 31-Aug. They were delaying and asked me to contact this and that person. Later, by 7-Aug, they blocked my laptop access. I could not work within notice period. In offer letter, appointment letter, internal policy - notice period after probation or confirmation only mentioned.
I returned company laptop. Got my salary, variable pay too.
Now after 1.5 years- they have sent me legal notice asking recovery of bonus and 2 months shortfall basic salary, within a week- else legal action. ( No calls or emails- they had my old defunct hotmail ID).meanwhile, i shifted to different city twice, but my phone number was same. Never ever they called me. They used very bad language- ""you had fraudulent intentions to dupe company etc.""

Please advise.( Pune, Maharashtra )","I work in travel Pvrt ltd company,  at the beginning of vivid our company owner stated to reduce the salary of staff to 50% from April 20 onwards but now he is not responding messages and calls and neither releasing any salary.  As confirmed from clients the work is started since starting of domestic airlines I. e.  May 2020. But now he is not responding me.( East Delhi, Delhi )",Contact me personally.,"The company cannot unilaterally demand repayment of salary without clear evidence of overpayment and a legal basis for recovery. Under the Limitation Act, 1963, the limitation period for recovery of money is typically three years from the date the right to sue accrues. Since your father retired in 2009, any claim for repayment of salary discrepancies from 2006 to 2009 would likely be time-barred. Your father should not make any repayments without a formal legal demand and should consider sending a written response disputing any such claim. Consulting with a local attorney to draft this response and to understand potential defenses is advisable.",20.3662,4.4379,18.1692,20.6204,84.4515
120,"We would like to know if the Employment Letter printed and duly signed on Company Letter Head can be considered valid in case of any dispute? Also, in case if any employee leaves office without completing the notice period and other formalities, can the company hold his salary?( Surat, Gujarat )",MEPS_26 → MEPS_40 → IDA_17B → EPF_12,MEPS_26 → MEPS_40 → IDA_17B → EPF_12 → wages → MEPS → notice_period → Industrial Disputes Act 1947,"I worked in Jbm auto gurgaon plant for 1 year 1 month, after that i got transfer to jbm pune plant and got different pf number and employee id, now i completed 4 years 2 months here. I want to end my contract now. 
Am i eligible for gratuity?( Pune, Maharashtra )","I am working in a company but it is not adding any value to my personal development & career development. I am in the end of probation period. Can my company take action against me if I resign from the job or will have to face consequences. I want to know how they will handle me.( Bangalore, Karnataka )","I am working in indian software MNC from october 2008 till date from 2008-2018 I was medically fit from 2018 I suffering from asthma, hip joint bone AVN disorder but this is not affecting my office work at all my office work performance is good so currently I am asking for work from home so can my employer terminate me for medical health( Pune, Maharashtra )","Dear Sir,You have to physically check with the HR of such company before joining.Contact through the administrators of this website.","An employment letter printed and duly signed on company letterhead is generally considered a valid contract under Indian contract law, provided it meets the essential elements of a contract: offer, acceptance, intention to create legal relations, and consideration. Regarding the notice period, under the Industrial Disputes Act 1947, an employer can withhold salary if an employee leaves without completing the notice period, as long as the employment contract explicitly allows for such action. The employee should review their employment contract to understand the terms regarding notice periods and salary withholding. Next steps include consulting the employment contract for specific terms and, if necessary, negotiating with the employer regarding any disputes over the notice period or withheld salary.",20.3662,4.4379,18.1692,20.6204,84.4515
121,"Hi,
My LWD with previous employer and DOJ of new employer was same. Recently I was declined job by another employer mentioning that I hv dual employment issues. I contacted HR of previous and current employer to change relieving or joining date at either end but both of them declined mentioning that dates have been submitted in PF records and can not be changed.
I want to know if there is a way to get the dates changed in PF records.
And can we take a legal action against current employer for hiring me on same day as LWD of previous employer.
Both the employers are in Gurugram, Haryana.( Gurgaon, Haryana )",EPF_6 → EPF_AT_2 → CCS_ME_3 → CCS_ME_5,EPF_6 → EPF_AT_2 → CCS_ME_3 → CCS_ME_5 → provident_fund → labour_court → gratuity → EPF_AT,"Joined TCS Mumbai on 4th June 2021 as consultant with joining bonus. Due to profile mismatch, overtime, verbal harassment and no response from higher management, i resigned and sent an email on 3-Aug (within probation), requesting them to relieve on 31-Aug. They were delaying and asked me to contact this and that person. Later, by 7-Aug, they blocked my laptop access. I could not work within notice period. In offer letter, appointment letter, internal policy - notice period after probation or confirmation only mentioned.
I returned company laptop. Got my salary, variable pay too.
Now after 1.5 years- they have sent me legal notice asking recovery of bonus and 2 months shortfall basic salary, within a week- else legal action. ( No calls or emails- they had my old defunct hotmail ID).meanwhile, i shifted to different city twice, but my phone number was same. Never ever they called me. They used very bad language- ""you had fraudulent intentions to dupe company etc.""

Please advise.( Pune, Maharashtra )","I'm 23 &amp; worked as a Social media executive &amp; writer in a startup. My boss is making excuses and refusing to pay back the salary of around 4 months. It's been around 1 year and 10 months, even after several requests and pleas, he isn't paying the salary. Although it's not a big amount, it ranges between 45k-50k. But as a 23-year-old it's a big amount for me. I need my hard-earned money. Pls, advise what should I do? 

Note: It will be helpful if the suggestions are of not too much hassle and within my affordability.( Thane, Maharashtra )","Dear team
I resigned on 5th July  and my notice period was 3 months, I served till 24th September and as per 3 months notice period my last working day was 2nd October.... But since I had to join other organization on 27th September I sent multiple mails for relieving me just 5 days earlier from my last working day. 

When I didn't get any confirmation I myself sent declaration mail for my last working day as 24th September and also wrote that I am ready to compensate against my remaining notice period as per HR policy. I joined other organization on 27th September but my previous organization intentionally mentioned last working day as 2nd October

After getting relieving also I sent multiple mails for correction of date but didn't get any help

Please suggest what steps can be taken against my previous employer for this unethical behavior...( Udaipur, Rajasthan )","hi,Never join any company which accepts without Relieving Letter. Background checks are very strict in most of the companies and if something like this comes up, then your career may get screwed for sure. Their may be some legal actions against you as well if you are absconding.However, if this has happened, you should approach the HR. find out who is privileged to update EPFO and UAN website details. you should talk to them personally. try to raise issue on EPF related grievance website.","The issue of dual employment arises from overlapping employment dates in your Provident Fund (PF) records, which both employers are unwilling to amend. Under the Employees' Provident Funds and Miscellaneous Provisions Act, 1952, PF records are maintained based on the employment details provided by the employers and are not typically subject to alteration unless there is an error or mutual agreement to correct such records. Legal action against your current employer for hiring you on the same day as your last working day with the previous employer is unlikely to succeed, as it was your responsibility to ensure compliance with employment terms.

To address the dual employment issue, consider negotiating with either employer to provide a formal letter clarifying the situation for future job applications. Additionally, consult with a labor law attorney to explore if any rectification is possible through the Employees' Provident Fund Organisation (EPFO) if there's an error in the records.",20.3662,4.4379,18.1692,20.6204,84.4515
122,"Dear Sir, I would like to know if I could make a case against the law college in Mumbai against the Registrar who kept bugging me that I had to give my original mechanical engineering degree certificates 1995 pass out to the college to continue my 2nd Degree LLB after having completed 1st year of LLB with fails in 6 subjects out of 8 and he kept telling that the eligibility needs to be checked even after having given my semester exams and never gave me the eligibility certificate just to keep telling that my eligibility needs to be checked while I just recollected that in my 1st year of engineering I was given my certificate of eligibility well before the exams were given but he kept asking me for my certificates even after I had appeared for my 1st and 2nd semester exams and so I quit my LLB in the year 2010 because I didnt want to depart from my Engineering Degree Certificates. Since then all have been only cheating me of my money assuring me of a good job or chance in Television or visa to the usa. So could I sue them to get a good Lawyer to get working on my case. Thanks and Regards.( Mumbai suburban, Maharashtra )",CCS_ME → BTC_256 → BTC_264 → BNS_318,CCS_ME → BTC_256 → BTC_264 → BNS_318 → BNS → BTC → BTC_64 → wages,"I study in an engineering college and now I am in my second year going to start 3rd year in september my college has not given any holidays after semester end examinations and starts the new semester right the next day. This has happened for 4 continuous semesters now . In the academic calendar 1 month holiday is given but now they are going back on their words . Many of my classmates are depressed especially people from hostels who have not gone home.and I don't know what action to take ,pls tell me( Mysore, Karnataka )","Widow daughter can get family pension of panchayat taj dept employees.( North 24 Parganas, West Bengal )","I resigned from the company and had cleared all the exit formalities also I have served the notice period, submitted all the assets and completed all the exit procedures. But during my Full and Final settlement company sent me recovery letter stating that I have to pay company dues for using the leaves benefit which the company has provided or else the legal action will be taken. Going through the company policy I found that there is no such line mentioned about leave recovery during the employee's exit. When I asked for clarification from the HR, there is no response from them regarding this. I have sent multiple reminders stating clarification but there is no response. What do I do in this case? How can I go legally in this matter since there is no reply from company's side?( Thane, Maharashtra )",Discuss this case in detail with me and I shall help you out.Thanks,"The primary legal issue here is whether the college's demand for original certificates without providing an eligibility certificate constitutes a breach of duty or harassment. Under the Maharashtra Universities Act, 1994, educational institutions must adhere to fair administrative practices, which includes timely verification of eligibility. Legally, you may have grounds to file a complaint against the college for administrative harassment if they failed to follow proper procedures or caused undue hardship.

You can file a complaint with the university's grievance redressal cell or approach the State Education Department for administrative review. If you seek compensation for any damages suffered due to their actions, consider filing a civil suit for harassment and negligence. Collect all relevant documents and communications with the college to support your case.",20.3662,4.4379,18.1692,20.6204,84.4515
123,"My employer is not giving my experience certificate stating that I'm a daily wage employee. Can I file a complaint against the company( Ernakulam, Kerala )",WAGE_C → PROC_OVERTIME_CLAIM → PROC_ESI_CLAIM → PROC_MATERNITY_CLAIM,WAGE_C → PROC_OVERTIME_CLAIM → PROC_ESI_CLAIM → PROC_MATERNITY_CLAIM → WAGE_C_46 → WAGE_C_27 → WAGE_C_67 → WAGE_C_51,"I worked in Jbm auto gurgaon plant for 1 year 1 month, after that i got transfer to jbm pune plant and got different pf number and employee id, now i completed 4 years 2 months here. I want to end my contract now. 
Am i eligible for gratuity?( Pune, Maharashtra )","I'm 23 &amp; worked as a Social media executive &amp; writer in a startup. My boss is making excuses and refusing to pay back the salary of around 4 months. It's been around 1 year and 10 months, even after several requests and pleas, he isn't paying the salary. Although it's not a big amount, it ranges between 45k-50k. But as a 23-year-old it's a big amount for me. I need my hard-earned money. Pls, advise what should I do? 

Note: It will be helpful if the suggestions are of not too much hassle and within my affordability.( Thane, Maharashtra )","My father worked as driver in KPTCL on 1994  he worked 5 days only then he will not reported to duty because of    he is suffering from health issue and then one year back 29/05/2018 my father is died  so that  we are eligible for taking job from compassionate ground or not . my father no given to resignation letter to department( Shimoga, Karnataka )","Dear Client,Regardless of class or nature of employment, an employee or a worker deserves an experience certificate from his or her employer on the cessation of employment, and denial of that by an employer amounts to unfair labour practice. So, in the given situation, if you are not holding the position of Manager/Supervisor but a workman as defined u/s.2(s) of the Industrial Dispute Act then reach out to the office of the Labour Commissioner concerned for filing a complaint against the employer for redressal of your grievance.","Under the Kerala Shops and Commercial Establishments Act, employees, including daily wage workers, are entitled to receive an experience certificate upon termination of employment. The refusal to provide such a certificate can be challenged as it may constitute an unfair labor practice. You can file a complaint with the local labor commissioner or the labor court in Ernakulam to enforce this right. As a next step, consider sending a formal written request to your employer for the experience certificate, and if they fail to comply, proceed with filing a complaint.",20.3662,4.4379,18.1692,20.6204,84.4515
124,"Dear Sir,Â 

I, Abhijeet Sawant, working as a âSenior Operatorâ (Employee Number N-147) in BEL OPTRONIC DEVICES LTD

In the year 2013 (i.e. on 24th Dec 2013), there was an advertisement related to new recruitment from BEL Optronic Devices Limited in one of the leading Newspaper, âTimes of Indiaâ, as well as on the BEL official website www.bel-india.in 

As per the above mentioned advertisement, application was invited for the post of Technical assistant (pay scale: 5950-290-11920), for which I was eligible as per the eligibility criteria mentioned in that advertisement (copy enclose as ANNEXURE -1).

As per the application procedure mentioned in the advertisement, I had sent my application for the post of âTechnical Assistantâ. I was shortlisted for the written test which was scheduled on 23rd March 2014 in Pune and accordingly received the written exam call letter (copy enclose as ANNEXURE-2).

I had cleared the written exam and shortlisted for Interview for the post of âTechnical Assistantâ. The Interview was scheduled on 23rd April 2014 at BEL Optronic Devices Limited, Pune (copy encloses as ANNEXURE-3).

After few days, I received a call from HR dept. of BEL Optronic Devices Limited, to inform me that I was selected in the Interview for the Post of âTechnical Assistantâ. They also informed me to go for pre employment Medical Test which has to be done at âSassoon Hospital, Puneâ only, for which BEL Optronic devices limited has given me a letter also, which I had to submit in that Hospital to conduct the different Medical Test required by BEL Optronic Devices Limited.

After getting the pre employment Medical Test report, I submitted the same in HR dept. of BEL Optronic Devices Limited. Then, HR dept. has verified my all the original documents along with the âResignation Letterâ, as a mandatory process before joining the Company. On 02-06-2014 HR dept. of BEL Optronic Devices Limited has given me the âAppointment Letterâ (copy enclosed as ANNEXURE-4). In that Appointment letter, Post offered to me was âSenior Operatorâ (pay scale: 5240-180-8800). Senior Operator post is a lower grade post with lower pay scale.

When I object on this and ask to HR dept. about it, they told me that due to some change in Policy, my post is changed from âTechnical Assistantâ to âSenior Operatorâ and if I didnât accept this then my joining will stand cancel. Since I had already resigned from my earlier company, I had no choice other than to accept this offer. 

Since, I didnât get the Post and related pay scale as per advertisement for which I had applied what i can do now to get the post and payscale as per advertisement.( Mumbai, Maharashtra )",RPSR_9837A → MEPS_26 → RPSR_5923A → MEPS_3,RPSR_9837A → MEPS_26 → RPSR_5923A → MEPS_3 → MEPS → notice_period → probation → RPSR,"Widow daughter can get family pension of panchayat taj dept employees.( North 24 Parganas, West Bengal )","I study in an engineering college and now I am in my second year going to start 3rd year in september my college has not given any holidays after semester end examinations and starts the new semester right the next day. This has happened for 4 continuous semesters now . In the academic calendar 1 month holiday is given but now they are going back on their words . Many of my classmates are depressed especially people from hostels who have not gone home.and I don't know what action to take ,pls tell me( Mysore, Karnataka )","I'm working in American MNC ( Concentrix Daksh services India Pvt Ltd) situated in Gurugram, haryana, India. The nature of company is service provider to top clients including global tech giants. And I'm working for one of the world's biggest tech giant (Google TVC ), by providing services in specific project on behalf of above mentioned company (CNX ). So, I came to know that we are offered very less salary as compared to average salary in other regions in world and no where near the average salary of Google. And recently it's highlighted by whistleblower that Google illegally underpaid thousands of workers in many countries breaching pay parity laws. So I need advice in context of that if pay parity laws says in US that Google TVCs ( temporary, vendors and contractual workers ) are entitled to equal compensation. So is it possible to highlight same issue in India as well, and if yes, how to do it and how to get success in receiving the entitled compensation from Google or main company ( cnx), ( which ever is culprit ). I'm adding few links for references and better understanding. https://amp.theguardian.com/technology/2021/sep/10/google-underpaid-workers-illegal-pay-disparity-documents https://payparity.org/( North Delhi, Delhi )","Dear Sir,The description given by you is so lengthy, please make it short and re-submit, as experts have no time to spare as this is free and charity work.","The primary legal issue is a potential breach of contract and misrepresentation by BEL Optronic Devices Limited. Under Indian Contract Act, 1872, if a party enters into a contract based on misrepresentation, the aggrieved party may seek rescission of the contract or specific performance. In this case, the user can argue that the job offer was based on the advertised position of ""Technical Assistant,"" and the subsequent change to ""Senior Operator"" constitutes a breach.

The user can file a complaint with the labor court or approach the Consumer Disputes Redressal Commission, claiming unfair trade practices and seeking redress for the discrepancy between the advertised and offered positions. Additionally, the user should gather all relevant documents, such as the advertisement, correspondence, and appointment letter, to support the claim.",20.3662,4.4379,18.1692,20.6204,84.4515
125,"Hi, I had worked in company A & B. I left company A on lets assume 12th July Morning and joined company B on 12th July. the Date of Exit for A & Date of Joining for B is same i.e 12 July. due to which I am unable to transfer A PF amount to B. Letting go of PF amount is not a solution as the amount is huge, can you suggest what actions can be taken to get both A & B PF Amounts( Mumbai City, Maharashtra )",EPF_6 → EPF_AT_2 → CCS_ME_3 → CCS_ME_5,EPF_6 → EPF_AT_2 → CCS_ME_3 → CCS_ME_5 → provident_fund → gratuity → labour_court → EPF_AT,"Joined TCS Mumbai on 4th June 2021 as consultant with joining bonus. Due to profile mismatch, overtime, verbal harassment and no response from higher management, i resigned and sent an email on 3-Aug (within probation), requesting them to relieve on 31-Aug. They were delaying and asked me to contact this and that person. Later, by 7-Aug, they blocked my laptop access. I could not work within notice period. In offer letter, appointment letter, internal policy - notice period after probation or confirmation only mentioned.
I returned company laptop. Got my salary, variable pay too.
Now after 1.5 years- they have sent me legal notice asking recovery of bonus and 2 months shortfall basic salary, within a week- else legal action. ( No calls or emails- they had my old defunct hotmail ID).meanwhile, i shifted to different city twice, but my phone number was same. Never ever they called me. They used very bad language- ""you had fraudulent intentions to dupe company etc.""

Please advise.( Pune, Maharashtra )","I'm 23 &amp; worked as a Social media executive &amp; writer in a startup. My boss is making excuses and refusing to pay back the salary of around 4 months. It's been around 1 year and 10 months, even after several requests and pleas, he isn't paying the salary. Although it's not a big amount, it ranges between 45k-50k. But as a 23-year-old it's a big amount for me. I need my hard-earned money. Pls, advise what should I do? 

Note: It will be helpful if the suggestions are of not too much hassle and within my affordability.( Thane, Maharashtra )","I work in travel Pvrt ltd company,  at the beginning of vivid our company owner stated to reduce the salary of staff to 50% from April 20 onwards but now he is not responding messages and calls and neither releasing any salary.  As confirmed from clients the work is started since starting of domestic airlines I. e.  May 2020. But now he is not responding me.( East Delhi, Delhi )","Dear Client,When you did not work for employer A on 12th July that means you worked up to 11th July and joined the new Company B on 12th July. So the question of dual employment does not arise. Employer A should deduct the pro rata amount PF Contribution up to 11th July from your salary and Employer B should deduct the PF Contribution from the salary w.e.f. 12th July onwards and both employers should deposit their respective PF contributions with the PF authority accordingly. In view of the above logic that frustrates the concept of dual employment, you should approach the concerned PF authority and both the employer for the regularisation of PF Contributions failing which you may apply before the PF Appellate Tribunal for redressal of your grievance.","The primary issue is the inability to transfer the Provident Fund (PF) due to overlapping exit and joining dates. According to the Employees' Provident Funds and Miscellaneous Provisions Act, 1952, each employee is entitled to transfer their PF account upon changing jobs. Since the dates overlap, the EPFO system may not allow a direct transfer. 

To resolve this, contact the HR departments of both companies to adjust the exit date in Company A or the joining date in Company B, ensuring they are consecutive days. If this is not possible, file a grievance with the EPFO through their online portal or visit the nearest EPFO office to explain the situation and request assistance in processing the transfer.",20.3662,4.4379,18.1692,20.6204,84.4515
126,"I resigned from a psb after facing mental harrasment daily. My resignation was accepted by the bank. Now my boss is threatening me to start a vigilance case against me and not relieve me even after I serve my notice period. I have 20 days left for my notice period. Can they compel me to work if they serve me a show cause. My resignation acceptance had a clause that relieving letter cannot be issued if there is a show cause pending. I am mentally harassed at my workplace everyday and at a point of breaking. Now they are compelling me to either take back my resignation or face enquiry and they will not relieve me. Pls guide.( Kolkata, West Bengal )",MEPS_26 → MEPS_40,MEPS_26 → MEPS_40 → MEPS → notice_period → leave → retrenchment,"Joined TCS Mumbai on 4th June 2021 as consultant with joining bonus. Due to profile mismatch, overtime, verbal harassment and no response from higher management, i resigned and sent an email on 3-Aug (within probation), requesting them to relieve on 31-Aug. They were delaying and asked me to contact this and that person. Later, by 7-Aug, they blocked my laptop access. I could not work within notice period. In offer letter, appointment letter, internal policy - notice period after probation or confirmation only mentioned.
I returned company laptop. Got my salary, variable pay too.
Now after 1.5 years- they have sent me legal notice asking recovery of bonus and 2 months shortfall basic salary, within a week- else legal action. ( No calls or emails- they had my old defunct hotmail ID).meanwhile, i shifted to different city twice, but my phone number was same. Never ever they called me. They used very bad language- ""you had fraudulent intentions to dupe company etc.""

Please advise.( Pune, Maharashtra )","I'm 23 &amp; worked as a Social media executive &amp; writer in a startup. My boss is making excuses and refusing to pay back the salary of around 4 months. It's been around 1 year and 10 months, even after several requests and pleas, he isn't paying the salary. Although it's not a big amount, it ranges between 45k-50k. But as a 23-year-old it's a big amount for me. I need my hard-earned money. Pls, advise what should I do? 

Note: It will be helpful if the suggestions are of not too much hassle and within my affordability.( Thane, Maharashtra )","Dear team
I resigned on 5th July  and my notice period was 3 months, I served till 24th September and as per 3 months notice period my last working day was 2nd October.... But since I had to join other organization on 27th September I sent multiple mails for relieving me just 5 days earlier from my last working day. 

When I didn't get any confirmation I myself sent declaration mail for my last working day as 24th September and also wrote that I am ready to compensate against my remaining notice period as per HR policy. I joined other organization on 27th September but my previous organization intentionally mentioned last working day as 2nd October

After getting relieving also I sent multiple mails for correction of date but didn't get any help

Please suggest what steps can be taken against my previous employer for this unethical behavior...( Udaipur, Rajasthan )","Dear Client,The notice period is a mutual agreement between the employer and the employee. If you have submitted your resignation and your employer has accepted it, both parties are generally expected to abide by the terms of the notice period. According to the Indian labor laws, an employee has the right to resign from their job at any time, and the employer cannot compel them to work beyond the notice period. If the resignation has been accepted by the bank, they cannot force the employee to take back their resignation or face an inquiry. If the employer serves a show cause notice, the employee can respond to it, but they cannot be compelled to work beyond the notice period. If the resignation acceptance had a clause that the relieving letter cannot be issued if there is a show cause pending, the bank cannot issue the relieving letter until the show cause is resolved.","Under Indian employment law, an employer cannot force an employee to withdraw a resignation or continue working beyond the notice period unless there is a contractual obligation or pending disciplinary action that justifies such a demand. The acceptance of your resignation by the bank indicates a mutual agreement to end the employment, subject to the conditions stated in the resignation acceptance. If a show cause notice is issued, it must be responded to appropriately, but it does not automatically invalidate the resignation unless proven misconduct is established.

You should document all instances of harassment and threats, as these could support a complaint under the Industrial Disputes Act, 1947, or other relevant labor laws. Consider sending a formal written response to any show cause notice, clearly stating your position and reiterating your request for a relieving letter. If harassment continues, filing a complaint with the labor commissioner or seeking a legal injunction may be necessary.",20.3662,4.4379,18.1692,20.6204,84.4515
127,"I worked for a big Organization (can't name) where the policy says if I am in bottom quartile, they put me in PIP and on failing this, I would be terminated. My manager had put me under PIP (Performance improvement Plan) with the highest targets. He did not inform me about my performance or even tell me that I would be moved to PIP, I was under impression it happens half yearly but he never informed me it happened every 3 months. He had changed my team, my week offs and even my shift without my consent and I was given the worst team. This person had targeted me with unrealistic targets.
I complained to my HR but he said, the manager decides that, I spoke to the external career counselor who was mentoring my records, she said the same. 
Now if the manager has this power to decide the targets why did he set the highest targets for me ?
I complaint to the Employee relation team but got nothing on my favor. they terminated me stating I did not meet the targets. 
I was devastated and wrote another email to the owner of the Company, (He is one of the richest person in world) His team replied after 15 days that none of my complaints have proved out to be favorable.

Now I am unemployed since an year and they have blacklisted me.
I wish to know how to address this and what are the laws regarding these filthy practices of termination. 
Also, if I would file a complaint against my manager for mental harassments would Indian law answer me in my favor? Any chance of winning the case?

I BEG LAWYERS TO KINDLY HELP ME( Bangalore, Karnataka )",IDA_2A → ESI_73,IDA_2A → ESI_73 → PROC_ESI_CLAIM → Industrial Disputes Act 1947 → wrongful_termination → PROC_WRONGFUL_TERMINATION,"Joined TCS Mumbai on 4th June 2021 as consultant with joining bonus. Due to profile mismatch, overtime, verbal harassment and no response from higher management, i resigned and sent an email on 3-Aug (within probation), requesting them to relieve on 31-Aug. They were delaying and asked me to contact this and that person. Later, by 7-Aug, they blocked my laptop access. I could not work within notice period. In offer letter, appointment letter, internal policy - notice period after probation or confirmation only mentioned.
I returned company laptop. Got my salary, variable pay too.
Now after 1.5 years- they have sent me legal notice asking recovery of bonus and 2 months shortfall basic salary, within a week- else legal action. ( No calls or emails- they had my old defunct hotmail ID).meanwhile, i shifted to different city twice, but my phone number was same. Never ever they called me. They used very bad language- ""you had fraudulent intentions to dupe company etc.""

Please advise.( Pune, Maharashtra )","I resigned from the company and had cleared all the exit formalities also I have served the notice period, submitted all the assets and completed all the exit procedures. But during my Full and Final settlement company sent me recovery letter stating that I have to pay company dues for using the leaves benefit which the company has provided or else the legal action will be taken. Going through the company policy I found that there is no such line mentioned about leave recovery during the employee's exit. When I asked for clarification from the HR, there is no response from them regarding this. I have sent multiple reminders stating clarification but there is no response. What do I do in this case? How can I go legally in this matter since there is no reply from company's side?( Thane, Maharashtra )","I'm 23 &amp; worked as a Social media executive &amp; writer in a startup. My boss is making excuses and refusing to pay back the salary of around 4 months. It's been around 1 year and 10 months, even after several requests and pleas, he isn't paying the salary. Although it's not a big amount, it ranges between 45k-50k. But as a 23-year-old it's a big amount for me. I need my hard-earned money. Pls, advise what should I do? 

Note: It will be helpful if the suggestions are of not too much hassle and within my affordability.( Thane, Maharashtra )","Dear Client,If you really believe that it was a wrongful termination then what you can do is to send the company and the manager a legal notice through a lawyer and post there reply you can also initiate a legal case against them for compensation.","The primary legal issue here is wrongful termination, potentially involving unfair labor practices under the Industrial Disputes Act, 1947. If you qualify as a ""workman"" under Section 2(s) of the Act, you can file a complaint with the Labour Commissioner alleging unfair dismissal and seek reinstatement or compensation. If not, you may need to approach a Civil Court for breach of contract or pursue a defamation claim if blacklisting can be proven.

You cannot directly sue for mental harassment unless it falls under specific provisions of workplace harassment laws, but you can include it as a factor in your wrongful termination claim. As a next step, gather all documentation related to your employment, performance reviews, and communications with HR. Then, consult a labor law attorney to draft a legal notice to the organization and potentially file a complaint with the appropriate labor authority.",20.3662,4.4379,18.1692,20.6204,84.4515
128,"I leave company after joining 4 days then got call from HR .I talk with my problem and said I will not come.but still they credited 2 month of salary in my account.I drop them mail saying that amount is crediting to my account.Now they are given me the threat of legal action if I don't give money back (amount is less than 1 lac) .I have all mail stated that I communicated to the company + informing about money credited .what should I do( Pune, Maharashtra )",MBA_10 → FA_79 → SPE_4 → MTW_24,MBA_10 → FA_79 → SPE_4 → MTW_24 → leave → SPE → wages → MTW,"Joined TCS Mumbai on 4th June 2021 as consultant with joining bonus. Due to profile mismatch, overtime, verbal harassment and no response from higher management, i resigned and sent an email on 3-Aug (within probation), requesting them to relieve on 31-Aug. They were delaying and asked me to contact this and that person. Later, by 7-Aug, they blocked my laptop access. I could not work within notice period. In offer letter, appointment letter, internal policy - notice period after probation or confirmation only mentioned.
I returned company laptop. Got my salary, variable pay too.
Now after 1.5 years- they have sent me legal notice asking recovery of bonus and 2 months shortfall basic salary, within a week- else legal action. ( No calls or emails- they had my old defunct hotmail ID).meanwhile, i shifted to different city twice, but my phone number was same. Never ever they called me. They used very bad language- ""you had fraudulent intentions to dupe company etc.""

Please advise.( Pune, Maharashtra )","I'm 23 &amp; worked as a Social media executive &amp; writer in a startup. My boss is making excuses and refusing to pay back the salary of around 4 months. It's been around 1 year and 10 months, even after several requests and pleas, he isn't paying the salary. Although it's not a big amount, it ranges between 45k-50k. But as a 23-year-old it's a big amount for me. I need my hard-earned money. Pls, advise what should I do? 

Note: It will be helpful if the suggestions are of not too much hassle and within my affordability.( Thane, Maharashtra )","Dear team
I resigned on 5th July  and my notice period was 3 months, I served till 24th September and as per 3 months notice period my last working day was 2nd October.... But since I had to join other organization on 27th September I sent multiple mails for relieving me just 5 days earlier from my last working day. 

When I didn't get any confirmation I myself sent declaration mail for my last working day as 24th September and also wrote that I am ready to compensate against my remaining notice period as per HR policy. I joined other organization on 27th September but my previous organization intentionally mentioned last working day as 2nd October

After getting relieving also I sent multiple mails for correction of date but didn't get any help

Please suggest what steps can be taken against my previous employer for this unethical behavior...( Udaipur, Rajasthan )",If you got advance salary then Ur duty to return it,"The legal issue here is unjust enrichment and potential breach of contract. Under Indian Contract Act, 1872, specifically Section 72, if money is paid by mistake, it must be returned to the payer. Since you have acknowledged the receipt of the salary and communicated the mistake to the company, you are legally obligated to return the amount.

You should promptly return the credited salary to the company to avoid any legal action for unjust enrichment. Additionally, maintain all communication records as evidence of your good faith actions. If the company persists with threats, consider consulting a local attorney to address any further claims they may have.",20.3662,4.4379,18.1692,20.6204,84.4515
129,"Eiilm University generate my migration without to take previous migration or transfer certificate . Is there any problem if I use eiilm University's migration?( Bundi, Rajasthan )",GST_139 → GST_154 → ESI_45C → HAMA_8,GST_139 → GST_154 → ESI_45C → HAMA_8 → HAMA → GST → Employees State Insurance Act 1948 → GST_120,"I worked in Jbm auto gurgaon plant for 1 year 1 month, after that i got transfer to jbm pune plant and got different pf number and employee id, now i completed 4 years 2 months here. I want to end my contract now. 
Am i eligible for gratuity?( Pune, Maharashtra )","Widow daughter can get family pension of panchayat taj dept employees.( North 24 Parganas, West Bengal )","In my graduation 3rd year marksheet my date of birth 21-jun-1993, seen 21-jun-1983 from distance, but actual it 21-jun-1993 when seen by lens, in 1993 third digit 9 is likely shaped birthday candel 9, and shape is likely 9,. Qr code represent 21-jun-1993 also. 
Please suggest me that ...should I do apply reprint in University or not? Is there any problem in govt job?( Bundi, Rajasthan )",I do not think there should be any problem. You can freely use it.,"The primary legal issue is whether Eiilm University can issue a migration certificate without obtaining the previous migration or transfer certificate. According to university regulations and the University Grants Commission (UGC) guidelines, a migration certificate should typically be issued only after the student has submitted the previous institution's migration or transfer certificate. Using a migration certificate issued without fulfilling these requirements could potentially lead to administrative issues or rejection by other institutions.

Legally, you should not use the migration certificate from Eiilm University if it was issued improperly. The next step is to contact Eiilm University to verify the legitimacy of the migration certificate and rectify any procedural errors by providing the necessary previous documents. Additionally, consult the UGC guidelines or the university's regulations for further clarification on the process.",20.3662,4.4379,18.1692,20.6204,84.4515
130,"i have a carrer service overlap for 11 days in my past after that i have changed two comapnies and had a clear history of 3 years. however, now i m not able to find a job switch due to glitch . kindly suggest me on this. i tried all the alternatives from my side.

Scenario: I have reached out to the PF office and requested them to change the date of exit - now my question is, even if PF commissioner or pf authoritative agreed to change the date in pf . how to handle the date conflict in relieving letter.?

Company is not ready to change the date in the relieving letter but if I change the date PF exit date. it will be again an another problem right . how to handle this ? KIndly suggest me( Bangalore, Karnataka )",MEPS_26 → MEPS_40 → PGA_7 → EPF_7D,MEPS_26 → MEPS_40 → PGA_7 → EPF_7D → labour_court → Payment of Gratuity Act 1972 → MEPS → gratuity,"I'm 23 &amp; worked as a Social media executive &amp; writer in a startup. My boss is making excuses and refusing to pay back the salary of around 4 months. It's been around 1 year and 10 months, even after several requests and pleas, he isn't paying the salary. Although it's not a big amount, it ranges between 45k-50k. But as a 23-year-old it's a big amount for me. I need my hard-earned money. Pls, advise what should I do? 

Note: It will be helpful if the suggestions are of not too much hassle and within my affordability.( Thane, Maharashtra )","I worked in Jbm auto gurgaon plant for 1 year 1 month, after that i got transfer to jbm pune plant and got different pf number and employee id, now i completed 4 years 2 months here. I want to end my contract now. 
Am i eligible for gratuity?( Pune, Maharashtra )","Joined TCS Mumbai on 4th June 2021 as consultant with joining bonus. Due to profile mismatch, overtime, verbal harassment and no response from higher management, i resigned and sent an email on 3-Aug (within probation), requesting them to relieve on 31-Aug. They were delaying and asked me to contact this and that person. Later, by 7-Aug, they blocked my laptop access. I could not work within notice period. In offer letter, appointment letter, internal policy - notice period after probation or confirmation only mentioned.
I returned company laptop. Got my salary, variable pay too.
Now after 1.5 years- they have sent me legal notice asking recovery of bonus and 2 months shortfall basic salary, within a week- else legal action. ( No calls or emails- they had my old defunct hotmail ID).meanwhile, i shifted to different city twice, but my phone number was same. Never ever they called me. They used very bad language- ""you had fraudulent intentions to dupe company etc.""

Please advise.( Pune, Maharashtra )","Dear Sir,PF  PROVIDENT FUNDHow to solve the two UAN problem?Note that each person should have only one UAN number (like PAN), hence if you have multiple UAN, itâs not allowed and creates problem in the EPF system, because is no proper track. Hence, as soon as you come to know that there are multiple UAN assigned to you, you should cancel one of the UAN (mostly the old UAN) or should try to deactivate one of themProcess to deactivate old UANStep #1 â The first step if that you should start the EPF transfer for all the EPFâs which are not under the latest UAN generated. This can be done using the OTCP portal of EPFO . I am not going in details here, but first you need to make sure all the old EPFâs are transferred and linked to the new UAN.Step #2 â In the next step, the EPFO system will automatically identify those UAN for which the EPF transfers have happened and completed. Once they find the idle UAN, they will automatically deactivate that UAN. You donât have to do anything here. This deactivation process will take place from time to time as per decision taken by EPFO. Once the deactivation happens, your old member id (your old EPF accounts) will be linked to new UAN.If you are already sure that your past UAN does not have the EPF linked to them, then you can mail your old UAN number along with recent UAN to your employer and to[emailÂ protected]. They will verify your UANâs status and deactivate the old UAN.How To Merge Two Uan EPF AccountsWhat is UAN?Universal Account Number (UAN) is a unique 12-digit number that is given to each member of the Employeesâ Provident Fund Organisation (EPFO). With the help of the UAN, PF members can easily manage their accounts. The Ministry of Employment and Labour under the guidance of the Government of India issues UAN to PF members. Irrespective of the organisation they work in, all Provided Fund (PF) information can be accessed in one place by PF members with the help of UAN.In earlier days, whenever an individual would join a new organization, he would be given a new PF account number. This made it difficult to keep a check on the updated PF balance. It was also difficult to track activities related to pay change and employees would find it challenging to check PF contribution against the updated pay. To tackle such issues, the UAN was introduced.UAN is a universal number that helps members to gather all the PF accounts linked to multiple IDs of various organizations in one place. By using UAN, the employee can withdraw and also transfer funds in the PF account.More Information on UANâ¢	The UAN is a unique number provided to all employees enrolled for PF benefit. This number is independent of employers and hence does not change even if an employee changes job.â¢	The employer can validate an employee by using his UAN in case KYC documents have been verified.â¢	Since the UAN facility is available online for all employees, no employer can deduct or hold off an employeeâs PF.â¢	An employee can validate the PF deposit made by the employer every month. He/she has to register as an EPF Member on the Portal by using the UAN provided.â¢	EPF passbook access is available through SMS. One can send EPFOHO UAN ENG to 7738299899 from the mobile number that has been registered with the EPFO.How to register the UAN?Here are a few easy steps to be followed for registering the UAN:â¢	Go to the EPF Member Portal.â¢	Click on âActivate UANââ¢	Enter all the information around UAN, such as member id, mobile number, Aadhaar, PAN, name, date of birth and e-mail idâ¢	Select âGet Authorization PINâ to fetch the PIN on the registered mobile numberâ¢	Provide this PIN for verifying the request.â¢	Set up a username and password on the UAN portal for future use.Common Reasons for Allotment of Two UANsIf an employee changes his job, a new EPF account is set up by the new organisation. All existing EPF accounts are auto-linked with the UAN of the employee. Hence, there are high chances that a new UAN is allotted to the employee at the time of moving between jobs. There could be multiple reasons for allotment of new UAN. Listed here are some of the common reasons:â¢	In case an employee has not disclosed his previous UAN â In case an employee changes his job, he must make sure to disclose his existing UAN and EPF account number (Member ID) to the new employer. In absence of disclosure of this information, the employer may open a fresh PF account along with a new UAN.â¢	Non-disclosure of âDate of Exitâ by the previous employer â During the process of EPF transfer to the new employer, the old employer must mention the date of exit in the ECR (Electronic Challan and Return). In case of the absence of this information promptly, the new organisation may allot a new UAN to the employee.Consequences of Holding Two UANsTwo active UANs is not permitted by law and is against the rules. A member must have only one UAN with all the EPF accounts linked to it. EPF accounts cannot be transferred among employees. However, an employee who has two UANs can request for his EPF account to be transferred from one UAN to another and ask his previous UAN to be closed. Thus, an EPF account linked with one UAN will have to be compulsorily transferred to another EPF account linked with a separate UAN.What Should an Employee Do?In recent years, there have been multiple cases of employees assigning different UANs (Universal Account Number) to employees. According to EPF rules, an individual should have only one UAN at any given point of time. The employeeâs EPF account must be linked to his UAN. In case he/she has been assigned two UANs, the previous one must be deactivated at the earliest.Two Methods to Merge Two UAN EPF AccountsEmployees who have been incorrectly allotted two UANs must get one of them deactivated (normally, the previous one). There are two ways of getting the UAN deactivated and the EPF account transferred to the correct and active UAN. Mentioned below are the two commonly used methods:Method 1â¢	Reach out to your employer or EPFO and report the issue at the earliestâ¢	You can write an email to[emailÂ protected]stating about your current and previous UANâ¢	EPFO will begin verification on the issue once it gets notified about the issueâ¢	Your previous UAN is then blocked and the existing UAN remains activeâ¢	After this, you have to submit a claim for transferring the EPF account (linked with the blocked UAN) to the new active account.This process can be time-consuming and the general resolution rate is said to be very low. Thus, EPFO has set up a new procedure which is expected to make things easier for a member. It will especially be helpful while merging two UANs and transferring EPF easily. Here is the new method which can be used by an employee with two UANs:Method 2â¢	After thorough identification, old UAN will be deactivated by EPFO once the transfer of the EPF to the new UAN is completeâ¢	Thus, the old UANs will be blocked automatically and an employeeâs previous member ID will be linked to the new or existing UANâ¢	SMS notification is sent for the deactivation to the employeeâs registered mobile numberâ¢	If the employee has been unable to activate his new UAN, he will be notified to activate it at the earliest to receive the status update of the accountâ¢	There could be instances where the employee gets PF arrears from the previous employer. In such situations, the arrear is credited to the new PF account which is linked with the new UAN.Advantages of UAN for EmployeesMinimum Employer Involvement in PF withdrawals:  With the presence of UAN, the employer involvement is significantly reduced since the PF accumulation from the old organization is auto-transferred to the new PF account after completion of KYC verification.No Need for Fund Transfer: An employee must furnish his UAN details and KYC to the new employer for transferring the old PF balance to the new PF account post verification.Manage via SMS Alerts: Employees will receive SMS as soon as a contribution is made by the employer towards PF. This is provided, the employee has registered on the UAN portal.How to use UAN for PF Transfer?The Employeesâ Provident Fund Organisation (EPFO) constantly takes several measures to make the operation of EPF accounts easier for both the employer and employees. To keep up with the technological advancements, EPFO is constantly striving towards streamlining of processes about online EPF. This is especially applicable to PF transfer and withdrawal of PF which are considered to be tedious and time-consuming processes.EPFO introduced Universal Account Number (UAN), which is the blanket number for multiple Member Ids given to an individual by various employers. UAN allows the linking of multiple EPF Accounts (Member Id) provided to a single EPF member. It offers a range of services such as dynamically updated UAN card, updated PF passbook including all transfer-in details, facility to link previous membersâ ID with present ID, monthly SMS regarding credit of contribution in PF account and facility for auto-triggering transfer request on change of employment.Till recently, PF transfer could be done online by going to the âOnline Transfer Claim Portalâ. However, with the introduction of UAN, the transfer process has been revised and shifted under the âunified portalâ. For online PF transfer, here are some of the important points to note:â¢	An EPF member must have activated his UAN on the UAN portal and the registered mobile number used for activation should be in an active state.â¢	The Bank account number and IFSC code of the employee's bank account must be updated against the UAN. Updated Aadhar number and PAN is not mandatory for PF transfer requests.â¢	The employer must approve the e-KYC for transfer to be executed.â¢	The previous/current employer must have digitally registered authorized signatories on EPFO portal.â¢	PF account number related to previous and current employment of an employee should be updated in EPFO database.â¢	Single transfer requests per member ID can be accepted.FAQs1. What if I have two UAN numbers? Does it impact my EPF balance or transfer in any way?Two different UAN numbers for one employee is not accepted and is against the rules. If you happen to change jobs and move between organizations, you must request for transfer of PF account at the earliest.2. What is the expected timeline for merging two EPF accounts?It normally takes around 20 days from the date of the request to transfer one EPF account to the other.3. Is Form 13 a prerequisite for UAN transfer?Employees working in the corporate sector are required to submit Form 13 for EPF transfer to their new PF account at the time of job change.4. How is Form 13 used?Form 13 is primarily used for the transfer of Provident Fund from one account to another. Employees have to submit this form to their employers, upon which, the latter have to verify and approve the details furnished.","The primary legal issue here is the discrepancy between the date of exit in the PF records and the date on the relieving letter, which may affect employment prospects. Under the Employees' Provident Funds and Miscellaneous Provisions Act, 1952, the PF Commissioner has the authority to correct clerical errors in PF records. However, the company is not legally obligated to alter the date on the relieving letter if it accurately reflects their records.

To address this, consider requesting a formal statement from the company acknowledging the overlap as an administrative error, which can be presented to potential employers. Alternatively, consult with an employment lawyer to explore legal options for compelling the company to amend the records if the error is impacting your career.",20.3662,4.4379,18.1692,20.6204,84.4515
131,"Dear sir
After completion of my diploma,I joined in one private company.by managing working hours I completed my B tech( full time)..after that I joined in one PSU( diploma base not btech base)...my doubt is sir,if anybody files a case on me regarding doing full time degree while working...what will happen to my present job(which is diploma based job)..( Rajahmundry, Andhra Pradesh )",EC_RULES_35 → EPF_AT_22 → MEPS_2 → MEPS_21,EC_RULES_35 → EPF_AT_22 → MEPS_2 → MEPS_21 → MEPS → working_hours → labour_court → EPF_AT,"I work in travel Pvrt ltd company,  at the beginning of vivid our company owner stated to reduce the salary of staff to 50% from April 20 onwards but now he is not responding messages and calls and neither releasing any salary.  As confirmed from clients the work is started since starting of domestic airlines I. e.  May 2020. But now he is not responding me.( East Delhi, Delhi )","I worked in Jbm auto gurgaon plant for 1 year 1 month, after that i got transfer to jbm pune plant and got different pf number and employee id, now i completed 4 years 2 months here. I want to end my contract now. 
Am i eligible for gratuity?( Pune, Maharashtra )","I'm 23 &amp; worked as a Social media executive &amp; writer in a startup. My boss is making excuses and refusing to pay back the salary of around 4 months. It's been around 1 year and 10 months, even after several requests and pleas, he isn't paying the salary. Although it's not a big amount, it ranges between 45k-50k. But as a 23-year-old it's a big amount for me. I need my hard-earned money. Pls, advise what should I do? 

Note: It will be helpful if the suggestions are of not too much hassle and within my affordability.( Thane, Maharashtra )","Dear Sir,You may not face any problem better contact any advocate and get acquire some documents from the said company about your timings.Thanks.","The primary legal issue is whether pursuing a full-time degree while employed violates any employment contract or company policy. In India, there is no specific law prohibiting an employee from pursuing further education while working, unless explicitly restricted by the employment contract or company policy. As such, your current job, which is based on your diploma, should not be affected unless your employment agreement specifically prohibits such actions.

To safeguard your position, review your employment contract and company policies for any clauses related to pursuing further education. If no such restrictions exist, you are generally safe from legal repercussions. If concerns arise, consult with an employment lawyer to ensure compliance with any specific terms or conditions of your employment.",20.3662,4.4379,18.1692,20.6204,84.4515
132,"I signed a contract of 1 month online freelancing project but company looks fake? Can they charge me (it is written in agreement) for not completing my assigned work?( Pune, Maharashtra )",MHA_7 → SRA_20A → CCS_ME → FIN_A_39,MHA_7 → SRA_20A → CCS_ME → FIN_A_39 → FIN_A → MHA → Specific Relief Act 1963 → FIN_A_112,"Sir,
I am a student in need of money so I decided to do a part time job for online data entry company.
They gave me 700 forms to do in 6 days. After the 3rd day the server on which they asked me to fill forms showed errors constantly,and soon after my Id was blocked. They said that my login and logout differed so my id got blocked. Then they asked me to pay 3999 to restore it. I did. Then the id did not resume for another 2 days. And the deadline passed again. When I asked them they said it was my net error and made me pay 3999 again. They said this was refundable with my salary and sent me an email confirming this too. Now I have completed 698 forms and error has occurred again. And I cant acess the account again. Now they ate not picking up my calls when I want to talk to them regarding this( Visakhapatnam, Andhra Pradesh )","Widow daughter can get family pension of panchayat taj dept employees.( North 24 Parganas, West Bengal )","In my last job, I'll join through a third party hiring company, after resignation, i am not able to serve the last 5 days in a notice period. Now the HR of the company was not responding to my calls, when I called to that third party hiring company customer care they're saying your FNF was processed, but I'll not receive that money in my bank account. Is there any way that get my salary. Please give any solution for this situation.( Vijayawada, Andhra Pradesh )","Dear Client,In the given situation, if you can prove that the company is fake then the condition of the agreement is not enforceable being infructuous otherwise for breach of terms of contract /agreement, the company can claim compensation towards damages or financial loss from you for breach of contract and non-completion of assigned job within the time frame. However, in case of any dispute, you may reach out to the office of the concerned Labour Commissioner for redressal of disputes.","If the company appears fraudulent, the agreement may be voidable due to misrepresentation or fraud under the Indian Contract Act, 1872. The company cannot legally enforce penalties for non-completion if they are engaging in fraudulent activities. Verify the company's legitimacy by checking their registration details and any available reviews or complaints.

Next steps: File a police complaint if fraud is suspected and gather all communications and documents related to the project. Consider sending a legal notice to the company disputing any claims for penalties and asserting the contract's invalidity.",20.3662,4.4379,18.1692,20.6204,84.4515
133,"HiI have been working for a private company - SleepyCat for 4.6 years. My joining date is 6th Oct 2018. But we got to know and it was informed to us in Jan 2023 that the company is relocating to Gurgaon and we were given two options naturally either to relocate with the company or resign. I chose the latter and am planning to formally resign in April considering my 2 months notice which will end on May 31st. I want to know if I can challenge or claim gratuity for 4.7yrs of employment with the company under the above scenario or circumstance  as I am left with no option but to discontinue with the company due to personal reasons. ( with no job offer at hand)Please help so I can tender my resignation and approach the firm legally.( Thane, Maharashtra )",PGA_4 → PGA_7 → CCS_ME_3 → MEPS_17,PGA_4 → PGA_7 → CCS_ME_3 → MEPS_17 → gratuity → Payment of Gratuity Act 1972 → MEPS → PROC_GRATUITY_CLAIM,"Joined TCS Mumbai on 4th June 2021 as consultant with joining bonus. Due to profile mismatch, overtime, verbal harassment and no response from higher management, i resigned and sent an email on 3-Aug (within probation), requesting them to relieve on 31-Aug. They were delaying and asked me to contact this and that person. Later, by 7-Aug, they blocked my laptop access. I could not work within notice period. In offer letter, appointment letter, internal policy - notice period after probation or confirmation only mentioned.
I returned company laptop. Got my salary, variable pay too.
Now after 1.5 years- they have sent me legal notice asking recovery of bonus and 2 months shortfall basic salary, within a week- else legal action. ( No calls or emails- they had my old defunct hotmail ID).meanwhile, i shifted to different city twice, but my phone number was same. Never ever they called me. They used very bad language- ""you had fraudulent intentions to dupe company etc.""

Please advise.( Pune, Maharashtra )","I'm 23 &amp; worked as a Social media executive &amp; writer in a startup. My boss is making excuses and refusing to pay back the salary of around 4 months. It's been around 1 year and 10 months, even after several requests and pleas, he isn't paying the salary. Although it's not a big amount, it ranges between 45k-50k. But as a 23-year-old it's a big amount for me. I need my hard-earned money. Pls, advise what should I do? 

Note: It will be helpful if the suggestions are of not too much hassle and within my affordability.( Thane, Maharashtra )","Dear team
I resigned on 5th July  and my notice period was 3 months, I served till 24th September and as per 3 months notice period my last working day was 2nd October.... But since I had to join other organization on 27th September I sent multiple mails for relieving me just 5 days earlier from my last working day. 

When I didn't get any confirmation I myself sent declaration mail for my last working day as 24th September and also wrote that I am ready to compensate against my remaining notice period as per HR policy. I joined other organization on 27th September but my previous organization intentionally mentioned last working day as 2nd October

After getting relieving also I sent multiple mails for correction of date but didn't get any help

Please suggest what steps can be taken against my previous employer for this unethical behavior...( Udaipur, Rajasthan )","Dear Sir,4years 240 days is enough for claiming gratuity.https://www.linkedin.com/pulse/employee-benefits-india-payment-gratuity-what-himachali-gphr/https://www.linkedin.com/pulse/gratuity-required-complete-5-years-continuous-service-rahul-kumar/\\\""As per Madras High Court judgement in a case of Mettur Beardsell Limited [represented by its Personal Manager], Madras v/s Regional Labour Commissioner [Central Authority under the Payment of Gratuity Act, 1972], Madras, it has been stated that if an employee has rendered continuous service of 240 days in the fifth year of service then for the purpose of calculation of gratuity, it must be considered as if he has completed FIVE years of continuous service.\\\""","Under the Payment of Gratuity Act, 1972, an employee is eligible for gratuity after completing five years of continuous service. Since your tenure is 4.6 years, you do not meet the statutory requirement for gratuity eligibility. However, some companies may have internal policies that provide gratuity benefits under different terms, so reviewing your employment contract and company policy is advisable.

You cannot legally claim gratuity under the Act given your current service duration. Consider negotiating with your employer for any severance benefits or checking if the company policy offers any exceptions. If the company refuses to provide any benefits, your legal recourse is limited unless there is a breach of contract or company policy.",20.3662,4.4379,18.1692,20.6204,84.4515
134,"Respect Sir, 

I have bean working in City Union Bank for the past 4 years. Now I have planned to quit. Now my employer is asking me to play 35,000/- for training which they gave me. I think this is wrong as I have served them for 4 years. Please let me know what I should be doing now. 

Thanks, 
Kamal Kannan S( Chennai, Tamil Nadu )",CCS_ME → M_C_MEHTA_CHILD_LABOUR_1996 → EC_RULES_74 → KSEA_25,"CCS_ME → M_C_MEHTA_CHILD_LABOUR_1996 → EC_RULES_74 → KSEA_25 → Kerala Shops and Commercial Establishments Act, 1960 → ART_24 → EC_RULES → CCS_ME_5","I'm 23 &amp; worked as a Social media executive &amp; writer in a startup. My boss is making excuses and refusing to pay back the salary of around 4 months. It's been around 1 year and 10 months, even after several requests and pleas, he isn't paying the salary. Although it's not a big amount, it ranges between 45k-50k. But as a 23-year-old it's a big amount for me. I need my hard-earned money. Pls, advise what should I do? 

Note: It will be helpful if the suggestions are of not too much hassle and within my affordability.( Thane, Maharashtra )","Joined TCS Mumbai on 4th June 2021 as consultant with joining bonus. Due to profile mismatch, overtime, verbal harassment and no response from higher management, i resigned and sent an email on 3-Aug (within probation), requesting them to relieve on 31-Aug. They were delaying and asked me to contact this and that person. Later, by 7-Aug, they blocked my laptop access. I could not work within notice period. In offer letter, appointment letter, internal policy - notice period after probation or confirmation only mentioned.
I returned company laptop. Got my salary, variable pay too.
Now after 1.5 years- they have sent me legal notice asking recovery of bonus and 2 months shortfall basic salary, within a week- else legal action. ( No calls or emails- they had my old defunct hotmail ID).meanwhile, i shifted to different city twice, but my phone number was same. Never ever they called me. They used very bad language- ""you had fraudulent intentions to dupe company etc.""

Please advise.( Pune, Maharashtra )","I work in travel Pvrt ltd company,  at the beginning of vivid our company owner stated to reduce the salary of staff to 50% from April 20 onwards but now he is not responding messages and calls and neither releasing any salary.  As confirmed from clients the work is started since starting of domestic airlines I. e.  May 2020. But now he is not responding me.( East Delhi, Delhi )",Please ask them to show the provision from the HR policy or employment contract where it is mentioned that while quitting the employee will have to pay the training fee. If they show you something like that then take it to a lawyer and challenge that in court of law.,"The key legal issue is whether the demand for repayment of training costs is enforceable. Under Indian contract law, such a demand is generally enforceable only if there was a clear, written agreement specifying the repayment obligation for training costs if you leave the company within a certain period. If no such agreement exists, the demand may not be legally valid.

Review your employment contract and any training agreements for clauses about training cost recovery. If no such clause exists, send a formal letter to your employer disputing the demand. If the clause exists but you believe it is unreasonable, consider negotiating with your employer or consulting with a legal professional to explore options for contesting it.",20.3662,4.4379,18.1692,20.6204,84.4515
135,"I have been terminated from my company on behavioral issues. I was not even given a chance to represent myself. So firing under misconduct is also illegal. They fired me on 24th Feb and they are not paying me salary of Feb neither they have given me any exit documents( Pune, Maharashtra )",IDA_17B → EPF_12 → ESI_72 → ISM_12,IDA_17B → EPF_12 → ESI_72 → ISM_12 → wages → Industrial Disputes Act 1947 → ISM → Employees State Insurance Act 1948,"I'm 23 &amp; worked as a Social media executive &amp; writer in a startup. My boss is making excuses and refusing to pay back the salary of around 4 months. It's been around 1 year and 10 months, even after several requests and pleas, he isn't paying the salary. Although it's not a big amount, it ranges between 45k-50k. But as a 23-year-old it's a big amount for me. I need my hard-earned money. Pls, advise what should I do? 

Note: It will be helpful if the suggestions are of not too much hassle and within my affordability.( Thane, Maharashtra )","I am working in a Pvt Ltd Biotechnology company &amp; signed a bond for 5 years. But the work pressure &amp; environment is so toxic and painful. Even I am forced to work everyday approximately 10-12 hours which includes holidays &amp; weekly offs since 1.8 years. When I have resigned recently, they are not ready to relive me and asked me that they have trained me on work and I can's leave. However as a experienced person I haven't learned a single new thing from this organization whereas I have trained their fresher to work properly. What is the legal rights for me to sue the company and get relieve smoothly ?( Bhubaneswar, Orissa )","Joined TCS Mumbai on 4th June 2021 as consultant with joining bonus. Due to profile mismatch, overtime, verbal harassment and no response from higher management, i resigned and sent an email on 3-Aug (within probation), requesting them to relieve on 31-Aug. They were delaying and asked me to contact this and that person. Later, by 7-Aug, they blocked my laptop access. I could not work within notice period. In offer letter, appointment letter, internal policy - notice period after probation or confirmation only mentioned.
I returned company laptop. Got my salary, variable pay too.
Now after 1.5 years- they have sent me legal notice asking recovery of bonus and 2 months shortfall basic salary, within a week- else legal action. ( No calls or emails- they had my old defunct hotmail ID).meanwhile, i shifted to different city twice, but my phone number was same. Never ever they called me. They used very bad language- ""you had fraudulent intentions to dupe company etc.""

Please advise.( Pune, Maharashtra )","Hello Sir,In case the reasons are unjust, the employee has the right to conduct an inquiry against the unjust treatment. The employee can send a legal notice to the employer in case of such unjust termination. The employee can finally move the Labor Court, in case no relief is provided from the employer.","Under the Industrial Disputes Act, 1947, an employee has the right to be heard before termination, especially if it is based on alleged misconduct. The failure to provide an opportunity for representation may constitute a violation of principles of natural justice. The user can file a complaint with the Labour Commissioner or approach the Industrial Tribunal for wrongful termination and recovery of unpaid wages. It is advisable to first send a legal notice to the company demanding payment of the outstanding salary and issuance of exit documents. If the company does not comply, proceed with filing a formal complaint.",20.3662,4.4379,18.1692,20.6204,84.4515
136,"I have worked in an organziation for 4 years have been a top perfomrer, have reisgned in august notice period was 90 days..have served all 90 dsys submitted assets on last day mentioned today is my lwd based on ur request to serve 90 days they didnt release me till date and now they are saying i was doing dual employment..i joined another firm after 90 days on contractual basis coz i have to take care of my family..and its decemebr they havnt yet given me relieving ketter and are stating that we will give u termination( Gurgaon, Haryana )",MEPS_26 → MEPS_40 → PGA_7 → EPF_7D,MEPS_26 → MEPS_40 → PGA_7 → EPF_7D → labour_court → PROC_GRATUITY_CLAIM → Payment of Gratuity Act 1972 → gratuity,"Joined TCS Mumbai on 4th June 2021 as consultant with joining bonus. Due to profile mismatch, overtime, verbal harassment and no response from higher management, i resigned and sent an email on 3-Aug (within probation), requesting them to relieve on 31-Aug. They were delaying and asked me to contact this and that person. Later, by 7-Aug, they blocked my laptop access. I could not work within notice period. In offer letter, appointment letter, internal policy - notice period after probation or confirmation only mentioned.
I returned company laptop. Got my salary, variable pay too.
Now after 1.5 years- they have sent me legal notice asking recovery of bonus and 2 months shortfall basic salary, within a week- else legal action. ( No calls or emails- they had my old defunct hotmail ID).meanwhile, i shifted to different city twice, but my phone number was same. Never ever they called me. They used very bad language- ""you had fraudulent intentions to dupe company etc.""

Please advise.( Pune, Maharashtra )","I'm 23 &amp; worked as a Social media executive &amp; writer in a startup. My boss is making excuses and refusing to pay back the salary of around 4 months. It's been around 1 year and 10 months, even after several requests and pleas, he isn't paying the salary. Although it's not a big amount, it ranges between 45k-50k. But as a 23-year-old it's a big amount for me. I need my hard-earned money. Pls, advise what should I do? 

Note: It will be helpful if the suggestions are of not too much hassle and within my affordability.( Thane, Maharashtra )","I am working in a Pvt Ltd Biotechnology company &amp; signed a bond for 5 years. But the work pressure &amp; environment is so toxic and painful. Even I am forced to work everyday approximately 10-12 hours which includes holidays &amp; weekly offs since 1.8 years. When I have resigned recently, they are not ready to relive me and asked me that they have trained me on work and I can's leave. However as a experienced person I haven't learned a single new thing from this organization whereas I have trained their fresher to work properly. What is the legal rights for me to sue the company and get relieve smoothly ?( Bhubaneswar, Orissa )","Dear Client.Regardless of reasons, on cessation of employment in compliance with the terms of employment(serving the notice period), an employee is entitled to an experience certificate, relieving letter and F & F settlement dues from the employer within 30 days of the last working days (LWD) and denial of which amounted to unfair labour practices. So, in the prevailing situation, if you are not holding a position of manager or supervisor in the Company, but a workman as defined under Sec.2(s) of the Industrial Dispute Act, 1947. serving a legal notice to the Company reach out to the office of the concerned State Labour Commissioner or the Chief Inspector, Shops and Establishment, as the case may be, to file a complaint against the company over alleged unfair labour practice for redressal of your grievance and additionally, you can file an application under Section 33C(2) of the I D Act before the Labour Court concerned claiming your F & F Settlement dues receivable to you post-resignation from the employer/Company along with interest. If required, hire an Advocate experienced in service matters to navigate the issue in the right way. But, if you are holding the position of Manager or Administrator in the Company, you have to file a civil suit against the Company before the Civil Court seeking desired relief in the matter. Further, SAMADHAN Portal was launched by the Ministry of Labour and Employment to facilitate the filing of industrial disputes by the workmen, employers and trade unions under the Industrial Disputes Act, 1947. The online portal has a user-friendly interface and has enhanced transparency and efficiency of grievance resolution for all stakeholders. The workmen/trade unions/management can file their disputes and claims by logging into the portal through the UMANG app and also by visiting the nearest Common Services Centres. Be informed that to restrict IT Companies from exploiting their employees by playing double standards, the Division Bench of the Karnataka High Court in the case of Commissioner of Income Tax v. Texas Instruments India Pvt Ltd (2021) 435 ITR unambiguously held that the IT sector employees considered to be ""workmen"" under Section 2(s) of the Industrial Dispute Act, 1947. If required, hire an Advocate experienced in service matters to navigate the issue in the right way.","The primary legal issue here is the employer's refusal to provide a relieving letter and the potential wrongful termination claim based on alleged dual employment. Under Indian labor laws, including the Industrial Disputes Act, 1947, an employee has the right to be relieved from duties upon serving the notice period, provided all contractual obligations are met. The employer must provide a relieving letter if the notice period is duly served and no contractual violations occurred during employment.

You can issue a legal notice to the organization demanding the relieving letter and contesting any claims of dual employment if they lack evidence of such conduct during your notice period. If the employer fails to comply, consider filing a complaint with the Labour Commissioner or pursuing legal action for wrongful termination and reputational damage. Collect all relevant communications and documents that support your compliance with the notice period and your employment terms.",20.3662,4.4379,18.1692,20.6204,84.4515
137,"Dear Sir, 

With reference to the above subject mentioned this is inform you that I Arup Sith has joined DAV Bistupur on 15th June'24 as a PGT Physics.
But till date the school principal(Mrs. Pragya Singh) or DAV Management has not provided me the appointment letter.

Not only me, all the employees who have joined DAV Bistupur during that tenure has not received any appointment letter yet.
As a result the school payroll is not providing the actual salary which was told to us during the interview process.
Since i have joined the School each and every week i have been informed that i will be getting the letter by 5 to 7 days, but all our follow up has gone in vain.

Requesting you to help us in this regards by getting the appointment letter as the earliest.

As it is getting difficult for us to survive in Rs 15,000 salary every month which 1/5th of the salary that was conveyed to us.( Jamshedpur, Jharkhand )",IDA_17B → EPF_12 → ESI_72 → ISM_12,IDA_17B → EPF_12 → ESI_72 → ISM_12 → ISM → Industrial Disputes Act 1947 → wages → Employees State Insurance Act 1948,"I'm 23 &amp; worked as a Social media executive &amp; writer in a startup. My boss is making excuses and refusing to pay back the salary of around 4 months. It's been around 1 year and 10 months, even after several requests and pleas, he isn't paying the salary. Although it's not a big amount, it ranges between 45k-50k. But as a 23-year-old it's a big amount for me. I need my hard-earned money. Pls, advise what should I do? 

Note: It will be helpful if the suggestions are of not too much hassle and within my affordability.( Thane, Maharashtra )","Joined TCS Mumbai on 4th June 2021 as consultant with joining bonus. Due to profile mismatch, overtime, verbal harassment and no response from higher management, i resigned and sent an email on 3-Aug (within probation), requesting them to relieve on 31-Aug. They were delaying and asked me to contact this and that person. Later, by 7-Aug, they blocked my laptop access. I could not work within notice period. In offer letter, appointment letter, internal policy - notice period after probation or confirmation only mentioned.
I returned company laptop. Got my salary, variable pay too.
Now after 1.5 years- they have sent me legal notice asking recovery of bonus and 2 months shortfall basic salary, within a week- else legal action. ( No calls or emails- they had my old defunct hotmail ID).meanwhile, i shifted to different city twice, but my phone number was same. Never ever they called me. They used very bad language- ""you had fraudulent intentions to dupe company etc.""

Please advise.( Pune, Maharashtra )","I worked in Jbm auto gurgaon plant for 1 year 1 month, after that i got transfer to jbm pune plant and got different pf number and employee id, now i completed 4 years 2 months here. I want to end my contract now. 
Am i eligible for gratuity?( Pune, Maharashtra )","Dear client,You have to take the following steps -1)Draft a formal letter or email to the school management, principal, and relevant authorities (e.g., DAV Society or governing board), outlining the situation. Clearly state that you joined the school on 15th June 2024 and have not received an appointment letter, which is causing issues with salary and benefits.2)If no action is taken after sending the formal request, you can escalate the matter to the higher authorities within the the school's governing body. Attach copies of all your communication with the school.3)Send a legal notice notice drafted by an advocate4) If everything fails you have to approach the Labour Commission or relevant Civil court.","The primary legal issue is the non-issuance of an appointment letter and the discrepancy in salary payment, which may be addressed under the Indian Contract Act, 1872, and the Industrial Disputes Act, 1947. Without a formal appointment letter, proving the terms of employment can be challenging, but verbal agreements and employment practices can still be enforceable under contract law.

You can send a formal demand letter to the school management requesting the issuance of the appointment letter and payment of the agreed salary. If there is no response, consider filing a complaint with the local labor commissioner or initiating legal action for breach of contract and recovery of dues. Collect any evidence of the agreed salary and employment terms, such as emails or witness statements, to support your claim.",20.3662,4.4379,18.1692,20.6204,84.4515
138,"Hi, I have two queries
1. I have received incorrect form 16 from my employer, and even after multiple followup they are not responding on the same. ITR filing deadline is near and I am not sure how to raise a complain against this.
2. It's been more than a year I left organisation but, still my PF transfer request is not yet approved by the employer. Every now and then they are coming with some or the other correction needed and delaying the process. I am tired of following up again and again on this. They simply open the ticket and close it without any proper resolution. I really want to take an action against employer but unaware of how. 
If anyone can guide and help me through detail steps it would be really helpful.( Hyderabad, Telangana )",EPF_6 → EPF_AT_2 → CCS_ME_3 → CCS_ME_5,EPF_6 → EPF_AT_2 → CCS_ME_3 → CCS_ME_5 → provident_fund → gratuity → EPF_AT → labour_court,"Joined TCS Mumbai on 4th June 2021 as consultant with joining bonus. Due to profile mismatch, overtime, verbal harassment and no response from higher management, i resigned and sent an email on 3-Aug (within probation), requesting them to relieve on 31-Aug. They were delaying and asked me to contact this and that person. Later, by 7-Aug, they blocked my laptop access. I could not work within notice period. In offer letter, appointment letter, internal policy - notice period after probation or confirmation only mentioned.
I returned company laptop. Got my salary, variable pay too.
Now after 1.5 years- they have sent me legal notice asking recovery of bonus and 2 months shortfall basic salary, within a week- else legal action. ( No calls or emails- they had my old defunct hotmail ID).meanwhile, i shifted to different city twice, but my phone number was same. Never ever they called me. They used very bad language- ""you had fraudulent intentions to dupe company etc.""

Please advise.( Pune, Maharashtra )","I'm 23 &amp; worked as a Social media executive &amp; writer in a startup. My boss is making excuses and refusing to pay back the salary of around 4 months. It's been around 1 year and 10 months, even after several requests and pleas, he isn't paying the salary. Although it's not a big amount, it ranges between 45k-50k. But as a 23-year-old it's a big amount for me. I need my hard-earned money. Pls, advise what should I do? 

Note: It will be helpful if the suggestions are of not too much hassle and within my affordability.( Thane, Maharashtra )","Dear team
I resigned on 5th July  and my notice period was 3 months, I served till 24th September and as per 3 months notice period my last working day was 2nd October.... But since I had to join other organization on 27th September I sent multiple mails for relieving me just 5 days earlier from my last working day. 

When I didn't get any confirmation I myself sent declaration mail for my last working day as 24th September and also wrote that I am ready to compensate against my remaining notice period as per HR policy. I joined other organization on 27th September but my previous organization intentionally mentioned last working day as 2nd October

After getting relieving also I sent multiple mails for correction of date but didn't get any help

Please suggest what steps can be taken against my previous employer for this unethical behavior...( Udaipur, Rajasthan )","Dear client,Regarding question No. 1, we would like to let you know that once Form 16 has been reported to the CBDT in a quarterly return, it cannot be corrected by the employer. As a result, you must submit an online application to the CBDT for the necessary correction, or if that is not possible, to the IT Assessing Ward, failing which you must file an ITR. Regarding your question No. 2, given the circumstances, you must file a grievance with your former employer and notify the regional PF commissioner with it. File an appeal pursuant to Rule 4 of the EPF Appellate Tribunal(Procedure) Rules, 1997, before the Registrar of the Tribunal established under subsection (1) of Section 7D of the EPF & Misc.","For the incorrect Form 16 issue, file your Income Tax Return using the actual salary and tax details you possess. You can also lodge a complaint with the Income Tax Department's e-filing portal regarding the discrepancy. For the PF transfer issue, under the Employees' Provident Funds and Miscellaneous Provisions Act, 1952, employers are required to process PF transfers promptly. File a grievance on the EPFO's online portal and consider sending a legal notice to your employer demanding compliance. If unresolved, escalate the matter to the regional Provident Fund Commissioner or approach the labour court for redress.",20.3662,4.4379,18.1692,20.6204,84.4515
139,"Dear sir,
I have resigned a 20 days back - actually my probation is completed and notice period should be 60 days ,  company is asking me to leave in 30 days or with immediate effect  and they will pay only
for 20 days upto today like that ,   please check the below clause in offer letter and  tell me  - as 
per my knowledge they should pay my 60 days Gross salary I feel.   Please let me know 
whether they are correct or I am correct.

. Post confirmation, your services may be terminated by either party by giving 60 days notice
period in writing or 2 months gross CTC in lieu of notice. However the Company reserves the
right not to accept payment in lieu of notice and at its sole discretion enforce the notice period.

2. Actual probation is 6 months, but they have not informed me whether  they confirmed or
extende like that ... after my resignation only I came to know that  Manager kept it on hold
 no am arguing that  it is their mistake being kept it on hold either accept confirmation/ reject
confirmation sir, so I am telling them that they should give 60 days. please  tell me is that Legal
what they are doing..

You will be on probation for a period of six months, which may be extended by the Company at its discretion. At the end of the probation period, your services with the Company would be confirmed subject to your performance meeting the requisite standards. During the probation period, 

Thanks,
Narayan",MEPS_26 → MEPS_40 → SCST_A_19 → RPSR_2,MEPS_26 → MEPS_40 → SCST_A_19 → RPSR_2 → RPSR → MEPS → notice_period → SCST_A,"I'm 23 &amp; worked as a Social media executive &amp; writer in a startup. My boss is making excuses and refusing to pay back the salary of around 4 months. It's been around 1 year and 10 months, even after several requests and pleas, he isn't paying the salary. Although it's not a big amount, it ranges between 45k-50k. But as a 23-year-old it's a big amount for me. I need my hard-earned money. Pls, advise what should I do? 

Note: It will be helpful if the suggestions are of not too much hassle and within my affordability.( Thane, Maharashtra )","Joined TCS Mumbai on 4th June 2021 as consultant with joining bonus. Due to profile mismatch, overtime, verbal harassment and no response from higher management, i resigned and sent an email on 3-Aug (within probation), requesting them to relieve on 31-Aug. They were delaying and asked me to contact this and that person. Later, by 7-Aug, they blocked my laptop access. I could not work within notice period. In offer letter, appointment letter, internal policy - notice period after probation or confirmation only mentioned.
I returned company laptop. Got my salary, variable pay too.
Now after 1.5 years- they have sent me legal notice asking recovery of bonus and 2 months shortfall basic salary, within a week- else legal action. ( No calls or emails- they had my old defunct hotmail ID).meanwhile, i shifted to different city twice, but my phone number was same. Never ever they called me. They used very bad language- ""you had fraudulent intentions to dupe company etc.""

Please advise.( Pune, Maharashtra )","I am working in a Pvt Ltd Biotechnology company &amp; signed a bond for 5 years. But the work pressure &amp; environment is so toxic and painful. Even I am forced to work everyday approximately 10-12 hours which includes holidays &amp; weekly offs since 1.8 years. When I have resigned recently, they are not ready to relive me and asked me that they have trained me on work and I can's leave. However as a experienced person I haven't learned a single new thing from this organization whereas I have trained their fresher to work properly. What is the legal rights for me to sue the company and get relieve smoothly ?( Bhubaneswar, Orissa )",You have to consult a lawyer.,"The key legal issue is whether your employment has transitioned from probation to confirmation, which affects your notice period entitlement. According to the clause in your offer letter, post-confirmation, you are entitled to a 60-day notice period or compensation in lieu thereof. Since the company did not formally extend your probation or confirm your employment, it is arguable that you have been implicitly confirmed, entitling you to the 60-day notice period or equivalent compensation.

Legally, you can argue that the lack of communication from the company regarding your probation status implies confirmation, thus requiring them to honor the 60-day notice period or pay accordingly. You cannot force the company to keep you for the full notice period if they choose to release you earlier, but you can demand compensation for the full notice period. Next steps: send a formal written communication to the company asserting your position based on the employment terms, and if unresolved, consider consulting a labor attorney to explore filing a complaint with the labor authorities for breach of contract.",20.3662,4.4379,18.1692,20.6204,84.4515
140,"Can I claim the compensation or complain against the company that terminated me after 14 days of joining without giving me any (notice) but I have the contract and I also lost my previous job just because of them?( Indore, Madhya Pradesh )",SCST_A_19 → RPSR_2 → RPSR_3 → RPSR_156B,SCST_A_19 → RPSR_2 → RPSR_3 → RPSR_156B → RPSR → SCST_A → probation → leave,"I worked in Jbm auto gurgaon plant for 1 year 1 month, after that i got transfer to jbm pune plant and got different pf number and employee id, now i completed 4 years 2 months here. I want to end my contract now. 
Am i eligible for gratuity?( Pune, Maharashtra )","I work in travel Pvrt ltd company,  at the beginning of vivid our company owner stated to reduce the salary of staff to 50% from April 20 onwards but now he is not responding messages and calls and neither releasing any salary.  As confirmed from clients the work is started since starting of domestic airlines I. e.  May 2020. But now he is not responding me.( East Delhi, Delhi )","In my graduation 3rd year marksheet my date of birth 21-jun-1993, seen 21-jun-1983 from distance, but actual it 21-jun-1993 when seen by lens, in 1993 third digit 9 is likely shaped birthday candel 9, and shape is likely 9,. Qr code represent 21-jun-1993 also. 
Please suggest me that ...should I do apply reprint in University or not? Is there any problem in govt job?( Bundi, Rajasthan )","Dear client sorry to hear that but  Such termination occurs in one of the following situations.The employee is under observations period (Probation) and the letter of appointment has this clause.Performance below agreed normsfalsification of documents given at the time of appointment, even when found out much later.Situations beyond the control of employer which mandate downsizing/ layoff/ termination of probationers/ contract employees (again it has to be a clause in the letter of appointment. And lastly,Employee has done some act of moral turpitude (theft, rape/ murder/ staling IP/ misbehavior etc.Hope greater clarity prevails now","The primary legal issue is wrongful termination without notice, potentially violating the terms of the employment contract and the Industrial Disputes Act, 1947, which mandates notice periods for termination. If the contract specifies a notice period or severance terms that were not honored, you may have grounds to claim compensation for breach of contract. You cannot claim compensation for losing the previous job unless there was a specific guarantee of employment duration from the new employer.

Next steps: Review your employment contract to confirm the notice period and any termination clauses. Consider filing a complaint with the local labor commissioner or pursuing a legal notice against the company for breach of contract.",20.3662,4.4379,18.1692,20.6204,84.4515
141,"Recently we had a recruitment drive for Punjab and Sind bank for scale 2 and scale 3 posts. whose online prelims exam was conducted on 27.06.2021. 
The result of this exam is not published on the website yet. so like regular candidates we too check the website for the result and email as well if anything comes to my email.

one day I was checking my Gmail spam folder, I found an interview invitation was triggered to my email on 10th August, however this email was identified as suspicious by Gmail and was moved to the spam folder  and I missed the interview which was scheduled on 18th august.

I can understand there was no mistake from either end other than Gmail. and learned how big this loophole is in modern technology. i
tried to call different contact numbers whatever was present in the website, but these banking people are really poor at responding to any call/email.

Someone received my phone and told me very rudely, why I did not check spam. I asked initially why they did not publish the result on a website like other exam results, at least they could have posted a notice in their website to check mail/spam for the result,

Note 1: As per Bank they are saying in the advertisement its mentioned the result will be published via email only. so why i did not check emails properly. and also as per them they had sent sms to everyone about the interview.

Note 2:- yes, in the advertisement they had mentioned the result will be shared via email but this does not mean i need to check email and spam for indefinite period of time. SMS from bank side about interview...i checked with everyone who had attended or missed the interview.( Baleswar, Orissa )",COMP_MA_23 → COMP_MA_20 → COMP_MA_10 → COMP_MA_18,COMP_MA_23 → COMP_MA_20 → COMP_MA_10 → COMP_MA_18 → COMP_MA → COMP_MA_447 → COMP_MA_2 → COMP_MA_6,"Joined TCS Mumbai on 4th June 2021 as consultant with joining bonus. Due to profile mismatch, overtime, verbal harassment and no response from higher management, i resigned and sent an email on 3-Aug (within probation), requesting them to relieve on 31-Aug. They were delaying and asked me to contact this and that person. Later, by 7-Aug, they blocked my laptop access. I could not work within notice period. In offer letter, appointment letter, internal policy - notice period after probation or confirmation only mentioned.
I returned company laptop. Got my salary, variable pay too.
Now after 1.5 years- they have sent me legal notice asking recovery of bonus and 2 months shortfall basic salary, within a week- else legal action. ( No calls or emails- they had my old defunct hotmail ID).meanwhile, i shifted to different city twice, but my phone number was same. Never ever they called me. They used very bad language- ""you had fraudulent intentions to dupe company etc.""

Please advise.( Pune, Maharashtra )","I'm 23 &amp; worked as a Social media executive &amp; writer in a startup. My boss is making excuses and refusing to pay back the salary of around 4 months. It's been around 1 year and 10 months, even after several requests and pleas, he isn't paying the salary. Although it's not a big amount, it ranges between 45k-50k. But as a 23-year-old it's a big amount for me. I need my hard-earned money. Pls, advise what should I do? 

Note: It will be helpful if the suggestions are of not too much hassle and within my affordability.( Thane, Maharashtra )","I am working in a Pvt Ltd Biotechnology company &amp; signed a bond for 5 years. But the work pressure &amp; environment is so toxic and painful. Even I am forced to work everyday approximately 10-12 hours which includes holidays &amp; weekly offs since 1.8 years. When I have resigned recently, they are not ready to relive me and asked me that they have trained me on work and I can's leave. However as a experienced person I haven't learned a single new thing from this organization whereas I have trained their fresher to work properly. What is the legal rights for me to sue the company and get relieve smoothly ?( Bhubaneswar, Orissa )","Hi,Your courses of actions are limited over here. If it was mentioned in the advertisement that the result would be shared through the email, then you should have periodically checked all your inboxes including spam box. You really cannot do anything over here.","The primary legal issue here is whether the bank's communication method constituted a breach of any duty owed to candidates under the recruitment process. Since the advertisement specified that results would be communicated via email, the bank fulfilled its obligation by sending the email. Legally, candidates are expected to monitor their email, including spam folders, if that is the specified communication method.

Candidates cannot claim a right to have results published on the website if the advertisement did not promise this. However, if there is evidence that the bank failed to send an SMS as claimed, this could be grounds for a complaint. As a next step, consider formally requesting a reconsideration of your interview opportunity by explaining the situation and providing evidence of the email being marked as spam. If the bank does not respond, a complaint to the banking ombudsman or a consumer forum might be an option, although success is uncertain given the advertisement's terms.",20.3662,4.4379,18.1692,20.6204,84.4515
142,"Hello there.
I joined a govt department in June 2020 as an Junior Accountant (JA), LP-5 INDEX-1. At that as per our RR, we could get promotion as Senior Accountant (SA), LP-6 after 3 years. In Dec 2020, as per the recommendations of a committee, 2 new posts of DA(LP-7,) and AAS (LP-8) was created. To not burden the exchequer, the overall strength was reduced ( in our circle it was reduced from 590 to 400). Pertinent to note that before reduction, SA:JA was 80:20. The proposed ratio among JA:SA:DA:AAS is  50:30:15:5.

At present, though strength has been reduced, no officials have been promoted to DA and AAS as the new RR have not got the approval from competent authority.
 As strength was already reduced, in many circle where working strength exceeded the sanctioned strength, promotion was halted.
My question is where whether we have a legal option to explore as the strength has been reduced without anyone being promoted to the newly created posts or as the new RR at present is not in force.( Kolkata, West Bengal )",PGA_7 → EPF_7D → ESI_55 → IRC_44,PGA_7 → EPF_7D → ESI_55 → IRC_44 → labour_court → gratuity → Payment of Gratuity Act 1972 → PROC_GRATUITY_CLAIM,"Joined TCS Mumbai on 4th June 2021 as consultant with joining bonus. Due to profile mismatch, overtime, verbal harassment and no response from higher management, i resigned and sent an email on 3-Aug (within probation), requesting them to relieve on 31-Aug. They were delaying and asked me to contact this and that person. Later, by 7-Aug, they blocked my laptop access. I could not work within notice period. In offer letter, appointment letter, internal policy - notice period after probation or confirmation only mentioned.
I returned company laptop. Got my salary, variable pay too.
Now after 1.5 years- they have sent me legal notice asking recovery of bonus and 2 months shortfall basic salary, within a week- else legal action. ( No calls or emails- they had my old defunct hotmail ID).meanwhile, i shifted to different city twice, but my phone number was same. Never ever they called me. They used very bad language- ""you had fraudulent intentions to dupe company etc.""

Please advise.( Pune, Maharashtra )","I'm 23 &amp; worked as a Social media executive &amp; writer in a startup. My boss is making excuses and refusing to pay back the salary of around 4 months. It's been around 1 year and 10 months, even after several requests and pleas, he isn't paying the salary. Although it's not a big amount, it ranges between 45k-50k. But as a 23-year-old it's a big amount for me. I need my hard-earned money. Pls, advise what should I do? 

Note: It will be helpful if the suggestions are of not too much hassle and within my affordability.( Thane, Maharashtra )","I am working in a Pvt Ltd Biotechnology company &amp; signed a bond for 5 years. But the work pressure &amp; environment is so toxic and painful. Even I am forced to work everyday approximately 10-12 hours which includes holidays &amp; weekly offs since 1.8 years. When I have resigned recently, they are not ready to relive me and asked me that they have trained me on work and I can's leave. However as a experienced person I haven't learned a single new thing from this organization whereas I have trained their fresher to work properly. What is the legal rights for me to sue the company and get relieve smoothly ?( Bhubaneswar, Orissa )","Dear Client,Interview, selection, appointment, recruitment, promotion etc all these activities were carried on by respective establishments as per the well-established recruitment policy made out considering a variety of factors and following the principle of natural justice.  Promotion to a higher grade or position cannot be claimed as a matter of right. Above all, it is the prerogative of the selection committee to decide who is to be selected for a vacancy or not following the well-established recruitment policy. Only in case of deviation/discrimination/mala fide in the selection process, if appears on the face of the record/recruitment process, Administrative Tribunal/High Court may entertain an appeal challenging the selection process violating the well-established recruitment or promotion policy. Otherwise, an appeal may be rejected at the stage of admission. But before moving ahead for litigation, you need to represent your grievance before the Head of the Deptt. for a resolution failing which,  If you are an employee Central Govt. then you can escalate your grievance before the CAT(Central Administrative Tribunal), and if you belong to the State Govt. then SAT(State Administrative Tribunal). Both forums have been established for adjudication of disputes with respect to recruitment and conditions of service of persons appointed for public services.  So, try to get the matter reviewed by an expert professional before challenging the promotion policy either before the CAT/SAT.  In case you need any legal assistance in the matter, you may contact our legal team with all the relevant papers.","The primary legal issue is the delay in promotions due to the non-implementation of revised recruitment rules (RR) despite the reduction in sanctioned strength. Under the Indian Constitution, Article 16 guarantees equality of opportunity in matters of public employment, which includes the right to be considered for promotion. Since the new RR has not been approved, the existing rules should apply, and promotions should not be arbitrarily halted.

The user can file a writ petition in the High Court under Article 226 of the Constitution of India, challenging the delay in promotions and seeking directions for the implementation of the existing RR until the new RR is approved. The user cannot demand promotions under the new RR until they are officially sanctioned. As a next step, gather all relevant documents, including any official communications regarding the RR and the reduction in strength, and consult with a legal professional to draft and file the writ petition.",20.3662,4.4379,18.1692,20.6204,84.4515
143,"Hi sir , thank you for valuable information. I have payslip , pf and reliving letter that has information about when I joined as quality engineer in November 3 2016 and relived on Dec 27 2022 ( overall 5.1 years ) and . Is that enough to get gratuity?( Chennai, Tamil Nadu )",PGA_4 → PGA_7 → CCS_ME_3 → MEPS_17,PGA_4 → PGA_7 → CCS_ME_3 → MEPS_17 → gratuity → Payment of Gratuity Act 1972 → PROC_GRATUITY_CLAIM → labour_court,"I worked in Jbm auto gurgaon plant for 1 year 1 month, after that i got transfer to jbm pune plant and got different pf number and employee id, now i completed 4 years 2 months here. I want to end my contract now. 
Am i eligible for gratuity?( Pune, Maharashtra )","I am working in indian software MNC from october 2008 till date from 2008-2018 I was medically fit from 2018 I suffering from asthma, hip joint bone AVN disorder but this is not affecting my office work at all my office work performance is good so currently I am asking for work from home so can my employer terminate me for medical health( Pune, Maharashtra )","I work in travel Pvrt ltd company,  at the beginning of vivid our company owner stated to reduce the salary of staff to 50% from April 20 onwards but now he is not responding messages and calls and neither releasing any salary.  As confirmed from clients the work is started since starting of domestic airlines I. e.  May 2020. But now he is not responding me.( East Delhi, Delhi )","Dear Client,To claim gratuity amount employee should submit gratuity claim form I, aadhar card copy, bank passbook. your pay slip, pf and reliving letter should be enough as they contain the information regarding your joining dates.","Under the Payment of Gratuity Act, 1972, an employee who has completed five years of continuous service with an employer is eligible for gratuity. Since you have completed 5.1 years of service, you are entitled to claim gratuity from your employer. You can proceed by submitting a formal application for gratuity to your employer using Form I under the Act. If your employer does not respond or denies the claim, you can approach the controlling authority under the Act or the labour court to enforce your rights.",20.3662,4.4379,18.1692,20.6204,84.4515
144,"A consultancy me and said will give you a job and they made me to pay 2500 and till now they didn't gave job and refund also they are making me to wait a lot what can I do I have screenshots of the amount what I paid and now what can I take legal action( Bangalore, Karnataka )",CCS_ME → GST_143 → SRA_32 → GST_141,CCS_ME → GST_143 → SRA_32 → GST_141 → GST → Specific Relief Act 1963 → SRA_26 → GST_122,"Dear Sir/Ma'am,
I was worked in pvt ltd. company for 32 days (21 days in January and 11 days in February) when i asked for salary via mail (there is no HR team) they reply to me we will pay salary in 60 days if you r comfortable then ok other wise we will terminate you, so that i resigned from my job, now they are not pay salary.( Hyderabad, Telangana )","I work in travel Pvrt ltd company,  at the beginning of vivid our company owner stated to reduce the salary of staff to 50% from April 20 onwards but now he is not responding messages and calls and neither releasing any salary.  As confirmed from clients the work is started since starting of domestic airlines I. e.  May 2020. But now he is not responding me.( East Delhi, Delhi )","I worked in Jbm auto gurgaon plant for 1 year 1 month, after that i got transfer to jbm pune plant and got different pf number and employee id, now i completed 4 years 2 months here. I want to end my contract now. 
Am i eligible for gratuity?( Pune, Maharashtra )","Dear Client,Serve a legal notice to the fraud consultancy company and lodge an FIR against them for cheating u/s.420 IPC in the local Police Station. Reach out to an Advocate for guidance and for filing a criminal suit against the fraud company.","The issue here is a potential breach of contract and misrepresentation by the consultancy. Under the Indian Contract Act, 1872, if a party fails to fulfill their contractual obligations, the aggrieved party can seek remedies. You can send a legal notice to the consultancy demanding a refund of the amount paid, citing breach of contract and misrepresentation. If they fail to comply, you can file a complaint in the consumer forum for deficiency in service and seek a refund along with compensation for any inconvenience caused. Keep all evidence, such as screenshots and communications, as they will be crucial in supporting your claim.",20.3662,4.4379,18.1692,20.6204,84.4515
145,"I have been terminated from a public listed company within 1 month of joining and that too without any prior notice or any reason of termination. How I can compensation till my retirement from the company, as I joined company at the age of 56 and retirement age is 60 year. I was appointed in a senior management  position.( Jaipur, Rajasthan )",IDA_25F → IDA_25H → IDA_25N → IRC_64,IDA_25F → IDA_25H → IDA_25N → IRC_64 → IRC → Industrial Disputes Act 1947 → EPF_6 → provident_fund,"Dear Sir/Ma'am,
I was worked in pvt ltd. company for 32 days (21 days in January and 11 days in February) when i asked for salary via mail (there is no HR team) they reply to me we will pay salary in 60 days if you r comfortable then ok other wise we will terminate you, so that i resigned from my job, now they are not pay salary.( Hyderabad, Telangana )","I worked in Jbm auto gurgaon plant for 1 year 1 month, after that i got transfer to jbm pune plant and got different pf number and employee id, now i completed 4 years 2 months here. I want to end my contract now. 
Am i eligible for gratuity?( Pune, Maharashtra )","I work in travel Pvrt ltd company,  at the beginning of vivid our company owner stated to reduce the salary of staff to 50% from April 20 onwards but now he is not responding messages and calls and neither releasing any salary.  As confirmed from clients the work is started since starting of domestic airlines I. e.  May 2020. But now he is not responding me.( East Delhi, Delhi )","Dear Client,A termination may be considered illegal and unjustified if it breaches the terms of the contract or appointment letter by either party to the said contract. You joined a company(PSU) at the age of 56 years and were terminated after a month without serving any show-cause notice or holding any inquiry into misconduct, if any. Termination or dismissal other than a disciplinary action for proven misconduct amounts to illegal termination/ retrenchment and is defined as an industrial dispute under Section 2A of the Industrial Dispute Act, 1947 which also violated the mandatory provision of Sec.25F and 25N of the I D Act that prescribed certain conditions to comply with by the employer before termination/retrenchment of a workman/employee from the employment. Any Termination of a workman is covered under the Industrial Disputes Act and it falls under âRetrenchmentâ. In the case of Punjab Land Development Corporation Vs Labour Court, 1990 (II) LLJ, 70 SC, the Supreme Court held that The expression âretrenchmentâ is not to be understood in its narrow, natural and contextual meaning, but is to be understood in its wider, literal meaning to mean termination of service of a workman for any reason whatsoever. Further, in the case of Santosh Gupta Vs State Bank of Patiala AIR 1980 SC 1219, the Supreme Court ruled that the expression retrenchment must include every termination of the services of a workman by an act of the employer. In that scenario, serving a legal notice to the Employer/company, the terminated employee being a PSU employee, can approach the concerned bench of the Central Administrative Tribunal(CAT) by filing an application in Form - I under sub-rule 1 of Rule 4 of the Central Administrative Tribunal (Procedure) Rules, 1987 seeking appropriate order in the matter and if the CAT passes any adverse order, you can challenge the order through an appeal before the High Court seeking appropriate relief based on the merit of the dispute. Reach out to an Advocate experienced in CAT matters for necessary advice and steps.","The primary legal issue is wrongful termination without notice or cause. Under the Industrial Disputes Act, 1947, senior management positions may not be covered by the definition of ""workman,"" but principles of natural justice and the terms of your employment contract are relevant. Review your employment contract for any clauses regarding termination notice and severance. If the termination was without due process, you can file a civil suit for breach of contract and seek damages. Consult with a lawyer to send a legal notice to the company demanding compensation or reinstatement, and consider filing a case in the appropriate labor court if the company fails to respond.",20.3662,4.4379,18.1692,20.6204,84.4515
146,"Hi Sir,

I worked for a company from July 2018 to 22nd Sep, 2020, during my relieving my designation is Manager, During Covid situations from Mar 2020 to Aug2020 we were forced to work from the field for Govt project (TS&AP) through their sister company. Duties performed during this period is other than those are part of my designation as Software Manager. Durign the time salary was not paid on time, due to which I was forced to resign and move out of company. At the time of my relieving my July, Aug and F&F (Includign Sep Sal) were due.

They gave a commitment to settle by 40 days during my last date. Even they did not response to Labor Commissioner notices, I even sent legal notice through a lawyer of my friend to which they did not respond.

My PF & Income tax for 1Year 8 Months was not paid to the respective departments.

Due to non payment durign the period I have to withdrew my ULIP too for medical emergency.

I want to take both company and its sister company to Legal procedure, as both are sister companies and directors are same. Please suggest how this can be taken forward and on fast pace.

Regards,

Goutham

+91-7981754626( Hyderabad, Telangana )",EPF_6 → EPF_AT_2 → CCS_ME_3 → CCS_ME_5,EPF_6 → EPF_AT_2 → CCS_ME_3 → CCS_ME_5 → provident_fund → gratuity → labour_court → EPF_AT,"Joined TCS Mumbai on 4th June 2021 as consultant with joining bonus. Due to profile mismatch, overtime, verbal harassment and no response from higher management, i resigned and sent an email on 3-Aug (within probation), requesting them to relieve on 31-Aug. They were delaying and asked me to contact this and that person. Later, by 7-Aug, they blocked my laptop access. I could not work within notice period. In offer letter, appointment letter, internal policy - notice period after probation or confirmation only mentioned.
I returned company laptop. Got my salary, variable pay too.
Now after 1.5 years- they have sent me legal notice asking recovery of bonus and 2 months shortfall basic salary, within a week- else legal action. ( No calls or emails- they had my old defunct hotmail ID).meanwhile, i shifted to different city twice, but my phone number was same. Never ever they called me. They used very bad language- ""you had fraudulent intentions to dupe company etc.""

Please advise.( Pune, Maharashtra )","I'm 23 &amp; worked as a Social media executive &amp; writer in a startup. My boss is making excuses and refusing to pay back the salary of around 4 months. It's been around 1 year and 10 months, even after several requests and pleas, he isn't paying the salary. Although it's not a big amount, it ranges between 45k-50k. But as a 23-year-old it's a big amount for me. I need my hard-earned money. Pls, advise what should I do? 

Note: It will be helpful if the suggestions are of not too much hassle and within my affordability.( Thane, Maharashtra )","Dear team
I resigned on 5th July  and my notice period was 3 months, I served till 24th September and as per 3 months notice period my last working day was 2nd October.... But since I had to join other organization on 27th September I sent multiple mails for relieving me just 5 days earlier from my last working day. 

When I didn't get any confirmation I myself sent declaration mail for my last working day as 24th September and also wrote that I am ready to compensate against my remaining notice period as per HR policy. I joined other organization on 27th September but my previous organization intentionally mentioned last working day as 2nd October

After getting relieving also I sent multiple mails for correction of date but didn't get any help

Please suggest what steps can be taken against my previous employer for this unethical behavior...( Udaipur, Rajasthan )","Hi,For recovery of dues, you will have to file a case in the labor court. You can also complain with the IT Department and ROC against non-compliance by the Company.If you like my answer, please rate me.","The primary legal issue here is the non-payment of salary and statutory dues such as Provident Fund (PF) and Income Tax by the employer, which constitutes a violation of labor laws. Under the Payment of Wages Act, 1936, and the Employees' Provident Funds and Miscellaneous Provisions Act, 1952, employers are obligated to pay wages and remit PF contributions timely. Since the company ignored the Labor Commissioner's notices and legal notice, filing a complaint in the labor court is a viable next step.

Goutham can file a complaint with the appropriate labor court for recovery of unpaid wages and statutory dues. Additionally, he can lodge a complaint with the Employees' Provident Fund Organization (EPFO) for the non-remittance of PF contributions. Engaging a labor lawyer to represent him in these proceedings will help expedite the process.",20.3662,4.4379,18.1692,20.6204,84.4515
147,"Is The Shops and Establishment Act  for Leave Encashment applicable to IT/Software Industries in Karnataka?( Bangalore, Karnataka )",MBA_10 → FA_79 → SPE_4 → MTW_24,MBA_10 → FA_79 → SPE_4 → MTW_24 → MTW → wages → SPE → Factories Act 1948,"Widow daughter can get family pension of panchayat taj dept employees.( North 24 Parganas, West Bengal )","Suggest me bihar govt rules though which i can claim Advance pay for marriage ceremony( Kishanganj, Bihar )","How to file a complaint against the employer to release my pending dues( Mumbai, Maharashtra )","Dear Client,The State Specific Shops and Establishment Act provides detailed guidelines on leave entitlements for employees working in commercial establishments such as shops, offices, and restaurants. The provisions vary from state to state. Under this Act, employees accrue one day of paid privilege leave, also known as earned leave, for every 20 days worked, typically 15 days for every 240 days worked. Employees can carry over all unused earned leave days into the following year, excluding sick and casual leaves. This is limited to 30 days in most cases, but employees covered by the Shops and Establishments Act can carry over 45 to 60 days, depending on the region. Some states allow leave carryover for up to three years. When accrued leave exceeds this limit, itâs automatically converted into cash. Given the proposition of relevant laws governing employee leave in an establishment if you feel it is discriminatory on the part of the Company, you can escalate your grievance before the concerned Labour Commissioner or the Chief Inspection, Shops & Establishment for the redressal of your grievance provided you are a workman as defined under Section 2(s) of the Industrial Disputes Act. You can simultaneously file an application under Section 33C(2) of the ID Act before the Labour Court concerned claiming your dues(leave encashment) from the employer/Company along with interest. Further, the SAMADHAN Portal was launched by the Ministry of Labour and Employment to facilitate the filing of industrial disputes by the workmen, employers and trade unions under the Industrial Disputes Act, 1947. The online portal has a user-friendly interface and has enhanced transparency and efficiency of grievance resolution for all stakeholders. The workmen/trade unions/management can file their disputes and claims by logging into the portal through the UMANG app and also by visiting the nearest Common Services Centres. But, if you are holding the position of Manager or Administrator in the Company, you have to file a civil suit against the Company before the Civil Court seeking appropriate relief in the matter. If required, hire an Advocate experienced in service matters to navigate the issue in the right way. Be informed that to restrict IT Companies from exploiting their employees by playing double standards, the Division Bench of the Karnataka High Court in the case of Commissioner of Income Tax v. Texas Instruments India Pvt Ltd (2021) 435 ITR unambiguously held that the IT sector employees considered to be ""workmen"" under Section 2(s) of the Industrial Dispute Act, 1947.","The Shops and Establishment Act in Karnataka applies to IT/Software industries regarding leave encashment, as these industries fall under the definition of ""establishments"" under the Karnataka Shops and Commercial Establishments Act, 1961. Under this Act, employees are entitled to encashment of earned leave upon termination or resignation. However, the specific terms of leave encashment may also be governed by the employment contract or company policy.

Employees can request leave encashment from their employer by referring to the provisions of the Act and their employment contract. If the employer does not comply, the employee can file a complaint with the Labour Commissioner or approach the Labour Court for redressal.",20.3662,4.4379,18.1692,20.6204,84.4515
148,"I'm working for A company, still working in this(A) company, before one month I get a call from (B) company, I gave there interview and selected, but I didn't join there, still in my pf account showing employment both A B company, help me , what should I do?( Kolkata, West Bengal )",EPF_6 → EPF_AT_2 → CCS_ME_3 → CCS_ME_5,EPF_6 → EPF_AT_2 → CCS_ME_3 → CCS_ME_5 → provident_fund → gratuity → labour_court → leave,"I worked in Jbm auto gurgaon plant for 1 year 1 month, after that i got transfer to jbm pune plant and got different pf number and employee id, now i completed 4 years 2 months here. I want to end my contract now. 
Am i eligible for gratuity?( Pune, Maharashtra )","I work in travel Pvrt ltd company,  at the beginning of vivid our company owner stated to reduce the salary of staff to 50% from April 20 onwards but now he is not responding messages and calls and neither releasing any salary.  As confirmed from clients the work is started since starting of domestic airlines I. e.  May 2020. But now he is not responding me.( East Delhi, Delhi )","I'm 23 &amp; worked as a Social media executive &amp; writer in a startup. My boss is making excuses and refusing to pay back the salary of around 4 months. It's been around 1 year and 10 months, even after several requests and pleas, he isn't paying the salary. Although it's not a big amount, it ranges between 45k-50k. But as a 23-year-old it's a big amount for me. I need my hard-earned money. Pls, advise what should I do? 

Note: It will be helpful if the suggestions are of not too much hassle and within my affordability.( Thane, Maharashtra )","Dear client,A PF account ideally should have only one EPF account. Unless you leave company A, company B's EPF should not have been added to your PF account considering you haven't joined the said company yet.While you can have two jobs at the same time, it is required one of them to be of a part-time nature provided the contract you agreed on allows you to. You can reach out to the regional PF manager in the respective EPF bank or you may reach out to UAN helpdesk number which is 1800 118 005 or drop a mail in[emailÂ protected].Thank you","The primary legal issue is the incorrect reflection of employment status in the PF account, which could potentially lead to complications under the Employees' Provident Fund and Miscellaneous Provisions Act, 1952. Since you have not joined Company B, it is crucial to rectify this error to prevent any misrepresentation of employment status.

You should immediately contact the HR department of Company B to request them to correct the PF records, ensuring that they update the system to reflect that you are not employed with them. Additionally, inform the HR department of Company A about the discrepancy, so they can assist in coordinating with the EPFO (Employees' Provident Fund Organisation) to rectify the records. If the issue persists, consider filing a complaint with the EPFO for resolution.",20.3662,4.4379,18.1692,20.6204,84.4515
149,"I'm working in domestic education related IT company from Last 10 years in offer letter they not mention regarding gratuity and they not provide me any company rules documents now I am eligible for gratuity( Hyderabad, Telangana )",MBA_10 → FA_79 → SPE_4 → MTW_24,MBA_10 → FA_79 → SPE_4 → MTW_24 → MTW → wages → SPE → Factories Act 1948,"I worked in Jbm auto gurgaon plant for 1 year 1 month, after that i got transfer to jbm pune plant and got different pf number and employee id, now i completed 4 years 2 months here. I want to end my contract now. 
Am i eligible for gratuity?( Pune, Maharashtra )","I work in travel Pvrt ltd company,  at the beginning of vivid our company owner stated to reduce the salary of staff to 50% from April 20 onwards but now he is not responding messages and calls and neither releasing any salary.  As confirmed from clients the work is started since starting of domestic airlines I. e.  May 2020. But now he is not responding me.( East Delhi, Delhi )","In my graduation 3rd year marksheet my date of birth 21-jun-1993, seen 21-jun-1983 from distance, but actual it 21-jun-1993 when seen by lens, in 1993 third digit 9 is likely shaped birthday candel 9, and shape is likely 9,. Qr code represent 21-jun-1993 also. 
Please suggest me that ...should I do apply reprint in University or not? Is there any problem in govt job?( Bundi, Rajasthan )","Dear SirPlease approach the following authority or similar authority in a stateThe Office Commissioner of LabourKarmika Bhavan, Dairy Circle,Bannerghatta Road, Bangalore-29.080-29753078[emailÂ protected]Addresses of Labor Inspectors in Bengaluru in different locationshttps://karmikaspandana.karnataka.gov.in/page/Contact+Us/Labour+Inspector/enhttps://clc.gov.in/clc/regional-offices/bangalore#:~:text=1.&text=Shram%20Sadan%2C%203rd%20Main%2C%203rd,Yeswanthpur%2C%20Bangalore%2D560022..=======================================================================Section 12 in The Industrial Disputes Act, 194712. Duties of conciliation officers.- (relevant section 12(2) of ID Act)(1) Where any industrial dispute exists or is apprehended, the conciliation officer may, or where the dispute relates to a public utility service and a notice under section 22 has been given, shall hold conciliation proceedings in the prescribed manner.(2) The conciliation officer shall, for the purpose of bringing about a settlement of the dispute, without delay, investigate the dispute and all matters affecting the merits and the right settlement thereof and may do all such things as he thinks fit for the purpose of inducing the parties to come to a fair and amicable settlement of the dispute.(3) If a settlement of the dispute or of any of the matters in dispute is arrived at in the course of the conciliation proceedings the conciliationofficer shall send a report thereof to the appropriate Government 1 or an officer authorised in this behalf by the appropriate Government] together with a memorandum of the settlement signed by the parties to the dispute.(4) If no such settlement is arrived at, the conciliation officer shall, as soon as practicable after the close of the investigation, send to the appropriate Government a full report setting forth the steps taken by him for ascertaining the facts and circumstances relating to the dispute and for bringing about a settlement thereof, together with a full statement of such facts and circumstances, and the reasons on account of which, in his opinion, a settlement could not be arrived at.(5) If, on a consideration of the report referred to in sub- section (4), the appropriate Government is satisfied that there is a case for reference to a Board, 2 Labour Court, Tribunal or National Tribunal,] it may make such reference. Where the appropriate Government does not make such a reference it shall record and communicate to the parties concerned its reasons therefor.(6) A report under this section shall be submitted within fourteen days of the commencement of the conciliation proceedings or within such shorter period as may be fixed by the appropriate Government: 3 Provided that, 4 subject to the approval of the conciliation officer,] the time for the submission of the report may be extended by such period as may be agreed upon in writing by all the parties to the dispute.]*****","Under the Payment of Gratuity Act, 1972, an employee becomes eligible for gratuity after completing five years of continuous service with an employer. Since you have worked for 10 years, you are entitled to gratuity regardless of its mention in your offer letter or company rules. Legally, you can claim gratuity from your employer.

Next steps: Submit a formal written request to your employer for the payment of gratuity. If the employer fails to comply, file a complaint with the controlling authority under the Payment of Gratuity Act in your area.",20.3662,4.4379,18.1692,20.6204,84.4515
150,"I worked as a teacher at Narayana e-Techno School, Tadipatri. The principal kept my salary on hold when I was resigned last month. How can I get my salary?( Kadapa, Andhra Pradesh )",MEPS_26 → MEPS_40 → PGA_7 → EPF_7D,MEPS_26 → MEPS_40 → PGA_7 → EPF_7D → labour_court → MEPS → PROC_GRATUITY_CLAIM → gratuity,"I worked in Jbm auto gurgaon plant for 1 year 1 month, after that i got transfer to jbm pune plant and got different pf number and employee id, now i completed 4 years 2 months here. I want to end my contract now. 
Am i eligible for gratuity?( Pune, Maharashtra )","I work in travel Pvrt ltd company,  at the beginning of vivid our company owner stated to reduce the salary of staff to 50% from April 20 onwards but now he is not responding messages and calls and neither releasing any salary.  As confirmed from clients the work is started since starting of domestic airlines I. e.  May 2020. But now he is not responding me.( East Delhi, Delhi )","I lost my Job in the year 2017 due to a false sexual harassment matter. I didnt fight in court of law. I worked  in few places who didnt insist for character certificate from police. Now new employer insists on character certificate. What should i do? Will persuation to police department help? My online application was rejected and i m not aware why it was rejected though.( Mumbai suburban, Maharashtra )","Dear Client,Send a formal letter to the principal or the school's HR department requesting the release of your pending salary. If nobody gives heed to your request, escalate the matter to higher authorities within the school administration. If the school continues to withhold your salary, you can file a complaint with the Labour Commissionerâs office. If the issue does not get resolved, send a legal notice to the school, demanding the release of your salary within a specific period. As a last resort, if the school does not respond to the legal notice, you can file a case in the Labour Court for recovery of your dues. We hope that our response is helpful to you.","Under the Payment of Wages Act, 1936, an employer is obligated to pay all wages earned by an employee before the expiration of the second working day after the termination of employment. Holding your salary without justification is a violation of this statute. You can file a complaint with the Labour Commissioner in Andhra Pradesh to seek redress. Additionally, consider sending a formal legal notice to the school demanding the release of your withheld salary.",20.3662,4.4379,18.1692,20.6204,84.4515
151,"I am working as a scientist/engineer in LPSC, ISRO, a govt organisation. I am resigning from my post due to some personal reasons and I am on notice period till 30.04.23. I have requested administration several time to issue an experience certificate since it will be very useful for me in future. They informed that they do not issue any experience certificate. However, they will issue a service certificate which will not contain any information regarding my work or experience. Please suggest what should I do( Thiruvananthapuram, Kerala )",MEPS_26 → MEPS_40,MEPS_26 → MEPS_40 → MEPS → notice_period → retrenchment → leave,"I worked in Jbm auto gurgaon plant for 1 year 1 month, after that i got transfer to jbm pune plant and got different pf number and employee id, now i completed 4 years 2 months here. I want to end my contract now. 
Am i eligible for gratuity?( Pune, Maharashtra )","Dear Sir/Ma'am,
I was worked in pvt ltd. company for 32 days (21 days in January and 11 days in February) when i asked for salary via mail (there is no HR team) they reply to me we will pay salary in 60 days if you r comfortable then ok other wise we will terminate you, so that i resigned from my job, now they are not pay salary.( Hyderabad, Telangana )","I have joined in my current company in April 2022, but in  september i received an offer from another company for part-time work. initially i said yes but after 1 week i left that company. but they have created a pf account under my UAN and marked DOj and date of exit as same date. now though i left the later company, it still showing as current company in epfo. does it cause any problem in my next company BGV? Can I change my current company details in EPFO?( Hyderabad, Telangana )","Dear Client,If this provision is mentioned in the company clause, thereâs little that can be legally done. However, you can request the authorities for the same or prepare a self made experience document along with the service certificate.","Under Indian employment law, there is no statutory obligation for employers, including government organizations, to issue an experience certificate; however, a service certificate is typically provided. The key issue here is the refusal to provide an experience certificate, which is discretionary unless specified in employment terms. Legally, you cannot compel LPSC, ISRO to issue an experience certificate if their policy does not permit it.

You can formally request a detailed service certificate that includes your roles and responsibilities, which might serve a similar purpose. Additionally, consider requesting a reference letter from a supervisor or colleague who can attest to your experience and skills.",20.3662,4.4379,18.1692,20.6204,84.4515
152,"How i file case for legal for pending salary( Jaipur, Rajasthan )",MEPS_26 → MEPS_40 → PGA_7 → EPF_7D,MEPS_26 → MEPS_40 → PGA_7 → EPF_7D → labour_court → gratuity → PROC_GRATUITY_CLAIM → Payment of Gratuity Act 1972,"I worked in Jbm auto gurgaon plant for 1 year 1 month, after that i got transfer to jbm pune plant and got different pf number and employee id, now i completed 4 years 2 months here. I want to end my contract now. 
Am i eligible for gratuity?( Pune, Maharashtra )","I am working in a company but it is not adding any value to my personal development & career development. I am in the end of probation period. Can my company take action against me if I resign from the job or will have to face consequences. I want to know how they will handle me.( Bangalore, Karnataka )","Past I worked in school for 6 years. now I applied for a gratuity and they said we don't have any rules to give a gratuity. is this any rule that the school does not come under the Gratuity Act? or what should I do to get my gratuity?( Gwalior, Madhya Pradesh )","Dear Client,Your query suffers from a lack of information. However, be informed that regardless of reasons, on cessation of employment either by resignation or retirement, an employee is entitled to an experience certificate, relieving letter and F & F settlement dues from the employer within 30 days of the last working days (LWD) post-completion of notice period and denial of which amounted to unfair labour practices. So, in the prevailing situation, if you are not holding a position of manager or supervisor in the Company, but a workman as defined under Sec.2(s) of the Industrial Dispute Act, 1947. serving a legal notice to the Company reach out to the office of the concerned Labour Commissioner to file a complaint against the company over alleged unfair labour practice for redressal of your grievance and additionally, you can file an application under Section 33C(2) of the I D Act before the Labour Court concerned claiming your F & F Settlement dues receivable to you post-resignation from the employer/Company along with interest. If required, hire an Advocate experienced in service matters to navigate the issue in the right way. But, if you are holding the position of Manager or Administrator in the Company, you have to file a civil suit against the Company before the Civil Court seeking the desired relief in the matter.","To recover pending salary, file a complaint under the Payment of Wages Act, 1936, which mandates timely payment of wages to employees. In Rajasthan, approach the Labour Commissioner or the Labour Court for redressal. Legally, you cannot take unilateral action such as withholding work without risking breach of contract claims. Collect all relevant employment documents, such as your employment contract and salary slips, to support your claim. Consider sending a formal demand letter to your employer before initiating legal proceedings.",20.3662,4.4379,18.1692,20.6204,84.4515
153,"Hi,
I have recently joined an MNC at entry level. It has been approx. two months. I am hired on contractual basis. It is a customer service job and as per the offer letter it is a five day working. I started facing issues right from day two. These are issues pertaining to 1) Work place bullying 2) Discrimination.
I realized to the same generic question I was being given answers different from what others were given.  Further, others  got leaves even during no- leave period. Whereas I am required to justify my casual leave.  Even if I applied 15 days in advance, my leaves stand disapproved. I have not availed any leave since my joining.
Further, at the time of salary negotiation I opted for a lesser salary package for lesser work load since I needed my composure for self-learning. But during training itself they changed the skill/ work to a more engaging role on orally communicated grounds of salary revision in accordance to the work load. We have not received any communication for the change of work. The HR is still not ready to see us even if we have asked for a group meet. Whenever we want to talk about OT they say it is â business needâ. 
I have been doing Over Time right from the training period. I have done OT on four (alternate) weekends so far.",MBA_10 → FA_79 → SPE_4 → MTW_24,MBA_10 → FA_79 → SPE_4 → MTW_24 → wages → SPE → MTW → leave,"Joined TCS Mumbai on 4th June 2021 as consultant with joining bonus. Due to profile mismatch, overtime, verbal harassment and no response from higher management, i resigned and sent an email on 3-Aug (within probation), requesting them to relieve on 31-Aug. They were delaying and asked me to contact this and that person. Later, by 7-Aug, they blocked my laptop access. I could not work within notice period. In offer letter, appointment letter, internal policy - notice period after probation or confirmation only mentioned.
I returned company laptop. Got my salary, variable pay too.
Now after 1.5 years- they have sent me legal notice asking recovery of bonus and 2 months shortfall basic salary, within a week- else legal action. ( No calls or emails- they had my old defunct hotmail ID).meanwhile, i shifted to different city twice, but my phone number was same. Never ever they called me. They used very bad language- ""you had fraudulent intentions to dupe company etc.""

Please advise.( Pune, Maharashtra )","I'm 23 &amp; worked as a Social media executive &amp; writer in a startup. My boss is making excuses and refusing to pay back the salary of around 4 months. It's been around 1 year and 10 months, even after several requests and pleas, he isn't paying the salary. Although it's not a big amount, it ranges between 45k-50k. But as a 23-year-old it's a big amount for me. I need my hard-earned money. Pls, advise what should I do? 

Note: It will be helpful if the suggestions are of not too much hassle and within my affordability.( Thane, Maharashtra )","Dear team
I resigned on 5th July  and my notice period was 3 months, I served till 24th September and as per 3 months notice period my last working day was 2nd October.... But since I had to join other organization on 27th September I sent multiple mails for relieving me just 5 days earlier from my last working day. 

When I didn't get any confirmation I myself sent declaration mail for my last working day as 24th September and also wrote that I am ready to compensate against my remaining notice period as per HR policy. I joined other organization on 27th September but my previous organization intentionally mentioned last working day as 2nd October

After getting relieving also I sent multiple mails for correction of date but didn't get any help

Please suggest what steps can be taken against my previous employer for this unethical behavior...( Udaipur, Rajasthan )","Dear,These kind of things usually do happen in many companies. Since you are still a junior level employee, have patience and talk to the management by apprising them about the issues you are facing from the company. Tell the management about the work place discrimination and about the terms and conditions of work they promised while joining the company and how it changed after you joined the company. I am sure they will resolve the issues. Have patience and you will get a way. At this point of time, if you want to take legal action against them while you are being still associated with the company, you may be removed from the company. Therefore, exhaust all remedies before coming to any decision of taking legal action against the company. However, if you still want to take legal action against the company, file a case against them at labor court of jurisdiction.","The primary legal issue here involves workplace discrimination and potential breach of contract. Under the Indian Constitution, Article 14 guarantees equality before the law, and the Industrial Employment (Standing Orders) Act, 1946, mandates fair treatment of employees. Additionally, changes to work conditions without formal agreement may constitute a breach of the employment contract.

Legally, the user can file a grievance with the company's HR department or escalate to the labor commissioner if internal resolutions fail. Documenting instances of discrimination and breach of contract is crucial. The user should also consider sending a formal legal notice to the employer demanding rectification of the issues, including fair leave approval and compensation for overtime.",20.3662,4.4379,18.1692,20.6204,84.4515
154,"I worked for a company and sent them the work they have been asking me money such as processing fee, international fees and have kept my salary at hold if i said no to paying the fees they say i will lose the paid fees which was refundable. when i paid all the fees now they are not replying i have paid 16,000 inr till now. Can i file a complaint against the company?( Nagpur, Maharashtra )",IDA_17B → EPF_12 → ESI_72 → ISM_12,IDA_17B → EPF_12 → ESI_72 → ISM_12 → ISM → Industrial Disputes Act 1947 → wages → Employees Provident Fund Act 1952,"I worked in Jbm auto gurgaon plant for 1 year 1 month, after that i got transfer to jbm pune plant and got different pf number and employee id, now i completed 4 years 2 months here. I want to end my contract now. 
Am i eligible for gratuity?( Pune, Maharashtra )","I'm 23 &amp; worked as a Social media executive &amp; writer in a startup. My boss is making excuses and refusing to pay back the salary of around 4 months. It's been around 1 year and 10 months, even after several requests and pleas, he isn't paying the salary. Although it's not a big amount, it ranges between 45k-50k. But as a 23-year-old it's a big amount for me. I need my hard-earned money. Pls, advise what should I do? 

Note: It will be helpful if the suggestions are of not too much hassle and within my affordability.( Thane, Maharashtra )","I work in travel Pvrt ltd company,  at the beginning of vivid our company owner stated to reduce the salary of staff to 50% from April 20 onwards but now he is not responding messages and calls and neither releasing any salary.  As confirmed from clients the work is started since starting of domestic airlines I. e.  May 2020. But now he is not responding me.( East Delhi, Delhi )","Hello sir,If any employee has suffered personal loss due to fraud committed by the company then he can file a case against that company under section 447 of the Companies Act, 2013. Person found guilty of the fraud will be liable of imprisonment which shall not be less than six months and which may extend to ten years. He shall also be liable to fine which shall not be less than the amount involved in the fraud and can extend up to three times the amount involved in the fraud.Thank you","The situation described constitutes a potential case of fraud and breach of contract. Under the Indian Penal Code, Section 420 addresses cheating and dishonestly inducing delivery of property, which may apply here given the company's demands for fees under false pretenses. Legally, you can file a police complaint for fraud and cheating against the company in Nagpur. Additionally, consider sending a legal notice to the company demanding the return of the fees and payment of your salary. If the company does not respond, you may pursue a civil suit for recovery of money.",20.3662,4.4379,18.1692,20.6204,84.4515
155,"I have absconded from a company and left all the assets over there, my trainer as confirmed over a mail to me that I left all the assets, but she constantly insisted me to do self resign, which I did because of her, now after some days I have noticed that the company as created a pf account without any salary credit because, as my trainer said to do self resign the portal made my employment as in notice period instead I submitted all the assets. By the time I got to know this Iâm employed in other organisation. This causes me dual employment What to do in this situation( Hyderabad, Telangana )",MEPS_26 → MEPS_40 → EPF_6 → EPF_AT_2,MEPS_26 → MEPS_40 → EPF_6 → EPF_AT_2 → labour_court → notice_period → MEPS → EPF_AT,"Joined TCS Mumbai on 4th June 2021 as consultant with joining bonus. Due to profile mismatch, overtime, verbal harassment and no response from higher management, i resigned and sent an email on 3-Aug (within probation), requesting them to relieve on 31-Aug. They were delaying and asked me to contact this and that person. Later, by 7-Aug, they blocked my laptop access. I could not work within notice period. In offer letter, appointment letter, internal policy - notice period after probation or confirmation only mentioned.
I returned company laptop. Got my salary, variable pay too.
Now after 1.5 years- they have sent me legal notice asking recovery of bonus and 2 months shortfall basic salary, within a week- else legal action. ( No calls or emails- they had my old defunct hotmail ID).meanwhile, i shifted to different city twice, but my phone number was same. Never ever they called me. They used very bad language- ""you had fraudulent intentions to dupe company etc.""

Please advise.( Pune, Maharashtra )","I'm 23 &amp; worked as a Social media executive &amp; writer in a startup. My boss is making excuses and refusing to pay back the salary of around 4 months. It's been around 1 year and 10 months, even after several requests and pleas, he isn't paying the salary. Although it's not a big amount, it ranges between 45k-50k. But as a 23-year-old it's a big amount for me. I need my hard-earned money. Pls, advise what should I do? 

Note: It will be helpful if the suggestions are of not too much hassle and within my affordability.( Thane, Maharashtra )","I resigned from the company and had cleared all the exit formalities also I have served the notice period, submitted all the assets and completed all the exit procedures. But during my Full and Final settlement company sent me recovery letter stating that I have to pay company dues for using the leaves benefit which the company has provided or else the legal action will be taken. Going through the company policy I found that there is no such line mentioned about leave recovery during the employee's exit. When I asked for clarification from the HR, there is no response from them regarding this. I have sent multiple reminders stating clarification but there is no response. What do I do in this case? How can I go legally in this matter since there is no reply from company's side?( Thane, Maharashtra )","Dear Sir,PF  PROVIDENT FUNDHow to solve the two UAN problem?Note that each person should have only one UAN number (like PAN), hence if you have multiple UAN, itâs not allowed and creates problem in the EPF system, because is no proper track. Hence, as soon as you come to know that there are multiple UAN assigned to you, you should cancel one of the UAN (mostly the old UAN) or should try to deactivate one of themProcess to deactivate old UANStep #1 â The first step if that you should start the EPF transfer for all the EPFâs which are not under the latest UAN generated. This can be done using the OTCP portal of EPFO . I am not going in details here, but first you need to make sure all the old EPFâs are transferred and linked to the new UAN.Step #2 â In the next step, the EPFO system will automatically identify those UAN for which the EPF transfers have happened and completed. Once they find the idle UAN, they will automatically deactivate that UAN. You donât have to do anything here. This deactivation process will take place from time to time as per decision taken by EPFO. Once the deactivation happens, your old member id (your old EPF accounts) will be linked to new UAN.If you are already sure that your past UAN does not have the EPF linked to them, then you can mail your old UAN number along with recent UAN to your employer and to[emailÂ protected]. They will verify your UANâs status and deactivate the old UAN.How To Merge Two Uan EPF AccountsWhat is UAN?Universal Account Number (UAN) is a unique 12-digit number that is given to each member of the Employeesâ Provident Fund Organisation (EPFO). With the help of the UAN, PF members can easily manage their accounts. The Ministry of Employment and Labour under the guidance of the Government of India issues UAN to PF members. Irrespective of the organisation they work in, all Provided Fund (PF) information can be accessed in one place by PF members with the help of UAN.In earlier days, whenever an individual would join a new organization, he would be given a new PF account number. This made it difficult to keep a check on the updated PF balance. It was also difficult to track activities related to pay change and employees would find it challenging to check PF contribution against the updated pay. To tackle such issues, the UAN was introduced.UAN is a universal number that helps members to gather all the PF accounts linked to multiple IDs of various organizations in one place. By using UAN, the employee can withdraw and also transfer funds in the PF account.More Information on UANâ¢	The UAN is a unique number provided to all employees enrolled for PF benefit. This number is independent of employers and hence does not change even if an employee changes job.â¢	The employer can validate an employee by using his UAN in case KYC documents have been verified.â¢	Since the UAN facility is available online for all employees, no employer can deduct or hold off an employeeâs PF.â¢	An employee can validate the PF deposit made by the employer every month. He/she has to register as an EPF Member on the Portal by using the UAN provided.â¢	EPF passbook access is available through SMS. One can send EPFOHO UAN ENG to 7738299899 from the mobile number that has been registered with the EPFO.How to register the UAN?Here are a few easy steps to be followed for registering the UAN:â¢	Go to the EPF Member Portal.â¢	Click on âActivate UANââ¢	Enter all the information around UAN, such as member id, mobile number, Aadhaar, PAN, name, date of birth and e-mail idâ¢	Select âGet Authorization PINâ to fetch the PIN on the registered mobile numberâ¢	Provide this PIN for verifying the request.â¢	Set up a username and password on the UAN portal for future use.Common Reasons for Allotment of Two UANsIf an employee changes his job, a new EPF account is set up by the new organisation. All existing EPF accounts are auto-linked with the UAN of the employee. Hence, there are high chances that a new UAN is allotted to the employee at the time of moving between jobs. There could be multiple reasons for allotment of new UAN. Listed here are some of the common reasons:â¢	In case an employee has not disclosed his previous UAN â In case an employee changes his job, he must make sure to disclose his existing UAN and EPF account number (Member ID) to the new employer. In absence of disclosure of this information, the employer may open a fresh PF account along with a new UAN.â¢	Non-disclosure of âDate of Exitâ by the previous employer â During the process of EPF transfer to the new employer, the old employer must mention the date of exit in the ECR (Electronic Challan and Return). In case of the absence of this information promptly, the new organisation may allot a new UAN to the employee.Consequences of Holding Two UANsTwo active UANs is not permitted by law and is against the rules. A member must have only one UAN with all the EPF accounts linked to it. EPF accounts cannot be transferred among employees. However, an employee who has two UANs can request for his EPF account to be transferred from one UAN to another and ask his previous UAN to be closed. Thus, an EPF account linked with one UAN will have to be compulsorily transferred to another EPF account linked with a separate UAN.What Should an Employee Do?In recent years, there have been multiple cases of employees assigning different UANs (Universal Account Number) to employees. According to EPF rules, an individual should have only one UAN at any given point of time. The employeeâs EPF account must be linked to his UAN. In case he/she has been assigned two UANs, the previous one must be deactivated at the earliest.Two Methods to Merge Two UAN EPF AccountsEmployees who have been incorrectly allotted two UANs must get one of them deactivated (normally, the previous one). There are two ways of getting the UAN deactivated and the EPF account transferred to the correct and active UAN. Mentioned below are the two commonly used methods:Method 1â¢	Reach out to your employer or EPFO and report the issue at the earliestâ¢	You can write an email to[emailÂ protected]stating about your current and previous UANâ¢	EPFO will begin verification on the issue once it gets notified about the issueâ¢	Your previous UAN is then blocked and the existing UAN remains activeâ¢	After this, you have to submit a claim for transferring the EPF account (linked with the blocked UAN) to the new active account.This process can be time-consuming and the general resolution rate is said to be very low. Thus, EPFO has set up a new procedure which is expected to make things easier for a member. It will especially be helpful while merging two UANs and transferring EPF easily. Here is the new method which can be used by an employee with two UANs:Method 2â¢	After thorough identification, old UAN will be deactivated by EPFO once the transfer of the EPF to the new UAN is completeâ¢	Thus, the old UANs will be blocked automatically and an employeeâs previous member ID will be linked to the new or existing UANâ¢	SMS notification is sent for the deactivation to the employeeâs registered mobile numberâ¢	If the employee has been unable to activate his new UAN, he will be notified to activate it at the earliest to receive the status update of the accountâ¢	There could be instances where the employee gets PF arrears from the previous employer. In such situations, the arrear is credited to the new PF account which is linked with the new UAN.Advantages of UAN for EmployeesMinimum Employer Involvement in PF withdrawals:  With the presence of UAN, the employer involvement is significantly reduced since the PF accumulation from the old organization is auto-transferred to the new PF account after completion of KYC verification.No Need for Fund Transfer: An employee must furnish his UAN details and KYC to the new employer for transferring the old PF balance to the new PF account post verification.Manage via SMS Alerts: Employees will receive SMS as soon as a contribution is made by the employer towards PF. This is provided, the employee has registered on the UAN portal.How to use UAN for PF Transfer?The Employeesâ Provident Fund Organisation (EPFO) constantly takes several measures to make the operation of EPF accounts easier for both the employer and employees. To keep up with the technological advancements, EPFO is constantly striving towards streamlining of processes about online EPF. This is especially applicable to PF transfer and withdrawal of PF which are considered to be tedious and time-consuming processes.EPFO introduced Universal Account Number (UAN), which is the blanket number for multiple Member Ids given to an individual by various employers. UAN allows the linking of multiple EPF Accounts (Member Id) provided to a single EPF member. It offers a range of services such as dynamically updated UAN card, updated PF passbook including all transfer-in details, facility to link previous membersâ ID with present ID, monthly SMS regarding credit of contribution in PF account and facility for auto-triggering transfer request on change of employment.Till recently, PF transfer could be done online by going to the âOnline Transfer Claim Portalâ. However, with the introduction of UAN, the transfer process has been revised and shifted under the âunified portalâ. For online PF transfer, here are some of the important points to note:â¢	An EPF member must have activated his UAN on the UAN portal and the registered mobile number used for activation should be in an active state.â¢	The Bank account number and IFSC code of the employee's bank account must be updated against the UAN. Updated Aadhar number and PAN is not mandatory for PF transfer requests.â¢	The employer must approve the e-KYC for transfer to be executed.â¢	The previous/current employer must have digitally registered authorized signatories on EPFO portal.â¢	PF account number related to previous and current employment of an employee should be updated in EPFO database.â¢	Single transfer requests per member ID can be accepted.FAQs1. What if I have two UAN numbers? Does it impact my EPF balance or transfer in any way?Two different UAN numbers for one employee is not accepted and is against the rules. If you happen to change jobs and move between organizations, you must request for transfer of PF account at the earliest.2. What is the expected timeline for merging two EPF accounts?It normally takes around 20 days from the date of the request to transfer one EPF account to the other.3. Is Form 13 a prerequisite for UAN transfer?Employees working in the corporate sector are required to submit Form 13 for EPF transfer to their new PF account at the time of job change.4. How is Form 13 used?Form 13 is primarily used for the transfer of Provident Fund from one account to another. Employees have to submit this form to their employers, upon which, the latter have to verify and approve the details furnished.","The primary legal issue here is the potential for dual employment, which can lead to complications with Provident Fund (PF) accounts and employment records. Under the Employees' Provident Funds and Miscellaneous Provisions Act, 1952, maintaining multiple active PF accounts simultaneously is not permissible. Since your employment status was incorrectly recorded as being in a notice period, you need to rectify this to avoid dual employment issues.

You should immediately contact your previous employer's HR department to correct your employment records, ensuring that your resignation is properly processed and your PF account is closed. Additionally, request a formal acknowledgment of your resignation and asset return to clear any discrepancies. If the company does not cooperate, consider sending a legal notice to formalize your request for correction.",20.3662,4.4379,18.1692,20.6204,84.4515
156,"I worked in a company for 6 months and now I want to resign. My notice period is 45 days & HR told you should not resign job for 6 months & on the spot of joining formalities she asked to sign the appointment letter. In my appointment letter it is mentioned that if I leave job within a year they will deduct my F&F settlement so that I have to pay my full month salary as my allowance is 5k & salary is 30k. I wanted to know is there any way I can get full earned salary while resigning the job.( Bangalore, Karnataka )",MEPS_26 → MEPS_40 → MBA_10 → FA_79,MEPS_26 → MEPS_40 → MBA_10 → FA_79 → Factories Act 1948 → MEPS → notice_period → leave,"I worked in Jbm auto gurgaon plant for 1 year 1 month, after that i got transfer to jbm pune plant and got different pf number and employee id, now i completed 4 years 2 months here. I want to end my contract now. 
Am i eligible for gratuity?( Pune, Maharashtra )","I'm 23 &amp; worked as a Social media executive &amp; writer in a startup. My boss is making excuses and refusing to pay back the salary of around 4 months. It's been around 1 year and 10 months, even after several requests and pleas, he isn't paying the salary. Although it's not a big amount, it ranges between 45k-50k. But as a 23-year-old it's a big amount for me. I need my hard-earned money. Pls, advise what should I do? 

Note: It will be helpful if the suggestions are of not too much hassle and within my affordability.( Thane, Maharashtra )","Dear Sir/Ma'am,
I was worked in pvt ltd. company for 32 days (21 days in January and 11 days in February) when i asked for salary via mail (there is no HR team) they reply to me we will pay salary in 60 days if you r comfortable then ok other wise we will terminate you, so that i resigned from my job, now they are not pay salary.( Hyderabad, Telangana )","Hi,No, since the same was being mentioned in the appointment agreement and you had agreed to it, there is no way you don't pay such an amount. If you deny paying it, they might take legal action against you.Thank YouIf you found this helpful, do rate us.","Under Indian contract law, employment agreements are generally enforceable unless they contain unreasonable or unconscionable terms. In your case, the clause requiring you to pay a full month's salary if you resign within a year may be considered a penalty clause, which is unenforceable under Section 74 of the Indian Contract Act, 1872. You can argue that this clause is a penalty and not a genuine pre-estimate of loss, thus challenging its enforceability.

To address this, send a formal letter to your employer disputing the deduction, citing Section 74 of the Indian Contract Act. If the employer insists on the deduction, consider filing a complaint with the labor commissioner or seeking legal recourse in a civil court to recover any wrongfully deducted amounts.",20.3662,4.4379,18.1692,20.6204,84.4515
157,"Secondary School (upto Class X) will not automatically become principal on upgradation of above said school to higher classes. On upgradation of the school, the Principal will be selected under open selection system in accordance with the existing procedure and it would be ensured that the qualifications laid down by CBSE/State Education Department/AWES SOP are fully met. This will be suitably incorporated in the appointment letters and agreements of the principals of middle and secondary schools. The present principals of such schools would have to apply afresh for selection for the post of principal through open selection system on upgradation and their candidature will be considered on merit. As per this term the principal is appointed for secondary school and he is working as Principal from last 05 years and there is no complaint against him. Now the school has been upgraded and the employer has not ended the contract and allowed him to sign after upgradation and the principal fulfills the desired QR of the upgraded principal. After 2-3 months of the principal told to leave  by giving 03 months notice stating the reason being upgraded would you tell me what are the legal implications if principal goes to court and is he considered as regular employee since before upgradation he was a regular employee( Jaisalmer, Rajasthan )",MBA_10 → FA_79 → SPE_4 → MTW_24,MBA_10 → FA_79 → SPE_4 → MTW_24 → leave → SPE → wages → Factories Act 1948,"Widow daughter can get family pension of panchayat taj dept employees.( North 24 Parganas, West Bengal )","Namaste sir ,
I durgaprasad working as a grade 4 permanent govt employee in state government of andhrapradesh which is a non gazetted ... Sir iam b.tech graduate with good percentage and I cracked gate 2023 with 457 score ...I have a lot of chance in NIT college to pursue Mtech in my engineering stream ....
For that I asked my head of the department to permit to study.. and he said as per the cca and subordinate rules I have not permitted to study because  iam non gazetted post .. and also requested them to sanction loss of pay of my service for about 2year..for that they told me ,, u have no such option except the government allows to u to study with special G.O ,, that is a huge process and may not be my favour ...and now iam thinking to study my mtech and success in my career I would abscond from service without intimating them ...sir is it a good move?? Or else you please give suggestions how to study my mtech without losing my current govt job with loss of my pay ... Pls provide the suggestions..  is my contact number ..sir iam from poor family with big dreams to study and my job is very lower cadre even I have chances to go mtech my family problems strucking me  I don't want to loose my hard earned job for m tech and also I don't want to loose my hard earned prestigious Gate rank for IIT and NIts  for my low cadre job .I need both for safety purposes
Kindly provide best suggestion which is even favourable infront of courts also I mean as per legally correct one ..
Thank you sir and pls do needful( Srikakulam, Andhra Pradesh )","I'm working in American MNC ( Concentrix Daksh services India Pvt Ltd) situated in Gurugram, haryana, India. The nature of company is service provider to top clients including global tech giants. And I'm working for one of the world's biggest tech giant (Google TVC ), by providing services in specific project on behalf of above mentioned company (CNX ). So, I came to know that we are offered very less salary as compared to average salary in other regions in world and no where near the average salary of Google. And recently it's highlighted by whistleblower that Google illegally underpaid thousands of workers in many countries breaching pay parity laws. So I need advice in context of that if pay parity laws says in US that Google TVCs ( temporary, vendors and contractual workers ) are entitled to equal compensation. So is it possible to highlight same issue in India as well, and if yes, how to do it and how to get success in receiving the entitled compensation from Google or main company ( cnx), ( which ever is culprit ). I'm adding few links for references and better understanding. https://amp.theguardian.com/technology/2021/sep/10/google-underpaid-workers-illegal-pay-disparity-documents https://payparity.org/( North Delhi, Delhi )","Dear Client,Regardless of the sector or character of establishments, either public or private, the recruitment, promotion, and upgradation of manpower is processed following its standing policy and recruitment and upgradation of manpower is also a prerogative of the establishment. Any complaint or allegation over malpractice or unfair practice in the recruitment or upgradation of manpower against an establishment shall not be entertained by a Court unless the alleged malpractice or unfairness in recruitment or upgradation of policy and practice appears on the face of the record. So, it is a very difficult and cumbersome exercise to prove such an allegation before the court. Be informed that recruitment, promotion, upgradation etc. are the prerogatives of the management/establishment strictly followed on the basis of an established recruitment and promotion policy. Only in case of deviation/discrimination/mala fide in the policy or rules, if it appears on the face of the record, the High Court may entertain an appeal/petition challenging the recruitment/upgradation rules violating the well-established policy of the organization. Otherwise, a petition may be rejected at the stage of admission by the High Court for lack of merit.","The principal's situation involves a breach of employment contract terms and potential wrongful termination. Given that the principal was allowed to continue in his role post-upgradation without any new contract or termination of the existing one, he may argue that his employment was implicitly regularized under the new conditions. The principal can file a writ petition in the Rajasthan High Court challenging the termination on grounds of arbitrariness and violation of principles of natural justice, as established in cases like *Central Inland Water Transport Corporation Ltd. v. Brojo Nath Ganguly* (1986).

The principal should gather evidence of his continued employment post-upgradation and any communications indicating his role's continuation. Additionally, he should seek a temporary injunction to prevent the termination from taking effect while the case is pending.",20.3662,4.4379,18.1692,20.6204,84.4515
158,"Sir,  I am in SC category and I passed a junior accountant competitive exam in 2011 , I mentioned the priorities of electricity companies name in online exam form as per advertisement... I chose 4 number Ajmer discom and 5 number Jodhpur discom,  but in the result by recruit  authority allotted me the Jodhpur discom , whereas a other SC male person getting less marks than me,  and hi recruited in Ajmer discom,  ......i completed my 8 year service in jodhpur discom,  but as per result declared in 2011 , I want go in Ajmer discom.....( Jaipur, Rajasthan )",CCS_ME → RPSR_5 → MHA_7 → GST_122A,CCS_ME → RPSR_5 → MHA_7 → GST_122A → GST → RPSR → MHA → MHA_103,"I'm 23 &amp; worked as a Social media executive &amp; writer in a startup. My boss is making excuses and refusing to pay back the salary of around 4 months. It's been around 1 year and 10 months, even after several requests and pleas, he isn't paying the salary. Although it's not a big amount, it ranges between 45k-50k. But as a 23-year-old it's a big amount for me. I need my hard-earned money. Pls, advise what should I do? 

Note: It will be helpful if the suggestions are of not too much hassle and within my affordability.( Thane, Maharashtra )","Joined TCS Mumbai on 4th June 2021 as consultant with joining bonus. Due to profile mismatch, overtime, verbal harassment and no response from higher management, i resigned and sent an email on 3-Aug (within probation), requesting them to relieve on 31-Aug. They were delaying and asked me to contact this and that person. Later, by 7-Aug, they blocked my laptop access. I could not work within notice period. In offer letter, appointment letter, internal policy - notice period after probation or confirmation only mentioned.
I returned company laptop. Got my salary, variable pay too.
Now after 1.5 years- they have sent me legal notice asking recovery of bonus and 2 months shortfall basic salary, within a week- else legal action. ( No calls or emails- they had my old defunct hotmail ID).meanwhile, i shifted to different city twice, but my phone number was same. Never ever they called me. They used very bad language- ""you had fraudulent intentions to dupe company etc.""

Please advise.( Pune, Maharashtra )","I am working in a Pvt Ltd Biotechnology company &amp; signed a bond for 5 years. But the work pressure &amp; environment is so toxic and painful. Even I am forced to work everyday approximately 10-12 hours which includes holidays &amp; weekly offs since 1.8 years. When I have resigned recently, they are not ready to relive me and asked me that they have trained me on work and I can's leave. However as a experienced person I haven't learned a single new thing from this organization whereas I have trained their fresher to work properly. What is the legal rights for me to sue the company and get relieve smoothly ?( Bhubaneswar, Orissa )",Your Form conditions n rules regulations in this regard required for clear n sound advice,"The key legal issue here is the alleged improper allocation of employment based on competitive exam results, potentially violating principles of merit and fairness in public employment. Under the Indian Constitution, Article 16 ensures equality of opportunity in public employment, and any deviation from merit-based selection can be challenged. However, since you have completed 8 years of service, challenging the original allocation may be complex due to the doctrine of laches, which bars claims brought after an unreasonable delay.

You can file a writ petition in the Rajasthan High Court challenging the allocation if you believe there was a procedural error or discrimination in the selection process. Gather all relevant documents, including the exam notification, your score, and the allocation list, to support your claim. Consider consulting with a lawyer specializing in service matters to evaluate the feasibility and potential outcomes of such a legal challenge.",20.3662,4.4379,18.1692,20.6204,84.4515
159,"Are Factories Act &amp; Shops &amp; Establishments Act applicable for NGOs in Karnataka( Bangalore, Karnataka )","Factories Act 1948 → Delhi Shops and Establishments Act, 1954 → Kerala Shops and Commercial Establishments Act, 1960 → PROC_OVERTIME_CLAIM","Factories Act 1948 → Delhi Shops and Establishments Act, 1954 → Kerala Shops and Commercial Establishments Act, 1960 → PROC_OVERTIME_CLAIM → DSEA_5 → DSEA_36 → DSEA_147 → labour_court","Widow daughter can get family pension of panchayat taj dept employees.( North 24 Parganas, West Bengal )","I worked in Jbm auto gurgaon plant for 1 year 1 month, after that i got transfer to jbm pune plant and got different pf number and employee id, now i completed 4 years 2 months here. I want to end my contract now. 
Am i eligible for gratuity?( Pune, Maharashtra )","In my graduation 3rd year marksheet my date of birth 21-jun-1993, seen 21-jun-1983 from distance, but actual it 21-jun-1993 when seen by lens, in 1993 third digit 9 is likely shaped birthday candel 9, and shape is likely 9,. Qr code represent 21-jun-1993 also. 
Please suggest me that ...should I do apply reprint in University or not? Is there any problem in govt job?( Bundi, Rajasthan )","Dear  Client,Non-profit organizations/NGOs, even though they may not engage in commercial activities, may still fall within the purview of the Shops and Establishment Act if they provide services or undertake any activities that fall under its ambit. While the Act does not specifically mention non-profit organizations, it broadly covers establishments where individuals are employed to carry out various functions. Consequently, NPOs employing workers for administration, accounting, project management, etc., would be considered an ""establishment"" under this Act. The Karnataka Shops and Establishment Act defines a commercial establishment as a commercial or trading or banking or insurance establishment, an establishment or administrative service in which persons employed are mainly engaged in office work, a hotel, restaurant, boarding or eating house, a cafe or any other refreshment house, a theatre or any other place of public amusement or entertainment and includes such establishments as the State Government may by notification declared to be a commercial establishment for the purposes of this Act;â Reach out to the office of the Inspector appointed under Karnataka Shops and Establishment Act for updated information and clarification","The Factories Act, 1948, and the Karnataka Shops and Commercial Establishments Act, 1961, may apply to NGOs in Karnataka depending on the nature of their operations. If an NGO engages in manufacturing processes, the Factories Act could apply. Conversely, the Karnataka Shops and Commercial Establishments Act generally applies to commercial establishments, which may include NGOs if they engage in trade, business, or services. 

NGOs should review their activities to determine applicability and ensure compliance with relevant labor laws. Next steps include consulting with a labor law expert to assess the specific operations of the NGO and determine the necessary registrations or compliance requirements under these Acts.",20.3662,4.4379,18.1692,20.6204,84.4515
160,"Currently, I am working in X company. They keep changing leave policies now and then. For FY 23-24, they have come up with new leave policies where an employee gets 16 Annual Leaves, 8 Casual-Cum-Sick Leave & 8 National & Festive Holidays. 
Here, the company has decided if any employee wants to use their Annual Leaves, they have to apply 45 days in advance; it also can't be adjusted against Causal OR Sick Leave. 
Once the employee exhausts their 8 Casual-Cum-Sick Leaves, they will implement a double deduction in salary for every casual or sick leave the employee takes. FYI, we have 9 hours working each day from Mon to Sat. Please suggest what can we done in this case??( Mumbai suburban, Maharashtra )",MEPS_26 → MEPS_40 → MBA_10 → FA_79,MEPS_26 → MEPS_40 → MBA_10 → FA_79 → leave → MEPS → notice_period → Factories Act 1948,"I resigned from the company and had cleared all the exit formalities also I have served the notice period, submitted all the assets and completed all the exit procedures. But during my Full and Final settlement company sent me recovery letter stating that I have to pay company dues for using the leaves benefit which the company has provided or else the legal action will be taken. Going through the company policy I found that there is no such line mentioned about leave recovery during the employee's exit. When I asked for clarification from the HR, there is no response from them regarding this. I have sent multiple reminders stating clarification but there is no response. What do I do in this case? How can I go legally in this matter since there is no reply from company's side?( Thane, Maharashtra )","Joined TCS Mumbai on 4th June 2021 as consultant with joining bonus. Due to profile mismatch, overtime, verbal harassment and no response from higher management, i resigned and sent an email on 3-Aug (within probation), requesting them to relieve on 31-Aug. They were delaying and asked me to contact this and that person. Later, by 7-Aug, they blocked my laptop access. I could not work within notice period. In offer letter, appointment letter, internal policy - notice period after probation or confirmation only mentioned.
I returned company laptop. Got my salary, variable pay too.
Now after 1.5 years- they have sent me legal notice asking recovery of bonus and 2 months shortfall basic salary, within a week- else legal action. ( No calls or emails- they had my old defunct hotmail ID).meanwhile, i shifted to different city twice, but my phone number was same. Never ever they called me. They used very bad language- ""you had fraudulent intentions to dupe company etc.""

Please advise.( Pune, Maharashtra )","I'm 23 &amp; worked as a Social media executive &amp; writer in a startup. My boss is making excuses and refusing to pay back the salary of around 4 months. It's been around 1 year and 10 months, even after several requests and pleas, he isn't paying the salary. Although it's not a big amount, it ranges between 45k-50k. But as a 23-year-old it's a big amount for me. I need my hard-earned money. Pls, advise what should I do? 

Note: It will be helpful if the suggestions are of not too much hassle and within my affordability.( Thane, Maharashtra )","Dear ClientIf you feel that the company's leave policies are not fair, you may consider seeking legal advice. You may also discuss your concerns with a human resources representative to understand the company's perspective and the rules and regulations regarding taking leaves, including the advanced notice period and the inability to adjust Annual Leaves against Casual or Sick Leave.","The company's leave policy changes, particularly the requirement of applying for annual leave 45 days in advance and the double deduction for exceeding casual-cum-sick leave, may be scrutinized under the Factories Act, 1948 if it applies to your employment. Under Section 79 of the Factories Act, employees are entitled to certain leave benefits, and any policy that significantly deviates from statutory entitlements could be challenged. However, employers generally have discretion to set leave policies unless they contravene statutory rights or contractual terms.

You can legally challenge the policy if it violates statutory entitlements or contractual agreements. First, review your employment contract and any applicable collective agreements for terms related to leave. If the policy seems unjust or violates statutory provisions, consider sending a formal grievance to your HR department or consult the Labour Commissioner for further action.",20.3662,4.4379,18.1692,20.6204,84.4515
161,"I was working with an Organization in Mumbai from 16 Jan 2018 to 29 July 2022 that is 4 years and 194 day. My office works for 5 days a week. Now after relieving they are denying me gratuity citing that I worked for 4 years 6 months and gratuity is applicable for period of 4 years and 8 months. Am I really not eligible for gratuity.?( Mumbai City, Maharashtra )",PGA_4 → PGA_7 → CCS_ME_3 → MEPS_17,PGA_4 → PGA_7 → CCS_ME_3 → MEPS_17 → gratuity → Payment of Gratuity Act 1972 → labour_court → MEPS,"I worked in Jbm auto gurgaon plant for 1 year 1 month, after that i got transfer to jbm pune plant and got different pf number and employee id, now i completed 4 years 2 months here. I want to end my contract now. 
Am i eligible for gratuity?( Pune, Maharashtra )","I work in travel Pvrt ltd company,  at the beginning of vivid our company owner stated to reduce the salary of staff to 50% from April 20 onwards but now he is not responding messages and calls and neither releasing any salary.  As confirmed from clients the work is started since starting of domestic airlines I. e.  May 2020. But now he is not responding me.( East Delhi, Delhi )","I am working in a company but it is not adding any value to my personal development & career development. I am in the end of probation period. Can my company take action against me if I resign from the job or will have to face consequences. I want to know how they will handle me.( Bangalore, Karnataka )","Dear Client,Section 4(2) of the Payment of Gratuity Act spells out the condition on the eligibility of an employee for gratuity in the event of him not completing the full five year period. The section says that for every completed year of service in excess of six months, the employer shall pay gratuity to an employee. That means if an employee works in the establishment for more than 6 months in a year, he shall be eligible to get gratuity at the prescribed rate. So, if an employee completes 4 years and 6 months of continuous service in the same establishment, he is eligible to get gratuity as per the Payment of Gratuity Act 1972.Hence if you have completed the above requirement then you are eligible to earn gratuity.Thank you so much, I hope this answer helped you.","Under the Payment of Gratuity Act, 1972, an employee is eligible for gratuity if they have completed five years of continuous service. However, according to judicial interpretation, such as the case of Mettur Beardsell Ltd. v. Regional Labour Commissioner, if an employee has completed 240 days in the fifth year, they may be considered to have completed a full year of service. Since you worked for 4 years and 194 days, you have completed more than 240 days in the fifth year, which may qualify you for gratuity. 

You can file a claim with the labour court or approach the controlling authority under the Payment of Gratuity Act to contest the denial. Collect and present all employment records and proof of continuous service to support your claim.",20.3662,4.4379,18.1692,20.6204,84.4515
162,"I worked for a PSU for 4 years 3 months 12 days as a fixed term employee. I have come to know that fixed term employees are eligible for gratuity on pro rata basis for the no. of years worked. Please let me know which law/rules/bill/act can i quote to claim Gratuity from my previous employer.( Delhi, Delhi )",PGA_4 → PGA_7 → CCS_ME_3 → MEPS_17,PGA_4 → PGA_7 → CCS_ME_3 → MEPS_17 → gratuity → PROC_GRATUITY_CLAIM → MEPS → labour_court,"I worked in Jbm auto gurgaon plant for 1 year 1 month, after that i got transfer to jbm pune plant and got different pf number and employee id, now i completed 4 years 2 months here. I want to end my contract now. 
Am i eligible for gratuity?( Pune, Maharashtra )","I work in travel Pvrt ltd company,  at the beginning of vivid our company owner stated to reduce the salary of staff to 50% from April 20 onwards but now he is not responding messages and calls and neither releasing any salary.  As confirmed from clients the work is started since starting of domestic airlines I. e.  May 2020. But now he is not responding me.( East Delhi, Delhi )","I lost my Job in the year 2017 due to a false sexual harassment matter. I didnt fight in court of law. I worked  in few places who didnt insist for character certificate from police. Now new employer insists on character certificate. What should i do? Will persuation to police department help? My online application was rejected and i m not aware why it was rejected though.( Mumbai suburban, Maharashtra )","Dear client,You can claim gratuity under the Payment of Gratuity Act.The payment of gratuity by the employer is a way to show gratitude towards an employee for his continuous service for the establishment. There are different forms to apply for gratuity in different circumstances which areIf an employee himself applies for the gratuity, Form I should be used for application.If an employeeâs nominee applies for the gratuity, Form J should be used for application.If an employeeâs legal heir applies for the gratuity, Form K should be used for application.In this case, you must use form I. You have to fill the form and submit it along with a copy of your bank passbook or a cancelled cheque. Within 30 days of submission you will get your gratuity amount transferred into your bank account.","Under the Payment of Gratuity Act, 1972, employees who have completed five years of continuous service are generally eligible for gratuity. However, recent amendments and judicial interpretations have extended gratuity eligibility to fixed-term employees, allowing them to receive gratuity on a pro-rata basis even if they have not completed five years. Since you worked for 4 years, 3 months, and 12 days, you may be eligible for gratuity on a pro-rata basis if your employment terms align with these interpretations.

You should formally request gratuity from your previous employer, citing the Payment of Gratuity Act, 1972, and any relevant amendments or case law supporting fixed-term employee eligibility. If the employer denies your claim, consider filing a claim with the Labour Court or approaching the Labour Commissioner in Delhi for redress.",20.3662,4.4379,18.1692,20.6204,84.4515
163,"Whether acceptance of resignation is required after expiry of notice period?
Whether resignation is effective immediately after the expiry of notice period or resignation is effective only after issuance of acceptance letter by competent authority?( Rewari, Haryana )",MEPS_26 → MEPS_40,MEPS_26 → MEPS_40 → notice_period → MEPS → leave → retrenchment,"I worked in Jbm auto gurgaon plant for 1 year 1 month, after that i got transfer to jbm pune plant and got different pf number and employee id, now i completed 4 years 2 months here. I want to end my contract now. 
Am i eligible for gratuity?( Pune, Maharashtra )","I have already given my services as a freelancer but not getting paid for services rendered. In terms and conditions, there is no clause with respect to continuing for minimum period of time post quitting.( Thane, Maharashtra )","I am working in indian software MNC from october 2008 till date from 2008-2018 I was medically fit from 2018 I suffering from asthma, hip joint bone AVN disorder but this is not affecting my office work at all my office work performance is good so currently I am asking for work from home so can my employer terminate me for medical health( Pune, Maharashtra )","Dear Client,The notice period starts once your letter of resignation has been accepted. After you have served your notice period you shall get a release letter from the concerned. After that your resignation is effective.Thank you","Under Indian employment law, particularly in the context of private employment, resignation becomes effective upon the expiry of the notice period, unless the employment contract specifies that acceptance is required. The Supreme Court of India in *Moti Ram v. Param Dev* (1993) held that a resignation becomes effective once the notice period is completed, unless the contract stipulates otherwise. 

Legally, if your employment contract does not require acceptance of resignation by the employer, your resignation is effective immediately after the notice period ends. However, if the contract requires acceptance, the resignation takes effect only upon acceptance by the competent authority. 

Next steps: Review your employment contract for specific clauses regarding resignation and acceptance. If acceptance is not mentioned, you may proceed with your plans post notice period. If acceptance is required, follow up with your employer to ensure formal acceptance is documented.",20.3662,4.4379,18.1692,20.6204,84.4515
164,"i need advice against the following: the company i was working with is employer stopped me from coming to office since 22nd sep 2022 and has also tried to make me forcefully write a resignation letter to which i denied.The duration of my work was 3 weeks has not paid my salary yet nor the termination letter and also speaks about deductions to my salary (was not mentioned in my interview( Bangalore, Karnataka )",IDA_17B → EPF_12 → ESI_72 → ISM_12,IDA_17B → EPF_12 → ESI_72 → ISM_12 → wages → ISM → Industrial Disputes Act 1947 → Employees Provident Fund Act 1952,"Joined TCS Mumbai on 4th June 2021 as consultant with joining bonus. Due to profile mismatch, overtime, verbal harassment and no response from higher management, i resigned and sent an email on 3-Aug (within probation), requesting them to relieve on 31-Aug. They were delaying and asked me to contact this and that person. Later, by 7-Aug, they blocked my laptop access. I could not work within notice period. In offer letter, appointment letter, internal policy - notice period after probation or confirmation only mentioned.
I returned company laptop. Got my salary, variable pay too.
Now after 1.5 years- they have sent me legal notice asking recovery of bonus and 2 months shortfall basic salary, within a week- else legal action. ( No calls or emails- they had my old defunct hotmail ID).meanwhile, i shifted to different city twice, but my phone number was same. Never ever they called me. They used very bad language- ""you had fraudulent intentions to dupe company etc.""

Please advise.( Pune, Maharashtra )","I'm 23 &amp; worked as a Social media executive &amp; writer in a startup. My boss is making excuses and refusing to pay back the salary of around 4 months. It's been around 1 year and 10 months, even after several requests and pleas, he isn't paying the salary. Although it's not a big amount, it ranges between 45k-50k. But as a 23-year-old it's a big amount for me. I need my hard-earned money. Pls, advise what should I do? 

Note: It will be helpful if the suggestions are of not too much hassle and within my affordability.( Thane, Maharashtra )","I am working in a Pvt Ltd Biotechnology company &amp; signed a bond for 5 years. But the work pressure &amp; environment is so toxic and painful. Even I am forced to work everyday approximately 10-12 hours which includes holidays &amp; weekly offs since 1.8 years. When I have resigned recently, they are not ready to relive me and asked me that they have trained me on work and I can's leave. However as a experienced person I haven't learned a single new thing from this organization whereas I have trained their fresher to work properly. What is the legal rights for me to sue the company and get relieve smoothly ?( Bhubaneswar, Orissa )",You can file a complaint against the company and the senior for harassing you to resign and also for tarnishing your reputation without any proof.,"The primary legal issue here is non-payment of wages and wrongful termination. Under the Payment of Wages Act, 1936, an employer is obligated to pay wages on time and cannot make unauthorized deductions. Since you have not received your salary and were coerced into resigning, you can file a complaint with the Labour Commissioner in Bangalore. You can also send a legal notice to the company demanding payment of your due salary and a formal termination letter. If the company fails to comply, consider filing a claim in the appropriate labor court for recovery of wages and wrongful termination.",20.3662,4.4379,18.1692,20.6204,84.4515
165,"What in case if company has decided to shut it's day operations, not night one and on Watsap they inform all of a sudden, and if pregnant employee mails for maternity benefit officially, her outlook password is changed after her maternity benefit and she is terminated on baseless reason of non-performance. Before her termination, she dropped mail for maternity. What steps she should take now..( Noida, Uttar Pradesh )",MBA_5 → MB_AMD_1 → MB_AMD_3 → ESI_50,MBA_5 → MB_AMD_1 → MB_AMD_3 → ESI_50 → maternity → MB_AMD → PROC_MATERNITY_CLAIM → Maternity Benefit Act 1961,"I worked in Jbm auto gurgaon plant for 1 year 1 month, after that i got transfer to jbm pune plant and got different pf number and employee id, now i completed 4 years 2 months here. I want to end my contract now. 
Am i eligible for gratuity?( Pune, Maharashtra )","I'm 23 &amp; worked as a Social media executive &amp; writer in a startup. My boss is making excuses and refusing to pay back the salary of around 4 months. It's been around 1 year and 10 months, even after several requests and pleas, he isn't paying the salary. Although it's not a big amount, it ranges between 45k-50k. But as a 23-year-old it's a big amount for me. I need my hard-earned money. Pls, advise what should I do? 

Note: It will be helpful if the suggestions are of not too much hassle and within my affordability.( Thane, Maharashtra )","I am working in a Pvt Ltd Biotechnology company &amp; signed a bond for 5 years. But the work pressure &amp; environment is so toxic and painful. Even I am forced to work everyday approximately 10-12 hours which includes holidays &amp; weekly offs since 1.8 years. When I have resigned recently, they are not ready to relive me and asked me that they have trained me on work and I can's leave. However as a experienced person I haven't learned a single new thing from this organization whereas I have trained their fresher to work properly. What is the legal rights for me to sue the company and get relieve smoothly ?( Bhubaneswar, Orissa )",approach  Labor Commissioner as soon as possble.,"The primary legal issue is the violation of the Maternity Benefit Act, 1961, which protects the rights of pregnant employees. Under Section 12 of the Act, it is unlawful for an employer to dismiss or discharge a woman on maternity leave. The employee should file a complaint with the labor commissioner or the appropriate labor court, citing the unlawful termination and denial of maternity benefits.

The employee can also seek reinstatement and compensation for the wrongful termination. It is crucial to gather all relevant communications, including the WhatsApp message and emails, as evidence. Additionally, filing a complaint with the National Commission for Women or the State Commission for Women can provide further support.",20.3662,4.4379,18.1692,20.6204,84.4515
166,"I am physically handicapped persons.  My one way request transfer accepted to Vijayawada division of S.C.Railway.  But my parent railway i.r. Hubli division is not relieving that they don't have sufficient staff.  Pl advise me( Bellary, Karnataka )",PGA_7 → EPF_7D → ESI_55 → IRC_44,PGA_7 → EPF_7D → ESI_55 → IRC_44 → labour_court → PROC_GRATUITY_CLAIM → gratuity → Payment of Gratuity Act 1972,"I worked in Jbm auto gurgaon plant for 1 year 1 month, after that i got transfer to jbm pune plant and got different pf number and employee id, now i completed 4 years 2 months here. I want to end my contract now. 
Am i eligible for gratuity?( Pune, Maharashtra )","I'm 23 &amp; worked as a Social media executive &amp; writer in a startup. My boss is making excuses and refusing to pay back the salary of around 4 months. It's been around 1 year and 10 months, even after several requests and pleas, he isn't paying the salary. Although it's not a big amount, it ranges between 45k-50k. But as a 23-year-old it's a big amount for me. I need my hard-earned money. Pls, advise what should I do? 

Note: It will be helpful if the suggestions are of not too much hassle and within my affordability.( Thane, Maharashtra )","I am working in a Pvt Ltd Biotechnology company &amp; signed a bond for 5 years. But the work pressure &amp; environment is so toxic and painful. Even I am forced to work everyday approximately 10-12 hours which includes holidays &amp; weekly offs since 1.8 years. When I have resigned recently, they are not ready to relive me and asked me that they have trained me on work and I can's leave. However as a experienced person I haven't learned a single new thing from this organization whereas I have trained their fresher to work properly. What is the legal rights for me to sue the company and get relieve smoothly ?( Bhubaneswar, Orissa )","Dear Sir,You may approach concerned Service Tribunal and get appropriate orders.Please take PAID phone call with me through VIDHIKARYA and get more legal guidance.","Under the Rights of Persons with Disabilities Act, 2016, individuals with disabilities are entitled to reasonable accommodations, including transfer requests, to ensure equal opportunities in employment. The refusal of a transfer on the grounds of insufficient staff may not be a valid reason if it impedes your rights under this Act. You can file a grievance with the Railway Board or approach the Central Administrative Tribunal (CAT) for redressal. Document all communications with your employer regarding the transfer and gather any medical or legal documentation supporting your disability status. Consider consulting with a legal professional specializing in employment law to strengthen your case.",20.3662,4.4379,18.1692,20.6204,84.4515
167,"Autonomous Organisation under Central Govt. not upgraded pay scale to Selection Grade pay, even after completion of specified period as per Recruitment and Promotion Rule of the Organisation. There is no justification or any reason for delaying this. Selection Grade was introduced in various Govt. Dept with a view to provide relief to the employees holding a post without promotional avenues to resolve the problem of stagnation. What shall I do, is there any legal remedies available to me.( Bangalore, Karnataka )",PGA_7 → EPF_7D → ESI_55 → IRC_44,PGA_7 → EPF_7D → ESI_55 → IRC_44 → labour_court → Payment of Gratuity Act 1972 → gratuity → PROC_GRATUITY_CLAIM,"I worked in Jbm auto gurgaon plant for 1 year 1 month, after that i got transfer to jbm pune plant and got different pf number and employee id, now i completed 4 years 2 months here. I want to end my contract now. 
Am i eligible for gratuity?( Pune, Maharashtra )","I'm 23 &amp; worked as a Social media executive &amp; writer in a startup. My boss is making excuses and refusing to pay back the salary of around 4 months. It's been around 1 year and 10 months, even after several requests and pleas, he isn't paying the salary. Although it's not a big amount, it ranges between 45k-50k. But as a 23-year-old it's a big amount for me. I need my hard-earned money. Pls, advise what should I do? 

Note: It will be helpful if the suggestions are of not too much hassle and within my affordability.( Thane, Maharashtra )","I work in travel Pvrt ltd company,  at the beginning of vivid our company owner stated to reduce the salary of staff to 50% from April 20 onwards but now he is not responding messages and calls and neither releasing any salary.  As confirmed from clients the work is started since starting of domestic airlines I. e.  May 2020. But now he is not responding me.( East Delhi, Delhi )","Hello Sir,You can file a suit against them in Industrial tribunal regarding this. You can ask upgrade in payscale or reason for not upgrading the pay scale.","The legal issue involves the non-upgradation of pay scale to Selection Grade pay as per the Recruitment and Promotion Rules of the organization. Under the Central Administrative Tribunal Act, 1985, employees of Central Government autonomous bodies can seek redressal for grievances related to service matters. File an application before the Central Administrative Tribunal (CAT) challenging the delay and seeking directions for the implementation of the Selection Grade pay. Before approaching the CAT, consider sending a formal representation to the organization requesting an explanation and resolution of the issue. If no satisfactory response is received, proceed with filing the application in the CAT.",20.3662,4.4379,18.1692,20.6204,84.4515
168,"Could you please share any citations, references/orders on salary in lieu of notice period should be paid on the discharged/terminated/last working day( Bangalore, Karnataka )",MEPS_26 → MEPS_40 → IDA_17B → EPF_12,MEPS_26 → MEPS_40 → IDA_17B → EPF_12 → wages → Industrial Disputes Act 1947 → MEPS → notice_period,"I worked in Jbm auto gurgaon plant for 1 year 1 month, after that i got transfer to jbm pune plant and got different pf number and employee id, now i completed 4 years 2 months here. I want to end my contract now. 
Am i eligible for gratuity?( Pune, Maharashtra )","I work in travel Pvrt ltd company,  at the beginning of vivid our company owner stated to reduce the salary of staff to 50% from April 20 onwards but now he is not responding messages and calls and neither releasing any salary.  As confirmed from clients the work is started since starting of domestic airlines I. e.  May 2020. But now he is not responding me.( East Delhi, Delhi )","I am working in indian software MNC from october 2008 till date from 2008-2018 I was medically fit from 2018 I suffering from asthma, hip joint bone AVN disorder but this is not affecting my office work at all my office work performance is good so currently I am asking for work from home so can my employer terminate me for medical health( Pune, Maharashtra )","Dear Client,As desired citations/judgments on the subject matter are mentioned below. You may access the full version of the citation/judgments from the website of Indiankanoon.org.  1) Pramod Jha v. State of Bihar, (2003) 4 SCC 619 - the Supreme Court, 2) J.K. Cotton Spg. & Wvg. Mills Ltd. v. State of U.P., (1990) 4 SCC 27 - the Supreme Court. 3) A.N. Gupta vs Public Enterprises Selection Board ... on 8 May, 2003 - Delhi High Court. 4)  Sanjeev Ranjan vs U.O.I.Thru.Secy.Ministry Of Health ... on 12 September 2022 - Allahabad High Court.  Hope this may meet your purposes.","Under the Industrial Disputes Act, 1947, if an employee is terminated, the employer is generally required to provide notice or pay in lieu of notice. The specific terms regarding the notice period and payment in lieu of notice are often dictated by the employment contract or company policy. In Karnataka, as per the Shops and Establishments Act, an employee is entitled to receive wages for the notice period if the employer chooses to terminate the employment without notice.

The user can demand payment in lieu of notice on the last working day if the employment contract or company policy specifies this. The user cannot demand this if the contract explicitly states otherwise or if the termination is for misconduct. The next step is to review the employment contract for specific terms regarding notice period and consult the HR department for clarification.",20.3662,4.4379,18.1692,20.6204,84.4515
169,"have been recruited in 2017 at government autonomous institution against regular sanction position as initial 5 years deemed to be contract as that time institute bye laws not approved by ministry. However after 5 years as per appointment letter and approved bye laws they need to done assessment and confirm the position but administration didn't confirm the post as per advertisement and bye laws and extend the contract 6 months. I have asked the reason they told we don't have post on which you appointed. Please guide me the same for further take up the case. As I am taking all the benefits of regular employee like salary ltc etc. In new bye laws they converted the post into another post but they told me after 4 years of implementation of bye laws. Please suggest me what I do( Chandigarh, Chandigarh )",IDA_17B → EPF_12 → ESI_72 → ISM_12,IDA_17B → EPF_12 → ESI_72 → ISM_12 → ISM → wages → Industrial Disputes Act 1947 → Employees State Insurance Act 1948,"I'm 23 &amp; worked as a Social media executive &amp; writer in a startup. My boss is making excuses and refusing to pay back the salary of around 4 months. It's been around 1 year and 10 months, even after several requests and pleas, he isn't paying the salary. Although it's not a big amount, it ranges between 45k-50k. But as a 23-year-old it's a big amount for me. I need my hard-earned money. Pls, advise what should I do? 

Note: It will be helpful if the suggestions are of not too much hassle and within my affordability.( Thane, Maharashtra )","I am working in a Pvt Ltd Biotechnology company &amp; signed a bond for 5 years. But the work pressure &amp; environment is so toxic and painful. Even I am forced to work everyday approximately 10-12 hours which includes holidays &amp; weekly offs since 1.8 years. When I have resigned recently, they are not ready to relive me and asked me that they have trained me on work and I can's leave. However as a experienced person I haven't learned a single new thing from this organization whereas I have trained their fresher to work properly. What is the legal rights for me to sue the company and get relieve smoothly ?( Bhubaneswar, Orissa )","Joined TCS Mumbai on 4th June 2021 as consultant with joining bonus. Due to profile mismatch, overtime, verbal harassment and no response from higher management, i resigned and sent an email on 3-Aug (within probation), requesting them to relieve on 31-Aug. They were delaying and asked me to contact this and that person. Later, by 7-Aug, they blocked my laptop access. I could not work within notice period. In offer letter, appointment letter, internal policy - notice period after probation or confirmation only mentioned.
I returned company laptop. Got my salary, variable pay too.
Now after 1.5 years- they have sent me legal notice asking recovery of bonus and 2 months shortfall basic salary, within a week- else legal action. ( No calls or emails- they had my old defunct hotmail ID).meanwhile, i shifted to different city twice, but my phone number was same. Never ever they called me. They used very bad language- ""you had fraudulent intentions to dupe company etc.""

Please advise.( Pune, Maharashtra )","Dear client,Kindly look into the case Dr. Ransheel Kumar Upadhyay vs Union Of India And 6 Others on 12 October, 2020You have right and remedy in the bye laws.","The key legal issue is whether the institution's failure to confirm your position violates the terms of your appointment letter and the applicable bye-laws. Under the Industrial Disputes Act, 1947, you may have grounds to challenge the decision if it constitutes an unfair labor practice or breach of contract. Since you were recruited against a regular sanctioned position and have been receiving benefits akin to a regular employee, the institution's actions may be legally contestable.

You can file a complaint with the appropriate labor tribunal or court for breach of contract and unfair labor practices. Additionally, consider sending a formal legal notice to the institution demanding confirmation of your position as per the original terms. Collect all relevant documents, such as your appointment letter and any correspondence, to support your case.",20.3662,4.4379,18.1692,20.6204,84.4515
170,"Hi, My ex employer has made mistakes while submitting the PF amount. Though the EPS applicability was Yes for me, but while submitting the PF amount, my employer has mistakenly not deposited anything in to the pension head for three years. Now they have submitted the revised document with the local PF office. Its been months. But every time i check the status of the same with the PF office by raising grievance in the EPF system, it is still not done. I am looking to withdraw my PF. But i am not able to do the same due to this mistake, I don't know what to to do expedite the same and withdraw my PF.( Bhubaneswar, Orissa )",EPF_6 → EPF_AT_2 → CCS_ME_3 → CCS_ME_5,EPF_6 → EPF_AT_2 → CCS_ME_3 → CCS_ME_5 → leave → labour_court → gratuity → provident_fund,"Joined TCS Mumbai on 4th June 2021 as consultant with joining bonus. Due to profile mismatch, overtime, verbal harassment and no response from higher management, i resigned and sent an email on 3-Aug (within probation), requesting them to relieve on 31-Aug. They were delaying and asked me to contact this and that person. Later, by 7-Aug, they blocked my laptop access. I could not work within notice period. In offer letter, appointment letter, internal policy - notice period after probation or confirmation only mentioned.
I returned company laptop. Got my salary, variable pay too.
Now after 1.5 years- they have sent me legal notice asking recovery of bonus and 2 months shortfall basic salary, within a week- else legal action. ( No calls or emails- they had my old defunct hotmail ID).meanwhile, i shifted to different city twice, but my phone number was same. Never ever they called me. They used very bad language- ""you had fraudulent intentions to dupe company etc.""

Please advise.( Pune, Maharashtra )","I'm 23 &amp; worked as a Social media executive &amp; writer in a startup. My boss is making excuses and refusing to pay back the salary of around 4 months. It's been around 1 year and 10 months, even after several requests and pleas, he isn't paying the salary. Although it's not a big amount, it ranges between 45k-50k. But as a 23-year-old it's a big amount for me. I need my hard-earned money. Pls, advise what should I do? 

Note: It will be helpful if the suggestions are of not too much hassle and within my affordability.( Thane, Maharashtra )","Dear team
I resigned on 5th July  and my notice period was 3 months, I served till 24th September and as per 3 months notice period my last working day was 2nd October.... But since I had to join other organization on 27th September I sent multiple mails for relieving me just 5 days earlier from my last working day. 

When I didn't get any confirmation I myself sent declaration mail for my last working day as 24th September and also wrote that I am ready to compensate against my remaining notice period as per HR policy. I joined other organization on 27th September but my previous organization intentionally mentioned last working day as 2nd October

After getting relieving also I sent multiple mails for correction of date but didn't get any help

Please suggest what steps can be taken against my previous employer for this unethical behavior...( Udaipur, Rajasthan )","Dear client,To address the issue of your ex-employer's mistakes in submitting the Provident Fund (PF) contributions legally these measures can be taken-1. Review Employment RecordsExamine Employment Contract: Check your employment contract and any communication regarding your PF contributions and eligibility for the Employee Pension Scheme (EPS).Collect Evidence: Gather documents that demonstrate your employment duration, the amount deducted for PF, and any correspondence regarding the contributions.2. Formal Communication with Ex-EmployerSend a Legal Notice: Draft a formal letter or legal notice to your ex-employer. The notice should outline:The discrepancies in the PF contributions.The legal obligation of the employer to remit contributions accurately.A request for immediate correction and confirmation of the revised submissions to the PF office.Set a Deadline: Specify a reasonable deadline for the employer to resolve the issue to avoid further legal action.3. Grievance with EPFOFile a Grievance: Utilize the EPFO grievance management system to file a formal complaint regarding the non-deposit of EPS contributions. Clearly state:The nature of the complaint.Reference any previous grievance tickets raised and their status.Follow Up: Persistently follow up with the EPFO through the grievance portal and, if possible, visit the local PF office to escalate the matter.4. RTI ApplicationFile an RTI Application: If the EPFO does not respond satisfactorily, file a Right to Information (RTI) application requesting information on:The status of your grievance.Details regarding the revision submitted by your employer.Timelines for resolution.Legal Provisions: The RTI Act empowers you to seek information, and the EPFO is obliged to respond within 30 days.5. Withdrawal ApplicationSubmit Withdrawal Application: You can submit your PF withdrawal application despite the discrepancies. Ensure that you:Complete the withdrawal form accurately.Attach all relevant documents, including your previous employment details and proof of contributions.Request for Processing: In your application, mention the issue with EPS contributions and request that the withdrawal be processed without delay.6. Seek Legal RemedyConsult a Lawyer: If your ex-employer fails to respond or rectify the issue, consult a lawyer specializing in labor law. They can:Advise on further legal action, such as filing a petition in the labor court or consumer forum against your ex-employer for failing to meet statutory obligations.Assist in drafting any additional legal notices required.7. Monitor ProgressDocument Everything: Keep a comprehensive record of all communications, grievances, applications, and responses related to your PF account. This documentation will be crucial if legal action is required.Check Status Regularly: Regularly check the status of your grievance with the EPFO and maintain contact with your ex-employer.8. Potential Legal ProceedingsFile a Case: If the situation does not resolve, your lawyer may recommend filing a case against the employer for recovery of dues and seeking compliance with PF regulations. This could involve:Filing a complaint under the Employees' Provident Funds and Miscellaneous Provisions Act, 1952, for non-compliance.Seeking damages for any financial loss suffered due to the employer's negligence.","The primary legal issue is the delay in processing the correction of PF contributions, which affects your ability to withdraw your Provident Fund. Under the Employees' Provident Funds and Miscellaneous Provisions Act, 1952, the employer is responsible for accurate and timely contributions to both the PF and EPS accounts. Since your employer has submitted the revised documents, the next step is to expedite the process with the Employees' Provident Fund Organisation (EPFO).

You can file an RTI (Right to Information) application to inquire about the status of your PF account correction. Additionally, consider escalating the grievance by contacting the Regional Provident Fund Commissioner or seeking assistance from the Central Public Grievance Redress and Monitoring System (CPGRAMS) to ensure timely resolution.",20.3662,4.4379,18.1692,20.6204,84.4515
171,"Can I file a Writ of Certiorari at Calcutta High Court in Person against the Order of Officiating Chairperson and Member(A) of WBAT?  At present there is no judge in WBAT and no Division Bench. As a Petitioner in Person, I filed OA in WBAT.( Kolkata, West Bengal )",PGA_7 → EPF_7D → ESI_55 → IRC_44,PGA_7 → EPF_7D → ESI_55 → IRC_44 → labour_court → Payment of Gratuity Act 1972 → gratuity → PROC_GRATUITY_CLAIM,"I worked in Jbm auto gurgaon plant for 1 year 1 month, after that i got transfer to jbm pune plant and got different pf number and employee id, now i completed 4 years 2 months here. I want to end my contract now. 
Am i eligible for gratuity?( Pune, Maharashtra )","I am working in indian software MNC from october 2008 till date from 2008-2018 I was medically fit from 2018 I suffering from asthma, hip joint bone AVN disorder but this is not affecting my office work at all my office work performance is good so currently I am asking for work from home so can my employer terminate me for medical health( Pune, Maharashtra )","I am working in a company but it is not adding any value to my personal development & career development. I am in the end of probation period. Can my company take action against me if I resign from the job or will have to face consequences. I want to know how they will handle me.( Bangalore, Karnataka )","Dear Client,The writ of certiorari can be applied by the parties aggrieved by a decision of a lower court or any other administrative body. The appellant who seeks the writ of certiorari must demonstrate that they have a direct and substantial interest in the case and that they have exhausted all available remedies within the lower courts before seeking review of a higher court.  A writ of certiorari is issued by the Supreme Court and High Court when a court, tribunal or officer has acted or passed an order without jurisdiction or in excess of judicial authority. If the order was against the principle of Natural Justice. If the order contains an error of judgment. The Supreme Court ruled that the certiorari can be issued even against administrative authorities affecting the rights of individuals. The procedure to file a writ of certiorari is similar to filing any writ petition which means, this writ can be filed either in the Supreme Court under Article 32 or in the High Court under Article 226 of the Constitution of India. A  writ of certiorari enables the higher courts to quash the decisions or orders of the lower courts or administrative bodies when they violate the principle of natural justice, make an error of law, or give conflicting decisions. By allowing the review of jurisdictional errors and errors of law, this writ upholds the principles of justice and ensures the proper interpretation and application of the law. Nothing prevents a person from filing a writ petition in the High Court in person. However, it would always be advisable to take legal advice before filing a writ petition in person.","A Writ of Certiorari can be filed in the Calcutta High Court to challenge the order of the West Bengal Administrative Tribunal (WBAT) if there is a perceived error of law or jurisdiction. Under Article 226 of the Indian Constitution, the High Court has the power to issue writs, including Certiorari, to any person or authority within its jurisdiction. As a Petitioner in Person, you are legally allowed to file this writ, especially given the current lack of a Division Bench in WBAT.

Next steps include preparing a detailed petition outlining the grounds for the writ, focusing on any jurisdictional errors or legal misinterpretations by the WBAT. Ensure all relevant documents and evidence are compiled to support your case before filing the writ in the High Court.",20.3662,4.4379,18.1692,20.6204,84.4515
172,"Dear Team,

My previous employer has hold my 40 Days salary and refuse to provide reliving and experience Letter of 2.5 Years serving. I honestly work for company and gave outstanding result during my work tenure.

As per policy, the notice period was 2 Month or Notice pay. However, due to emergency and relocation i had to relieve in 30 days. which i had informed and approved in System as well as on Mail. Along with this i was ready to pay cost of my notice. Still they were forcing me to serve 2 month. Now they had blackmailed me that they will consider me as abscond. Kindly give guidance, what should i do?( Ahmedabad, Gujarat )",MEPS_26 → MEPS_40 → PGA_7 → EPF_7D,MEPS_26 → MEPS_40 → PGA_7 → EPF_7D → labour_court → MEPS → gratuity → Payment of Gratuity Act 1972,"Joined TCS Mumbai on 4th June 2021 as consultant with joining bonus. Due to profile mismatch, overtime, verbal harassment and no response from higher management, i resigned and sent an email on 3-Aug (within probation), requesting them to relieve on 31-Aug. They were delaying and asked me to contact this and that person. Later, by 7-Aug, they blocked my laptop access. I could not work within notice period. In offer letter, appointment letter, internal policy - notice period after probation or confirmation only mentioned.
I returned company laptop. Got my salary, variable pay too.
Now after 1.5 years- they have sent me legal notice asking recovery of bonus and 2 months shortfall basic salary, within a week- else legal action. ( No calls or emails- they had my old defunct hotmail ID).meanwhile, i shifted to different city twice, but my phone number was same. Never ever they called me. They used very bad language- ""you had fraudulent intentions to dupe company etc.""

Please advise.( Pune, Maharashtra )","I resigned from the company and had cleared all the exit formalities also I have served the notice period, submitted all the assets and completed all the exit procedures. But during my Full and Final settlement company sent me recovery letter stating that I have to pay company dues for using the leaves benefit which the company has provided or else the legal action will be taken. Going through the company policy I found that there is no such line mentioned about leave recovery during the employee's exit. When I asked for clarification from the HR, there is no response from them regarding this. I have sent multiple reminders stating clarification but there is no response. What do I do in this case? How can I go legally in this matter since there is no reply from company's side?( Thane, Maharashtra )","I'm 23 &amp; worked as a Social media executive &amp; writer in a startup. My boss is making excuses and refusing to pay back the salary of around 4 months. It's been around 1 year and 10 months, even after several requests and pleas, he isn't paying the salary. Although it's not a big amount, it ranges between 45k-50k. But as a 23-year-old it's a big amount for me. I need my hard-earned money. Pls, advise what should I do? 

Note: It will be helpful if the suggestions are of not too much hassle and within my affordability.( Thane, Maharashtra )","Dear Client,Your situation appears to involve victimization and unfair labor practices by the company. Upon tendering your resignation in accordance with the terms of the offer or appointment letter, the employer is generally not permitted to withhold relieving letters, experience certificates, or Full and Final (F & F) settlement dues without valid reasons, especially when there is a buy policy for the notice period.To address this, it is recommended to serve a legal notice expressing your objection to the arbitrary actions of the employer. If you fall under the category of a workman as defined in Section 2(s) of the Industrial Dispute Act, and your grievance remains unresolved, you can file a complaint with the office of the concerned Labour Commissioner. Simultaneously, you may file an application under Section 33C(2) of the Industrial Dispute Act before the relevant Labour Court, claiming your F & F settlement dues within one year from the date they became due.However, if you hold the position of Manager/Supervisor, you will need to file a civil suit in the Civil Court for appropriate relief. Consider reaching out to our legal team for paid services to ensure the proper resolution of the issue.","The primary legal issue here is the employer's refusal to release the user's salary and provide relieving and experience letters, despite the user offering to pay for the notice period shortfall. Under Indian employment law, an employer must honor the terms of the employment contract, including the provision for notice pay in lieu of serving the full notice period. The user can send a formal legal notice to the employer demanding the release of the withheld salary and the issuance of the necessary documents, citing the agreement to pay the notice period shortfall. If the employer fails to comply, the user may file a complaint with the Labour Commissioner or pursue a civil suit for recovery of dues and damages.",20.3662,4.4379,18.1692,20.6204,84.4515
173,"I have done bsc-it from eiilm University in jan11-dec11. When I applied for migration then University did not deposit any previous t.c. and migration of 12th. After this I used this migration in shobhit University for bsc-it migration. Is there any problem regarding migration?( Bundi, Rajasthan )",GST_139 → LIM_13 → FIN_A_39 → FIN_A_40,GST_139 → LIM_13 → FIN_A_39 → FIN_A_40 → FIN_A → GST → LIM → leave,"Widow daughter can get family pension of panchayat taj dept employees.( North 24 Parganas, West Bengal )","My wife working in a private company since last 1year. She is expecting first child and due date is around February next year. She is planning to inform and ask the employer for maternity leave. However she is getting to know that the employer allowing only 3months for paid maternity leave. What can we do about this?( Bangalore, Karnataka )","Kindly help me 
i am teaching in playschool from july 2022 & completed 1 year i.e on july 2023 Now i am leaving the school & school refuses me to give me experience certificate Said that session is start from april and end at march , and you have to continue till march 2024 to get 1 year experience certificate
Is it wright ?? kindly help me what should I do???( Chandigarh, Chandigarh )","Dear Sir,There will be no problem.","The primary legal issue is whether the migration certificate from EIILM University is valid and whether its use at Shobhit University was appropriate. According to the University Grants Commission (UGC) guidelines, a migration certificate is essential for transferring to another university, and it must be issued by the previous institution. If EIILM University did not follow proper procedures in issuing the migration certificate, it could affect the validity of your enrollment at Shobhit University.

You should verify the authenticity of the migration certificate with EIILM University and ensure that all necessary documents, such as the transfer certificate (T.C.) and migration certificate, were properly issued. If there are discrepancies, contact both universities to rectify the issue and obtain any missing documents. If the universities are uncooperative, consider filing a complaint with the UGC or seeking legal recourse to resolve the matter.",20.3662,4.4379,18.1692,20.6204,84.4515
174,"There is an exam conducted by UPSC name ""Combined geoscientist examination."". Before 2021 there was a degree in notification mentioned named M.tech geological technology. After 2021 notification, the degree is removed. I have done M.tech geological technology just to appear in exam, Now what I can do. Before removing degree there was no prior notice to tell the degree will be removed or why it is removed.( Jaipur, Rajasthan )",DPDP_5 → FIN_A_28E → GST_7 → FIN_A_187,DPDP_5 → FIN_A_28E → GST_7 → FIN_A_187 → FIN_A → GST → DPDP → FIN_A_156,"Hello Sir/Mam,

I was worked for a private IT company 5 days working a week for 4 years, 7 months and 24 days. Now when i asked company to pay the gratuity amount. They deny it saying i need to complete 5 years to become eligible for gratuity. But as per my research and finding a one should be eligible after 4 years, 190 days. Please help me out how to proceed further.( Jaipur, Rajasthan )","I work in travel Pvrt ltd company,  at the beginning of vivid our company owner stated to reduce the salary of staff to 50% from April 20 onwards but now he is not responding messages and calls and neither releasing any salary.  As confirmed from clients the work is started since starting of domestic airlines I. e.  May 2020. But now he is not responding me.( East Delhi, Delhi )","I worked in Jbm auto gurgaon plant for 1 year 1 month, after that i got transfer to jbm pune plant and got different pf number and employee id, now i completed 4 years 2 months here. I want to end my contract now. 
Am i eligible for gratuity?( Pune, Maharashtra )","Dear Sir,A Public authorities are not suppose to give any notice to any individual candidate changing the circulars or notifications by issuing a public notice or in gazette. Try for another job.","The primary legal issue is whether the removal of the M.Tech in Geological Technology from the eligibility criteria for the UPSC Combined Geoscientist Examination constitutes a breach of legitimate expectation or administrative fairness. The doctrine of legitimate expectation, recognized by Indian courts, suggests that individuals may expect certain procedural fairness from public authorities if there is a consistent past practice or a promise made. However, UPSC retains the discretion to change eligibility criteria, provided it does not violate any statutory provisions or principles of natural justice.

Legally, you cannot compel UPSC to reinstate the degree unless you can prove procedural unfairness or arbitrariness in the decision-making process. You can file a representation to UPSC seeking clarification and reasons for the change. If unsatisfied with the response, consider filing a writ petition in the High Court challenging the decision on grounds of legitimate expectation and lack of transparency.",20.3662,4.4379,18.1692,20.6204,84.4515
175,"Sir,
My father has  BC (backward Class) certificate issued by Punjab .he used to live in Ferozpur Distt..But then in 1985 He Got Posted in Chandigarh In punjab Govt as employee... Now My entire family is living here in chandigarh since 1985... we the kids have got OBC certificate issued By SDM chandigarh ...My caste comes Both In central As well as Punjab State list............ Now I want to apply for a job At punjab public service commision.. under Punjab BC (punjab) Category........here They ask for domicile Certificate of punjab too......I want to know can I avail The reservation in punjab govt?.....My father is still in service with punjab govt at chandigarh.....I just have adhaar and pan card as residence proof......No one in the family has domicile certificate of Chandigarh......( Chandigarh, Chandigarh )",govt_service → MTW_23 → DSEA_48 → JKRA_3,"govt_service → MTW_23 → DSEA_48 → JKRA_3 → JKRA → MTW → Delhi Shops and Establishments Act, 1954 → DSEA_34","I'm 23 &amp; worked as a Social media executive &amp; writer in a startup. My boss is making excuses and refusing to pay back the salary of around 4 months. It's been around 1 year and 10 months, even after several requests and pleas, he isn't paying the salary. Although it's not a big amount, it ranges between 45k-50k. But as a 23-year-old it's a big amount for me. I need my hard-earned money. Pls, advise what should I do? 

Note: It will be helpful if the suggestions are of not too much hassle and within my affordability.( Thane, Maharashtra )","Joined TCS Mumbai on 4th June 2021 as consultant with joining bonus. Due to profile mismatch, overtime, verbal harassment and no response from higher management, i resigned and sent an email on 3-Aug (within probation), requesting them to relieve on 31-Aug. They were delaying and asked me to contact this and that person. Later, by 7-Aug, they blocked my laptop access. I could not work within notice period. In offer letter, appointment letter, internal policy - notice period after probation or confirmation only mentioned.
I returned company laptop. Got my salary, variable pay too.
Now after 1.5 years- they have sent me legal notice asking recovery of bonus and 2 months shortfall basic salary, within a week- else legal action. ( No calls or emails- they had my old defunct hotmail ID).meanwhile, i shifted to different city twice, but my phone number was same. Never ever they called me. They used very bad language- ""you had fraudulent intentions to dupe company etc.""

Please advise.( Pune, Maharashtra )","Dear team
I resigned on 5th July  and my notice period was 3 months, I served till 24th September and as per 3 months notice period my last working day was 2nd October.... But since I had to join other organization on 27th September I sent multiple mails for relieving me just 5 days earlier from my last working day. 

When I didn't get any confirmation I myself sent declaration mail for my last working day as 24th September and also wrote that I am ready to compensate against my remaining notice period as per HR policy. I joined other organization on 27th September but my previous organization intentionally mentioned last working day as 2nd October

After getting relieving also I sent multiple mails for correction of date but didn't get any help

Please suggest what steps can be taken against my previous employer for this unethical behavior...( Udaipur, Rajasthan )",Please visit DC/ SDM office chandigarh as already they have issued OBC certificate and submit the ID and address proof  and Xerox copy of OBC certificate along with the application ( kindly mention the purpose of the certificate as Job).   They may issue the same in 7-10 working days. Or If Your Parent's Property  is  in Ferozpur Distt  Punjab on the basis of property and on the basis of permanent address as entered in your Father's Service Register  it may be obtained as certified copy and apply for it as migrant from Ferozpur Distt  Punjab.,"Under the Punjab Government's reservation policies, you must possess a domicile certificate of Punjab to avail reservation benefits under the Punjab BC category. According to the Punjab Government's guidelines, a domicile certificate is typically required to prove residency in Punjab for a specified period. Since your family has been residing in Chandigarh since 1985 and your father is employed with the Punjab Government, it may be challenging to obtain a Punjab domicile certificate. 

However, you can apply for a Punjab domicile certificate if you meet specific residency criteria or have a connection to Punjab, such as property ownership or ancestral roots. The next step is to consult the local Tehsildar or SDM office in Punjab to understand the eligibility requirements and process for obtaining a domicile certificate. Additionally, gather any supporting documents that may establish your connection to Punjab, such as property records or ancestral documentation.",20.3662,4.4379,18.1692,20.6204,84.4515
176,"Hi
I have sent a legal notice to my employer but no response from them.
Usually how long does an employer takes to settle payment.
If they didn't respond, how do I proceed further?

Thanks in advance( Bangalore, Karnataka )",PGA_7 → EPF_7D → ESI_55 → IRC_44,PGA_7 → EPF_7D → ESI_55 → IRC_44 → labour_court → gratuity → Payment of Gratuity Act 1972 → IRC,"I worked in Jbm auto gurgaon plant for 1 year 1 month, after that i got transfer to jbm pune plant and got different pf number and employee id, now i completed 4 years 2 months here. I want to end my contract now. 
Am i eligible for gratuity?( Pune, Maharashtra )","I work in travel Pvrt ltd company,  at the beginning of vivid our company owner stated to reduce the salary of staff to 50% from April 20 onwards but now he is not responding messages and calls and neither releasing any salary.  As confirmed from clients the work is started since starting of domestic airlines I. e.  May 2020. But now he is not responding me.( East Delhi, Delhi )","I am working in indian software MNC from october 2008 till date from 2008-2018 I was medically fit from 2018 I suffering from asthma, hip joint bone AVN disorder but this is not affecting my office work at all my office work performance is good so currently I am asking for work from home so can my employer terminate me for medical health( Pune, Maharashtra )",File a case for recovery of money,"Under the Payment of Wages Act, 1936, an employer is obligated to pay wages within the prescribed period after the end of the wage period. If the employer fails to respond to a legal notice regarding unpaid wages, the next step is to file a complaint with the labor commissioner in your area. If the issue remains unresolved, you may initiate a suit in the labor court for recovery of the dues. Ensure you have all documentation, including the legal notice and any correspondence, to support your claim.",20.3662,4.4379,18.1692,20.6204,84.4515
177,"I'm contractual employee in PSU since 2013, for 3 years I was direct contractual employee thereafter they have third party outsourced & also reduce the salary 1/3 of the joining salary 2013. I have given my 8.5 years to this PSU what should I do now.( Delhi, Delhi )",IDA_17B → EPF_12 → ESI_72 → ISM_12,IDA_17B → EPF_12 → ESI_72 → ISM_12 → wages → Industrial Disputes Act 1947 → ISM → Employees Provident Fund Act 1952,"I work in travel Pvrt ltd company,  at the beginning of vivid our company owner stated to reduce the salary of staff to 50% from April 20 onwards but now he is not responding messages and calls and neither releasing any salary.  As confirmed from clients the work is started since starting of domestic airlines I. e.  May 2020. But now he is not responding me.( East Delhi, Delhi )","I worked in Jbm auto gurgaon plant for 1 year 1 month, after that i got transfer to jbm pune plant and got different pf number and employee id, now i completed 4 years 2 months here. I want to end my contract now. 
Am i eligible for gratuity?( Pune, Maharashtra )","I'm 23 &amp; worked as a Social media executive &amp; writer in a startup. My boss is making excuses and refusing to pay back the salary of around 4 months. It's been around 1 year and 10 months, even after several requests and pleas, he isn't paying the salary. Although it's not a big amount, it ranges between 45k-50k. But as a 23-year-old it's a big amount for me. I need my hard-earned money. Pls, advise what should I do? 

Note: It will be helpful if the suggestions are of not too much hassle and within my affordability.( Thane, Maharashtra )","Hi,Please refer to the agreement deed signed between you and the company. If you have any confusion or ambiguity, please contact a lawyer by producing the said deed. You can approach the labor court if needed.Please rate my answerThank You","Under the Industrial Disputes Act, 1947, a reduction in salary or change in employment terms without consent may constitute an unfair labor practice. Since you have been employed for 8.5 years, you may have a claim for unfair reduction of wages and potentially for regularization of your employment status. You can approach the labor commissioner to file a grievance regarding the salary reduction and employment terms. Additionally, consider sending a legal notice to the PSU and the third-party contractor demanding a review of your employment terms and back pay. If unresolved, you may need to file a case in the labor court for relief.",20.3662,4.4379,18.1692,20.6204,84.4515
178,"I was working a Pvt Ltd Company in New delhi From 30/09/2019 , company not paid me my salary from Month of Dec-19 to April-20 , when i asked him for pay overdue salary then he give me termination without any reason on mail in 15th March . the company give me time for 30th April, how many reminder i send to company HR Manager & CEO but they are not give me my period salary .  in Last meeting with Company CEO then he wants give me my salary till Feb-20 , he give me NOC for sign , but i tell him its not except , Company don't want give me my 5 months overdue salary, please suggest what can i do against this company.( Ghaziabad, Uttar Pradesh )",IDA_17B → EPF_12 → ESI_72 → ISM_12,IDA_17B → EPF_12 → ESI_72 → ISM_12 → wages → Industrial Disputes Act 1947 → ISM → Employees Provident Fund Act 1952,"Joined TCS Mumbai on 4th June 2021 as consultant with joining bonus. Due to profile mismatch, overtime, verbal harassment and no response from higher management, i resigned and sent an email on 3-Aug (within probation), requesting them to relieve on 31-Aug. They were delaying and asked me to contact this and that person. Later, by 7-Aug, they blocked my laptop access. I could not work within notice period. In offer letter, appointment letter, internal policy - notice period after probation or confirmation only mentioned.
I returned company laptop. Got my salary, variable pay too.
Now after 1.5 years- they have sent me legal notice asking recovery of bonus and 2 months shortfall basic salary, within a week- else legal action. ( No calls or emails- they had my old defunct hotmail ID).meanwhile, i shifted to different city twice, but my phone number was same. Never ever they called me. They used very bad language- ""you had fraudulent intentions to dupe company etc.""

Please advise.( Pune, Maharashtra )","I resigned from the company and had cleared all the exit formalities also I have served the notice period, submitted all the assets and completed all the exit procedures. But during my Full and Final settlement company sent me recovery letter stating that I have to pay company dues for using the leaves benefit which the company has provided or else the legal action will be taken. Going through the company policy I found that there is no such line mentioned about leave recovery during the employee's exit. When I asked for clarification from the HR, there is no response from them regarding this. I have sent multiple reminders stating clarification but there is no response. What do I do in this case? How can I go legally in this matter since there is no reply from company's side?( Thane, Maharashtra )","I'm 23 &amp; worked as a Social media executive &amp; writer in a startup. My boss is making excuses and refusing to pay back the salary of around 4 months. It's been around 1 year and 10 months, even after several requests and pleas, he isn't paying the salary. Although it's not a big amount, it ranges between 45k-50k. But as a 23-year-old it's a big amount for me. I need my hard-earned money. Pls, advise what should I do? 

Note: It will be helpful if the suggestions are of not too much hassle and within my affordability.( Thane, Maharashtra )","1. you can serve him a legal notice through a lawyer to make payment of the outstanding amount along with the interest,2. if payment is not made despite service of the legal notice, you can file a case under the Industrial Disputes Act","The primary legal issue is the non-payment of salary, which constitutes a breach of contract and potentially a violation of the Payment of Wages Act, 1936. In this situation, the user can send a legal notice to the company demanding payment of the outstanding salary. If the company fails to comply, the user may file a complaint with the Labour Commissioner under the Industrial Disputes Act, 1947, or initiate a civil suit for recovery of dues. It is crucial to gather all relevant documents, such as employment contracts, emails, and any communication regarding salary dues, to support the claim.",20.3662,4.4379,18.1692,20.6204,84.4515
179,"company is telling me to resign &amp; get a two month notice period only for cross cutting 
company is limited company &amp; listed in stock market( Mumbai suburban, Maharashtra )",IDA_2A → ESI_73 → MEPS_26 → MEPS_40,IDA_2A → ESI_73 → MEPS_26 → MEPS_40 → MEPS → notice_period → Industrial Disputes Act 1947 → wrongful_termination,"I worked in Jbm auto gurgaon plant for 1 year 1 month, after that i got transfer to jbm pune plant and got different pf number and employee id, now i completed 4 years 2 months here. I want to end my contract now. 
Am i eligible for gratuity?( Pune, Maharashtra )","I work in travel Pvrt ltd company,  at the beginning of vivid our company owner stated to reduce the salary of staff to 50% from April 20 onwards but now he is not responding messages and calls and neither releasing any salary.  As confirmed from clients the work is started since starting of domestic airlines I. e.  May 2020. But now he is not responding me.( East Delhi, Delhi )","In my graduation 3rd year marksheet my date of birth 21-jun-1993, seen 21-jun-1983 from distance, but actual it 21-jun-1993 when seen by lens, in 1993 third digit 9 is likely shaped birthday candel 9, and shape is likely 9,. Qr code represent 21-jun-1993 also. 
Please suggest me that ...should I do apply reprint in University or not? Is there any problem in govt job?( Bundi, Rajasthan )","Hello,As per the information you have mentioned, In case of violation of a contractual agreement, you can file a lawsuit against the employer for wrongful termination in the Labour Court. The court can order the employer to restore you at your job and pay damages for wrongfully terminating you.","Under the Industrial Disputes Act, 1947, if the company is forcing a resignation, it may constitute constructive dismissal, which is a form of wrongful termination. Employees cannot be compelled to resign without due process, and the company must adhere to the terms of employment contracts regarding notice periods. Since the company is listed and subject to corporate governance norms, it must follow statutory requirements for termination.

The employee should not resign under pressure and can file a complaint with the labor commissioner if the company's actions violate employment laws. It is advisable to gather all relevant documents and communications regarding the resignation request and seek legal counsel to explore filing a claim for wrongful termination.",20.3662,4.4379,18.1692,20.6204,84.4515
180,"DOES SOFTWARE COMPANIES REGISTERED UNDER MSME D CATEGORY INDUSTRIAL DISPUTE ACT OF PUNJAB DOES NOT APPLY( Rupnagar, Punjab )",IDA_17B → EPF_12 → ESI_72 → ISM_12,IDA_17B → EPF_12 → ESI_72 → ISM_12 → ISM → Industrial Disputes Act 1947 → wages → Employees Provident Fund Act 1952,"I worked in Jbm auto gurgaon plant for 1 year 1 month, after that i got transfer to jbm pune plant and got different pf number and employee id, now i completed 4 years 2 months here. I want to end my contract now. 
Am i eligible for gratuity?( Pune, Maharashtra )","In my graduation 3rd year marksheet my date of birth 21-jun-1993, seen 21-jun-1983 from distance, but actual it 21-jun-1993 when seen by lens, in 1993 third digit 9 is likely shaped birthday candel 9, and shape is likely 9,. Qr code represent 21-jun-1993 also. 
Please suggest me that ...should I do apply reprint in University or not? Is there any problem in govt job?( Bundi, Rajasthan )","Widow daughter can get family pension of panchayat taj dept employees.( North 24 Parganas, West Bengal )","Industrial Dispute Act applies to small level employees, whose salary below 15,000 p.m only. Most of the Software Developers will get above this, so You cannot file in Industrial Dispute Act, but you have other options to file a case.","The Industrial Disputes Act, 1947, applies to all industries in India, including software companies, regardless of whether they are registered under MSME D category. The Act defines ""industry"" broadly, and software companies typically fall within this definition as they engage in systematic activities involving cooperation between employers and employees. Therefore, the Act is applicable to software companies in Punjab.

You cannot legally claim that the Industrial Disputes Act does not apply to your software company solely based on its MSME D registration. To ensure compliance, review the specific provisions of the Industrial Disputes Act relevant to your operations. Consider consulting with a labor law expert to ensure all legal obligations under the Act are being met.",20.3662,4.4379,18.1692,20.6204,84.4515
181,"I had appointed for group B regular post in Central govt dept with 2 years probation. After 10 and half month service I resigned from my service for some personal reasons. Within 90 days of my reliving I applied for withdrawal of my resignation. But the dept denied my request on the grounds that I was on probation hence can't withdraw my resignation. I want to file a case against them.( Chandigarh, Chandigarh )",SCST_A_19 → RPSR_2 → RPSR_3 → RPSR_156B,SCST_A_19 → RPSR_2 → RPSR_3 → RPSR_156B → probation → RPSR → SCST_A → leave,"Hello Sir/Mam,

I was worked for a private IT company 5 days working a week for 4 years, 7 months and 24 days. Now when i asked company to pay the gratuity amount. They deny it saying i need to complete 5 years to become eligible for gratuity. But as per my research and finding a one should be eligible after 4 years, 190 days. Please help me out how to proceed further.( Jaipur, Rajasthan )","I worked in Jbm auto gurgaon plant for 1 year 1 month, after that i got transfer to jbm pune plant and got different pf number and employee id, now i completed 4 years 2 months here. I want to end my contract now. 
Am i eligible for gratuity?( Pune, Maharashtra )","I work in travel Pvrt ltd company,  at the beginning of vivid our company owner stated to reduce the salary of staff to 50% from April 20 onwards but now he is not responding messages and calls and neither releasing any salary.  As confirmed from clients the work is started since starting of domestic airlines I. e.  May 2020. But now he is not responding me.( East Delhi, Delhi )","Dear Client,Employees can quit during the probation period, depending on company policies and their terms of employment. In the absence of a policy for the revocation, resignation once accepted cannot be revoked or withdrawn even if a probationer tenders his or her resignation during the probationary period.  Be informed that recruitment, promotion, transfer, placement, etc., are the prerogatives of the management/establishment, strictly followed based on an established HR policy. Only in case of deviation/discrimination/mala fide in the HR policy or rules, if it appears on the face of the record, the Tribunal(CAT) or High Court may entertain an appeal/petition challenging the well-established policy of the organization. Otherwise, a petition may be rejected at the stage of admission by the CAT or High Court for lack of merit. Hence, it is suggested to consult with an Advocate experienced in CAT/SAT matters for tailored advice to navigate the issue in the right way.","Under Indian employment law, a probationary employee generally does not have the same rights as a confirmed employee, including the right to withdraw a resignation. The department's refusal to allow withdrawal of resignation is likely lawful since you were on probation, and they are not obligated to accept the withdrawal. However, if there were any procedural irregularities or if the department's policies allow for such withdrawal, you may have grounds to challenge their decision.

To proceed, review the terms of your appointment letter and the department's policy on probationary resignations. If you find any discrepancies, consider filing a writ petition in the High Court challenging the decision. Consulting with an employment law attorney to evaluate the specifics of your case and potential remedies is advisable.",20.3662,4.4379,18.1692,20.6204,84.4515
182,"I have completed 5 days working (Mon-Fri), now my manager is asking me to do overtime on Saturday which i do not want to do. Moreover i am also not getting my week off swapped.

How to tackle this situation. Is there any legal answer for this which i can give if they force me?( Aligarh, Uttar Pradesh )",MWA_14 → FA_59 → MTW_26 → MTW_40,MWA_14 → FA_59 → MTW_26 → MTW_40 → overtime → wages → Minimum Wages Act 1948 → Factories Act 1948,"I worked in Jbm auto gurgaon plant for 1 year 1 month, after that i got transfer to jbm pune plant and got different pf number and employee id, now i completed 4 years 2 months here. I want to end my contract now. 
Am i eligible for gratuity?( Pune, Maharashtra )","I'm 23 &amp; worked as a Social media executive &amp; writer in a startup. My boss is making excuses and refusing to pay back the salary of around 4 months. It's been around 1 year and 10 months, even after several requests and pleas, he isn't paying the salary. Although it's not a big amount, it ranges between 45k-50k. But as a 23-year-old it's a big amount for me. I need my hard-earned money. Pls, advise what should I do? 

Note: It will be helpful if the suggestions are of not too much hassle and within my affordability.( Thane, Maharashtra )","I am working in a company but it is not adding any value to my personal development & career development. I am in the end of probation period. Can my company take action against me if I resign from the job or will have to face consequences. I want to know how they will handle me.( Bangalore, Karnataka )",HelloIf your employer is asking you to do overtime then you could complaint against the employer to the labour commissioner. You cannot be asked to do more work as prescribed by the labour laws in India.ThanksPlease rate if you find this advice helpful.,"Under the Factories Act 1948, Section 51 limits the working hours to 48 hours per week, and Section 59 mandates overtime pay at twice the ordinary rate for any work beyond these hours. If your employer requires you to work on Saturday, it should be compensated as overtime if it exceeds the 48-hour weekly limit. You are not legally obligated to work overtime unless it is a condition of your employment contract.

To address this situation, inform your manager of your rights under the Factories Act and request overtime pay for any additional hours worked. If the issue persists, consider filing a complaint with the local labor commissioner for enforcement of your rights.",20.3662,4.4379,18.1692,20.6204,84.4515
183,"i resignd after performing duty for 356 days in last FY22-23. while variable pay not given to me on pro rata basis. while company pays variable pay to (1) employees who joins mid FY and continue (2) employees who switches job in mid of FY from company to other company of same business group (3) and retiring employees mid of FY. Employe say you are not eligible hence you will not be paid. they follow different rule for outgoing employee. Kindly advice( Gautam Buddha Nagar, Uttar Pradesh )",PGA_7 → EPF_7D → ESI_55 → IRC_44,PGA_7 → EPF_7D → ESI_55 → IRC_44 → labour_court → gratuity → PROC_GRATUITY_CLAIM → Payment of Gratuity Act 1972,"Widow daughter can get family pension of panchayat taj dept employees.( North 24 Parganas, West Bengal )","I'm working in American MNC ( Concentrix Daksh services India Pvt Ltd) situated in Gurugram, haryana, India. The nature of company is service provider to top clients including global tech giants. And I'm working for one of the world's biggest tech giant (Google TVC ), by providing services in specific project on behalf of above mentioned company (CNX ). So, I came to know that we are offered very less salary as compared to average salary in other regions in world and no where near the average salary of Google. And recently it's highlighted by whistleblower that Google illegally underpaid thousands of workers in many countries breaching pay parity laws. So I need advice in context of that if pay parity laws says in US that Google TVCs ( temporary, vendors and contractual workers ) are entitled to equal compensation. So is it possible to highlight same issue in India as well, and if yes, how to do it and how to get success in receiving the entitled compensation from Google or main company ( cnx), ( which ever is culprit ). I'm adding few links for references and better understanding. https://amp.theguardian.com/technology/2021/sep/10/google-underpaid-workers-illegal-pay-disparity-documents https://payparity.org/( North Delhi, Delhi )","I worked in Jbm auto gurgaon plant for 1 year 1 month, after that i got transfer to jbm pune plant and got different pf number and employee id, now i completed 4 years 2 months here. I want to end my contract now. 
Am i eligible for gratuity?( Pune, Maharashtra )","Dear Client,The payment of variable pay or performance-related bonuses can vary from company to company and may be subject to specific policies outlined in your employment contract or company guidelines. Whether you are entitled to variable pay on a pro-rata basis for your period of service in the financial year 2022-23 depends on your employment agreement, company policies, and applicable labor laws.Here are some steps you can take to address this issue:Review Your Employment Contract: Carefully review your employment contract, offer letter, and any written policies or guidelines provided by your employer. Pay particular attention to the sections related to compensation, variable pay, and bonus eligibility. Check if there are any clauses or conditions that specify how variable pay is calculated and when it is paid.Discuss with HR or Management: Initiate a discussion with your company's HR department or management to seek clarification on the company's policy regarding variable pay for employees who resign mid-year. Share your understanding of the situation and inquire about the specific reasons for not receiving pro-rata variable pay.Refer to Company Policies: Ask HR or management to provide you with the relevant company policies or guidelines that address variable pay calculations and eligibility criteria. This will help you better understand the basis on which they have made their decision.Seek Legal Advice: If you believe that your entitlement to pro-rata variable pay is supported by your employment contract, applicable labor laws, or the company's own policies, you may want to consult with an employment attorney. They can review your situation and provide legal guidance on your rights and potential courses of action.Negotiate: If you have a strong case and believe that you are entitled to pro-rata variable pay, you can negotiate with your employer to resolve the matter amicably. Provide any evidence or arguments that support your claim.File a Complaint: If discussions and negotiations do not lead to a satisfactory resolution, you may have the option to file a complaint with labor authorities or an employment tribunal, depending on the labor laws in your jurisdiction.Thank you.","The legal issue here is whether the company is obligated to pay pro rata variable pay to an employee who resigned after 356 days of service in the fiscal year, while other categories of employees receive such pay. The key statute applicable is the Payment of Bonus Act, 1965, which mandates that bonuses, including variable pay, must be distributed fairly and equitably among eligible employees. If the company's policy discriminates against employees who resign, this could be challenged as unfair labor practice.

The user can file a complaint with the Labour Commissioner or approach the Labour Court, citing discriminatory practices in the distribution of variable pay. It is advisable to gather evidence of the company's policy and any communications regarding the variable pay. A formal grievance can be lodged with the HR department as a first step, requesting a written explanation of the policy differentiation.",20.3662,4.4379,18.1692,20.6204,84.4515
184,"I work in a co-operative society, and reside with my husband in a Govt Quarter. As a resident of our quarter got infected with covid, our house got sealed for 14 days. I have informed my organisation on time with all documents, but they deducted my salary for the quarantine period. 
I want to know, who to ask for compensation, my organisation or the Govt Company due to whom I got quarantined. and under which acts and sections( Midnapore, West Bengal )",PGA_7 → EPF_7D → ESI_55 → IRC_44,PGA_7 → EPF_7D → ESI_55 → IRC_44 → labour_court → PROC_GRATUITY_CLAIM → Payment of Gratuity Act 1972 → gratuity,"I'm 23 &amp; worked as a Social media executive &amp; writer in a startup. My boss is making excuses and refusing to pay back the salary of around 4 months. It's been around 1 year and 10 months, even after several requests and pleas, he isn't paying the salary. Although it's not a big amount, it ranges between 45k-50k. But as a 23-year-old it's a big amount for me. I need my hard-earned money. Pls, advise what should I do? 

Note: It will be helpful if the suggestions are of not too much hassle and within my affordability.( Thane, Maharashtra )","Joined TCS Mumbai on 4th June 2021 as consultant with joining bonus. Due to profile mismatch, overtime, verbal harassment and no response from higher management, i resigned and sent an email on 3-Aug (within probation), requesting them to relieve on 31-Aug. They were delaying and asked me to contact this and that person. Later, by 7-Aug, they blocked my laptop access. I could not work within notice period. In offer letter, appointment letter, internal policy - notice period after probation or confirmation only mentioned.
I returned company laptop. Got my salary, variable pay too.
Now after 1.5 years- they have sent me legal notice asking recovery of bonus and 2 months shortfall basic salary, within a week- else legal action. ( No calls or emails- they had my old defunct hotmail ID).meanwhile, i shifted to different city twice, but my phone number was same. Never ever they called me. They used very bad language- ""you had fraudulent intentions to dupe company etc.""

Please advise.( Pune, Maharashtra )","I worked in Jbm auto gurgaon plant for 1 year 1 month, after that i got transfer to jbm pune plant and got different pf number and employee id, now i completed 4 years 2 months here. I want to end my contract now. 
Am i eligible for gratuity?( Pune, Maharashtra )",Dear SirYou may approach service tribunal or High court.Please give me RANK FIVE (5) If my answer satisfies you,"The primary legal issue here is whether salary deduction during quarantine due to COVID-19 is permissible. Under the Disaster Management Act, 2005, and advisories issued by the Ministry of Home Affairs during the pandemic, employers were generally advised not to deduct salaries of employees who were unable to work due to quarantine or lockdown restrictions. However, specific entitlements may depend on the employment contract and the policies of the cooperative society.

You can legally challenge the salary deduction by first sending a formal letter to your employer requesting reimbursement for the quarantine period, citing the relevant advisories. If the employer refuses, consider filing a complaint with the local labor court or the labor commissioner’s office in Midnapore, West Bengal, for unjust salary deduction.",20.3662,4.4379,18.1692,20.6204,84.4515
185,"hi all , i am working in a company where the notice period is 6 months , but i got an offer and the joining time is 2 months , how to deal with this situation . and my present employer is not at all willing to giving me the relieving letter.( Anantapur, Andhra Pradesh )",MEPS_26 → MEPS_40 → MBA_10 → FA_79,MEPS_26 → MEPS_40 → MBA_10 → FA_79 → leave → MEPS → notice_period → Factories Act 1948,"I worked in Jbm auto gurgaon plant for 1 year 1 month, after that i got transfer to jbm pune plant and got different pf number and employee id, now i completed 4 years 2 months here. I want to end my contract now. 
Am i eligible for gratuity?( Pune, Maharashtra )","I work in travel Pvrt ltd company,  at the beginning of vivid our company owner stated to reduce the salary of staff to 50% from April 20 onwards but now he is not responding messages and calls and neither releasing any salary.  As confirmed from clients the work is started since starting of domestic airlines I. e.  May 2020. But now he is not responding me.( East Delhi, Delhi )","I am working in a company but it is not adding any value to my personal development & career development. I am in the end of probation period. Can my company take action against me if I resign from the job or will have to face consequences. I want to know how they will handle me.( Bangalore, Karnataka )","Dear Client,Dealing with a situation where you have a new job offer with a shorter notice period than your current employer's requirement can be challenging. Here are some steps you can consider:Review Employment Contract: Carefully review your current employment contract or offer letter to understand the terms and conditions related to the notice period, relieving letter, and any consequences of breaching the notice period.Negotiate with New Employer: Reach out to your new employer and explain the situation regarding your current notice period. Request flexibility in their joining date, explaining that your current employer requires a longer notice period. Many employers are willing to accommodate such requests, especially if they value your skills and experience.Offer Compensation: If your new employer is unable to accommodate a longer notice period, you can offer to compensate your current employer for the shorter notice period. Discuss this option with both your current and new employers to see if it's feasible.Talk to HR: Initiate a conversation with your current employer's HR department. Explain your situation and discuss the possibility of reducing your notice period or reaching a mutual agreement. Be open and professional in your communication.Documentation: Ensure that all communication regarding this matter is well-documented, including emails, letters, or any agreements reached. This documentation can be useful if any disputes arise later.Legal Consultation: If you face resistance from your current employer and believe that your rights are being violated, consider consulting with a legal advisor or attorney who specializes in employment law. They can provide guidance on your specific situation and advise you on how to protect your interests.Exit Without a Relieving Letter: If all else fails and you choose to leave your current job without obtaining a relieving letter, be aware that this may impact your future employment prospects. Some employers may require a relieving letter as part of their hiring process. You can explain your situation to prospective employers during interviews.Professionalism: Maintain professionalism throughout the process. Resign formally, follow company protocols, and fulfill your responsibilities to the best of your ability during your remaining time with your current employer.Remember that employment laws and practices can vary by jurisdiction, so it's essential to consider the legal implications of your actions in your specific location.Thank you.","Under Indian labor law, the terms of your employment contract, including the notice period, are generally enforceable. However, the employer's refusal to provide a relieving letter can be challenged if it is unreasonable or if the employer is not willing to negotiate the notice period. You can negotiate with your current employer to reduce the notice period or offer to pay in lieu of notice, as per the terms of your contract. If negotiations fail, consider sending a formal written request for a relieving letter, and if necessary, consult the labor commissioner for further assistance. Review your employment contract carefully to understand your rights and obligations regarding notice periods and relieving letters.",20.3662,4.4379,18.1692,20.6204,84.4515
186,"I woked for both the companies for 14days and left the 1st organisation and continued in 2nd for 2 years. When I apply the job in MNC's they are rejecting in the BGV. How to resolve this issue?( Hyderabad, Telangana )",FIN_A_27 → COMP_MA_1 → GST_143 → BTC_4,FIN_A_27 → COMP_MA_1 → GST_143 → BTC_4 → BTC → FIN_A → COMP_MA → GST,"I worked in Jbm auto gurgaon plant for 1 year 1 month, after that i got transfer to jbm pune plant and got different pf number and employee id, now i completed 4 years 2 months here. I want to end my contract now. 
Am i eligible for gratuity?( Pune, Maharashtra )","I work in travel Pvrt ltd company,  at the beginning of vivid our company owner stated to reduce the salary of staff to 50% from April 20 onwards but now he is not responding messages and calls and neither releasing any salary.  As confirmed from clients the work is started since starting of domestic airlines I. e.  May 2020. But now he is not responding me.( East Delhi, Delhi )","Dear Sir/Ma'am,
I was worked in pvt ltd. company for 32 days (21 days in January and 11 days in February) when i asked for salary via mail (there is no HR team) they reply to me we will pay salary in 60 days if you r comfortable then ok other wise we will terminate you, so that i resigned from my job, now they are not pay salary.( Hyderabad, Telangana )","Dear client,It appears that the issue you are facing with background verification is related to your employment history. Background verification checks are commonly conducted by companies during the hiring process to verify the accuracy of the information provided by the candidate. In your case, the fact that you worked for the first organization for only 14 days before leaving might be raising concerns during the verification process.To resolve this issue, consider the following steps:Be honest and transparent: Make sure you provide accurate information about your work history during the application process. Lying or omitting details can lead to more significant problems if discovered later.Explain the situation: If the reason for leaving the first organization after just 14 days was valid and genuine, be prepared to explain it during the interview or in writing when asked about your previous employment. Honesty and clarity can go a long way in addressing concerns.Provide references: If possible, offer references from your time at the second organization where you worked for two years. Positive references can help validate your skills, work ethic, and reliability, which may offset concerns about the brief tenure at the first organization.Prepare an explanation letter: You can write a brief letter detailing the reasons for leaving the first organization after a short period. Keep it concise, honest, and professional. Focus on any lessons learned and how you have grown since then.Contact the first organization: If you left the first organization on good terms, consider reaching out to them to inquire about the information they are providing during background verification. Ensure that there are no discrepancies between the information you provided and what they are sharing.Speak with the background verification company: Some companies use third-party agencies to conduct background checks. If you have concerns or find any discrepancies, reach out to the verification company directly to resolve any issues.Seek legal advice if necessary: If you believe the rejection is unjustified or if you encounter repeated rejections due to background verification issues, it might be a good idea to consult with an employment lawyer to understand your rights and options.Remember, background verification is a standard practice, and employers are looking for candidates who are truthful and reliable. Be forthcoming about your past, explain any potential red flags, and demonstrate your value through your skills, experience, and achievements during the hiring process.","The main legal issue here is the impact of background verification (BGV) on employment prospects due to incomplete or disputed employment records. Under Indian labor law, there is no specific statute governing BGV processes; however, inaccuracies in employment records can be addressed through rectification with previous employers. 

You can legally request a service certificate or relieving letter from the first organization to clarify your employment duration. If the first company refuses to provide documentation, consider sending a formal request or legal notice to obtain the necessary records. Additionally, ensure that your employment details with the second company are accurately documented and verifiable to prevent further issues in BGV processes.",20.3662,4.4379,18.1692,20.6204,84.4515
187,"Sir I am a LIBRARIAN working in a sr. Sec. School (public school)Delhi. Taking classes 1 to 12 .but I am getting prt scale whereas a LIBRARIAN is entitled for tgt  grade my total tenure is 11 years in the same school how can I go legally to get my entitled grade.please advise.( North East Delhi, Delhi )",PGA_7 → EPF_7D → ESI_55 → IRC_44,PGA_7 → EPF_7D → ESI_55 → IRC_44 → labour_court → Payment of Gratuity Act 1972 → gratuity → PROC_GRATUITY_CLAIM,"I worked in Jbm auto gurgaon plant for 1 year 1 month, after that i got transfer to jbm pune plant and got different pf number and employee id, now i completed 4 years 2 months here. I want to end my contract now. 
Am i eligible for gratuity?( Pune, Maharashtra )","I am working in a company but it is not adding any value to my personal development & career development. I am in the end of probation period. Can my company take action against me if I resign from the job or will have to face consequences. I want to know how they will handle me.( Bangalore, Karnataka )","I am working in indian software MNC from october 2008 till date from 2008-2018 I was medically fit from 2018 I suffering from asthma, hip joint bone AVN disorder but this is not affecting my office work at all my office work performance is good so currently I am asking for work from home so can my employer terminate me for medical health( Pune, Maharashtra )",Dear client you can approach to experienced administrative tribunal lawyer for filing your petition .,"Under the applicable rules and regulations for school employees in Delhi, a librarian in a senior secondary school may be entitled to a pay scale equivalent to that of a Trained Graduate Teacher (TGT) if the school's employment policies or applicable education department guidelines stipulate such an entitlement. The key issue is whether the employment contract or the governing policies of the school specify the librarian's entitlement to the TGT grade.

To address this, review the employment contract and any relevant school board or government regulations that apply to the pay scales for school librarians. If these documents support your entitlement to the TGT grade, file a formal grievance with the school administration. If the issue is not resolved internally, consider filing a petition with the appropriate education tribunal or labor court to enforce your rights under the applicable employment laws.",20.3662,4.4379,18.1692,20.6204,84.4515
188,"Hi, I have quit a company and resigned from a company by serving proper notice period. However, the employer orally refused to accept the resignation. I tried my best to relieve me and give me relieving letter. Later I left my job after sending an email that this is my last day of the job and I would be leaving and also sent handover documents.  I have no misconduct in the company and have not got any warning letter. It is just the employer is not ready to give me relieving letter saying that an employee cannot leave the company till they get another candidate.  Can I proceed to take legal action against the employer for not getting relieving letter?. They employer once told me that he will sue me for leaving the company. What to do to get relieving letter?( Belgaum, Karnataka )",MEPS_26 → MEPS_40 → MBA_10 → FA_79,MEPS_26 → MEPS_40 → MBA_10 → FA_79 → Factories Act 1948 → MEPS → notice_period → leave,"I'm 23 &amp; worked as a Social media executive &amp; writer in a startup. My boss is making excuses and refusing to pay back the salary of around 4 months. It's been around 1 year and 10 months, even after several requests and pleas, he isn't paying the salary. Although it's not a big amount, it ranges between 45k-50k. But as a 23-year-old it's a big amount for me. I need my hard-earned money. Pls, advise what should I do? 

Note: It will be helpful if the suggestions are of not too much hassle and within my affordability.( Thane, Maharashtra )","Dear team
I resigned on 5th July  and my notice period was 3 months, I served till 24th September and as per 3 months notice period my last working day was 2nd October.... But since I had to join other organization on 27th September I sent multiple mails for relieving me just 5 days earlier from my last working day. 

When I didn't get any confirmation I myself sent declaration mail for my last working day as 24th September and also wrote that I am ready to compensate against my remaining notice period as per HR policy. I joined other organization on 27th September but my previous organization intentionally mentioned last working day as 2nd October

After getting relieving also I sent multiple mails for correction of date but didn't get any help

Please suggest what steps can be taken against my previous employer for this unethical behavior...( Udaipur, Rajasthan )","Joined TCS Mumbai on 4th June 2021 as consultant with joining bonus. Due to profile mismatch, overtime, verbal harassment and no response from higher management, i resigned and sent an email on 3-Aug (within probation), requesting them to relieve on 31-Aug. They were delaying and asked me to contact this and that person. Later, by 7-Aug, they blocked my laptop access. I could not work within notice period. In offer letter, appointment letter, internal policy - notice period after probation or confirmation only mentioned.
I returned company laptop. Got my salary, variable pay too.
Now after 1.5 years- they have sent me legal notice asking recovery of bonus and 2 months shortfall basic salary, within a week- else legal action. ( No calls or emails- they had my old defunct hotmail ID).meanwhile, i shifted to different city twice, but my phone number was same. Never ever they called me. They used very bad language- ""you had fraudulent intentions to dupe company etc.""

Please advise.( Pune, Maharashtra )","You have not mentioned whether you have served a written notice of your resignation and whether it was accepted  by the management. Your employment contract also needs to be seen if a written request of resignation is required and the relieving formalities. In the absence of the same, it is difficult to advice as to whether your resignation is correct or not.In the event you have submitted a written request and no other formalities are required, then you are entitled to get a relieving letter. You may address an email to the HR demanding the same, intimating them of legal consequences, if they do not comply with your request.","The key legal issue here is the employer's refusal to provide a relieving letter despite the employee serving the notice period. Under Indian labor laws, particularly the Industrial Employment (Standing Orders) Act, 1946, an employee is entitled to a relieving letter if they have fulfilled their contractual obligations, including serving the notice period. The employer's demand that you cannot leave until a replacement is found is not legally enforceable unless explicitly stated in your employment contract.

You can send a formal legal notice to the employer demanding the relieving letter, citing your compliance with the notice period and the lack of any contractual breach on your part. If the employer fails to comply, you may file a complaint with the local labor commissioner or initiate a civil suit for specific performance to obtain the relieving letter.",20.3662,4.4379,18.1692,20.6204,84.4515
189,"Sir, I have joined a Public Sector Bank on the basis of ex servicemen quota. Now can I avail the ex servicemen quota for any other govt job if the same is applied during my probation period in the PSB.( Karnal, Haryana )",SCST_A_19 → RPSR_2 → RPSR_3 → RPSR_156B,SCST_A_19 → RPSR_2 → RPSR_3 → RPSR_156B → RPSR → probation → SCST_A → leave,"I worked in Jbm auto gurgaon plant for 1 year 1 month, after that i got transfer to jbm pune plant and got different pf number and employee id, now i completed 4 years 2 months here. I want to end my contract now. 
Am i eligible for gratuity?( Pune, Maharashtra )","I work in travel Pvrt ltd company,  at the beginning of vivid our company owner stated to reduce the salary of staff to 50% from April 20 onwards but now he is not responding messages and calls and neither releasing any salary.  As confirmed from clients the work is started since starting of domestic airlines I. e.  May 2020. But now he is not responding me.( East Delhi, Delhi )","I am working in indian software MNC from october 2008 till date from 2008-2018 I was medically fit from 2018 I suffering from asthma, hip joint bone AVN disorder but this is not affecting my office work at all my office work performance is good so currently I am asking for work from home so can my employer terminate me for medical health( Pune, Maharashtra )","Dear Sir,Yes,  provided you apply through proper channel i.e., your present employer must give consent for you to apply for new job.","Under the applicable rules for ex-servicemen quotas in government employment, once you have secured a job using the ex-servicemen quota, you generally cannot use this quota again for another government job. The purpose of the quota is to provide employment opportunities to as many ex-servicemen as possible, and using it multiple times would defeat this purpose. You should review the specific terms of the ex-servicemen quota policy and your employment contract to confirm this restriction. If considering another government job, focus on applying through open competition or other applicable quotas.",20.3662,4.4379,18.1692,20.6204,84.4515
190,"I Joined an organisation (college) in 2010, in 2016 they verbally tolled me that I have been transferred to the University and assigned all university work to me ( 2016 onwards). But At the time of my relieving in 2022, I was told that you were not transferred to the University and forced me to submit a registration letter of college (which I joined in 2010) and said you are part of University by 2019 only. 

1. Inspite of several requests the appointment letter of University not provided to me, HR denied straight forward. 
2. Gratuity was also not given to me of the duration 2010-2019.
3. At the time of relieving my salary was also deducted claiming that you were already provided relieving terms ( which were never shared with me)

Can I file a case for the claim of extra work assigned to me during the time period of 2016 to 2019?

Further, As Management Trustee and and Chairperson of the College(closed now) and University (working) is same, So I file a single or separate case against Management Trustee / chairperson of the college/ university?( Gurgaon, Haryana )",PGA_4 → PGA_7 → CCS_ME_3 → MEPS_17,PGA_4 → PGA_7 → CCS_ME_3 → MEPS_17 → MEPS → PROC_GRATUITY_CLAIM → gratuity → Payment of Gratuity Act 1972,"Joined TCS Mumbai on 4th June 2021 as consultant with joining bonus. Due to profile mismatch, overtime, verbal harassment and no response from higher management, i resigned and sent an email on 3-Aug (within probation), requesting them to relieve on 31-Aug. They were delaying and asked me to contact this and that person. Later, by 7-Aug, they blocked my laptop access. I could not work within notice period. In offer letter, appointment letter, internal policy - notice period after probation or confirmation only mentioned.
I returned company laptop. Got my salary, variable pay too.
Now after 1.5 years- they have sent me legal notice asking recovery of bonus and 2 months shortfall basic salary, within a week- else legal action. ( No calls or emails- they had my old defunct hotmail ID).meanwhile, i shifted to different city twice, but my phone number was same. Never ever they called me. They used very bad language- ""you had fraudulent intentions to dupe company etc.""

Please advise.( Pune, Maharashtra )","I'm 23 &amp; worked as a Social media executive &amp; writer in a startup. My boss is making excuses and refusing to pay back the salary of around 4 months. It's been around 1 year and 10 months, even after several requests and pleas, he isn't paying the salary. Although it's not a big amount, it ranges between 45k-50k. But as a 23-year-old it's a big amount for me. I need my hard-earned money. Pls, advise what should I do? 

Note: It will be helpful if the suggestions are of not too much hassle and within my affordability.( Thane, Maharashtra )","I am working in a Pvt Ltd Biotechnology company &amp; signed a bond for 5 years. But the work pressure &amp; environment is so toxic and painful. Even I am forced to work everyday approximately 10-12 hours which includes holidays &amp; weekly offs since 1.8 years. When I have resigned recently, they are not ready to relive me and asked me that they have trained me on work and I can's leave. However as a experienced person I haven't learned a single new thing from this organization whereas I have trained their fresher to work properly. What is the legal rights for me to sue the company and get relieve smoothly ?( Bhubaneswar, Orissa )","Hello Sir,You can file a suit regarding this in the concerned court. You can ask the court to pass the order to the claims you are making regarding the gratuity. You can file a petition against the management of the college.","Under the Payment of Gratuity Act, 1972, an employee is entitled to gratuity if they have completed at least five years of continuous service. The denial of gratuity for the period 2010-2019 could be challenged, especially if there was no formal transfer and the same management oversaw both entities. You may file a claim for unpaid gratuity and any salary deductions that were not justified or documented.

Regarding the extra work assigned from 2016 to 2019, you can potentially claim compensation for the additional duties if they were outside your original employment terms. Since the management trustee and chairperson are the same for both the college and the university, a single legal action may suffice, but consult with a local attorney to confirm the best approach. Begin by sending a legal notice demanding the unpaid gratuity and compensation for extra work, and gather all relevant documentation to support your claims.",20.3662,4.4379,18.1692,20.6204,84.4515
191,"My last company had given my experience letter to a person,who is currently working with the organization.
(As per the rule company gives it to a person whose name I will suggest in a mail and he/she must be currently working with organization. They dont give it directly to me as they issue it after 45 days of leaving company.) But she has misplaced it before I collected it from her. When I am requesting for duplicate or reissuance of it for my next company document verification, company is denying to reissue. What should I do?? I need a physical copy of it for my document verification.( Noida, Uttar Pradesh )",COMP_MA_18 → COMP_MA_26 → COMP_MA_9 → BTC_87,COMP_MA_18 → COMP_MA_26 → COMP_MA_9 → BTC_87 → BTC → COMP_MA → BTC_8 → BTC_139,"Joined TCS Mumbai on 4th June 2021 as consultant with joining bonus. Due to profile mismatch, overtime, verbal harassment and no response from higher management, i resigned and sent an email on 3-Aug (within probation), requesting them to relieve on 31-Aug. They were delaying and asked me to contact this and that person. Later, by 7-Aug, they blocked my laptop access. I could not work within notice period. In offer letter, appointment letter, internal policy - notice period after probation or confirmation only mentioned.
I returned company laptop. Got my salary, variable pay too.
Now after 1.5 years- they have sent me legal notice asking recovery of bonus and 2 months shortfall basic salary, within a week- else legal action. ( No calls or emails- they had my old defunct hotmail ID).meanwhile, i shifted to different city twice, but my phone number was same. Never ever they called me. They used very bad language- ""you had fraudulent intentions to dupe company etc.""

Please advise.( Pune, Maharashtra )","I'm 23 &amp; worked as a Social media executive &amp; writer in a startup. My boss is making excuses and refusing to pay back the salary of around 4 months. It's been around 1 year and 10 months, even after several requests and pleas, he isn't paying the salary. Although it's not a big amount, it ranges between 45k-50k. But as a 23-year-old it's a big amount for me. I need my hard-earned money. Pls, advise what should I do? 

Note: It will be helpful if the suggestions are of not too much hassle and within my affordability.( Thane, Maharashtra )","I am working in a Pvt Ltd Biotechnology company &amp; signed a bond for 5 years. But the work pressure &amp; environment is so toxic and painful. Even I am forced to work everyday approximately 10-12 hours which includes holidays &amp; weekly offs since 1.8 years. When I have resigned recently, they are not ready to relive me and asked me that they have trained me on work and I can's leave. However as a experienced person I haven't learned a single new thing from this organization whereas I have trained their fresher to work properly. What is the legal rights for me to sue the company and get relieve smoothly ?( Bhubaneswar, Orissa )","Hi,You can send the legal notice to the company for issuance of the experience letter and mention your details for reissuance of letter again and ask them to directly handover to you.If you find it helpful please rate my answer.","The primary legal issue is the company's refusal to reissue an experience letter, which is essential for your employment verification. Under Indian labor laws, particularly the Industrial Employment (Standing Orders) Act, 1946, employees have the right to receive necessary documentation for their employment verification. You can formally request the company to reissue the experience letter by sending a written request, citing the importance of the document for your career and the company's responsibility to provide essential employment records. If the company still refuses, consider filing a complaint with the local labor commissioner or seeking legal recourse for non-compliance with employment documentation obligations.",20.3662,4.4379,18.1692,20.6204,84.4515
192,"In July 2024, my previous employer paid me a Performance Linked Incentive (PLI) for the year 2023-2024. The company's circular regarding this payment stated that ""the PLI would be recovered if an employee resigned within six months after the payment of PLI, before the acceptance of the resignation"". I resigned in 10th October 2024, after completing my Full and Final settlement. At that time, my employer did not mention or recover the PLI. I also received my relieving letter and experience certificate, indicating no outstanding obligations. However, on November 11, 2024, I received an email demanding repayment of the PLI. They are now threatening legal action if I do not comply. Given that I have fulfilled all commitments and received official documentation confirming my release, what should i do ?( Bangalore, Karnataka )",IDA_17B → EPF_12 → ESI_72 → ISM_12,IDA_17B → EPF_12 → ESI_72 → ISM_12 → ISM → Industrial Disputes Act 1947 → wages → Employees Provident Fund Act 1952,"Joined TCS Mumbai on 4th June 2021 as consultant with joining bonus. Due to profile mismatch, overtime, verbal harassment and no response from higher management, i resigned and sent an email on 3-Aug (within probation), requesting them to relieve on 31-Aug. They were delaying and asked me to contact this and that person. Later, by 7-Aug, they blocked my laptop access. I could not work within notice period. In offer letter, appointment letter, internal policy - notice period after probation or confirmation only mentioned.
I returned company laptop. Got my salary, variable pay too.
Now after 1.5 years- they have sent me legal notice asking recovery of bonus and 2 months shortfall basic salary, within a week- else legal action. ( No calls or emails- they had my old defunct hotmail ID).meanwhile, i shifted to different city twice, but my phone number was same. Never ever they called me. They used very bad language- ""you had fraudulent intentions to dupe company etc.""

Please advise.( Pune, Maharashtra )","I'm 23 &amp; worked as a Social media executive &amp; writer in a startup. My boss is making excuses and refusing to pay back the salary of around 4 months. It's been around 1 year and 10 months, even after several requests and pleas, he isn't paying the salary. Although it's not a big amount, it ranges between 45k-50k. But as a 23-year-old it's a big amount for me. I need my hard-earned money. Pls, advise what should I do? 

Note: It will be helpful if the suggestions are of not too much hassle and within my affordability.( Thane, Maharashtra )","Dear team
I resigned on 5th July  and my notice period was 3 months, I served till 24th September and as per 3 months notice period my last working day was 2nd October.... But since I had to join other organization on 27th September I sent multiple mails for relieving me just 5 days earlier from my last working day. 

When I didn't get any confirmation I myself sent declaration mail for my last working day as 24th September and also wrote that I am ready to compensate against my remaining notice period as per HR policy. I joined other organization on 27th September but my previous organization intentionally mentioned last working day as 2nd October

After getting relieving also I sent multiple mails for correction of date but didn't get any help

Please suggest what steps can be taken against my previous employer for this unethical behavior...( Udaipur, Rajasthan )","Dear client,Since you resigned after your Full and Final (F&F) settlement, received your relieving letter and experience certificate, and your employer did not recover the PLI at that stage, their demand for repayment now seems unjustified.Review the Terms of PLI Payment:Carefully check the company's circular on PLI recovery.Verify whether there was a clear, enforceable clause regarding recovery in case of resignation.Ensure that the ""six-month recovery clause"" applies before acceptance of resignation and not after F&F settlement.The delay in demanding the PLI repayment is significant. The demand came well after your resignation was accepted and your final settlement was completed.Estoppel"" Principle:In legal terms, you may be able to argue ""estoppel."" This principle states that if a party makes a representation (in this case, by providing a full and final settlement and relieving letter) that another party relies on to their detriment, the first party cannot later go back on that representation.""Waiver"" Argument:By not demanding the PLI during the full and final settlement, and by issuing a relieving letter with no dues, it can be argued that the company waived their right to collect the PLI.If the employer cleared all dues and issued a No Dues Certificate, they cannot legally demand repayment later.The relieving letter and experience certificate indicate that you have no further obligations.Section 27 of the Indian Contract Act, 1872 restricts post-employment restrictions unless specifically agreed upon.If there was no prior agreement signed by you stating recovery terms, their claim is weak.Employers cannot arbitrarily deduct or demand payment post-relieving unless there was an explicit, signed agreement.If they send a legal notice, consult a lawyer before responding.If they try to deduct from your last salary or hold other benefits, you can send a legal notice for unfair recovery.If they threaten, intimidate, or harass you, file a complaint under the IT Act and IPC for wrongful intimidation.","The key legal issue is whether the employer can enforce the recovery of the Performance Linked Incentive (PLI) after the Full and Final settlement and issuance of a relieving letter. Under contract law principles, once a settlement is finalized and official documentation is issued indicating no outstanding obligations, the employer's right to claim additional amounts may be limited, especially if there was no explicit reservation of rights in the settlement documents. 

Legally, the employer may face challenges in recovering the PLI if they failed to explicitly reserve this right in the settlement or if the demand is contrary to the terms of the agreement or company policy. The user can respond to the employer's demand by highlighting the finality of the Full and Final settlement and the absence of any outstanding obligations as per the relieving letter. As a next step, consider sending a formal written response disputing the claim and, if necessary, consult a lawyer to assess the enforceability of the employer's demand based on the specific terms of the employment contract and settlement agreement.",20.3662,4.4379,18.1692,20.6204,84.4515
193,"I have signed 3 years of bond with a company on 500rs notarized stamp paper at the time of joining. After 10 moths of service including 3 months of notice period, i absconded the company.
Does the company can take any legal action?
Will it affect in any way for my next opportunity in abroad?( Pune, Maharashtra )",ICA_73 → ICA_74 → SRA_14 → SRA_16,ICA_73 → ICA_74 → SRA_14 → SRA_16 → employment_bond → Specific Relief Act 1963 → PROC_EMPLOYMENT_BOND → wages,"I worked in Jbm auto gurgaon plant for 1 year 1 month, after that i got transfer to jbm pune plant and got different pf number and employee id, now i completed 4 years 2 months here. I want to end my contract now. 
Am i eligible for gratuity?( Pune, Maharashtra )","I am working in indian software MNC from october 2008 till date from 2008-2018 I was medically fit from 2018 I suffering from asthma, hip joint bone AVN disorder but this is not affecting my office work at all my office work performance is good so currently I am asking for work from home so can my employer terminate me for medical health( Pune, Maharashtra )","I work in travel Pvrt ltd company,  at the beginning of vivid our company owner stated to reduce the salary of staff to 50% from April 20 onwards but now he is not responding messages and calls and neither releasing any salary.  As confirmed from clients the work is started since starting of domestic airlines I. e.  May 2020. But now he is not responding me.( East Delhi, Delhi )","Dear Client,In India, employment bonds are legally binding agreements between an employer and an employee. Typically, these bonds are signed to protect the employer's investment in training and other resources provided to the employee. If you have signed a bond for a specified period and you leave your job before completing that period, the company may take legal action against you.If the bond you signed specified a duration of 3 years, and you leave after only 10 months, the company may claim that you have breached the bond agreement. Companies can take legal action against employees who breach bond agreements. This could include seeking compensation for any expenses or training costs they incurred as a result of hiring and training you. If the company decides to take legal action against you and you are found liable for breach of the bond, it may impact your ability to secure future employment or opportunities within India. However, the specific impact on your future job prospects would depend on the outcome of the legal proceedings and the willingness of potential employers to hire someone with such a history.As for opportunities abroad, it's important to note that employment laws and regulations can vary from country to country. An adverse legal history related to employment bonds may or may not impact your chances of finding work abroad, depending on the specific requirements of the prospective employer and the local labor laws in the destination country.","The enforceability of employment bonds in India is governed by the Indian Contract Act, 1872, and the Specific Relief Act, 1963. An employment bond is valid if it is reasonable in terms of duration and compensation for training costs incurred by the employer. However, if the bond is deemed to be a penalty or unreasonable restraint of trade, it may not be enforceable under Section 27 of the Indian Contract Act.

The company may pursue legal action for breach of contract, seeking compensation for damages. However, the success of such action depends on the bond's terms and the company's ability to prove actual loss. To mitigate potential legal issues, consider negotiating a settlement with the company or consulting a lawyer to assess the bond's enforceability.",20.3662,4.4379,18.1692,20.6204,84.4515
194,"I hv done b.ed while doing a govt job. Now can i join a new state govt job where b.ed is must while hiding my previous state govt service. Will my new govt employer find out that i have done b.ed while i was in another govt job? Will it affect my new govt job? I will join the new department through proper resignation.( South 24 Parganas, West Bengal )",ATA_19 → EC_RULES_35 → EPF_AT_22 → MEPS_2,ATA_19 → EC_RULES_35 → EPF_AT_22 → MEPS_2 → MEPS → labour_court → govt_service → EPF_AT,"I worked in Jbm auto gurgaon plant for 1 year 1 month, after that i got transfer to jbm pune plant and got different pf number and employee id, now i completed 4 years 2 months here. I want to end my contract now. 
Am i eligible for gratuity?( Pune, Maharashtra )","I'm 23 &amp; worked as a Social media executive &amp; writer in a startup. My boss is making excuses and refusing to pay back the salary of around 4 months. It's been around 1 year and 10 months, even after several requests and pleas, he isn't paying the salary. Although it's not a big amount, it ranges between 45k-50k. But as a 23-year-old it's a big amount for me. I need my hard-earned money. Pls, advise what should I do? 

Note: It will be helpful if the suggestions are of not too much hassle and within my affordability.( Thane, Maharashtra )","I work in travel Pvrt ltd company,  at the beginning of vivid our company owner stated to reduce the salary of staff to 50% from April 20 onwards but now he is not responding messages and calls and neither releasing any salary.  As confirmed from clients the work is started since starting of domestic airlines I. e.  May 2020. But now he is not responding me.( East Delhi, Delhi )","Dear Client,Can you please clarify how you pursued a regular B.Ed Course while working in a full-time job in the government department which is legally impermissible? Did you avail of any study leave from your current employer to pursue the course? Your answer to these queries would respond to your queries/worries about its effects on the new government job once the facts come to the notice of both your current and prospective employers. Be informed that a background verification(BGV) check is a process many organizations carry out in order to verify the information provided by the candidate during hiring. Verification of EPFO records through UAN is a critical process for conducting employee background checks because it allows employers to confirm that their employees are not using false or stolen identities to gain employment. In case of a negative background verification check an employer can even reject the candidature or terminate the employment of the candidate.","Concealing prior government employment when applying for a new government job could constitute a violation of employment laws and regulations regarding truthful disclosure of past employment, potentially leading to termination if discovered. According to the West Bengal Service Rules, any false declaration or suppression of material facts in employment applications can lead to disciplinary action, including dismissal. The new employer may verify your employment history through background checks or by contacting previous employers.

Legally, you must disclose your previous employment when applying for a new government position. Ensure that your resignation from the current job is completed formally and that you obtain a relieving letter, which may be required by the new employer.",20.3662,4.4379,18.1692,20.6204,84.4515
195,"I worked as an pg assistant teacher in chemistry in a government school from 20th August 2018 till 02.11.18,after that I tendered my resignation. In my resignation letter I have mentioned that I am resigning under compelling circumstances. My letter has reached my appointing authority through proper channel. He has accepted my resignation,  without  consulting me by either  verbal or written mode. Nor did he called me to meet him and I was not given any time  period for withdrawing my resignation. Now I have mentioned that I was forced to resign due to pressure from higher authority (compelling circumstances), not that I have given it as my self individual decision(on personal grounds, or got a new job). So what legal action can I take against my appointing authority for accepting my resignation,  without consulting me. I would like to mention 2 colleagues of mine also resigned  within 1 month period of time, after my resignation. One of them gave the same reason of mine during resignation. So can my resignation be accepted without hearing my opinion, without investigating the reasons for resigning under pressure, and without providing any time period to me for withdrawing my resignation. I would like to mention that the school got affiliation from the hs council for opening science section, using my name,  during my service period. So  they used my name and designation for their need and later when I left it was accepted. Can I go to court demanding that 3 months of my career was destroyed by the government and the government should pay damages for destroying 3months of my career.( Kolkata, West Bengal )",MHA_36 → MHA_48 → RPSR_38 → MEPS_40,MHA_36 → MHA_48 → RPSR_38 → MEPS_40 → MEPS → notice_period → RPSR → probation,"Joined TCS Mumbai on 4th June 2021 as consultant with joining bonus. Due to profile mismatch, overtime, verbal harassment and no response from higher management, i resigned and sent an email on 3-Aug (within probation), requesting them to relieve on 31-Aug. They were delaying and asked me to contact this and that person. Later, by 7-Aug, they blocked my laptop access. I could not work within notice period. In offer letter, appointment letter, internal policy - notice period after probation or confirmation only mentioned.
I returned company laptop. Got my salary, variable pay too.
Now after 1.5 years- they have sent me legal notice asking recovery of bonus and 2 months shortfall basic salary, within a week- else legal action. ( No calls or emails- they had my old defunct hotmail ID).meanwhile, i shifted to different city twice, but my phone number was same. Never ever they called me. They used very bad language- ""you had fraudulent intentions to dupe company etc.""

Please advise.( Pune, Maharashtra )","I'm 23 &amp; worked as a Social media executive &amp; writer in a startup. My boss is making excuses and refusing to pay back the salary of around 4 months. It's been around 1 year and 10 months, even after several requests and pleas, he isn't paying the salary. Although it's not a big amount, it ranges between 45k-50k. But as a 23-year-old it's a big amount for me. I need my hard-earned money. Pls, advise what should I do? 

Note: It will be helpful if the suggestions are of not too much hassle and within my affordability.( Thane, Maharashtra )","Dear team
I resigned on 5th July  and my notice period was 3 months, I served till 24th September and as per 3 months notice period my last working day was 2nd October.... But since I had to join other organization on 27th September I sent multiple mails for relieving me just 5 days earlier from my last working day. 

When I didn't get any confirmation I myself sent declaration mail for my last working day as 24th September and also wrote that I am ready to compensate against my remaining notice period as per HR policy. I joined other organization on 27th September but my previous organization intentionally mentioned last working day as 2nd October

After getting relieving also I sent multiple mails for correction of date but didn't get any help

Please suggest what steps can be taken against my previous employer for this unethical behavior...( Udaipur, Rajasthan )",Dear Sir\It is called right to tort. It is like fighting in air unless you have big political force behind you. Have peace in your life try to grow in your life instead of fighting against govt agencies which have 1001 reasons and will be accepted by Courts and other allied institutions. Think twice.,"Under Indian employment law, resignation is typically considered a voluntary act, and once accepted, it is generally binding. However, if resignation was tendered under duress or coercion, it may be challenged in court. The user can file a writ petition in the High Court under Article 226 of the Constitution of India, claiming that the resignation was not voluntary and seeking reinstatement or damages.

The user must provide evidence of coercion or pressure from higher authorities to support the claim. Additionally, the fact that the school used the user's credentials for affiliation purposes could be relevant to the case. Consulting with a lawyer to draft and file the petition would be the next logical step.",20.3662,4.4379,18.1692,20.6204,84.4515
196,"I didn't get salary from 2 months from my company & now I am confused as my appointment letter says if we leave the organisation we have to pay 1 month salary. I don't understand whether it is possible to leave without giving them 1 month salary as they have not provided the salary of previous months.( Bangalore, Karnataka )",MBA_10 → FA_79 → SPE_4 → MTW_24,MBA_10 → FA_79 → SPE_4 → MTW_24 → wages → SPE → Factories Act 1948 → MTW,"I worked in Jbm auto gurgaon plant for 1 year 1 month, after that i got transfer to jbm pune plant and got different pf number and employee id, now i completed 4 years 2 months here. I want to end my contract now. 
Am i eligible for gratuity?( Pune, Maharashtra )","I work in travel Pvrt ltd company,  at the beginning of vivid our company owner stated to reduce the salary of staff to 50% from April 20 onwards but now he is not responding messages and calls and neither releasing any salary.  As confirmed from clients the work is started since starting of domestic airlines I. e.  May 2020. But now he is not responding me.( East Delhi, Delhi )","I was sick with covid in the month of April. So I didnt work for April, May and June, but marked the attendance on the company portal. I recieved salary for all these months with salary slips. Now they mailed me not to mark attendance for july and saying they will adjust april, may and june salary when I start working again. Can they do that? Should I mark july's attendance? Can they take any legal action against me? I have marked the attendance on the portal, is anything wrong in that?( New Delhi, Delhi )",Dear ClientWhat is the reason for non-payment of salary to you. If you do not know the reason then send them a legal notice through a lawyer and seek your dues from them. About paying then when you are leaving I will have to see the documents for advice.,"Under the Payment of Wages Act, 1936, an employer is obligated to pay wages within the prescribed time frame, and failure to do so constitutes a violation. If the company has not paid your salary for two months, you may have grounds to leave without paying the one-month salary stipulated in your appointment letter, as the employer is already in breach of contract. You can file a complaint with the labor commissioner in Bangalore to address the non-payment of wages. Additionally, consider sending a legal notice to your employer demanding the unpaid salary.",20.3662,4.4379,18.1692,20.6204,84.4515
197,"Hello Sir,
If Employee have filled case for Gratuity in Labour court, after consecutive hearing decision declared in favor of employee (employer have never attend hearing inspite of several reminder by Labour court) and court have instructed for Sum of amount to be paid within 30 days of notice but company have not paid and after few months employee have filled and submit FORM-T for recovery, court have issue show caused notice to establishment to reply within 20days if they have filed any objection Or appeal. 

Now, All most 3 month over.. from show caused notice issued by Labour court.. 

1.What will be the steps of court? Is there any time line for Labour court to issue certificate as per Form-T? 

2.Is court accept any appeal Or objection after deadline from employer? 

3.What should employee have to do for real time update or getting amount of gratuity? 

4. Can Employee ask for Other Pending Wages ,Salary and Full & Final Settlement from Company ?

Thanks in advance ?( Ahmedabad, Gujarat )",PGA_4 → PGA_7 → CCS_ME_3 → MEPS_17,PGA_4 → PGA_7 → CCS_ME_3 → MEPS_17 → MEPS → Payment of Gratuity Act 1972 → gratuity → PROC_GRATUITY_CLAIM,"In my graduation 3rd year marksheet my date of birth 21-jun-1993, seen 21-jun-1983 from distance, but actual it 21-jun-1993 when seen by lens, in 1993 third digit 9 is likely shaped birthday candel 9, and shape is likely 9,. Qr code represent 21-jun-1993 also. 
Please suggest me that ...should I do apply reprint in University or not? Is there any problem in govt job?( Bundi, Rajasthan )","My father worked as driver in KPTCL on 1994  he worked 5 days only then he will not reported to duty because of    he is suffering from health issue and then one year back 29/05/2018 my father is died  so that  we are eligible for taking job from compassionate ground or not . my father no given to resignation letter to department( Shimoga, Karnataka )","I'm 23 &amp; worked as a Social media executive &amp; writer in a startup. My boss is making excuses and refusing to pay back the salary of around 4 months. It's been around 1 year and 10 months, even after several requests and pleas, he isn't paying the salary. Although it's not a big amount, it ranges between 45k-50k. But as a 23-year-old it's a big amount for me. I need my hard-earned money. Pls, advise what should I do? 

Note: It will be helpful if the suggestions are of not too much hassle and within my affordability.( Thane, Maharashtra )","Dear Sir,You have to file execution petition as per the advise of your advocate or take second opinion by sharing all the documents in person.Rate me Five Star*","The Payment of Gratuity Act, 1972, governs the situation described. Once a decision is made in favor of the employee and the employer fails to comply, the Labour Court has the authority to issue a recovery certificate to the Collector for recovery as arrears of land revenue. There is no specific statutory timeline for issuing this certificate, but undue delay can be challenged.

The court generally does not accept appeals or objections after the deadline unless the employer provides a valid reason for the delay. The employee should regularly follow up with the Labour Court for updates on the issuance of the recovery certificate. For other pending dues, the employee can file a separate claim or include them in the ongoing proceedings if they fall under the jurisdiction of the Labour Court.",20.3662,4.4379,18.1692,20.6204,84.4515
198,"Dear Sir,
I have been working in a PVT LTD company for 1.5 years. As I started working there, I just didn't like their policy, their rule, and their toxic working environment, so in 1.5 years of time, I had given 4 time resignations there but was unable to get signed since they always negotiate with me by giving promises they will change the particular rule or make the environment good for working, etc., and in that hope I just take back my resignation always.
Now I just got totally frustrated due to long working hours, irrelevant work, and fake pressure, and I just resigned this time by mail and stopped coming to the office from the next day. I had not served the notice period because one of my colleagues had given a resignation; they just insulted him and removed him from the office. I also know that my fate will be the same if I go there with resignation again, so I just resign by mail and leave the company. Now my employer is saying to me he will file a case on me since I had not served the notice period, and as I know him, this time he will file the case, so what should I do?( Thane, Maharashtra )",MEPS_26 → MEPS_40 → EC_RULES_35 → EPF_AT_22,MEPS_26 → MEPS_40 → EC_RULES_35 → EPF_AT_22 → labour_court → notice_period → MEPS → EC_RULES,"Joined TCS Mumbai on 4th June 2021 as consultant with joining bonus. Due to profile mismatch, overtime, verbal harassment and no response from higher management, i resigned and sent an email on 3-Aug (within probation), requesting them to relieve on 31-Aug. They were delaying and asked me to contact this and that person. Later, by 7-Aug, they blocked my laptop access. I could not work within notice period. In offer letter, appointment letter, internal policy - notice period after probation or confirmation only mentioned.
I returned company laptop. Got my salary, variable pay too.
Now after 1.5 years- they have sent me legal notice asking recovery of bonus and 2 months shortfall basic salary, within a week- else legal action. ( No calls or emails- they had my old defunct hotmail ID).meanwhile, i shifted to different city twice, but my phone number was same. Never ever they called me. They used very bad language- ""you had fraudulent intentions to dupe company etc.""

Please advise.( Pune, Maharashtra )","I'm 23 &amp; worked as a Social media executive &amp; writer in a startup. My boss is making excuses and refusing to pay back the salary of around 4 months. It's been around 1 year and 10 months, even after several requests and pleas, he isn't paying the salary. Although it's not a big amount, it ranges between 45k-50k. But as a 23-year-old it's a big amount for me. I need my hard-earned money. Pls, advise what should I do? 

Note: It will be helpful if the suggestions are of not too much hassle and within my affordability.( Thane, Maharashtra )","Dear team
I resigned on 5th July  and my notice period was 3 months, I served till 24th September and as per 3 months notice period my last working day was 2nd October.... But since I had to join other organization on 27th September I sent multiple mails for relieving me just 5 days earlier from my last working day. 

When I didn't get any confirmation I myself sent declaration mail for my last working day as 24th September and also wrote that I am ready to compensate against my remaining notice period as per HR policy. I joined other organization on 27th September but my previous organization intentionally mentioned last working day as 2nd October

After getting relieving also I sent multiple mails for correction of date but didn't get any help

Please suggest what steps can be taken against my previous employer for this unethical behavior...( Udaipur, Rajasthan )","Dear Sir,He cannot do anything against you. Mostly corporates threaten like that but never approach any Police station or Court to file any case. If you receive any legal notice or Court notice then approach Advocate who will defend you accordingly.","Failure to serve the notice period as stipulated in your employment contract can lead to legal consequences, as it constitutes a breach of contract under Indian Contract Act, 1872. However, if the company did not uphold its promises to improve the work environment, this may be argued as a constructive dismissal, which could potentially mitigate your liability. You cannot simply ignore the notice period without facing potential legal repercussions, but you can negotiate a settlement or offer to compensate for the notice period shortfall.

Next steps: Respond to your employer's claims by proposing a settlement or compensation for the notice period you did not serve. Consider sending a legal notice through an attorney to formally address your grievances about the work environment, which may support your position in any potential legal proceedings.",20.3662,4.4379,18.1692,20.6204,84.4515
199,"My payroll company was XXX, and the client company was YYY. I have the offer letter and the relieving letter from XXX company.

The client company only accepted written resignation letters; hence, I provided the written resignation letter to YYY on August 1, 2018. As per company rules, the salary should be on hold, but I received the July month salary on August 3, 2018.Â 

I became skeptical and sent intimation mail to the XXX company stating that ""I have provided the written resignation letter to YYY on August 1, 2018, and my last date of working will be August 31, 2018, including the 30-day notice period. This has been accepted by the Clinet manager name and client HR name and also informed Payroll Company YYY HR name. Please guide me if I need to inform anyone else and guide me through the relieving process."" I also attached the resignation letter copy to this mail.

For which I received an irrelevent reply from XXX company that ""you will get the relieving letter once the FNF is processed."".

I received the petrol conveyance on August 20, 2018. Once again, I raised a query to the XXX company on the same mail regarding why my conveyance is not on hold, for which I received no reply.

I was relieved on August 31, 2018. and joined another company on sept 3, 2018.Â 
I received the FNF settlement on April 8, 2019, after 8 months.

I received the resignation letter in mail from the YYY company HR on May 8, 2019. After 9 months of relieving. But the date was mentioned wrongly as September 11, 2018. I immediately mailed back that the date is wrong and I want it corrected with a copy of my resignation letter. for which the HR replied with the mail attachment from my reporting manager that the date of exit is September 11, 2018.

I immediately received a call from the YYY company HR stating that it was updated by my reporting manager, and you can contact him. I called my reporting manager, and he said he could not help as he had moved on to another company.Â 

This was my first job, and I didn't know what to do and left it untouched.

Now only it is creating problems for me in background verification. I reached out to the company with two proofs:
1. The intimation mail conversation with XXX company during the time of resignation.
2. The mail conversation with the YYY company HR stating the date is wrong in the receiving letter.

The YYY company is not ready to correct it. They have been mailing back and forth for two months without any conclusion.Â 

Kindly suggest to me how to get this corrected in the UAN portal and re-issue the relieving letter. It's been 4 years and 10 months now. Should I reach out to the labor court or criminal court for misrepresentation of date/data or document forgery?( Chennai, Tamil Nadu )",MEPS_26 → MEPS_40 → IDA_17B → EPF_12,MEPS_26 → MEPS_40 → IDA_17B → EPF_12 → wages → MEPS → notice_period → Industrial Disputes Act 1947,"Widow daughter can get family pension of panchayat taj dept employees.( North 24 Parganas, West Bengal )","Joined TCS Mumbai on 4th June 2021 as consultant with joining bonus. Due to profile mismatch, overtime, verbal harassment and no response from higher management, i resigned and sent an email on 3-Aug (within probation), requesting them to relieve on 31-Aug. They were delaying and asked me to contact this and that person. Later, by 7-Aug, they blocked my laptop access. I could not work within notice period. In offer letter, appointment letter, internal policy - notice period after probation or confirmation only mentioned.
I returned company laptop. Got my salary, variable pay too.
Now after 1.5 years- they have sent me legal notice asking recovery of bonus and 2 months shortfall basic salary, within a week- else legal action. ( No calls or emails- they had my old defunct hotmail ID).meanwhile, i shifted to different city twice, but my phone number was same. Never ever they called me. They used very bad language- ""you had fraudulent intentions to dupe company etc.""

Please advise.( Pune, Maharashtra )","Dear team
I resigned on 5th July  and my notice period was 3 months, I served till 24th September and as per 3 months notice period my last working day was 2nd October.... But since I had to join other organization on 27th September I sent multiple mails for relieving me just 5 days earlier from my last working day. 

When I didn't get any confirmation I myself sent declaration mail for my last working day as 24th September and also wrote that I am ready to compensate against my remaining notice period as per HR policy. I joined other organization on 27th September but my previous organization intentionally mentioned last working day as 2nd October

After getting relieving also I sent multiple mails for correction of date but didn't get any help

Please suggest what steps can be taken against my previous employer for this unethical behavior...( Udaipur, Rajasthan )","Dear Client,The overlapping in service in respect of previous and present establishment and any anomaly or discrepancy in EPF records in respect of a fund of any registered member is a ground for future dispute. When your EPF record shows an anomaly in the joining and exit date in both the XXX & YYY Company which is contradictory, then until and unless those anomalies are rectified by the concerned employers, PF records will show dual employment. A joint declaration form is used to correct Provident Fund (PF) member details. It is a combined form that the employee and employer sign and submit to the regional PF commissioner to update the wrong information entered in the employeesâ PF accounts. An EPF member should fill out the joint declaration form to correct details like fatherâs name, joining date, Exit date, etc., as these details will be verified against the Aadhaar. The EPF members or employees should physically submit the joint declaration form to the regional PF office with which the company or establishment is registered. An employee cannot update the service history. Only an employer can rectify the error in the employment record of the EPFO. So if an employee finds an error in the database, he should contact their present or previous employers and get it corrected. Further, Background verification(BGV) check is a process many organizations carry out to verify the information provided by the candidate during hiring. Verification of EPFO records through UAN is critical for conducting employee background checks because it allows employers to confirm that their employees are not using false or stolen identities to gain employment. In case of a negative background verification check an employer can even reject/terminate the employment of the candidate. In the given situation, to resolve the issue of overlapping in the P F records of both employers, you need to approach the office of the Regional P F Commissioner who is the competent authority to resolve any anomaly arising out of the date of appointment and date of discharge in EPF records. An individual can file a complaint using the EPF i-Grievance Management System (www. https://epfigms.gov.in/). Once you succeed in wiping out the stigma of dual employment from your EPF records with the cooperation of your previous and present employer, your scope of employment with other companies will be restored with clean employment records. In case of non-cooperation from both previous and current employers which amounted to unfair labour practice, you may bring the matter to the notice of the concerned Labour Commissioner or Asst. Labour Commissioner/LEO for a resolution in the matter.","The primary legal issue is the incorrect exit date on the relieving letter, which could affect employment verification and compliance with labor laws. Under the Industrial Disputes Act, 1947, an employee has the right to seek correction of employment records if they are incorrect. However, this issue is civil in nature and not criminal, so approaching a labor court, rather than a criminal court, is appropriate.

The user should file a complaint with the local Labor Commissioner or labor court in Chennai, providing evidence of the correct resignation date and the correspondence with both companies. Additionally, consider sending a legal notice to the YYY company demanding correction of the exit date and re-issuance of the relieving letter.",20.3662,4.4379,18.1692,20.6204,84.4515
200,"Hi sir,
My manager has told me that a written complaint is done against me that I am misbehaving the girl in office. So that why from tomorrow you can't come to office and taken the sin and key. I told them I have not done any such kind of things in office show me the complaint against me and who did it and what kind of misbehaving I have don. They not declared it to me.
Near about a month gown no reply of my mail no mail of complain detail not a single written or mail document given by company why they told me not to come to office and even salary and termination also.",IDA_17B → EPF_12 → ESI_72 → ISM_12,IDA_17B → EPF_12 → ESI_72 → ISM_12 → wages → Industrial Disputes Act 1947 → Employees Provident Fund Act 1952 → ISM,"I am working in a Pvt Ltd Biotechnology company &amp; signed a bond for 5 years. But the work pressure &amp; environment is so toxic and painful. Even I am forced to work everyday approximately 10-12 hours which includes holidays &amp; weekly offs since 1.8 years. When I have resigned recently, they are not ready to relive me and asked me that they have trained me on work and I can's leave. However as a experienced person I haven't learned a single new thing from this organization whereas I have trained their fresher to work properly. What is the legal rights for me to sue the company and get relieve smoothly ?( Bhubaneswar, Orissa )","In my graduation 3rd year marksheet my date of birth 21-jun-1993, seen 21-jun-1983 from distance, but actual it 21-jun-1993 when seen by lens, in 1993 third digit 9 is likely shaped birthday candel 9, and shape is likely 9,. Qr code represent 21-jun-1993 also. 
Please suggest me that ...should I do apply reprint in University or not? Is there any problem in govt job?( Bundi, Rajasthan )","I'm 23 &amp; worked as a Social media executive &amp; writer in a startup. My boss is making excuses and refusing to pay back the salary of around 4 months. It's been around 1 year and 10 months, even after several requests and pleas, he isn't paying the salary. Although it's not a big amount, it ranges between 45k-50k. But as a 23-year-old it's a big amount for me. I need my hard-earned money. Pls, advise what should I do? 

Note: It will be helpful if the suggestions are of not too much hassle and within my affordability.( Thane, Maharashtra )","Dear Sir,You can issue a legal notice and get damages from the company for  damaging your career and reputation.","The key legal issue here is potential wrongful termination and defamation. Under the Industrial Disputes Act, 1947, an employee has the right to be informed of the reasons for termination and to challenge any wrongful dismissal. You can send a formal written request to your employer demanding the details of the complaint and the basis for your termination. If they fail to respond, consider filing a complaint with the Labour Commissioner or initiating legal action for wrongful termination and defamation if the allegations are false and damaging to your reputation. Collect any evidence of communication with your employer regarding the issue to support your case.",20.3662,4.4379,18.1692,20.6204,84.4515
