sample_id,question,chain_q_orig,chain_q_extended,retrieved_q1,retrieved_q2,retrieved_q3,answer_ref,answer_pred,bleu4_sample,cosine_sim_sample,rouge1,rouge2,rougel,meteor,bleu4,bleu1,bleu2,bleu3,bleu_bp,chrf,cosine_sim,cosine_sim_med,bertscore
1,"I am working in H&amp;FW deptt of Delhi more than 10 years on contract basis.
My appointment was 5 years contract basis on regular pay scale after completing 5years I m getting yearly extentionà¥¤ I am also getting childeren education allowance, DGEHS health card, EPF and other facility. Can I go for regularisation in the court. What is the merit of my case? Please adviseà¥¤( North East Delhi, Delhi )",PC::Appointment on Contract Basis → PC::Employee Engaged on Contract Basis → PC::Employees Engaged on Contract Basis → PC::Appellant Appointed on Contract Basis,"PC::Appointment on Contract Basis → PC::Employee Engaged on Contract Basis → PC::Employees Engaged on Contract Basis → PC::Appellant Appointed on Contract Basis → PC::Vacancies Available for Multipurpose Health Assistant → PC::Section 10(1) of the Contract Labour Regulation and Abolition Act, 1970 → PC::Public Interest Consideration in Reinstatement → PC::Services Terminated by Appellant","Sir 
My father worked in a co-op housing society as a guard  from the last 9-10 years.
In august month my father was on approved leave with application . but 3-4 days late due to illnesses . so society is not ready to continue to keep him on job as before .
Housing society terminates my father without notice and the secretary is saying you're not eligible for any gratuity  notice salary .
How will I get the full and final amount from This housing society?( Mumbai, Maharashtra )","My father worked as driver in KPTCL on 1994  he worked 5 days only then he will not reported to duty because of    he is suffering from health issue and then one year back 29/05/2018 my father is died  so that  we are eligible for taking job from compassionate ground or not . my father no given to resignation letter to department( Shimoga, Karnataka )","my father was an employee of a company and was entitled under EPF scheme. He dies in Jan,2008. My mother received his PF benefit in 2011, but my mother fell in Cancer disease in 2011 and repeatedly suffered many years, due to this we could not submit Pension Claim in 10D form to EPFO as on date. My father had no UAN no then. My question is that will my mother is eligible to submit 10D to get Family Pension from EPFO now. because now we are in very much financial  crisis.( Murshidabad, West Bengal )","Dear Client,since you have an experience of more that 10 years, you can go for regularization in the court. contractual employees need 10 years of experience to be regularised.","Under the Contract Labour (Regulation and Abolition) Act, 1970, regularization of employment is generally not an automatic right for contract employees. However, the Supreme Court in cases like ""Secretary, State of Karnataka v. Umadevi"" (2006) has held that regularization can be considered if the employment is not a sham and the employee has been working in a sanctioned post for a long duration. In your case, having worked for more than 10 years with benefits similar to regular employees strengthens your argument for regularization. 

You can file a writ petition in the Delhi High Court seeking regularization based on your long tenure and the nature of your employment. Gather all relevant documentation, such as appointment letters, pay slips, and any correspondence regarding your employment status, to support your case.",1.1002,60.8585,19.8636,3.7634,17.0599,19.112,2.3992,27.1794,5.5395,1.634,0.6554,21.1501,51.7118,52.8759,83.8309
2,"Can I file a writ on fradulent selection of anganwadi worker throgh the interview process with political interfearence( Prakasam, Andhra Pradesh )",PC::Interview Process for Patwaris Conducted → PC::Andhra Pradesh High Court Rules → PC::Andhra Pradesh Ministerial Service Rules → PC::Andhra Pradesh Municipalities Act,"PC::Interview Process for Patwaris Conducted → PC::Andhra Pradesh High Court Rules → PC::Andhra Pradesh Ministerial Service Rules → PC::Andhra Pradesh Municipalities Act → PC::Grievance Raised by Unsuccessful Candidates → PC::Ashok Yadav v. State of Haryana, 1985 Supp. 1 SCR 657 → PC::Classification Based on Retirement Age Found Valid → PC::Article 16 of the Constitution of India","Sir 
My father worked in a co-op housing society as a guard  from the last 9-10 years.
In august month my father was on approved leave with application . but 3-4 days late due to illnesses . so society is not ready to continue to keep him on job as before .
Housing society terminates my father without notice and the secretary is saying you're not eligible for any gratuity  notice salary .
How will I get the full and final amount from This housing society?( Mumbai, Maharashtra )","my father was an employee of a company and was entitled under EPF scheme. He dies in Jan,2008. My mother received his PF benefit in 2011, but my mother fell in Cancer disease in 2011 and repeatedly suffered many years, due to this we could not submit Pension Claim in 10D form to EPFO as on date. My father had no UAN no then. My question is that will my mother is eligible to submit 10D to get Family Pension from EPFO now. because now we are in very much financial  crisis.( Murshidabad, West Bengal )","My father worked as driver in KPTCL on 1994  he worked 5 days only then he will not reported to duty because of    he is suffering from health issue and then one year back 29/05/2018 my father is died  so that  we are eligible for taking job from compassionate ground or not . my father no given to resignation letter to department( Shimoga, Karnataka )","Dear client,as writs are filed in violation of fundamental rights, you will have to prove the breach. You can do this by showing it is against article 14, which is right to equality under the Indian Constitution.Thank you, Have a nice day.","Article 16 of the Constitution of India guarantees equality of opportunity in matters of public employment, prohibiting discrimination based on religion, race, caste, sex, descent, place of birth, residence, or any of them. If there is evidence of political interference in the selection process for the position of an Anganwadi worker, a writ petition can be filed in the Andhra Pradesh High Court challenging the selection process as arbitrary and violative of Article 16. The case of Ashok Yadav v. State of Haryana, 1985, supports the principle that any classification in public employment must be reasonable and not arbitrary.

To proceed, gather evidence of the alleged political interference and consult with a legal professional to draft a writ petition. Ensure that the petition clearly outlines how the selection process violated constitutional provisions and any applicable state rules.",0.8088,60.5703,19.8636,3.7634,17.0599,19.112,2.3992,27.1794,5.5395,1.634,0.6554,21.1501,51.7118,52.8759,83.8309
3,"My company is refusing to pay any amount and giving reason that I have informed for leave immediately not before 3 month.
I applied for leave on 3q March 2023 and delivered on 18 April 2023.
Please let me know how can I get benefits?( Noida, Uttar Pradesh )",HKG::FA_79 → HKG::MBA_5,HKG::FA_79 → HKG::MBA_5 → HKG::maternity → HKG::Factories Act 1948 → HKG::Maternity Benefit Act 1961 → HKG::PROC_MATERNITY_CLAIM,"Sir 
My father worked in a co-op housing society as a guard  from the last 9-10 years.
In august month my father was on approved leave with application . but 3-4 days late due to illnesses . so society is not ready to continue to keep him on job as before .
Housing society terminates my father without notice and the secretary is saying you're not eligible for any gratuity  notice salary .
How will I get the full and final amount from This housing society?( Mumbai, Maharashtra )","My father worked as driver in KPTCL on 1994  he worked 5 days only then he will not reported to duty because of    he is suffering from health issue and then one year back 29/05/2018 my father is died  so that  we are eligible for taking job from compassionate ground or not . my father no given to resignation letter to department( Shimoga, Karnataka )","my father was an employee of a company and was entitled under EPF scheme. He dies in Jan,2008. My mother received his PF benefit in 2011, but my mother fell in Cancer disease in 2011 and repeatedly suffered many years, due to this we could not submit Pension Claim in 10D form to EPFO as on date. My father had no UAN no then. My question is that will my mother is eligible to submit 10D to get Family Pension from EPFO now. because now we are in very much financial  crisis.( Murshidabad, West Bengal )","Dear Client,In India, the Maternity Benefit Act, 1961, governs maternity benefits for women employees. According to the Act, you are entitled to maternity leave if you have worked for your employer for at least 80 days in the 12 months immediately preceding your expected date of delivery. The Act does not specify a requirement for providing notice three months in advance. It's more about the duration of your employment before the expected delivery date. Go through your employment contract and your company's HR policies to understand the terms and conditions regarding maternity leave.","Under the Maternity Benefit Act, 1961, a woman is entitled to maternity leave and benefits if she has worked for at least 80 days in the 12 months preceding the expected delivery date. The Act does not mandate a three-month notice period for applying for maternity leave, only that notice be given as soon as practicable. The company's refusal to pay based on the notice period is not supported by the Act.

The user should formally request the maternity benefits in writing, citing the Maternity Benefit Act, 1961, and provide proof of employment duration and leave application. If the company still refuses, the user can file a complaint with the local labor commissioner or approach the appropriate labor court for redress.",20.7849,77.3052,19.8636,3.7634,17.0599,19.112,2.3992,27.1794,5.5395,1.634,0.6554,21.1501,51.7118,52.8759,83.8309
4,"If a labour dies of a strok while working in a factory will there be claim any compensation from ESIC ?( Kolkata, West Bengal )",HKG::ESI_2 → HKG::ESI_40 → HKG::ESI_46 → HKG::ESI_51,HKG::ESI_2 → HKG::ESI_40 → HKG::ESI_46 → HKG::ESI_51 → HKG::esi → HKG::PROC_ESI_CLAIM → HKG::compensation → HKG::Employees State Insurance Act 1948,"Sir 
My father worked in a co-op housing society as a guard  from the last 9-10 years.
In august month my father was on approved leave with application . but 3-4 days late due to illnesses . so society is not ready to continue to keep him on job as before .
Housing society terminates my father without notice and the secretary is saying you're not eligible for any gratuity  notice salary .
How will I get the full and final amount from This housing society?( Mumbai, Maharashtra )","My father worked as driver in KPTCL on 1994  he worked 5 days only then he will not reported to duty because of    he is suffering from health issue and then one year back 29/05/2018 my father is died  so that  we are eligible for taking job from compassionate ground or not . my father no given to resignation letter to department( Shimoga, Karnataka )","my father was an employee of a company and was entitled under EPF scheme. He dies in Jan,2008. My mother received his PF benefit in 2011, but my mother fell in Cancer disease in 2011 and repeatedly suffered many years, due to this we could not submit Pension Claim in 10D form to EPFO as on date. My father had no UAN no then. My question is that will my mother is eligible to submit 10D to get Family Pension from EPFO now. because now we are in very much financial  crisis.( Murshidabad, West Bengal )","A.Dear Sir,Yes, it depends upon the background of the case under workman compensation act.","Under the Employees' State Insurance Act, 1948, if a worker dies due to an employment injury, which includes a stroke occurring during work, the dependents may be entitled to compensation. Section 51 of the Act provides for benefits in cases of employment injury leading to death. The family can file a claim for dependents' benefits through the Employees' State Insurance Corporation (ESIC).

The family should immediately notify the employer about the incident and ensure that the employer reports it to the ESIC. Collect all necessary medical records and documentation related to the incident and submit a claim to the ESIC for compensation.",0.9237,39.9449,19.8636,3.7634,17.0599,19.112,2.3992,27.1794,5.5395,1.634,0.6554,21.1501,51.7118,52.8759,83.8309
5,"The company fired me without any reason and paid me only 6 days extra over and above the number of days I worked( Patna, Bihar )",HKG::IDA_25F → HKG::IDA_25H → HKG::IDA_25N → HKG::IDA_2A,HKG::IDA_25F → HKG::IDA_25H → HKG::IDA_25N → HKG::IDA_2A → HKG::Industrial Disputes Act 1947 → HKG::wrongful_termination → HKG::PROC_WRONGFUL_TERMINATION → HKG::retrenchment,"Sir 
My father worked in a co-op housing society as a guard  from the last 9-10 years.
In august month my father was on approved leave with application . but 3-4 days late due to illnesses . so society is not ready to continue to keep him on job as before .
Housing society terminates my father without notice and the secretary is saying you're not eligible for any gratuity  notice salary .
How will I get the full and final amount from This housing society?( Mumbai, Maharashtra )","My father worked as driver in KPTCL on 1994  he worked 5 days only then he will not reported to duty because of    he is suffering from health issue and then one year back 29/05/2018 my father is died  so that  we are eligible for taking job from compassionate ground or not . my father no given to resignation letter to department( Shimoga, Karnataka )","my father was an employee of a company and was entitled under EPF scheme. He dies in Jan,2008. My mother received his PF benefit in 2011, but my mother fell in Cancer disease in 2011 and repeatedly suffered many years, due to this we could not submit Pension Claim in 10D form to EPFO as on date. My father had no UAN no then. My question is that will my mother is eligible to submit 10D to get Family Pension from EPFO now. because now we are in very much financial  crisis.( Murshidabad, West Bengal )","Dear Client,Termination without notice other than disciplinary action amounts to illegal termination and is defined as an industrial dispute under Section 2A of the Industrial Disputes Act, 1947 which also violated the mandatory provision of Sec.25F and 25N of the Act that prescribed certain conditions to comply with by the employer before termination/retrenchment of a workman/employee from the employment. A company can neither withhold the original certificates of an employee nor demand money for returning the same which is amounted to an unfair labour practice as defined under Sec.2(ra) of the Industrial Dispute Act, 1947. In that scenario, the terminated employee/workman can raise an industrial dispute directly before the Industrial Tribunal/Labor Court concerned for adjudication within three years from the date of termination/retrenchment. Regardless of reasons, on cessation of employment, an employee is entitled to an experience certificate, relieving letter and F & F settlement dues from the employer within 30 days of the last working days (LWD) and denial of which amounted to unfair labour practices. So, in the prevailing situation, if you are not holding a position of manager or supervisor in the Company, but a workman as defined under Sec.2(s) of the Industrial Dispute Act, 1947. serving a legal notice to the Company you can raise an Industrial dispute directly before the State Govt. Industrial Tribunal under Sec.2A of the I D Act. and additionally, you have to file an application u/s.33C(2) of the I D Act before the concerned State Labour Court claiming dues from your employer receivable to an employee on illegal termination/retrenchment. Further, if the establishment comes under the purview of the State-specific Shops and Establishment Act, you can escalate your grievance before the Chief Inspector or Adl. Chief Inspector appointed under the Act for redressal of your grievance. But, if you are holding the position of Manager or Administrator in the Company, you have to file a civil suit against the Company before the Civil Court seeking desired relief in the matter. Reach out to an Advocate experienced in service matters for guidance and steps. Feel free to contact our legal team to navigate the issue in the right way.","The primary legal issue is wrongful termination under the Industrial Disputes Act, 1947, which applies to employees terminated without just cause. Under Section 25F of the Act, an employer must provide a valid reason and notice or compensation for termination. If these conditions were not met, you may have grounds to challenge the termination.

Legally, you can file a complaint with the local labor commissioner or approach the labor court in Patna to seek reinstatement or compensation. Gather all employment records, termination notice, and any communication with the employer to support your case.",0.5432,60.4287,19.8636,3.7634,17.0599,19.112,2.3992,27.1794,5.5395,1.634,0.6554,21.1501,51.7118,52.8759,83.8309
6,"I am doing 4 year regular btech.I will be graduating next month.In my final year(7th sem) I needed some money.So I joined a private bpo company(Oct,2023).But I resigned next month.Overall i was there for a month.I have the offer letter and relieving letter both.

Now my question is should I write this 1 month job experience in ssc cgl(govt job exam) attestation form under previous employment?? Will there be any problem as I am in regular degree?? Or if don't mention will it get terminated on suppression of information?? I have uan with my adhar for working 1 month??( North 24 Parganas, West Bengal )",PC::Suppression of Information in Attestation Form → HKG::relieving_letter → PC::Court Found Salary Accrued Month by Month → PC::Claim for Absorption in Regular Cadre,"PC::Suppression of Information in Attestation Form → HKG::relieving_letter → PC::Court Found Salary Accrued Month by Month → PC::Claim for Absorption in Regular Cadre → PC::Previous Service Considered for Pension Benefits → PC::Criminal Case Pending Against Respondent → PC::Andhra Pradesh State Higher Judicial Service Special Rules for Ad Hoc Appointments, 2001 → PC::Claim for Salary Beyond Limitation Period Barred","Sir 
My father worked in a co-op housing society as a guard  from the last 9-10 years.
In august month my father was on approved leave with application . but 3-4 days late due to illnesses . so society is not ready to continue to keep him on job as before .
Housing society terminates my father without notice and the secretary is saying you're not eligible for any gratuity  notice salary .
How will I get the full and final amount from This housing society?( Mumbai, Maharashtra )","My father worked as driver in KPTCL on 1994  he worked 5 days only then he will not reported to duty because of    he is suffering from health issue and then one year back 29/05/2018 my father is died  so that  we are eligible for taking job from compassionate ground or not . my father no given to resignation letter to department( Shimoga, Karnataka )","my father was an employee of a company and was entitled under EPF scheme. He dies in Jan,2008. My mother received his PF benefit in 2011, but my mother fell in Cancer disease in 2011 and repeatedly suffered many years, due to this we could not submit Pension Claim in 10D form to EPFO as on date. My father had no UAN no then. My question is that will my mother is eligible to submit 10D to get Family Pension from EPFO now. because now we are in very much financial  crisis.( Murshidabad, West Bengal )","Dear Client,While you are pursuing a regular degree course, you cannot take up any full-time job even if it is merely for a one-month. It is also impermissible under a regular course nomenclature. In the present state of affairs, neither you could inform the matter to college authority that may affect your degree nor, suppress the fact in the SSC CGL application form because a Background verification(BGV) check is a process many organizations carry out to verify the information provided by the candidate during hiring. Verification of EPFO records through UAN is critical for conducting employee background checks because it allows employers to confirm that their employees are not using false or stolen identities to gain employment. In case of a negative background verification check an employer can even reject/terminate the employment of the candidate. So, in the given situation, considering your career prospects, you need to visit the office of the PSC who conducted the SSC exams to clarify the matter in detail to protect both of your academic and job career.","Under the Central Civil Services (Conduct) Rules, 1964, suppression of information in an attestation form can lead to termination of employment if discovered later. It is advisable to disclose all previous employment, even if it was for a short duration, to avoid any future issues related to suppression of information. Since you have a UAN linked to your Aadhaar, this employment can be easily verified by authorities.

To proceed, include this employment in your SSC CGL attestation form under previous employment. Ensure all details are accurate and consistent with your records to maintain transparency and avoid complications.",1.9104,56.5832,19.8636,3.7634,17.0599,19.112,2.3992,27.1794,5.5395,1.634,0.6554,21.1501,51.7118,52.8759,83.8309
7,"I had worked in company for 12 years, i was terminated , my details are as under
1 Designation : Deputy Manager Accounts
2 Salary          :  60,000.00 Monthly
They have paid some amount but not clear and even they didn't given me any account of the same. I didn't get my do dues certificate and other documents and due to this i am not able to  apply in any other company.
Need your kind advice on the above.( Raipur, Chhattisgarh )",HKG::ICA_73,HKG::ICA_73 → HKG::wages → HKG::Indian Contract Act 1872 → HKG::employment_bond → HKG::Q_864,"Sir 
My father worked in a co-op housing society as a guard  from the last 9-10 years.
In august month my father was on approved leave with application . but 3-4 days late due to illnesses . so society is not ready to continue to keep him on job as before .
Housing society terminates my father without notice and the secretary is saying you're not eligible for any gratuity  notice salary .
How will I get the full and final amount from This housing society?( Mumbai, Maharashtra )","my father was an employee of a company and was entitled under EPF scheme. He dies in Jan,2008. My mother received his PF benefit in 2011, but my mother fell in Cancer disease in 2011 and repeatedly suffered many years, due to this we could not submit Pension Claim in 10D form to EPFO as on date. My father had no UAN no then. My question is that will my mother is eligible to submit 10D to get Family Pension from EPFO now. because now we are in very much financial  crisis.( Murshidabad, West Bengal )","My father worked as driver in KPTCL on 1994  he worked 5 days only then he will not reported to duty because of    he is suffering from health issue and then one year back 29/05/2018 my father is died  so that  we are eligible for taking job from compassionate ground or not . my father no given to resignation letter to department( Shimoga, Karnataka )",Employment Lawsfor Multinational Companies in Indiahttps://singhania.in/wp-content/uploads/2019/08/Employment-Law-Primer-For-Multinational-Companies-In-India-2019.pdf,"The primary legal issue is the non-receipt of a full and final settlement and necessary employment documents following termination, which may be addressed under the Indian Contract Act, 1872, and relevant labor laws. The company is obligated to provide a full and final settlement, including any outstanding dues and necessary documentation, as per the employment contract and applicable labor laws. If the company fails to comply, you may file a complaint with the Labor Commissioner in Raipur or initiate legal proceedings for breach of contract.

To resolve this, first, send a formal written request to the company demanding the settlement and documents. If they do not respond or comply, proceed to file a complaint with the local labor authorities or consider legal action in a civil court for recovery of dues and damages.",0.3437,43.445,19.8636,3.7634,17.0599,19.112,2.3992,27.1794,5.5395,1.634,0.6554,21.1501,51.7118,52.8759,83.8309
8,"I was doing the data entry  job today morning they called and told me to pay â¹2050 immediately i paid them now they r telling system time over again if u don't pay ur life will be spoiled they will upload your details in social media and arrest ur family members, please someone help me( Bangalore, Karnataka )",PC::Dispute Over Will Validity → PC::Subletting to Family Members Disputed → PC::Data Entry Operators Created Separate Cadre → PC::Family Members Involved in Company Management,PC::Dispute Over Will Validity → PC::Subletting to Family Members Disputed → PC::Data Entry Operators Created Separate Cadre → PC::Family Members Involved in Company Management → PC::Promotion Opportunities Differed Between Cadres → PC::Judgment in Kailasbhai Shukaram Tiwari Vs. Jostna Laxmidas Pujara Anr. → PC::No Written Consent for Subletting Obtained → PC::Eviction Based on Subletting Allegation,"Sir 
My father worked in a co-op housing society as a guard  from the last 9-10 years.
In august month my father was on approved leave with application . but 3-4 days late due to illnesses . so society is not ready to continue to keep him on job as before .
Housing society terminates my father without notice and the secretary is saying you're not eligible for any gratuity  notice salary .
How will I get the full and final amount from This housing society?( Mumbai, Maharashtra )","My father worked as driver in KPTCL on 1994  he worked 5 days only then he will not reported to duty because of    he is suffering from health issue and then one year back 29/05/2018 my father is died  so that  we are eligible for taking job from compassionate ground or not . my father no given to resignation letter to department( Shimoga, Karnataka )","my father was an employee of a company and was entitled under EPF scheme. He dies in Jan,2008. My mother received his PF benefit in 2011, but my mother fell in Cancer disease in 2011 and repeatedly suffered many years, due to this we could not submit Pension Claim in 10D form to EPFO as on date. My father had no UAN no then. My question is that will my mother is eligible to submit 10D to get Family Pension from EPFO now. because now we are in very much financial  crisis.( Murshidabad, West Bengal )",Dear ClientBased on your insufficient information nothing can be opined to your query at the moment. So you may revert back to us with the following information> Nature of Establishment you work and nature of data entry job your performed in the said establishment that liable you for payment of fine on default.> The contents of your offer letter in brief and date of your joining> Reason behind the immoral and unethical threat affecting your career and harassment of your family which is termed both as Unfair Labour Practice and Unfair Trade PracticeHope the matter stands clarified.,"The situation described appears to be a case of extortion and harassment, which is illegal under Section 384 of the Indian Penal Code (IPC), dealing with extortion. Demanding money under threat of harm to reputation or family is a criminal offense. Legally, the user is not obligated to pay any further amounts and should not comply with illegal demands.

The user should immediately report the incident to the local police station and file a First Information Report (FIR) detailing the threats and demands made. Additionally, preserve all communications and evidence of payments made, as these will be crucial in any investigation. Consider contacting a lawyer for further assistance in handling the situation and ensuring protection against further harassment.",1.2689,36.2142,19.8636,3.7634,17.0599,19.112,2.3992,27.1794,5.5395,1.634,0.6554,21.1501,51.7118,52.8759,83.8309
9,"I am working in a LLP Software Company in which minimum wages of employees as a fresher/experienced up to 2 years are between 10K to 15K.

The company all of a sudden is asking for account details (although company have it) and it has been said that the company will deposit an amount of 50,000 or more to all the employees accounts.

All the employees will have to transfer this amount to some other account specified by company HR.

The company is saying that this is just for the taxation purpose and it is safe.

What are the minimum wages criteria as per the law?

Is it really safe for me to allow company depositing such large amount in my account?

Is it to restrict employees leaving from Job without/with notice period as our employment bond is too strict (asking employees to oay compensation amount whichever is higher while leaving job with a notice period) and is completely in favour of company?

Please suggest.( Mumbai suburban, Maharashtra )",HKG::ICA_73 → HKG::ICA_74 → HKG::SRA_14 → HKG::SRA_16,HKG::ICA_73 → HKG::ICA_74 → HKG::SRA_14 → HKG::SRA_16 → HKG::employment_bond → HKG::wages → HKG::Indian Contract Act 1872 → HKG::PROC_EMPLOYMENT_BOND,"Sir 
My father worked in a co-op housing society as a guard  from the last 9-10 years.
In august month my father was on approved leave with application . but 3-4 days late due to illnesses . so society is not ready to continue to keep him on job as before .
Housing society terminates my father without notice and the secretary is saying you're not eligible for any gratuity  notice salary .
How will I get the full and final amount from This housing society?( Mumbai, Maharashtra )","My father worked as driver in KPTCL on 1994  he worked 5 days only then he will not reported to duty because of    he is suffering from health issue and then one year back 29/05/2018 my father is died  so that  we are eligible for taking job from compassionate ground or not . my father no given to resignation letter to department( Shimoga, Karnataka )","my father was an employee of a company and was entitled under EPF scheme. He dies in Jan,2008. My mother received his PF benefit in 2011, but my mother fell in Cancer disease in 2011 and repeatedly suffered many years, due to this we could not submit Pension Claim in 10D form to EPFO as on date. My father had no UAN no then. My question is that will my mother is eligible to submit 10D to get Family Pension from EPFO now. because now we are in very much financial  crisis.( Murshidabad, West Bengal )",A. If your employer is depositing money then tomorrow or later if the tax authorities check your bank account then they will charge with tax evasion as it will be considered as your income.B. Suppose the company is raided by tax authorities for tax evasion then you will also be considered as a partner in crime for allowing your account to be used for it.Be careful,"The company's request for employees to transfer deposited funds to another account raises potential legal issues under the Indian Contract Act, 1872, particularly concerning coercion and undue influence (Sections 15 and 16). Additionally, this practice could be a violation of tax laws if it involves misrepresentation of financial transactions. Employees should not participate in any transaction that appears to be a sham or intended to manipulate tax obligations.

Legally, employees are entitled to minimum wages as per the Maharashtra Minimum Wages Act, which should be adhered to by the employer. The employment bond's enforceability depends on whether it is reasonable and not a penalty, as per Sections 73 and 74 of the Indian Contract Act, 1872. Employees should request a written explanation from the company regarding the purpose and legality of these transactions and consult with a labor law expert to ensure their rights are protected.",1.0106,43.6952,19.8636,3.7634,17.0599,19.112,2.3992,27.1794,5.5395,1.634,0.6554,21.1501,51.7118,52.8759,83.8309
10,"Hi ,
I recently joined an MNC. Right from day two i started facing many challenges in terms of workplace 1) bullying and 2) discrimination. I realised when i would have a query, the answer  given was different from what others would be given in front of every one. People could say unfriendly things and this would not be stopped by the lead.
Secondly, at the time of salary negotiation i opted for a lesser package for lesser work load because i needed work for sustenance and not career. However, later they changed the work skill and put us all in a more engaging work. This change in work profile was never conveyed in writing. We have learned the salary would get changed because work profile has changed. However,  salary is still pending to be discussed.  It has been two months since we have joined. We are made to do a lot of OT.Further, people we granted leaves even during no leave period, where as i am not being granted leave even if i am planning it in advance.",HKG::FA_79 → HKG::ICA_73,HKG::FA_79 → HKG::ICA_73 → HKG::employment_bond → HKG::Factories Act 1948 → HKG::wages → HKG::Indian Contract Act 1872,"Namaste sir ,
I durgaprasad working as a grade 4 permanent govt employee in state government of andhrapradesh which is a non gazetted ... Sir iam b.tech graduate with good percentage and I cracked gate 2023 with 457 score ...I have a lot of chance in NIT college to pursue Mtech in my engineering stream ....
For that I asked my head of the department to permit to study.. and he said as per the cca and subordinate rules I have not permitted to study because  iam non gazetted post .. and also requested them to sanction loss of pay of my service for about 2year..for that they told me ,, u have no such option except the government allows to u to study with special G.O ,, that is a huge process and may not be my favour ...and now iam thinking to study my mtech and success in my career I would abscond from service without intimating them ...sir is it a good move?? Or else you please give suggestions how to study my mtech without losing my current govt job with loss of my pay ... Pls provide the suggestions..  is my contact number ..sir iam from poor family with big dreams to study and my job is very lower cadre even I have chances to go mtech my family problems strucking me  I don't want to loose my hard earned job for m tech and also I don't want to loose my hard earned prestigious Gate rank for IIT and NIts  for my low cadre job .I need both for safety purposes
Kindly provide best suggestion which is even favourable infront of courts also I mean as per legally correct one ..
Thank you sir and pls do needful( Srikakulam, Andhra Pradesh )","I study in an engineering college and now I am in my second year going to start 3rd year in september my college has not given any holidays after semester end examinations and starts the new semester right the next day. This has happened for 4 continuous semesters now . In the academic calendar 1 month holiday is given but now they are going back on their words . Many of my classmates are depressed especially people from hostels who have not gone home.and I don't know what action to take ,pls tell me( Mysore, Karnataka )","My father worked as driver in KPTCL on 1994  he worked 5 days only then he will not reported to duty because of    he is suffering from health issue and then one year back 29/05/2018 my father is died  so that  we are eligible for taking job from compassionate ground or not . my father no given to resignation letter to department( Shimoga, Karnataka )","You have to cope with the new environment initially, you also should know your own contribution to the management as everything is in record,better to avoid any antagonization, as regards salary & benefits you have to keep in record but not make an issue as you can claim any time,if need consult with a professional Employment & labour and Service matter expert lawyer to guide & help you quickly.","The primary legal issue here involves workplace discrimination and potential breach of contract. Under the Equal Remuneration Act, 1976, discrimination based on gender in terms of employment conditions and pay is prohibited. Additionally, the Indian Contract Act, 1872, requires that any changes to the terms of employment, such as job role or salary, must be mutually agreed upon and documented.

Legally, you can file a complaint with your company's HR department citing discrimination and breach of contract. If unresolved, consider filing a complaint with the local labor commissioner or approaching the Equal Opportunity Commission. Document all instances of discrimination and changes in job role or workload to support your claims.",1.4912,39.638,19.8636,3.7634,17.0599,19.112,2.3992,27.1794,5.5395,1.634,0.6554,21.1501,51.7118,52.8759,83.8309
11,"Are we able to claim compensation Salary in private sector if company terminate employee's service poor performance basis. and even if employee signed out agreement which states that company is not liable to make any payment if termination is based on cause i.e non performance.( Nagpur, Maharashtra )",HKG::ICA_73,HKG::ICA_73 → HKG::employment_bond → HKG::Indian Contract Act 1872 → HKG::wages → HKG::Q_864,"Sir 
My father worked in a co-op housing society as a guard  from the last 9-10 years.
In august month my father was on approved leave with application . but 3-4 days late due to illnesses . so society is not ready to continue to keep him on job as before .
Housing society terminates my father without notice and the secretary is saying you're not eligible for any gratuity  notice salary .
How will I get the full and final amount from This housing society?( Mumbai, Maharashtra )","My father worked as driver in KPTCL on 1994  he worked 5 days only then he will not reported to duty because of    he is suffering from health issue and then one year back 29/05/2018 my father is died  so that  we are eligible for taking job from compassionate ground or not . my father no given to resignation letter to department( Shimoga, Karnataka )","my father was an employee of a company and was entitled under EPF scheme. He dies in Jan,2008. My mother received his PF benefit in 2011, but my mother fell in Cancer disease in 2011 and repeatedly suffered many years, due to this we could not submit Pension Claim in 10D form to EPFO as on date. My father had no UAN no then. My question is that will my mother is eligible to submit 10D to get Family Pension from EPFO now. because now we are in very much financial  crisis.( Murshidabad, West Bengal )",Dear client in your case I suggest you to go through a professional lawyer and send legal notice through your lawyer.if the didn't respond you then you can file complaint before labour commissioner.,"Under Indian contract law, specifically the Indian Contract Act, 1872, an agreement that includes a clause allowing termination without compensation for poor performance is generally enforceable, provided it does not contravene public policy or statutory protections. In the private sector, if an employee has signed an agreement that explicitly states no compensation will be provided upon termination for cause, such as non-performance, the company may legally terminate without compensation. However, the termination must be conducted in accordance with the terms of the employment contract and any applicable labor laws.

The employee should review the employment contract to ensure the termination process adhered to all stipulated procedures. If there is any indication that the termination was not conducted in accordance with the contract or was discriminatory, the employee may consider filing a complaint with the appropriate labor tribunal or seeking legal counsel to explore potential remedies.",0.3992,49.97,19.8636,3.7634,17.0599,19.112,2.3992,27.1794,5.5395,1.634,0.6554,21.1501,51.7118,52.8759,83.8309
12,"Hi Sir,
I was working for a company for 5 years. Client withdrawn the work, so company had given notice for 2 months verbally, and asked us to leave. Company is paying Severance to level 1,2,and 3 employee, however not ready to pay severance to level 4 and above, as saying this is company policy to not to pay at higher level.

Need to understand, can company give verbal notice instead of written to leave the company, where there is no resignation given by employee?

Can a company discriminate among the employee based on their level in the organization, while both the level employee losing the job?

Please guide me.( Bangalore, Karnataka )",HKG::FA_79 → HKG::PGA_4 → HKG::PGA_7,HKG::FA_79 → HKG::PGA_4 → HKG::PGA_7 → HKG::PROC_GRATUITY_CLAIM → HKG::gratuity → HKG::labour_court → HKG::Factories Act 1948,"Sir 
My father worked in a co-op housing society as a guard  from the last 9-10 years.
In august month my father was on approved leave with application . but 3-4 days late due to illnesses . so society is not ready to continue to keep him on job as before .
Housing society terminates my father without notice and the secretary is saying you're not eligible for any gratuity  notice salary .
How will I get the full and final amount from This housing society?( Mumbai, Maharashtra )","My father worked as driver in KPTCL on 1994  he worked 5 days only then he will not reported to duty because of    he is suffering from health issue and then one year back 29/05/2018 my father is died  so that  we are eligible for taking job from compassionate ground or not . my father no given to resignation letter to department( Shimoga, Karnataka )","my father was an employee of a company and was entitled under EPF scheme. He dies in Jan,2008. My mother received his PF benefit in 2011, but my mother fell in Cancer disease in 2011 and repeatedly suffered many years, due to this we could not submit Pension Claim in 10D form to EPFO as on date. My father had no UAN no then. My question is that will my mother is eligible to submit 10D to get Family Pension from EPFO now. because now we are in very much financial  crisis.( Murshidabad, West Bengal )","Company cannot discriminate it is againt the Act & falls under ULP,if you have completed more than 5 years your entitled to gratuity under the Act,better to contact a Professional Lawyer from the panel expert in Labour & Employment and Service matter Lawyer from this panel to take up the issue under the various Act and protect your interest quickly.","Under the Industrial Disputes Act, 1947, a company must provide written notice or pay in lieu of notice when terminating an employee, especially if the employment contract or company policy stipulates such requirements. Verbal notice is generally insufficient unless explicitly allowed by contract. Discrimination in severance pay based on employee level may be permissible if it aligns with company policy and does not violate any contractual obligations or statutory protections. However, if the policy is arbitrary or discriminatory under labor laws, it may be challenged. 

The user should request a written termination notice and review their employment contract and company policies for any clauses regarding severance and notice. If discrepancies exist, consider filing a complaint with the labor commissioner or seeking redressal through the labor court.",1.0519,32.7226,19.8636,3.7634,17.0599,19.112,2.3992,27.1794,5.5395,1.634,0.6554,21.1501,51.7118,52.8759,83.8309
13,"Six years ago, I joined in an MNC and in Appointment letter they mentioned Retention bonus of 1lac which they will pay end of second year that needed to repay if I leave before 5 years of service in that group. I departed from my previous company after receiving bonus and paid amount for not fulfilling the notice period and other outstanding payments which they asked for. They didn't  asked for retention bonus then. Unfortunately, despite my departure, the company did not issue me a service certificate. Recently, I reached out to request the service certificate, and in response, they are now asking me to repay a retention bonus mentioned in my appointment letter, which they had paid but did not recover during my relieving.( West Godavari, Andhra Pradesh )",HKG::FA_79 → HKG::PGA_7 → HKG::ATA_19,HKG::FA_79 → HKG::PGA_7 → HKG::ATA_19 → HKG::labour_court → HKG::PROC_GRATUITY_CLAIM → HKG::gratuity → HKG::Administrative Tribunals Act 1985,"Sir 
My father worked in a co-op housing society as a guard  from the last 9-10 years.
In august month my father was on approved leave with application . but 3-4 days late due to illnesses . so society is not ready to continue to keep him on job as before .
Housing society terminates my father without notice and the secretary is saying you're not eligible for any gratuity  notice salary .
How will I get the full and final amount from This housing society?( Mumbai, Maharashtra )","My father worked as driver in KPTCL on 1994  he worked 5 days only then he will not reported to duty because of    he is suffering from health issue and then one year back 29/05/2018 my father is died  so that  we are eligible for taking job from compassionate ground or not . my father no given to resignation letter to department( Shimoga, Karnataka )","my father was an employee of a company and was entitled under EPF scheme. He dies in Jan,2008. My mother received his PF benefit in 2011, but my mother fell in Cancer disease in 2011 and repeatedly suffered many years, due to this we could not submit Pension Claim in 10D form to EPFO as on date. My father had no UAN no then. My question is that will my mother is eligible to submit 10D to get Family Pension from EPFO now. because now we are in very much financial  crisis.( Murshidabad, West Bengal )","A.Dear SirPlease approach the following authority or similar authority in a stateThe Office Commissioner of LabourSection 12 in The Industrial Disputes Act, 194712. Duties of conciliation officers.- (relevant section 12(2) of ID Act)(1) Where any industrial dispute exists or is apprehended, the conciliation officer may, or where the dispute relates to a public utility service and a notice under section 22 has been given, shall hold conciliation proceedings in the prescribed manner.(2) The conciliation officer shall, for the purpose of bringing about a settlement of the dispute, without delay, investigate the dispute and all matters affecting the merits and the right settlement thereof and may do all such things as he thinks fit for the purpose of inducing the parties to come to a fair and amicable settlement of the dispute.(3) If a settlement of the dispute or of any of the matters in dispute is arrived at in the course of the conciliation proceedings the conciliationofficer shall send a report thereof to the appropriate Government 1 or an officer authorised in this behalf by the appropriate Government] together with a memorandum of the settlement signed by the parties to the dispute.(4) If no such settlement is arrived at, the conciliation officer shall, as soon as practicable after the close of the investigation, send to the appropriate Government a full report setting forth the steps taken by him for ascertaining the facts and circumstances relating to the dispute and for bringing about a settlement thereof, together with a full statement of such facts and circumstances, and the reasons on account of which, in his opinion, a settlement could not be arrived at.(5) If, on a consideration of the report referred to in sub- section (4), the appropriate Government is satisfied that there is a case for reference to a Board, 2 Labour Court, Tribunal or National Tribunal,] it may make such reference. Where the appropriate Government does not make such a reference it shall record and communicate to the parties concerned its reasons therefor.(6) A report under this section shall be submitted within fourteen days of the commencement of the conciliation proceedings or within such shorter period as may be fixed by the appropriate Government: 3 Provided that, 4 subject to the approval of the conciliation officer,] the time for the submission of the report may be extended by such period as may be agreed upon in writing by all the parties to the dispute.]","The primary legal issue is whether the company can enforce the repayment of the retention bonus after not initially demanding it upon your departure. Under Indian Contract Act, 1872, Section 73, parties can claim damages for breach of contract, but they must do so within a reasonable time. Since the company did not demand the repayment at the time of your departure, this delay could be argued as a waiver of their right to enforce the repayment, especially if it prejudices your position.

You can legally argue that the company's failure to demand the bonus at the time of your departure constitutes a waiver or estoppel. However, the company may still pursue recovery if they can justify the delay as reasonable. Consider sending a formal letter to the company explaining your position and requesting the service certificate, possibly citing the delay as prejudicial to your reliance on their initial inaction.",0.2497,23.6615,19.8636,3.7634,17.0599,19.112,2.3992,27.1794,5.5395,1.634,0.6554,21.1501,51.7118,52.8759,83.8309
14,"Sir i have joined tsspdcl as engineer on Dec 12 .. i was absconding since Jan 2 as I have exams on Jan 30 and Feb 1 which am preparing since 5 months . I have doubt that whether they would terminate me from job( Hyderabad, Telangana )",PC::Respondent Resigned from Job → PC::Promotion to Assistant Engineer on Ad Hoc Basis → HKG::absconding → PC::Civil Court Found to Have No Jurisdiction,"PC::Respondent Resigned from Job → PC::Promotion to Assistant Engineer on Ad Hoc Basis → HKG::absconding → PC::Civil Court Found to Have No Jurisdiction → PC::Claim for Gratuity Filed → PC::Section 25F of the Industrial Disputes Act, 1947 → HKG::Industrial Disputes Act 1947 → PC::Claim for Back Wages Filed","Sir 
My father worked in a co-op housing society as a guard  from the last 9-10 years.
In august month my father was on approved leave with application . but 3-4 days late due to illnesses . so society is not ready to continue to keep him on job as before .
Housing society terminates my father without notice and the secretary is saying you're not eligible for any gratuity  notice salary .
How will I get the full and final amount from This housing society?( Mumbai, Maharashtra )","My father worked as driver in KPTCL on 1994  he worked 5 days only then he will not reported to duty because of    he is suffering from health issue and then one year back 29/05/2018 my father is died  so that  we are eligible for taking job from compassionate ground or not . my father no given to resignation letter to department( Shimoga, Karnataka )","my father was an employee of a company and was entitled under EPF scheme. He dies in Jan,2008. My mother received his PF benefit in 2011, but my mother fell in Cancer disease in 2011 and repeatedly suffered many years, due to this we could not submit Pension Claim in 10D form to EPFO as on date. My father had no UAN no then. My question is that will my mother is eligible to submit 10D to get Family Pension from EPFO now. because now we are in very much financial  crisis.( Murshidabad, West Bengal )",Dear ClientYou need to give strict reason so that they can restore yourself there. Wish you all the best!!Hope it helps.,"Under the Industrial Disputes Act, 1947, unauthorized absence from work can be grounds for termination if it constitutes abandonment of employment. Since you have been absent without authorization since January 2, TSSPDCL may consider this as absconding and initiate termination proceedings. However, before any termination, the employer is generally required to conduct a domestic inquiry to ensure fair process.

You should immediately communicate with your employer, explaining your situation and providing any supporting documentation for your absence, such as exam schedules. Request a formal leave of absence if possible, and inquire about any disciplinary proceedings. If termination proceedings are initiated, ensure you participate in any inquiry to present your case.",0.4657,31.1718,19.8636,3.7634,17.0599,19.112,2.3992,27.1794,5.5395,1.634,0.6554,21.1501,51.7118,52.8759,83.8309
15,"I was appointed as Product Manager in my current firm (as written and accepted in appointment letter) 
Probation period was of 6 months. 
Now I received a confirmation letter from company wherein my designation and job description is changed without notice. 
Is this legal?( Mumbai, Maharashtra )",HKG::PGA_7 → HKG::ATA_19,HKG::PGA_7 → HKG::ATA_19 → HKG::labour_court → HKG::gratuity → HKG::PROC_GRATUITY_CLAIM → HKG::Administrative Tribunals Act 1985,"Sir 
My father worked in a co-op housing society as a guard  from the last 9-10 years.
In august month my father was on approved leave with application . but 3-4 days late due to illnesses . so society is not ready to continue to keep him on job as before .
Housing society terminates my father without notice and the secretary is saying you're not eligible for any gratuity  notice salary .
How will I get the full and final amount from This housing society?( Mumbai, Maharashtra )","My father worked as driver in KPTCL on 1994  he worked 5 days only then he will not reported to duty because of    he is suffering from health issue and then one year back 29/05/2018 my father is died  so that  we are eligible for taking job from compassionate ground or not . my father no given to resignation letter to department( Shimoga, Karnataka )","I study in an engineering college and now I am in my second year going to start 3rd year in september my college has not given any holidays after semester end examinations and starts the new semester right the next day. This has happened for 4 continuous semesters now . In the academic calendar 1 month holiday is given but now they are going back on their words . Many of my classmates are depressed especially people from hostels who have not gone home.and I don't know what action to take ,pls tell me( Mysore, Karnataka )",I received a confirmation letter from company wherein my designation and job description is changed without notice.Is this legal?answer: It has to be checked with the company's HR and your reporting manager only if not satisfied pls file a case in the Labour Court,"Under Indian employment law, unilateral changes to the terms of employment, such as designation and job description, without the employee's consent, may constitute a breach of contract. The Industrial Employment (Standing Orders) Act, 1946, and relevant employment contract terms govern such changes. The user can challenge this change by first raising a formal grievance with the HR department, requesting a meeting to discuss the discrepancy between the appointment and confirmation letters. If unresolved, consider filing a complaint with the Labour Commissioner or pursuing legal action for breach of contract.",3.6089,60.3995,19.8636,3.7634,17.0599,19.112,2.3992,27.1794,5.5395,1.634,0.6554,21.1501,51.7118,52.8759,83.8309
16,"from Feb 2023 to Dec 23 leaves taken 45 days, so my HR adjusted SL 5.5 and CL 5.5 days so the balance is minus 34, and after Jan 2024 i availed PL 30days, SL 6 days and CL 6 days, so my hr adjusted the last year balance minus34 from this year PL, SL and CL and i have taken 18 days leave from Jan 24 to May 24...so he is telling your leaves are exhausted so that is why we have deducted salary for 6 days. PLs advise whether it is possible or any chance to get my salary...whether it is possible to adjusting the previous year's leave balance to the current year( Chennai, Tamil Nadu )",HKG::FA_79 → HKG::PGA_7 → HKG::ATA_19 → HKG::ICA_73,HKG::FA_79 → HKG::PGA_7 → HKG::ATA_19 → HKG::ICA_73 → HKG::wages → HKG::gratuity → HKG::PROC_GRATUITY_CLAIM → HKG::labour_court,"My father worked as driver in KPTCL on 1994  he worked 5 days only then he will not reported to duty because of    he is suffering from health issue and then one year back 29/05/2018 my father is died  so that  we are eligible for taking job from compassionate ground or not . my father no given to resignation letter to department( Shimoga, Karnataka )","Sir 
My father worked in a co-op housing society as a guard  from the last 9-10 years.
In august month my father was on approved leave with application . but 3-4 days late due to illnesses . so society is not ready to continue to keep him on job as before .
Housing society terminates my father without notice and the secretary is saying you're not eligible for any gratuity  notice salary .
How will I get the full and final amount from This housing society?( Mumbai, Maharashtra )","my father was an employee of a company and was entitled under EPF scheme. He dies in Jan,2008. My mother received his PF benefit in 2011, but my mother fell in Cancer disease in 2011 and repeatedly suffered many years, due to this we could not submit Pension Claim in 10D form to EPFO as on date. My father had no UAN no then. My question is that will my mother is eligible to submit 10D to get Family Pension from EPFO now. because now we are in very much financial  crisis.( Murshidabad, West Bengal )","Dear Client,Leave policy or rule varies on the applicability of an Act applicable to a particular establishment or organization. Under the Factories Act, 1948, one day of leave for every twenty days of work performed by a worker during the previous calendar year. This leave is also known as Earned Leave or Privilege leave. Casual Leave (CL) for 5-7 days in a year and sick leave for 5 to 15 days varying as per state legislation. Leave policy for employees of private companies - Earned Leave - 30 days after 12 months of continuous employment, Casual Leave(CL)- 14 days for a year., Sick leave for 5 to 15 days a year. Encashment Rules for private companies vary according to their policies and local regulations. Each company has a unique leave encashment policy. Some may have a cap on the number of years you may carry forward your remaining leave days, while others may enable you to carry over your leave balance indefinitely. Employees need to understand the rules/policies of the Company and conditions for availing leave encashment benefits before they opt for it. If it appears to you that the action of the management is discriminatory and contrary to its own policy, you can escalate your claim before the State Labour Court by filing an application under Sec.33C(2) of the Industrial Dispute Act, 1947, provided you are a workman as defined under Sec.2(s) of the said Act. If the establishment is covered under the Shops and Establishment Act, you have to file your grievance to the Chief Inspector of Shops and Establishment appointed by the State Govt for redressal of the grievance, Otherwise, you have to file a civil suit before the Civil Court seeking appropriate relief in the matter.","Under the Tamil Nadu Shops and Establishments Act, an employer has the discretion to adjust leave balances from one year to the next, provided the company's leave policy allows for such adjustments. If your employment contract or company policy states that unused leave can be carried forward or adjusted, then the HR's actions may be justified. However, if the policy does not explicitly allow for such adjustments, you may have grounds to contest the salary deduction.

To address this, review your employment contract and the company's leave policy to understand the terms regarding leave carryover and adjustments. If the policy is unclear or not followed, consider discussing the issue with HR or seeking assistance from the Labour Court in Chennai for a resolution.",0.9828,38.6013,19.8636,3.7634,17.0599,19.112,2.3992,27.1794,5.5395,1.634,0.6554,21.1501,51.7118,52.8759,83.8309
17,"I have worked for theresumetask.com . They asked me for my aadhar card . I have given them my details.the condition was to fill 500 resume in 6 days but their server is not good. I was facing lots of issues. I called them many a times in a day. Then I informed them due to your server I can not work. But after 6 days they are asking me to pay 5400 plus gst. They are sending me legal threats by message. I can not find that company on Google. That company is registered in MP. And they people are from Gujarat. Even on true caller their name is fraud. What to do?( Jodhpur, Rajasthan )",PC::Workman Alleged to Have Worked for 240 Days → PC::Workman Alleged to Have Worked for More Than 240 Days → PC::Appellant Company is a Public Limited Company → PC::Workman Claimed to Have Worked Over 240 Days,"PC::Workman Alleged to Have Worked for 240 Days → PC::Workman Alleged to Have Worked for More Than 240 Days → PC::Appellant Company is a Public Limited Company → PC::Workman Claimed to Have Worked Over 240 Days → PC::Termination of Services Found Illegal → PC::Section 25-S of the Industrial Disputes Act, 1947 → HKG::Industrial Disputes Act 1947 → PC::Majority Shares Held by Government Company","Sir 
My father worked in a co-op housing society as a guard  from the last 9-10 years.
In august month my father was on approved leave with application . but 3-4 days late due to illnesses . so society is not ready to continue to keep him on job as before .
Housing society terminates my father without notice and the secretary is saying you're not eligible for any gratuity  notice salary .
How will I get the full and final amount from This housing society?( Mumbai, Maharashtra )","My father worked as driver in KPTCL on 1994  he worked 5 days only then he will not reported to duty because of    he is suffering from health issue and then one year back 29/05/2018 my father is died  so that  we are eligible for taking job from compassionate ground or not . my father no given to resignation letter to department( Shimoga, Karnataka )","I have been working at a Pvt. Ltd. Organisation for the past 2.5 years and i was recently posted at one of their client organisations. After few months I have resigned and while serving my notice period I applied for a job opening at the same client organisation I was working at. My employer threatens me that they will proceed legally since I have signed a non compete agreement with them which restricts me from seeking a job opportunity at any of their client organisations. This I feel is restricting me the fundamental right to earn livelihood. Also this is a great opportunity for my career. I need to take this job. Please advice me what may happen and what can be done( Hyderabad, Andhra Pradesh )","Dear Sir/ Madam,Before involving yourself in such a company you should have made a thorough check. However, now you need not pay any kind of money and let them proceed with whatever legal action they want to take till then you gather all the required documents which can show your work.if you find this response useful then please rate me","The demand for payment appears to be a scam, potentially involving fraudulent misrepresentation. Under Section 415 of the Indian Penal Code, cheating involves deceiving someone to deliver property or alter a valuable security. Since the company is untraceable and their demands are baseless, you are not legally obligated to pay them.

You can file a complaint with the local police station in Jodhpur, Rajasthan, detailing the fraudulent activity and providing any evidence of communication. Additionally, consider reporting the incident to the Cyber Crime Cell for further investigation. Avoid making any payments or sharing further personal information with the entity.",0.6828,58.5152,19.8636,3.7634,17.0599,19.112,2.3992,27.1794,5.5395,1.634,0.6554,21.1501,51.7118,52.8759,83.8309
18,"I have 2 month notice period but I served 1 month and for another month paid full month salary I don't have reliving letter and mail acceptance so they were not providing my full and final settlement amount what to do now( Bangalore, Karnataka )",HKG::PGA_7 → HKG::ATA_19 → HKG::ICA_73,HKG::PGA_7 → HKG::ATA_19 → HKG::ICA_73 → HKG::wages → HKG::gratuity → HKG::labour_court → HKG::PROC_GRATUITY_CLAIM,"My father worked as driver in KPTCL on 1994  he worked 5 days only then he will not reported to duty because of    he is suffering from health issue and then one year back 29/05/2018 my father is died  so that  we are eligible for taking job from compassionate ground or not . my father no given to resignation letter to department( Shimoga, Karnataka )","Sir 
My father worked in a co-op housing society as a guard  from the last 9-10 years.
In august month my father was on approved leave with application . but 3-4 days late due to illnesses . so society is not ready to continue to keep him on job as before .
Housing society terminates my father without notice and the secretary is saying you're not eligible for any gratuity  notice salary .
How will I get the full and final amount from This housing society?( Mumbai, Maharashtra )","my father was an employee of a company and was entitled under EPF scheme. He dies in Jan,2008. My mother received his PF benefit in 2011, but my mother fell in Cancer disease in 2011 and repeatedly suffered many years, due to this we could not submit Pension Claim in 10D form to EPFO as on date. My father had no UAN no then. My question is that will my mother is eligible to submit 10D to get Family Pension from EPFO now. because now we are in very much financial  crisis.( Murshidabad, West Bengal )","Dear Client,Regardless of the status of an employee, and irrespective of reasons behind the cessation of the relationship between an employer and employee, an employee deserves a relieving letter and full and final settlement of dues for the period he was in employment. An employer cannot withhold these service-linked benefits that amount to unfair labour practices. So, in the prevailing situation, if you are not holding the position of Manager/Supervisor but a workman as defined u/s.2(s) of the Industrial Dispute Act then after serving a legal notice to the Company, reach out to the office of the concerned office of the Labour Commissioner to file a complaint against the Company over alleged arbitrary and unfair labour practice and simultaneously file an application u/s.33C(2) of Industrial Disputes Act, 1947 before the concerned Labour Court claiming entire dues payable as F & F Settlement dues on resignation, Or else an employee who belongs to the manager/supervisory category, he/she has to pursue a civil suit before a Civil Court for recovery of his/her dues from the Company. Claim application before the Labour Court should be filed within one year from the date of dues become payable to an employee. In case you need any legal assistance in this regard, you may contact our legal team for the purpose.","Under the Karnataka Shops and Establishments Act, an employee is entitled to receive the full and final settlement upon resignation, which includes unpaid wages, earned leave, and any other dues. If the employer is withholding the settlement without valid reason, it may constitute a breach of contract. The user can file a complaint with the Labour Commissioner or approach the Labour Court to enforce the settlement.

The user should gather all relevant documentation, such as employment contracts, emails regarding notice period, and proof of payment for the notice period, to support their claim. Initiating a formal written request to the employer for the settlement, citing the relevant provisions of the Karnataka Shops and Establishments Act, could also be a prudent step before pursuing legal action.",3.042,56.1584,19.8636,3.7634,17.0599,19.112,2.3992,27.1794,5.5395,1.634,0.6554,21.1501,51.7118,52.8759,83.8309
19,"My company is threating me because I uploaded the video in the social media of there cheating with customers
After that my company seen that video. After they threating me I don't know what to do next( Gurgaon, Haryana )",PC::Appellant Company is a Public Limited Company → PC::Employee Charged with Cheating → PC::Definition of Industry in the Industrial Disputes Act → PC::Employee Convicted for Cheating,PC::Appellant Company is a Public Limited Company → PC::Employee Charged with Cheating → PC::Definition of Industry in the Industrial Disputes Act → PC::Employee Convicted for Cheating → PC::Section 420 IPC → PC::Majority Shares Held by Government Company → PC::High Court Held Appellant as State under Article 12 → PC::Article 12 of the Constitution of India,"Sir 
My father worked in a co-op housing society as a guard  from the last 9-10 years.
In august month my father was on approved leave with application . but 3-4 days late due to illnesses . so society is not ready to continue to keep him on job as before .
Housing society terminates my father without notice and the secretary is saying you're not eligible for any gratuity  notice salary .
How will I get the full and final amount from This housing society?( Mumbai, Maharashtra )","My father worked as driver in KPTCL on 1994  he worked 5 days only then he will not reported to duty because of    he is suffering from health issue and then one year back 29/05/2018 my father is died  so that  we are eligible for taking job from compassionate ground or not . my father no given to resignation letter to department( Shimoga, Karnataka )","my father was an employee of a company and was entitled under EPF scheme. He dies in Jan,2008. My mother received his PF benefit in 2011, but my mother fell in Cancer disease in 2011 and repeatedly suffered many years, due to this we could not submit Pension Claim in 10D form to EPFO as on date. My father had no UAN no then. My question is that will my mother is eligible to submit 10D to get Family Pension from EPFO now. because now we are in very much financial  crisis.( Murshidabad, West Bengal )","Dear Client,In India, whistleblowers are protected by the Whistle Blowers Protection Act, 2014. The law provides for the protection of their identity and also has strict norms to prevent their victimization. For instance, an organization cannot initiate proceedings against a whistleblower pending a probe into allegations. The same sections have been adopted in the Companies Act, which applies to listed companies, and are a part of the Securities and Exchange Board of Indiaâs governance norms. All listed and public sector firms need to have a whistleblower policy that outlines procedures and recourses available to complainants.You will be protected under the above-mentioned act.Thank you so much, I hope this answer helped you.","The primary legal issue here is potential retaliation by your company for whistleblowing, which may be protected under certain circumstances. In India, while there is no specific whistleblower protection for private employees, the Supreme Court has recognized the importance of protecting individuals who expose wrongdoing. Under Section 506 of the Indian Penal Code, criminal intimidation is an offense, and you may have grounds to file a complaint if the threats are severe.

You can legally report the threats to the local police if they constitute criminal intimidation. Document all instances of threats and communications from the company for evidence. Consider consulting with a lawyer to explore filing a complaint with the appropriate labor authorities or pursuing legal action for any wrongful termination or retaliation.",3.2447,76.2325,19.8636,3.7634,17.0599,19.112,2.3992,27.1794,5.5395,1.634,0.6554,21.1501,51.7118,52.8759,83.8309
20,"agar koi apne previous company apko terminate kar chuki hai false alegation ke sath aur wo ab abhi dusre job me kaam kar raha h aur previous company ke leads abhi bhi mere sath bussiness kar rahe h toh meri previous company legal action mail karne ke liye treathened kar rahi h( Kolkata, West Bengal )",HKG::IDA_2A → HKG::ESI_73 → HKG::IDA_25F → HKG::IDA_25H,HKG::IDA_2A → HKG::ESI_73 → HKG::IDA_25F → HKG::IDA_25H → HKG::Industrial Disputes Act 1947 → HKG::esi → HKG::PROC_WRONGFUL_TERMINATION → HKG::retrenchment,"Widow daughter can get family pension of panchayat taj dept employees.( North 24 Parganas, West Bengal )","Namaste sir ,
I durgaprasad working as a grade 4 permanent govt employee in state government of andhrapradesh which is a non gazetted ... Sir iam b.tech graduate with good percentage and I cracked gate 2023 with 457 score ...I have a lot of chance in NIT college to pursue Mtech in my engineering stream ....
For that I asked my head of the department to permit to study.. and he said as per the cca and subordinate rules I have not permitted to study because  iam non gazetted post .. and also requested them to sanction loss of pay of my service for about 2year..for that they told me ,, u have no such option except the government allows to u to study with special G.O ,, that is a huge process and may not be my favour ...and now iam thinking to study my mtech and success in my career I would abscond from service without intimating them ...sir is it a good move?? Or else you please give suggestions how to study my mtech without losing my current govt job with loss of my pay ... Pls provide the suggestions..  is my contact number ..sir iam from poor family with big dreams to study and my job is very lower cadre even I have chances to go mtech my family problems strucking me  I don't want to loose my hard earned job for m tech and also I don't want to loose my hard earned prestigious Gate rank for IIT and NIts  for my low cadre job .I need both for safety purposes
Kindly provide best suggestion which is even favourable infront of courts also I mean as per legally correct one ..
Thank you sir and pls do needful( Srikakulam, Andhra Pradesh )","I study in an engineering college and now I am in my second year going to start 3rd year in september my college has not given any holidays after semester end examinations and starts the new semester right the next day. This has happened for 4 continuous semesters now . In the academic calendar 1 month holiday is given but now they are going back on their words . Many of my classmates are depressed especially people from hostels who have not gone home.and I don't know what action to take ,pls tell me( Mysore, Karnataka )","Dear Client,Termination without notice amounts to illegal termination and is defined as an industrial dispute under Section 2A of the Industrial Dispute Act, 1947 which also violated the mandatory provision of Sec.25F and 25N of the Act that prescribed certain conditions to comply with by the employer before termination/retrenchment of a workman/employee from the employment. In that scenario, the terminated employee/workman can raise an industrial dispute directly before the Industrial Tribunal/Labor Court concerned for adjudication within three years from the date of termination/retrenchment. So, in the prevailing situation, if you are not holding the position of Manager/Supervisor but a workman as defined u/s.2(s) of the Industrial Dispute Act then after serving a legal notice to the Company, you should raise an Industrial dispute directly before the State Govt. Industrial Tribunal under Sec.2A of the I D Act. Otherwise, if you are holding the position of Manager/Administrative Officer in the Company, you have to file a civil suit before the Civil Court seeking appropriate relief in the matter.","Under the Industrial Disputes Act, 1947, wrongful termination can be challenged if it was based on false allegations. If the previous company terminated employment on such grounds and is now threatening legal action due to ongoing business with its leads, it may constitute harassment. Legally, the user can file a complaint with the labor commissioner or approach the labor court for wrongful termination and harassment.

The user should gather all relevant documentation related to the termination and any communications from the previous employer. Consulting with a labor law attorney to draft a formal response or complaint would be a prudent next step.",1.4474,66.4047,19.8636,3.7634,17.0599,19.112,2.3992,27.1794,5.5395,1.634,0.6554,21.1501,51.7118,52.8759,83.8309
21,"Hi! I am a student and I interned at a certain startup for 1 month in the month of January for stipend of 12k Rs. After completion of internship the company told me that they will be paying me the amount in some time. They kept extending the date every week.

In March they told me I'd receive it by the end of the month however it didn't happen. Now yesterday the employer told me that "" I cannot pay you the stipend because it's personal "".

He says that I have been bothering his team. The thing is this manager never responded to my mails. So I used to message my mentor in the company to contact him. He says that I shouldn't have contacted them & won't be paying me. In the last 2 months I have only messaged him 5 times with only asking when will I receive the payment & he never responded to the mails so I contacted my mentor to tell him to kindly read my mails. All including only 5 messages to the HR & 5 messages to the mentor. He says that I have been contacting them everyday & bothering them.

I have the offer letter all the chats regarding the work I have done & also the chat of the manager saying I will be receiving the amount shortly.

The manager also called me today & talked to me rudely saying I can do whatever I want but he won't be paying me & also used abusive language. Unfortunately he called me via whats app so I couldn't record it. But I have all the proof of him denying to pay & offer letter.

I did some research & found some legal processes. To send him a legal letter & if he doesn't responds to file a civil suit against the company. That apart I wanted to know what I should really do . Because I a student & cannot spend much time & money for the law suit. Is it a good option to go against him legally? I also fear if the matter escalates & costs me a lot. Can that happen?

Any advice will be helpful. I am from India & I interned for Frontend engineer role remotely & the startup has about 8 employees and it is saas based.( Jaipur, Rajasthan )",HKG::PGA_7 → HKG::PGA_4 → PC::Employee Used Abusive Language Against Superior → PC::Appellant Responded to Allegations,"HKG::PGA_7 → HKG::PGA_4 → PC::Employee Used Abusive Language Against Superior → PC::Appellant Responded to Allegations → HKG::gratuity → HKG::PROC_GRATUITY_CLAIM → HKG::labour_court → PC::Rule 11-A of the Industrial Disputes Act, 1947","Sir 
My father worked in a co-op housing society as a guard  from the last 9-10 years.
In august month my father was on approved leave with application . but 3-4 days late due to illnesses . so society is not ready to continue to keep him on job as before .
Housing society terminates my father without notice and the secretary is saying you're not eligible for any gratuity  notice salary .
How will I get the full and final amount from This housing society?( Mumbai, Maharashtra )","My father worked as driver in KPTCL on 1994  he worked 5 days only then he will not reported to duty because of    he is suffering from health issue and then one year back 29/05/2018 my father is died  so that  we are eligible for taking job from compassionate ground or not . my father no given to resignation letter to department( Shimoga, Karnataka )","my father was an employee of a company and was entitled under EPF scheme. He dies in Jan,2008. My mother received his PF benefit in 2011, but my mother fell in Cancer disease in 2011 and repeatedly suffered many years, due to this we could not submit Pension Claim in 10D form to EPFO as on date. My father had no UAN no then. My question is that will my mother is eligible to submit 10D to get Family Pension from EPFO now. because now we are in very much financial  crisis.( Murshidabad, West Bengal )","Dear Client,It is extremely a sad state of affairs of unpaid employment that takes place. Legally taking any action will cost you a certain amount which you will have to bear, since youâre a student. But, file a complaint with an advocate and send a notice if that prompts the company to do something about the situation. If youâre financially on a crunch, I suggest to not take action legally.","The primary legal issue is the non-payment of the agreed stipend for your internship, which constitutes a breach of contract. Under Indian Contract Act, 1872, specifically Section 73, you can claim compensation for loss or damage caused by the breach. You have the right to send a legal notice to the company demanding payment of the stipend. If the company does not respond or refuses to pay, you can file a civil suit for recovery of the stipend in a Small Causes Court, which is a cost-effective option. Consider consulting a local lawyer to draft the legal notice, as this often prompts resolution without further legal action.",1.7282,57.5387,19.8636,3.7634,17.0599,19.112,2.3992,27.1794,5.5395,1.634,0.6554,21.1501,51.7118,52.8759,83.8309
22,"Currently i was working in a central PSU,have completed 13 years of service,what they will do if i abscond from duty for 6 months,i may join after 6 months in same PSU( Khammam, Telangana )",HKG::FA_79 → HKG::ATA_19,HKG::FA_79 → HKG::ATA_19 → HKG::labour_court → HKG::Administrative Tribunals Act 1985 → HKG::Factories Act 1948 → HKG::govt_service,"Sir 
My father worked in a co-op housing society as a guard  from the last 9-10 years.
In august month my father was on approved leave with application . but 3-4 days late due to illnesses . so society is not ready to continue to keep him on job as before .
Housing society terminates my father without notice and the secretary is saying you're not eligible for any gratuity  notice salary .
How will I get the full and final amount from This housing society?( Mumbai, Maharashtra )","My father worked as driver in KPTCL on 1994  he worked 5 days only then he will not reported to duty because of    he is suffering from health issue and then one year back 29/05/2018 my father is died  so that  we are eligible for taking job from compassionate ground or not . my father no given to resignation letter to department( Shimoga, Karnataka )","my father was an employee of a company and was entitled under EPF scheme. He dies in Jan,2008. My mother received his PF benefit in 2011, but my mother fell in Cancer disease in 2011 and repeatedly suffered many years, due to this we could not submit Pension Claim in 10D form to EPFO as on date. My father had no UAN no then. My question is that will my mother is eligible to submit 10D to get Family Pension from EPFO now. because now we are in very much financial  crisis.( Murshidabad, West Bengal )","Dear client,While taking up the employment, you might have definitely agreed to render uninterrupted services to the government. 6 months will be considered as an interruption and you will be not eligible for the same government job if you not follow the rules as agreed. But if you talk to your superiors and inform them about taking an unpaid leave or something,  they might allow you, considering the number of years you have worked.","Absconding from duty in a Central Public Sector Undertaking (PSU) can lead to disciplinary action, including termination of employment, as per the service rules applicable to PSU employees. Under the Central Civil Services (Conduct) Rules, 1964, unauthorized absence from duty without prior approval is considered misconduct. The PSU may initiate an inquiry and issue a show-cause notice, leading potentially to dismissal if the absence is not justified.

You cannot legally expect to return to your position without facing consequences. To mitigate the situation, promptly communicate with your employer to seek a formal leave of absence or explain the circumstances leading to your absence. If disciplinary proceedings are initiated, respond to any notices received and consider seeking legal representation to defend your position.",1.183,50.44,19.8636,3.7634,17.0599,19.112,2.3992,27.1794,5.5395,1.634,0.6554,21.1501,51.7118,52.8759,83.8309
23,"Hello i was asked to put down my papers by my HR and they agreed to provide me salary for the notice period but now they are unresponsive. Should I continue to follow up on emails or call them ?( Noida, Uttar Pradesh )",HKG::ICA_73,HKG::ICA_73 → HKG::Indian Contract Act 1872 → HKG::wages → HKG::employment_bond → HKG::Q_864,"Sir 
My father worked in a co-op housing society as a guard  from the last 9-10 years.
In august month my father was on approved leave with application . but 3-4 days late due to illnesses . so society is not ready to continue to keep him on job as before .
Housing society terminates my father without notice and the secretary is saying you're not eligible for any gratuity  notice salary .
How will I get the full and final amount from This housing society?( Mumbai, Maharashtra )","my father was an employee of a company and was entitled under EPF scheme. He dies in Jan,2008. My mother received his PF benefit in 2011, but my mother fell in Cancer disease in 2011 and repeatedly suffered many years, due to this we could not submit Pension Claim in 10D form to EPFO as on date. My father had no UAN no then. My question is that will my mother is eligible to submit 10D to get Family Pension from EPFO now. because now we are in very much financial  crisis.( Murshidabad, West Bengal )","My father worked as driver in KPTCL on 1994  he worked 5 days only then he will not reported to duty because of    he is suffering from health issue and then one year back 29/05/2018 my father is died  so that  we are eligible for taking job from compassionate ground or not . my father no given to resignation letter to department( Shimoga, Karnataka )","Dear ClientYou should follow up on the mail. If they don't respond, you can send them a legal demand notice for the same.Hope it helps","Under the Indian Contract Act, 1872, an employment contract is binding, and if the employer agreed to pay salary for the notice period, they are legally obligated to fulfill that promise. If the employer is unresponsive, the employee can send a formal legal notice demanding payment, which serves as a precursor to potential legal action. The employee should document all communications, including emails and call attempts, as evidence of their efforts to resolve the issue amicably. If the employer still fails to respond, the employee may consider filing a complaint with the labor court or a civil suit for breach of contract.",1.4581,48.4231,19.8636,3.7634,17.0599,19.112,2.3992,27.1794,5.5395,1.634,0.6554,21.1501,51.7118,52.8759,83.8309
24,"2. Years ago we applied for job in Canada through agent in Chandigarh, at time they said it will take 2 months, we paid hefty amount but they keep on asking for more and more paperwork and donât show us any progress or even if they have even applied, so we made a ruckus then they showed some portal that showed my UCI AND APPLICATION NO. But we still canât believe, this January they asked for passport to get visa but still no reply, we keep on asking for tracking no. But they donât provide anything. What can we do legally( Hoshiarpur, Punjab )",PC::Board Paid Some Gratuity but Not All → HKG::PGA_7 → PC::Employee Worked for More Than Six Months → PC::Appellants Worked for More Than Six Months,PC::Board Paid Some Gratuity but Not All → HKG::PGA_7 → PC::Employee Worked for More Than Six Months → PC::Appellants Worked for More Than Six Months → PC::No Evidence of Permanent Employment Ticket Issued → HKG::gratuity → HKG::PROC_GRATUITY_CLAIM → HKG::labour_court,"Sir 
My father worked in a co-op housing society as a guard  from the last 9-10 years.
In august month my father was on approved leave with application . but 3-4 days late due to illnesses . so society is not ready to continue to keep him on job as before .
Housing society terminates my father without notice and the secretary is saying you're not eligible for any gratuity  notice salary .
How will I get the full and final amount from This housing society?( Mumbai, Maharashtra )","My father worked as driver in KPTCL on 1994  he worked 5 days only then he will not reported to duty because of    he is suffering from health issue and then one year back 29/05/2018 my father is died  so that  we are eligible for taking job from compassionate ground or not . my father no given to resignation letter to department( Shimoga, Karnataka )","my father was an employee of a company and was entitled under EPF scheme. He dies in Jan,2008. My mother received his PF benefit in 2011, but my mother fell in Cancer disease in 2011 and repeatedly suffered many years, due to this we could not submit Pension Claim in 10D form to EPFO as on date. My father had no UAN no then. My question is that will my mother is eligible to submit 10D to get Family Pension from EPFO now. because now we are in very much financial  crisis.( Murshidabad, West Bengal )","Dear Client,It's advisable to file a complaint with the police regarding the individual attempting to deceive and exploit you for personal gain.","The primary legal issue is potential fraud or misrepresentation by the agent. Under the Indian Penal Code, Section 420 addresses cheating and dishonestly inducing delivery of property, which may apply if the agent has taken money under false pretenses. Legally, you can file a complaint with the local police or approach the Consumer Court for redressal under the Consumer Protection Act, 2019, if the agent's services were deficient.

To proceed, gather all documentation related to the transactions and communications with the agent. Then, file a formal complaint with the police for potential fraud and consider filing a case in the Consumer Court to seek compensation for any financial loss or distress caused by the agent's actions.",4.2559,49.2605,19.8636,3.7634,17.0599,19.112,2.3992,27.1794,5.5395,1.634,0.6554,21.1501,51.7118,52.8759,83.8309
25,"Chartered Accountant Partnership Firm runs with 85 employees as on date. The Firm is registered under EPFO. However, only 10 staff members are covered under EPFO and remaining 75 staff members are not provided the PF facility. I wish to know, whether such establishment can extend PF benefit only to its selected employees? Is it not mandatory to the establishment to extend PF benefit to all its employees once the threshold limit of 20 is exceeded?( Chennai, Tamil Nadu )",HKG::EPF_6,HKG::EPF_6 → HKG::PROC_PF_COMPLAINT → HKG::Employees Provident Fund Act 1952 → HKG::provident_fund → HKG::Q_864,"My father worked as driver in KPTCL on 1994  he worked 5 days only then he will not reported to duty because of    he is suffering from health issue and then one year back 29/05/2018 my father is died  so that  we are eligible for taking job from compassionate ground or not . my father no given to resignation letter to department( Shimoga, Karnataka )","Sir 
My father worked in a co-op housing society as a guard  from the last 9-10 years.
In august month my father was on approved leave with application . but 3-4 days late due to illnesses . so society is not ready to continue to keep him on job as before .
Housing society terminates my father without notice and the secretary is saying you're not eligible for any gratuity  notice salary .
How will I get the full and final amount from This housing society?( Mumbai, Maharashtra )","my father was an employee of a company and was entitled under EPF scheme. He dies in Jan,2008. My mother received his PF benefit in 2011, but my mother fell in Cancer disease in 2011 and repeatedly suffered many years, due to this we could not submit Pension Claim in 10D form to EPFO as on date. My father had no UAN no then. My question is that will my mother is eligible to submit 10D to get Family Pension from EPFO now. because now we are in very much financial  crisis.( Murshidabad, West Bengal )","Dear Client,As per sub-section 3 of Sec.1 of the Employees Provident Fund amd Misc, Provision Act, 1952, every establishment employing or engaging more than 20 employees/workers are required to register their establishment under the Act and comply with the provisions of the Act. Further, as per sub-sec.5 of sec.1 of the Act, an establishment on which this Act applies shall continue to govern by this Act notwithstanding the number of persons employed therein at any time falls below 20. As per Sec.2-A of the Act, an establishment consists of different deptts or branches, all such departments or branches irrespective of its location shall be treated as parts of the same establishment where the Act applies. In the given situation, You may approach the concerned Regional PF Commissioner by filing a mass application for the coverage of the rest employees who are not enrolled yet as a member of the Scheme under the Act.","Under the Employees' Provident Funds and Miscellaneous Provisions Act, 1952, it is mandatory for establishments with 20 or more employees to provide Provident Fund (PF) benefits to all eligible employees. Selectively extending PF benefits to only certain employees while excluding others is not permissible under this Act. The firm must comply with the statutory requirements by enrolling all eligible employees under the EPF scheme.

The firm should immediately conduct an internal audit to identify all eligible employees and ensure their enrollment under the EPF scheme. Additionally, the firm should consult with a labor law expert to rectify any non-compliance issues and avoid potential penalties.",2.9583,63.0864,19.8636,3.7634,17.0599,19.112,2.3992,27.1794,5.5395,1.634,0.6554,21.1501,51.7118,52.8759,83.8309
26,"I resigned my job and didn't serve notice period as there was nothing mentioned regarding to that in the appointment letter. Also there was no bond.
But hr is asking to serve 1 month notice period or pay a month's salary( Bangalore, Karnataka )",HKG::ICA_73,HKG::ICA_73 → HKG::employment_bond → HKG::Indian Contract Act 1872 → HKG::wages → HKG::Q_864,"My father worked as driver in KPTCL on 1994  he worked 5 days only then he will not reported to duty because of    he is suffering from health issue and then one year back 29/05/2018 my father is died  so that  we are eligible for taking job from compassionate ground or not . my father no given to resignation letter to department( Shimoga, Karnataka )","Sir 
My father worked in a co-op housing society as a guard  from the last 9-10 years.
In august month my father was on approved leave with application . but 3-4 days late due to illnesses . so society is not ready to continue to keep him on job as before .
Housing society terminates my father without notice and the secretary is saying you're not eligible for any gratuity  notice salary .
How will I get the full and final amount from This housing society?( Mumbai, Maharashtra )","my father was an employee of a company and was entitled under EPF scheme. He dies in Jan,2008. My mother received his PF benefit in 2011, but my mother fell in Cancer disease in 2011 and repeatedly suffered many years, due to this we could not submit Pension Claim in 10D form to EPFO as on date. My father had no UAN no then. My question is that will my mother is eligible to submit 10D to get Family Pension from EPFO now. because now we are in very much financial  crisis.( Murshidabad, West Bengal )","Dear Sir,When there are no conditions in the offer letter you are not forced to serve for one month. As there is no bond they cannot claim any amount from you.","Under the Indian Contract Act, 1872, an employment contract must explicitly state any notice period or bond requirements to be enforceable. If your appointment letter does not mention a notice period or bond, the employer cannot legally demand that you serve a notice period or pay in lieu of it. 

You can lawfully refuse to serve the notice period or pay the salary demanded. Communicate this to your HR department, citing the absence of any such clause in your employment contract. If the employer insists, consider sending a formal letter reiterating your position and, if necessary, seek assistance from a labor lawyer to resolve the matter.",0.9873,58.5461,19.8636,3.7634,17.0599,19.112,2.3992,27.1794,5.5395,1.634,0.6554,21.1501,51.7118,52.8759,83.8309
27,"Hi, I'm working with a company which has joined me with 6 months probation and 1 month notice period, my health gets degree after 2 months and then my HR call and ask to resign but when I resign over email, company didn't accept my resignation and ask to serve notice period. Pls let me know 1. what is law applicable if employee is not in position to serve notice period due to health related issues, 2. Is it possible to avoid serving notice period is you are under probation period.( East Delhi, Delhi )",HKG::ICA_73,HKG::ICA_73 → HKG::employment_bond → HKG::wages → HKG::Indian Contract Act 1872 → HKG::Q_864,"My father worked as driver in KPTCL on 1994  he worked 5 days only then he will not reported to duty because of    he is suffering from health issue and then one year back 29/05/2018 my father is died  so that  we are eligible for taking job from compassionate ground or not . my father no given to resignation letter to department( Shimoga, Karnataka )","Sir 
My father worked in a co-op housing society as a guard  from the last 9-10 years.
In august month my father was on approved leave with application . but 3-4 days late due to illnesses . so society is not ready to continue to keep him on job as before .
Housing society terminates my father without notice and the secretary is saying you're not eligible for any gratuity  notice salary .
How will I get the full and final amount from This housing society?( Mumbai, Maharashtra )","my father was an employee of a company and was entitled under EPF scheme. He dies in Jan,2008. My mother received his PF benefit in 2011, but my mother fell in Cancer disease in 2011 and repeatedly suffered many years, due to this we could not submit Pension Claim in 10D form to EPFO as on date. My father had no UAN no then. My question is that will my mother is eligible to submit 10D to get Family Pension from EPFO now. because now we are in very much financial  crisis.( Murshidabad, West Bengal )","Dear Client,As you are in probation period and company is having its internal policy in this regard and which is applicable to the employees, who are in probation period, then you have to serve the notice period. And secondly No Employer can force an Employee to complete the Notice period, it is for the employee to complete the Notice period in order to take his full salary and the relieving letter. You can tell them about your problem for not serving the notice period.Hope, it is helpful","Under the Indian Contract Act, 1872, employment contracts are binding, and the terms regarding notice periods must be adhered to unless there is a mutual agreement to waive them. If health issues prevent serving the notice period, medical documentation should be provided to the employer to negotiate a waiver or reduction of the notice period. Since you are on probation, the company may have more flexibility in terminating the contract, but this depends on the specific terms of your employment agreement.

To address your situation, first provide your employer with medical certificates detailing your health condition. Then, formally request a waiver or reduction of the notice period based on your inability to work due to health reasons. If the employer remains uncooperative, consider seeking legal advice to explore further options based on the specific terms of your contract.",4.9014,57.4942,19.8636,3.7634,17.0599,19.112,2.3992,27.1794,5.5395,1.634,0.6554,21.1501,51.7118,52.8759,83.8309
28,"Hi, I'm working as an IT employee, My father works in a private company where annual income is below 6 lakhs, and my mother works as govt primary school teacher, Am I eligible to get nc-obc certificate?( Bellary, Karnataka )",HKG::ICA_73,HKG::ICA_73 → HKG::employment_bond → HKG::wages → HKG::Indian Contract Act 1872 → HKG::Q_864,"My father worked as driver in KPTCL on 1994  he worked 5 days only then he will not reported to duty because of    he is suffering from health issue and then one year back 29/05/2018 my father is died  so that  we are eligible for taking job from compassionate ground or not . my father no given to resignation letter to department( Shimoga, Karnataka )","Sir 
My father worked in a co-op housing society as a guard  from the last 9-10 years.
In august month my father was on approved leave with application . but 3-4 days late due to illnesses . so society is not ready to continue to keep him on job as before .
Housing society terminates my father without notice and the secretary is saying you're not eligible for any gratuity  notice salary .
How will I get the full and final amount from This housing society?( Mumbai, Maharashtra )","my father was an employee of a company and was entitled under EPF scheme. He dies in Jan,2008. My mother received his PF benefit in 2011, but my mother fell in Cancer disease in 2011 and repeatedly suffered many years, due to this we could not submit Pension Claim in 10D form to EPFO as on date. My father had no UAN no then. My question is that will my mother is eligible to submit 10D to get Family Pension from EPFO now. because now we are in very much financial  crisis.( Murshidabad, West Bengal )","Hi,In order to qualify as an OBC non-creamy layer candidate, the applicantâs parentsâ annual income should be less than Rs. 8 lakhs. If your parents are not directly recruited Class1 (Group A) or Class2 (GroupB) officers OR they do not occupy any constitutional posts (like that of President, Vice President, Governor etc) you are most likely to fall under Non-Creamy Layer OBC. If your parents are not employed by the government, their income should be within the limits by the government to be treated as Non-Creamy Layer OBC.Please rate my answerThank You","Eligibility for a Non-Creamy Layer Other Backward Classes (NC-OBC) certificate is primarily determined by the income and employment status of the parents. According to the Government of India guidelines, if the combined annual income of the parents is below Rs. 8 lakhs, the applicant may be eligible for the NC-OBC certificate. Since your father's income is below 6 lakhs and your mother is a government employee, you should verify if her position places her in a category that affects the creamy layer status. 

Next steps: Obtain income certificates for both parents and check the specific state guidelines in Karnataka for any additional criteria regarding government employment. Then, apply for the NC-OBC certificate through the appropriate local authority or online portal.",3.6523,78.5138,19.8636,3.7634,17.0599,19.112,2.3992,27.1794,5.5395,1.634,0.6554,21.1501,51.7118,52.8759,83.8309
29,"I was selected for a government job in 2016 through an examination. In March 2017, the result was declared invalid after a departmental investigation. Now, I got the job in 2019 after it was proved in CAT that cancellation of the result was arbitrary by the department. Now, can I demand for compensation in the court, as the department ruined almost 3 years of service life?( Kolkata, West Bengal )",HKG::ATA_19,HKG::ATA_19 → HKG::labour_court → HKG::Administrative Tribunals Act 1985 → HKG::PROC_GOVT_SERVICE_DISPUTE → HKG::govt_service,"Sir 
My father worked in a co-op housing society as a guard  from the last 9-10 years.
In august month my father was on approved leave with application . but 3-4 days late due to illnesses . so society is not ready to continue to keep him on job as before .
Housing society terminates my father without notice and the secretary is saying you're not eligible for any gratuity  notice salary .
How will I get the full and final amount from This housing society?( Mumbai, Maharashtra )","my father was an employee of a company and was entitled under EPF scheme. He dies in Jan,2008. My mother received his PF benefit in 2011, but my mother fell in Cancer disease in 2011 and repeatedly suffered many years, due to this we could not submit Pension Claim in 10D form to EPFO as on date. My father had no UAN no then. My question is that will my mother is eligible to submit 10D to get Family Pension from EPFO now. because now we are in very much financial  crisis.( Murshidabad, West Bengal )","My father worked as driver in KPTCL on 1994  he worked 5 days only then he will not reported to duty because of    he is suffering from health issue and then one year back 29/05/2018 my father is died  so that  we are eligible for taking job from compassionate ground or not . my father no given to resignation letter to department( Shimoga, Karnataka )","Dear Sir,That is fine. Such suits are rare in India. I appreciate such action. Please share all details so that I can draft first legal notice then suit for compensation.","Under the legal framework of the Central Administrative Tribunal (CAT) and relevant provisions of the Administrative Tribunals Act, 1985, you may have grounds to seek compensation for the delay caused by the department's arbitrary decision. The CAT's finding that the cancellation was arbitrary strengthens your case for claiming damages due to the loss of potential earnings and career progression. However, compensation claims must be substantiated with evidence of actual financial loss or damage incurred during the period.

You can file a petition in the appropriate administrative tribunal or court seeking compensation for the loss suffered. Gather all relevant documents, including the CAT judgment, employment records, and any financial documentation supporting your claim of loss. Consider consulting with a lawyer specializing in administrative or employment law to assist in drafting and filing your petition.",0.4523,35.5045,19.8636,3.7634,17.0599,19.112,2.3992,27.1794,5.5395,1.634,0.6554,21.1501,51.7118,52.8759,83.8309
30,"Is a contract for work from home which is not physically signed, valid.( Ahmedabad, Gujarat )",PC::Workers Did Not Report for Work → PC::Respondent Awarded Contract for Construction → PC::Engagement of Contractors for Work → PC::Extension of Contract for Six Months,"PC::Workers Did Not Report for Work → PC::Respondent Awarded Contract for Construction → PC::Engagement of Contractors for Work → PC::Extension of Contract for Six Months → PC::Termination of Services After Maximum Period → PC::Change in Weekly Rest Days → PC::Section 9A of the Industrial Disputes Act, No. XIV of 1947 → PC::Principal Employer Liable for Contributions","Sir 
My father worked in a co-op housing society as a guard  from the last 9-10 years.
In august month my father was on approved leave with application . but 3-4 days late due to illnesses . so society is not ready to continue to keep him on job as before .
Housing society terminates my father without notice and the secretary is saying you're not eligible for any gratuity  notice salary .
How will I get the full and final amount from This housing society?( Mumbai, Maharashtra )","My father worked as driver in KPTCL on 1994  he worked 5 days only then he will not reported to duty because of    he is suffering from health issue and then one year back 29/05/2018 my father is died  so that  we are eligible for taking job from compassionate ground or not . my father no given to resignation letter to department( Shimoga, Karnataka )","my father was an employee of a company and was entitled under EPF scheme. He dies in Jan,2008. My mother received his PF benefit in 2011, but my mother fell in Cancer disease in 2011 and repeatedly suffered many years, due to this we could not submit Pension Claim in 10D form to EPFO as on date. My father had no UAN no then. My question is that will my mother is eligible to submit 10D to get Family Pension from EPFO now. because now we are in very much financial  crisis.( Murshidabad, West Bengal )","Hi,Yes, it can be valid.","A contract for work from home that is not physically signed can still be valid if it meets the essential elements of a contract under the Indian Contract Act, 1872. These elements include offer, acceptance, consideration, and the intention to create legal relations. An electronic contract, such as one agreed to via email or an online platform, is recognized under the Information Technology Act, 2000, provided it is authenticated by a digital signature or other valid means.

Legally, the user can enforce the contract if there is clear evidence of mutual consent and agreement on the terms. However, without a physical signature, it may be challenging to prove the existence of the contract if disputed. The user should ensure that all communications and agreements are documented and consider using digital signatures for future agreements to strengthen enforceability.",0.7542,36.8568,19.8636,3.7634,17.0599,19.112,2.3992,27.1794,5.5395,1.634,0.6554,21.1501,51.7118,52.8759,83.8309
31,"What is absconding law in India ?
Can my company abscond me if I'm not present at office for 2 days ?( Mumbai, Maharashtra )",HKG::PGA_7 → HKG::ATA_19,HKG::PGA_7 → HKG::ATA_19 → HKG::labour_court → HKG::PROC_GRATUITY_CLAIM → HKG::gratuity → HKG::Administrative Tribunals Act 1985,"Sir 
My father worked in a co-op housing society as a guard  from the last 9-10 years.
In august month my father was on approved leave with application . but 3-4 days late due to illnesses . so society is not ready to continue to keep him on job as before .
Housing society terminates my father without notice and the secretary is saying you're not eligible for any gratuity  notice salary .
How will I get the full and final amount from This housing society?( Mumbai, Maharashtra )","My father worked as driver in KPTCL on 1994  he worked 5 days only then he will not reported to duty because of    he is suffering from health issue and then one year back 29/05/2018 my father is died  so that  we are eligible for taking job from compassionate ground or not . my father no given to resignation letter to department( Shimoga, Karnataka )","my father was an employee of a company and was entitled under EPF scheme. He dies in Jan,2008. My mother received his PF benefit in 2011, but my mother fell in Cancer disease in 2011 and repeatedly suffered many years, due to this we could not submit Pension Claim in 10D form to EPFO as on date. My father had no UAN no then. My question is that will my mother is eligible to submit 10D to get Family Pension from EPFO now. because now we are in very much financial  crisis.( Murshidabad, West Bengal )","No, nothing to worry. They cannot take any action. Approach the Labor Commissioner and take Labor Inspector with you to your office they have full powers against your management.Please give me Rank 5 if you feel my answer helped you.======================================================Section 12 in The Industrial Disputes Act, 194712. Duties of conciliation officers.-(1) Where any industrial dispute exists or is apprehended, the conciliation officer may, or where the dispute relates to a public utility service and a notice under section 22 has been given, shall hold conciliation proceedings in the prescribed manner.(2) The conciliation officer shall, for the purpose of bringing about a settlement of the dispute, without delay, investigate the dispute and all matters affecting the merits and the right settlement thereof and may do all such things as he thinks fit for the purpose of inducing the parties to come to a fair and amicable settlement of the dispute.(3) If a settlement of the dispute or of any of the matters in dispute is arrived at in the course of the conciliation proceedings the conciliation officer shall send a report thereof to the appropriate Government 1 or an officer authorised in this behalf by the appropriate Government] together with a memorandum of the settlement signed by the parties to the dispute.(4) If no such settlement is arrived at, the conciliation officer shall, as soon as practicable after the close of the investigation, send to the appropriate Government a full report setting forth the steps taken by him for ascertaining the facts and circumstances relating to the dispute and for bringing about a settlement thereof, together with a full statement of such facts and circumstances, and the reasons on account of which, in his opinion, a settlement could not be arrived at.(5) If, on a consideration of the report referred to in sub- section (4), the appropriate Government is satisfied that there is a case for reference to a Board, 2 Labour Court, Tribunal or National Tribunal,] it may make such reference. Where the appropriate Government does not make such a reference it shall record and communicate to the parties concerned its reasons therefor.(6) A report under this section shall be submitted within fourteen days of the commencement of the conciliation proceedings or within such shorter period as may be fixed by the appropriate Government: 3 Provided that, 4 subject to the approval of the conciliation officer,] the time for the submission of the report may be extended by such period as may be agreed upon in writing by all the parties to the dispute.]Employment Lawsfor Multinational Companies in Indiahttps://singhania.in/wp-content/uploads/2019/08/Employment-Law-Primer-For-Multinational-Companies-In-India-2019.pdf","Under Indian employment law, ""absconding"" typically refers to an employee's unauthorized absence from work without notice for an extended period, which may lead to termination. A mere absence of two days generally does not qualify as absconding unless specified in the employment contract or company policy. Companies must follow due process, often involving a show-cause notice, before declaring an employee as absconding.

Legally, the company cannot declare you absconding for a two-day absence without following the proper procedure. Review your employment contract and company policies to understand the specific terms regarding absences. If you receive any formal communication from your employer regarding this matter, respond promptly and provide any necessary documentation or explanation for your absence.",0.0579,25.5717,19.8636,3.7634,17.0599,19.112,2.3992,27.1794,5.5395,1.634,0.6554,21.1501,51.7118,52.8759,83.8309
32,"My company is forcing me to resign as part of their retrenchment process, I have tried my best to convince them to retain me. They are giving me 3 months of fixed pay, medical benefits till March 31, 2024, and 15 15-day salary for every year of service according to retrenchment law. I am unsure if they notified the labour commissioner or related government departments. My HR is secretly conducting retrenchment without any formal email or notification, Please advise.( Thane, Maharashtra )",HKG::IDA_25F → HKG::IDA_25H → HKG::IDA_25N → HKG::ICA_73,HKG::IDA_25F → HKG::IDA_25H → HKG::IDA_25N → HKG::ICA_73 → HKG::employment_bond → HKG::Industrial Disputes Act 1947 → HKG::wages → HKG::Indian Contract Act 1872,"Sir 
My father worked in a co-op housing society as a guard  from the last 9-10 years.
In august month my father was on approved leave with application . but 3-4 days late due to illnesses . so society is not ready to continue to keep him on job as before .
Housing society terminates my father without notice and the secretary is saying you're not eligible for any gratuity  notice salary .
How will I get the full and final amount from This housing society?( Mumbai, Maharashtra )","My father worked as driver in KPTCL on 1994  he worked 5 days only then he will not reported to duty because of    he is suffering from health issue and then one year back 29/05/2018 my father is died  so that  we are eligible for taking job from compassionate ground or not . my father no given to resignation letter to department( Shimoga, Karnataka )","my father was an employee of a company and was entitled under EPF scheme. He dies in Jan,2008. My mother received his PF benefit in 2011, but my mother fell in Cancer disease in 2011 and repeatedly suffered many years, due to this we could not submit Pension Claim in 10D form to EPFO as on date. My father had no UAN no then. My question is that will my mother is eligible to submit 10D to get Family Pension from EPFO now. because now we are in very much financial  crisis.( Murshidabad, West Bengal )","Dear Client,Usually in the Big Corporate Sector, the Company instead of retrenchment an employee holding a Director/Executive rank position insists on or forces him for submission of resignation for proven professional misconduct following Co's policy and considering the future career and social status of an employee because retrenchment puts a stigma on the career of an employee service record which may put on hold of the employee's further engagement. The Company also offers few lucrative benefits to outgoing employees if they tender their resignation and accept the offer of the Company. Since your position in the Company does not come under the purview of the Industrial Dispute Act, 1947, if you do not accept the Co's proposal for resignation then they may retrench or dismiss you from service holding a domestic inquiry against your professional misconduct or breach of any terms of employment. In that case, based on your confidence,  you have to access justice against the arbitrary and unjustified retrenchment/dismissal from service through a Civil Suit before a Civil Court. So, now the matter exclusively depends upon you.","Under the Industrial Disputes Act, 1947, retrenchment requires compliance with specific procedural requirements, including notifying the labor commissioner. The company must also provide a valid reason for retrenchment and adhere to the ""last in, first out"" principle unless there's a valid reason for deviation. If these procedures are not followed, the retrenchment may be deemed illegal.

You can file a complaint with the labor commissioner if the company has not followed the proper retrenchment procedures. Collect all relevant documentation and evidence of communication with HR to support your case. Consider consulting with a labor lawyer to evaluate the possibility of challenging the retrenchment or negotiating a better severance package.",2.2167,55.9421,19.8636,3.7634,17.0599,19.112,2.3992,27.1794,5.5395,1.634,0.6554,21.1501,51.7118,52.8759,83.8309
33,"I have been on leaves due to sickness and after 15 days have stopped responding to employer due to high mental stress. My employment contract is ending. And I've got 2 warning letter to which I responded and agreed to start working the next week, BUT then my employer says ""you don't need to work anyways your contact is ending"", even after asking for a reason didn't got it. I'm worried whether I'll be liable for any disciplinary action or not. As I have contacted the organisation and agreed to start working but the organisation itself is denying. NEED GENUINE LABOUR LAW ADVICE.( Pune, Maharashtra )",PC::Employees Agreed to Work Under State Conditions → PC::Employer Given Liberty to Start Fresh Proceedings → PC::Appellant Agreed to Pay Compensation → PC::Management Agreed to Pay Gratuity and Wages,PC::Employees Agreed to Work Under State Conditions → PC::Employer Given Liberty to Start Fresh Proceedings → PC::Appellant Agreed to Pay Compensation → PC::Management Agreed to Pay Gratuity and Wages → PC::Settlement Reached Between Parties → PC::Writ Petition Challenged Transfer of Office Bearers → PC::High Court Dismissed Writ Petition → PC::Exemption Claim for Sales Tax Rejected,"My father worked as driver in KPTCL on 1994  he worked 5 days only then he will not reported to duty because of    he is suffering from health issue and then one year back 29/05/2018 my father is died  so that  we are eligible for taking job from compassionate ground or not . my father no given to resignation letter to department( Shimoga, Karnataka )","Sir 
My father worked in a co-op housing society as a guard  from the last 9-10 years.
In august month my father was on approved leave with application . but 3-4 days late due to illnesses . so society is not ready to continue to keep him on job as before .
Housing society terminates my father without notice and the secretary is saying you're not eligible for any gratuity  notice salary .
How will I get the full and final amount from This housing society?( Mumbai, Maharashtra )","I have been working at a Pvt. Ltd. Organisation for the past 2.5 years and i was recently posted at one of their client organisations. After few months I have resigned and while serving my notice period I applied for a job opening at the same client organisation I was working at. My employer threatens me that they will proceed legally since I have signed a non compete agreement with them which restricts me from seeking a job opportunity at any of their client organisations. This I feel is restricting me the fundamental right to earn livelihood. Also this is a great opportunity for my career. I need to take this job. Please advice me what may happen and what can be done( Hyderabad, Andhra Pradesh )","Dear Client,Given that your employment contract is approaching its end, the company is not considering renewing the contract, particularly for an employee who has previously received two warning letters for misconduct. Therefore, you need not be concerned about facing disciplinary action, as the non-renewal of the contract effectively concludes your association with the company.","Under Indian labor law, specifically the Industrial Employment (Standing Orders) Act, 1946, and the applicable Shops and Establishment Act, an employee cannot be subjected to disciplinary action if they have communicated their willingness to resume work and the employer has refused their return. Since you have responded to the warning letters and expressed your intent to work, the employer's decision not to allow you to return does not constitute a breach on your part. You cannot be held liable for disciplinary action under these circumstances.

Next steps: Document all communications with your employer regarding your leave and willingness to return to work. If any adverse action is taken against you, consider filing a complaint with the labor commissioner or seeking legal recourse for wrongful termination or unfair labor practices.",1.4582,56.0897,19.8636,3.7634,17.0599,19.112,2.3992,27.1794,5.5395,1.634,0.6554,21.1501,51.7118,52.8759,83.8309
34,"We would like to know, whether trainee/probationary can be employed for one year from the date of 1st day employment for operators. after one year , they will be confirmed as permanent and will be applicable for min wages act.
what payment to be given for the first year along with Esi and PF.( Bangalore, Karnataka )",HKG::ESI_2 → HKG::ESI_40 → HKG::ESI_46 → HKG::ESI_51,HKG::ESI_2 → HKG::ESI_40 → HKG::ESI_46 → HKG::ESI_51 → HKG::esi → HKG::Employees State Insurance Act 1948 → HKG::PROC_ESI_CLAIM → HKG::compensation,"Sir 
My father worked in a co-op housing society as a guard  from the last 9-10 years.
In august month my father was on approved leave with application . but 3-4 days late due to illnesses . so society is not ready to continue to keep him on job as before .
Housing society terminates my father without notice and the secretary is saying you're not eligible for any gratuity  notice salary .
How will I get the full and final amount from This housing society?( Mumbai, Maharashtra )","My father worked as driver in KPTCL on 1994  he worked 5 days only then he will not reported to duty because of    he is suffering from health issue and then one year back 29/05/2018 my father is died  so that  we are eligible for taking job from compassionate ground or not . my father no given to resignation letter to department( Shimoga, Karnataka )","my father was an employee of a company and was entitled under EPF scheme. He dies in Jan,2008. My mother received his PF benefit in 2011, but my mother fell in Cancer disease in 2011 and repeatedly suffered many years, due to this we could not submit Pension Claim in 10D form to EPFO as on date. My father had no UAN no then. My question is that will my mother is eligible to submit 10D to get Family Pension from EPFO now. because now we are in very much financial  crisis.( Murshidabad, West Bengal )","Dear Sir,It all depends upon employers attitude.  If you did not maintain proper records that is pay rolls then it is very difficult to fight in respect of your rights.  Anyway approach office of Labour Commissioner.","Under the Minimum Wages Act, 1948, trainees or probationary employees are entitled to receive at least the minimum wage applicable in the region for their category of work. In Karnataka, the Act mandates that all employees, including trainees, must be paid the prescribed minimum wages. Additionally, the Employees' State Insurance Act, 1948, and the Employees' Provident Funds and Miscellaneous Provisions Act, 1952, require that contributions to ESI and PF be made from the first day of employment if applicable thresholds are met.

Employers must ensure compliance with these statutes by paying the minimum wage and making necessary ESI and PF contributions during the probationary period. To proceed, verify the specific minimum wage rates for operators in Karnataka and ensure that payroll systems are set up to make statutory deductions and contributions from the start of employment.",0.4178,31.5545,19.8636,3.7634,17.0599,19.112,2.3992,27.1794,5.5395,1.634,0.6554,21.1501,51.7118,52.8759,83.8309
35,"Company asked me to leave after probation period As my employment not confirmed 
Due to : - 
1)	Manager doing many unethical practices he was fearing I will update to management (Proof I have).
2)	Not got any opportunity to clarify someone else
3)	In 6 month I have synchronize all activities, build two best team &amp; Enabled process for Cloud &amp; DevOps. So my manager now confident he can continue delivery as followed by my setup.
4)	Even at the time of joining I have not signed Code of Conduct policy because they are new to India operation I was worried they may utilize my skill and will remove me.
Please advise.( Bangalore, Karnataka )",HKG::FA_79,HKG::FA_79 → HKG::Factories Act 1948 → HKG::leave → HKG::Q_87 → HKG::notice_period,"My father worked as driver in KPTCL on 1994  he worked 5 days only then he will not reported to duty because of    he is suffering from health issue and then one year back 29/05/2018 my father is died  so that  we are eligible for taking job from compassionate ground or not . my father no given to resignation letter to department( Shimoga, Karnataka )","Sir 
My father worked in a co-op housing society as a guard  from the last 9-10 years.
In august month my father was on approved leave with application . but 3-4 days late due to illnesses . so society is not ready to continue to keep him on job as before .
Housing society terminates my father without notice and the secretary is saying you're not eligible for any gratuity  notice salary .
How will I get the full and final amount from This housing society?( Mumbai, Maharashtra )","my father was an employee of a company and was entitled under EPF scheme. He dies in Jan,2008. My mother received his PF benefit in 2011, but my mother fell in Cancer disease in 2011 and repeatedly suffered many years, due to this we could not submit Pension Claim in 10D form to EPFO as on date. My father had no UAN no then. My question is that will my mother is eligible to submit 10D to get Family Pension from EPFO now. because now we are in very much financial  crisis.( Murshidabad, West Bengal )","A.Dear Sir/Madam,After completion of the probation period, it is the discretion of the employer to put you on permanent role or not. If you have proof regarding the issues he has made for you, then, you must complaint this to the head of the department before you leave the job.","The key legal issue is whether the termination after the probation period was lawful under the applicable employment laws. In India, employment during the probation period is generally at-will, meaning the employer can terminate employment without cause, provided there is no breach of contract or statutory violation. However, if unethical practices are involved, it may be possible to challenge the termination under whistleblower protection laws if the company has such policies in place.

The user can gather evidence of unethical practices and consider filing a complaint with the company's HR or legal department. If the company does not have a whistleblower policy, the user may explore potential remedies under the Industrial Disputes Act, 1947, if applicable, or seek legal advice for potential wrongful termination claims.",2.1403,55.0256,19.8636,3.7634,17.0599,19.112,2.3992,27.1794,5.5395,1.634,0.6554,21.1501,51.7118,52.8759,83.8309
36,"I have signed a bond of 5 years in the company, I have completed one year. Now i have been put into PIP. If i get terminated or resign after the PIP period ends will i be liable to to pay the bond amount?( Bangalore, Karnataka )",HKG::PGA_7 → HKG::ATA_19 → HKG::ICA_73 → HKG::ICA_74,HKG::PGA_7 → HKG::ATA_19 → HKG::ICA_73 → HKG::ICA_74 → HKG::employment_bond → HKG::PROC_GRATUITY_CLAIM → HKG::labour_court → HKG::gratuity,"Sir 
My father worked in a co-op housing society as a guard  from the last 9-10 years.
In august month my father was on approved leave with application . but 3-4 days late due to illnesses . so society is not ready to continue to keep him on job as before .
Housing society terminates my father without notice and the secretary is saying you're not eligible for any gratuity  notice salary .
How will I get the full and final amount from This housing society?( Mumbai, Maharashtra )","My father worked as driver in KPTCL on 1994  he worked 5 days only then he will not reported to duty because of    he is suffering from health issue and then one year back 29/05/2018 my father is died  so that  we are eligible for taking job from compassionate ground or not . my father no given to resignation letter to department( Shimoga, Karnataka )","my father was an employee of a company and was entitled under EPF scheme. He dies in Jan,2008. My mother received his PF benefit in 2011, but my mother fell in Cancer disease in 2011 and repeatedly suffered many years, due to this we could not submit Pension Claim in 10D form to EPFO as on date. My father had no UAN no then. My question is that will my mother is eligible to submit 10D to get Family Pension from EPFO now. because now we are in very much financial  crisis.( Murshidabad, West Bengal )","A.Dear Client,Please go through the terms and conditions of your appointment letter and the service bond executed by you that governs your relationship with the company. A service/employment bond itself does not create any relationship between an employer and an employee unless and until it is followed by the essential steps required to make the Bond valid and enforceable under the law. The validity of Employment bonds can be challenged based on Section 27 of the Indian Contract Act,1872 which prohibits any agreement in restraint of trade and profession. The law states that an agreement (employment bond) will be illegal only if it restrains someone from exercising a lawful profession/ trade/ business. As per the mandate of Section 27 of the Indian Contract Act,1872, any terms and conditions of an agreement that directly or indirectly compels the employee to serve the employer or puts a restriction on them joining the competitor or other employer is not valid. The employee has the right to resign from the employment even if he has agreed to the employment bond to serve the employer for a specific period. In the case where the employer can prove that the employee is joining the competitor to disclose the trade secret then the court may issue an injunction order restricting the employee from joining the competitor. Further, Section 73 of the Act makes provision for un-liquidated damages (not stipulated in a contract), Section 74 deals with liquidated damages (stipulated in a contract), and no compensation is attracted for mere breach of contract u/s.73. 74 of the Act unless such breach resulted in an actual loss or damage to the opposite party employer. If you are terminated or forced to resign at the end of the Performance Improvement Plan(PIP),. So, in the prevailing situation, if the Company takes any legal action against you or terminates your service without notice or without compliance with the provision of Sec.25F or 25N of the Industrial Dispute Act, 1947 and you are not holding the position of Manager/Supervisor but a workman as defined u/s.2(s) of the Industrial Dispute Act then after serving a legal notice to the Company, reach out to the office of the Labour Commissioner concerned for filing a complaint against the employer over alleged unfair labour practice to resolve the grievance, failing which you can raise an industrial dispute under Section 2A of the I D Act directly before the State Labour Court/Industrial Tribunal. Otherwise, if you are holding the position of Manager or Administrative Officer, you need to file a civil suit against the Company in Civil Court seeking appropriate relief in the matter.","Under Indian law, employment bonds are generally enforceable if they are reasonable and not in restraint of trade under Section 27 of the Indian Contract Act, 1872. However, if the company terminates your employment due to poor performance, it may not be able to enforce the bond, as the termination is not voluntary on your part. If you resign after the PIP period, the enforceability of the bond will depend on whether the bond terms are reasonable and proportionate to the training or benefits provided by the company.

To address your situation, review the bond's terms to assess their reasonableness. If you anticipate termination, gather evidence of any training or benefits received to evaluate the bond's enforceability. Consider negotiating with the company for a mutual release from the bond obligations.",1.3303,72.0619,19.8636,3.7634,17.0599,19.112,2.3992,27.1794,5.5395,1.634,0.6554,21.1501,51.7118,52.8759,83.8309
37,"My company removed me from the job without prior notice. I got this job a week back but they suddenly told your performance is not upto the mark so you will be kicked. Is this a right practice? I traveled around 400km for this job.( Bangalore, Karnataka )",PC::Company Removed Names from Rolls → PC::No Prior Notice Given for Dismissal → PC::Respondent Resigned from Job → PC::Employee Retired Without Alternative Job,PC::Company Removed Names from Rolls → PC::No Prior Notice Given for Dismissal → PC::Respondent Resigned from Job → PC::Employee Retired Without Alternative Job → PC::Appointment on Compassionate Grounds Disputed → PC::Delay in Application for Employment Noted → PC::Court Found Appointment After Long Delay Inappropriate → PC::Claimant Not Direct Descendant of Deceased Employee,"Sir 
My father worked in a co-op housing society as a guard  from the last 9-10 years.
In august month my father was on approved leave with application . but 3-4 days late due to illnesses . so society is not ready to continue to keep him on job as before .
Housing society terminates my father without notice and the secretary is saying you're not eligible for any gratuity  notice salary .
How will I get the full and final amount from This housing society?( Mumbai, Maharashtra )","My father worked as driver in KPTCL on 1994  he worked 5 days only then he will not reported to duty because of    he is suffering from health issue and then one year back 29/05/2018 my father is died  so that  we are eligible for taking job from compassionate ground or not . my father no given to resignation letter to department( Shimoga, Karnataka )","my father was an employee of a company and was entitled under EPF scheme. He dies in Jan,2008. My mother received his PF benefit in 2011, but my mother fell in Cancer disease in 2011 and repeatedly suffered many years, due to this we could not submit Pension Claim in 10D form to EPFO as on date. My father had no UAN no then. My question is that will my mother is eligible to submit 10D to get Family Pension from EPFO now. because now we are in very much financial  crisis.( Murshidabad, West Bengal )",Dear client ask for reason behind termination ask for all legal documents and file a Labour case near your area consult a Labour lawyer near you. Regards NITHYANANDAN.S,"In Karnataka, the termination of employment without prior notice may violate the terms of the employment contract, if one exists, or the principles of natural justice if the employment was terminated unfairly. The Industrial Disputes Act, 1947, provides that an employee who has completed at least one year of continuous service cannot be terminated without a valid reason or without following due process, including notice or compensation in lieu of notice. However, since you were employed for only a week, the Act's protections may not apply.

You can review your employment contract for any clauses regarding termination and notice period. If you believe the termination was unjust, consider filing a complaint with the local labor commissioner or seeking redress through a labor court.",0.4752,59.7329,19.8636,3.7634,17.0599,19.112,2.3992,27.1794,5.5395,1.634,0.6554,21.1501,51.7118,52.8759,83.8309
38,"Dear Sir/Mam, I recently changed my job and in my new workplace PF is not contributed by the employer neither it is deducted from my salary. I requested them to deduct but they refused. My previous Employer used to deduct PF. I want my EPF to continue for retirement and tax benefits, what can I do?( Mathura, Uttar Pradesh )",HKG::ICA_73 → HKG::EPF_6,HKG::ICA_73 → HKG::EPF_6 → HKG::PROC_PF_COMPLAINT → HKG::wages → HKG::employment_bond → HKG::Employees Provident Fund Act 1952,"Sir 
My father worked in a co-op housing society as a guard  from the last 9-10 years.
In august month my father was on approved leave with application . but 3-4 days late due to illnesses . so society is not ready to continue to keep him on job as before .
Housing society terminates my father without notice and the secretary is saying you're not eligible for any gratuity  notice salary .
How will I get the full and final amount from This housing society?( Mumbai, Maharashtra )","My father worked as driver in KPTCL on 1994  he worked 5 days only then he will not reported to duty because of    he is suffering from health issue and then one year back 29/05/2018 my father is died  so that  we are eligible for taking job from compassionate ground or not . my father no given to resignation letter to department( Shimoga, Karnataka )","my father was an employee of a company and was entitled under EPF scheme. He dies in Jan,2008. My mother received his PF benefit in 2011, but my mother fell in Cancer disease in 2011 and repeatedly suffered many years, due to this we could not submit Pension Claim in 10D form to EPFO as on date. My father had no UAN no then. My question is that will my mother is eligible to submit 10D to get Family Pension from EPFO now. because now we are in very much financial  crisis.( Murshidabad, West Bengal )","Dear Client,If your employer hire more than 20 employees under him then he need to maintain EPF and contribute his share in that. In other case he can deny to contribute if all other employees in majority want EPF Exemption. These two condition are exemption in case of EPF for employer and in all other situation he need to contribute under EPF scheme. The punishment for employer who contravenes or make default is payment is prescribed i.e.punishable with imprisonment for a term which may extend to six months, or with fine which may extend to one thousand rupees, or with both.Thank You.","Under the Employees' Provident Fund and Miscellaneous Provisions Act, 1952, it is mandatory for establishments with 20 or more employees to contribute to the Employees' Provident Fund (EPF). If your new employer has 20 or more employees and is not contributing to the EPF, they are violating this statute. You can file a complaint with the Employees' Provident Fund Organization (EPFO) to initiate an inquiry into your employer's non-compliance. Additionally, you may consider discussing the issue with your HR department to ensure they understand their legal obligations under the EPF Act.",1.5346,70.612,19.8636,3.7634,17.0599,19.112,2.3992,27.1794,5.5395,1.634,0.6554,21.1501,51.7118,52.8759,83.8309
39,"The employment contract states that the company can terminate the employee without notice during the probation period. However the employee has to give a 2 month notice period or two months salary failing that, during probation. Is this legal?( Mumbai, Maharashtra )",HKG::ICA_73,HKG::ICA_73 → HKG::employment_bond → HKG::wages → HKG::Indian Contract Act 1872 → HKG::Q_864,"My father worked as driver in KPTCL on 1994  he worked 5 days only then he will not reported to duty because of    he is suffering from health issue and then one year back 29/05/2018 my father is died  so that  we are eligible for taking job from compassionate ground or not . my father no given to resignation letter to department( Shimoga, Karnataka )","Namaste sir ,
I durgaprasad working as a grade 4 permanent govt employee in state government of andhrapradesh which is a non gazetted ... Sir iam b.tech graduate with good percentage and I cracked gate 2023 with 457 score ...I have a lot of chance in NIT college to pursue Mtech in my engineering stream ....
For that I asked my head of the department to permit to study.. and he said as per the cca and subordinate rules I have not permitted to study because  iam non gazetted post .. and also requested them to sanction loss of pay of my service for about 2year..for that they told me ,, u have no such option except the government allows to u to study with special G.O ,, that is a huge process and may not be my favour ...and now iam thinking to study my mtech and success in my career I would abscond from service without intimating them ...sir is it a good move?? Or else you please give suggestions how to study my mtech without losing my current govt job with loss of my pay ... Pls provide the suggestions..  is my contact number ..sir iam from poor family with big dreams to study and my job is very lower cadre even I have chances to go mtech my family problems strucking me  I don't want to loose my hard earned job for m tech and also I don't want to loose my hard earned prestigious Gate rank for IIT and NIts  for my low cadre job .I need both for safety purposes
Kindly provide best suggestion which is even favourable infront of courts also I mean as per legally correct one ..
Thank you sir and pls do needful( Srikakulam, Andhra Pradesh )","I study in an engineering college and now I am in my second year going to start 3rd year in september my college has not given any holidays after semester end examinations and starts the new semester right the next day. This has happened for 4 continuous semesters now . In the academic calendar 1 month holiday is given but now they are going back on their words . Many of my classmates are depressed especially people from hostels who have not gone home.and I don't know what action to take ,pls tell me( Mysore, Karnataka )","Dear Client,Either party may terminate the work contract during the probation period unless the contract includes a provision giving such right exclusively to either party. An employer can end an employee's employment without notice during the probation period. However, a probationer has to give notice before leaving the job during the probation period. The Employer who prefers to terminate an employee immediately pays the dues in lieu of the notice. This is the amount they'd pay the employee if they performed their duties during a notice period. A probationer is not considered a workman and the service of a probationer can be ended by the employer with or without any prior notice and such termination doesn't amount to curtailment under the Sub-section (oo) of Sec.2 of the Industrial Disputes Act, 1947.","The employment contract clause requiring a two-month notice or salary in lieu from the employee during probation, while allowing the employer to terminate without notice, may be considered unconscionable and potentially unenforceable under the Indian Contract Act, 1872. Section 23 of the Act states that the consideration or object of an agreement is unlawful if it is opposed to public policy. The imbalance in obligations during the probation period could be challenged as unfair.

The user can file a complaint with the labor commissioner or approach a civil court to challenge the validity of the clause. It is advisable to gather all relevant documents, such as the employment contract and any correspondence with the employer, to support the claim.",4.4252,69.9516,19.8636,3.7634,17.0599,19.112,2.3992,27.1794,5.5395,1.634,0.6554,21.1501,51.7118,52.8759,83.8309
40,"Have you ever been debarred from any examination or rusticated by any University or any other
 educational authority/institution?



Is college exam included in this?( Aligarh, Uttar Pradesh )","HKG::PGA_4 → HKG::PGA_7 → PC::Section 3 of the Uttar Pradesh Industrial Disputes Act → PC::Section 6 N of the Uttar Pradesh Industrial Disputes Act, 1947","HKG::PGA_4 → HKG::PGA_7 → PC::Section 3 of the Uttar Pradesh Industrial Disputes Act → PC::Section 6 N of the Uttar Pradesh Industrial Disputes Act, 1947 → HKG::Industrial Disputes Act 1947 → HKG::gratuity → HKG::labour_court → HKG::PROC_GRATUITY_CLAIM","Sir 
My father worked in a co-op housing society as a guard  from the last 9-10 years.
In august month my father was on approved leave with application . but 3-4 days late due to illnesses . so society is not ready to continue to keep him on job as before .
Housing society terminates my father without notice and the secretary is saying you're not eligible for any gratuity  notice salary .
How will I get the full and final amount from This housing society?( Mumbai, Maharashtra )","my father was an employee of a company and was entitled under EPF scheme. He dies in Jan,2008. My mother received his PF benefit in 2011, but my mother fell in Cancer disease in 2011 and repeatedly suffered many years, due to this we could not submit Pension Claim in 10D form to EPFO as on date. My father had no UAN no then. My question is that will my mother is eligible to submit 10D to get Family Pension from EPFO now. because now we are in very much financial  crisis.( Murshidabad, West Bengal )","My father worked as driver in KPTCL on 1994  he worked 5 days only then he will not reported to duty because of    he is suffering from health issue and then one year back 29/05/2018 my father is died  so that  we are eligible for taking job from compassionate ground or not . my father no given to resignation letter to department( Shimoga, Karnataka )","Dear client,Debarred - This means that were you prohibited by any authority for giving exams. If any authority conducting the exams debars you from writing the exam, maybe by way of malpractice or any other illegal means followed by you while writing the exam, only then you can agree on being debarred in that attestation form.Yes, if the college exam is conducted by any authoritative board, then yes it is included.","The question of whether a college exam is included under the term ""any examination"" depends on the context in which the question is being asked, such as a job application or a legal declaration. Generally, ""any examination"" is interpreted broadly to include all types of educational assessments, including college exams. Under the Uttar Pradesh Industrial Disputes Act, 1947, there is no direct relevance to educational or examination matters. Legally, you must disclose any debarment or rustication if the question explicitly asks for it, as failure to do so could be considered misrepresentation. Next steps: Review the specific context or form where this question appears and ensure full disclosure of any relevant incidents.",2.3457,67.3858,19.8636,3.7634,17.0599,19.112,2.3992,27.1794,5.5395,1.634,0.6554,21.1501,51.7118,52.8759,83.8309
41,"Hello sir/ma'am
I accepted an offer letter via mail for an online job last week, nd send in the resignation after only 3days of working with them. Is the offer letter or my ""i accept you offer"" mail legally binding?( Thiruvananthapuram, Kerala )",PC::Employee Accepted Reinstatement Offer → PC::Respondent Accepted Appointment Offer → PC::High Court Directed Alternative Job Offer → PC::Workmen Refused Bonus Offer,PC::Employee Accepted Reinstatement Offer → PC::Respondent Accepted Appointment Offer → PC::High Court Directed Alternative Job Offer → PC::Workmen Refused Bonus Offer → PC::Respondent Entitled to Deputation Allowance → PC::Discretion to Offer Alternative Jobs → PC::Advanced Law Lexicon Definition of Reinstatement → PC::Respondent Offered Alternative Appointment,"Sir 
My father worked in a co-op housing society as a guard  from the last 9-10 years.
In august month my father was on approved leave with application . but 3-4 days late due to illnesses . so society is not ready to continue to keep him on job as before .
Housing society terminates my father without notice and the secretary is saying you're not eligible for any gratuity  notice salary .
How will I get the full and final amount from This housing society?( Mumbai, Maharashtra )","My father worked as driver in KPTCL on 1994  he worked 5 days only then he will not reported to duty because of    he is suffering from health issue and then one year back 29/05/2018 my father is died  so that  we are eligible for taking job from compassionate ground or not . my father no given to resignation letter to department( Shimoga, Karnataka )","my father was an employee of a company and was entitled under EPF scheme. He dies in Jan,2008. My mother received his PF benefit in 2011, but my mother fell in Cancer disease in 2011 and repeatedly suffered many years, due to this we could not submit Pension Claim in 10D form to EPFO as on date. My father had no UAN no then. My question is that will my mother is eligible to submit 10D to get Family Pension from EPFO now. because now we are in very much financial  crisis.( Murshidabad, West Bengal )","Dear Client,You need to check the document in detail to see if it mentioned any notice period or a particular time to be spend with the company. On absence, youâd be safe.","The acceptance of an offer letter via email constitutes a legally binding contract under the Indian Contract Act, 1872, provided all essential elements of a contract are present, such as offer, acceptance, consideration, and intention to create legal relations. However, since you resigned after only three days, the terms of the contract regarding notice period and resignation must be examined. If the contract specifies a notice period or conditions for resignation, failing to adhere to these may result in a breach of contract.

You cannot simply disregard the contract without potential legal consequences if there are specific terms regarding resignation. Review the offer letter for any clauses related to termination or notice period. Consider negotiating with the employer for a mutual release from the contract if needed.",1.6446,42.0155,19.8636,3.7634,17.0599,19.112,2.3992,27.1794,5.5395,1.634,0.6554,21.1501,51.7118,52.8759,83.8309
42,"Dear Sir/Madam,
myself working with MNC, at Mumbai for more than 8 year, we got 1 month notice period in offer letter while leaving job willingly. jut now our HR send e mail in BCC not to all employee which we come to know by mutual  discussion among us, after 2 days they get letter signed from us for 1 month termination clause replaced with 3 month. (letter's draft quote/unquote below) 
My query 1) it is officially correct to change termination period from 1 month to 3 month by issuing separate letter for employee worked for 8 year 2) if i serve 1 month notice can they deduct salary for 2 month , if yes how from PF, GRATUTITY, MEDICAL LTA ETC.  below quoting data of msg. for clear understanding'
quote
Dear All,
This is to inform you that there is an amendment in the Termination Clause of the letter of appointment. These changes will be in effect from June 01, 2018
Notice Period while in Probation:        Current notice period of 15 (fifteen) days is replaced by 1 (One) month

Upon Confirmation of services:            Current notice period of 1 (one) month is replaced by 3 (three) months

âTerminationâ Clause will be read as:

The first six (6) months of your employment will be on a probationary basis. Should either party decide to terminate the employment before the probation is confirmed,

1 (One) month written notice or payment of salary in lieu of notice shall be given.

Otherwise the employment may be terminated:

Â·            By either party hereto giving 3 (Three) monthâ notice in writing or payment of salary in lieu of notice; or

Â·            By the Company at any time without giving notice or salary in lieu of notice under the following circumstances:

Â·         If you indulge in any dishonesty, misappropriation, acts subversive of discipline, willful insubordination, riotous disorderly and indecent behavior, fraud, dishonesty and drunkenness or if you are at any time found to Commit any serious or persistent breach of any of the terms of this AGREEMENT; or

Â·         Be guilty of any grave misconduct so as to bring Company into disrepute; or any indiscipline not in the interest of the company.

Â·         If you are at any time found to be acting dishonestly or using your position in the Company for your own personal advantage contrary to the interests of the Company which will lead to immediate dismissal without notice or compensation whatsoever.

Â·         Filing for bankruptcy or making any arrangement with creditors (technically you cannot terminate for bankruptcy it is unconstitutional).

Â·         Become medically unfit and you remain absent due to continued ill health or due to unsound mind; or

Â·         Commit any criminal offence if the same is considered to be of a serious nature and incompatible with further continuance of your employment with the Company.

Adjustment of leave against unserved notice period cannot be construed as the right of the employee and is at the sole discretion of the organization.
unquote
Thanks/Regd.",HKG::FA_79 → HKG::MBA_5 → HKG::EPF_6 → HKG::FA_59,HKG::FA_79 → HKG::MBA_5 → HKG::EPF_6 → HKG::FA_59 → HKG::overtime → HKG::maternity → HKG::PROC_PF_COMPLAINT → HKG::Factories Act 1948,"My father worked as driver in KPTCL on 1994  he worked 5 days only then he will not reported to duty because of    he is suffering from health issue and then one year back 29/05/2018 my father is died  so that  we are eligible for taking job from compassionate ground or not . my father no given to resignation letter to department( Shimoga, Karnataka )","Sir 
My father worked in a co-op housing society as a guard  from the last 9-10 years.
In august month my father was on approved leave with application . but 3-4 days late due to illnesses . so society is not ready to continue to keep him on job as before .
Housing society terminates my father without notice and the secretary is saying you're not eligible for any gratuity  notice salary .
How will I get the full and final amount from This housing society?( Mumbai, Maharashtra )","my father was an employee of a company and was entitled under EPF scheme. He dies in Jan,2008. My mother received his PF benefit in 2011, but my mother fell in Cancer disease in 2011 and repeatedly suffered many years, due to this we could not submit Pension Claim in 10D form to EPFO as on date. My father had no UAN no then. My question is that will my mother is eligible to submit 10D to get Family Pension from EPFO now. because now we are in very much financial  crisis.( Murshidabad, West Bengal )","Dear Sir,it cannot be altered unilaterally. The law on notice period is as follows.============================================================================================================Is notice period (3 months) legal in India?It may help to think of a buyout agreement as a sort of ""prenuptial agreement"" between co-owners: It determines what will happen if your corporation's owners decide not to stay together 'til death do them part.The law provides remedies if a promise is breached or recognizes the performance of a promise as a duty.Every document signed in India is legal in India provided that:â¢	Adhere and comply within the jurisdiction of the law/s such labor law etc..â¢	Not Forbidden By Law such as in IPC act 1860.â¢	If Permitted It Would Not Defeat The Provisions Of Any Law (other subsidiary law such as FEMA, SEBI etc)â¢	Does not Opposed To Public Policy.Conclusion:On the basis of above discussed, it can be easily understood that the ambit and scope of section 23 of the Indian contract act 1872, is vast and therefore the applicability of its provisions is subject to scrutiny by the court of the consideration and object of an agreement and the agreement itself.Therefore, in order to bring a case within the purview of section 23, it is necessary to show that the object of the agreement or consideration of the agreement or the agreement itself is unlawful.I'll keep it short and simple:Either party - employer or employee can terminate the contract by giving sufficient notice or compensating accordingly. In such a case, employer is bound to release the employee without any fuss, assuming that either of the above two conditions are met.So, if your organization doesn't allow you to buyout the notice period, please feel free to knock on the doors of the Indian judiciary.The following key issues should be highlighted:â¢	A 30 to 90-day notice period applies in order to terminate âworkmenâ (as defined in the Industrial Disputes Act, 1947) â that is, employees whose role is not primarily supervisory, administrative or managerial) for convenience, with 15 daysâ pay due for every year worked. In the case of manufacturing units, plantations and mines with 100 or more workmen, termination for convenience requires prior government approval; in other sectors, it requires only government notification.â¢	Termination for cause does not include non-performance â it includes only behaviour which qualifies as misconduct.â¢	The âlast in, first outâ principle requires that the employer first terminate for convenience the last people to join the organisation in the same role. However, this requirement can be contracted out of. When hiring for the same role, workmen who were terminated for convenience should be given the opportunity to re-join the company.â¢	State laws generally provide for about 15 days of earned/regular leave a year. Employees also benefit from up to 10 days of sick leave and a possible 10 additional days of âcasual leaveâ. This is generally more than what most organisations would ideally like to provide.â¢	Most state laws provide for âcasual leaveâ â the employee can opt not to come to work that day without applying for leave in advance. Many organisations find this disruptive.â¢	Most state laws restrict women from working at night; if women are to work at night, specific approval must be obtained. This exemption is granted only to limited business sectors (eg, IT sector). Further, the employer must offer door-to-door transport and meet some security-related requirements.â¢	Most state laws prescribe overtime for any hours worked beyond 48 hours in a week. However, this is seldom observed.â¢	Indian law regulates and in some cases prohibits the use of contract workers. To engage contract workers, the contractor must hold a licence and the employer must be registered as a âprincipal employerâ.â¢	Non-compete agreements are not enforceable under Indian law, while non-solicitation clauses can be enforced only in limited ways.â¢	While the âwork for hireâ principle applies under the Indian copyright regime, it does not apply under the Indian patent regime; employees must thus provide formal assignments.â¢	Indian laws require employers to maintain a plethora of registers and notices. Compliance with such requirements is difficult and full compliance is rare.What do you consider unique to those doing business in your country?Some of the points mentioned above are unique to India. In addition, while Indian employment law is mainly federal in nature, most states have a Shops and Establishments Act. These statutes are similar, but not identical. Further, some states have been permitted to make amendments to central laws, with which are thus applicable in a different manner in such states.Is there any general advice you would give in the employment area?India is heavily regulated in the employment arena. Legal assistance should be obtained with regard to employment contracts and employment terms of service. Practical advice should be sought on best practices and common practices, so that policies are HR friendly and legally compliant. Advice should also be obtained on areas where compliance is difficult, so that employers can adopt positions that balance convenience against risk.Emerging issues/hot topics/proposals for reform Are there any noteworthy proposals for reform in your jurisdiction?As part of the objective to make it easier to do business in India, the government has proposed that the federal labour laws be revised and possibly amalgamated into two or three labour codes. If this is accomplished, the filing requirements will be streamlined. Amendments have also been proposed to some federal laws relating to factories and the use of apprentices. There has been no progress taking these initiatives forward and it appears unlikely that the government will do so.Key amendments to law in recent months include a substantial change to the Maternity Benefit Act 1961 through the Maternity Benefit (Amendment) Act 2016. Key features of this amendment include:â¢	an increase in paid time off for eligible female employees from 12 weeks to 26 weeks in case a female employee has fewer than two children. If she has two or more children, she is entitled to 12 weeksâ leave;â¢	the introduction of the concepts of a 'commissioning mother' and an 'adopting mother', which widens the scope of the law. Such mothers are entitled to 12 weeksâ leave;â¢	the option to work from home once the paid maternity leave period has ended, based on an agreement with the employer; andâ¢	requiring an establishment with 50 or more employees to set up a crÃ¨che facility.Overall, the amendments are progressive in nature. From an employerâs perspective, there will be greater financial implications due to the increased maternity leave payment and also the benefits to be paid to the new categories of eligible female employees.In December 2016 the Employeeâs State Insurance Act 1948 was amended, increasing the salary or wages threshold for coverage of an employee to Rs21,000 (approximately $309) per month from the previous wage cap of Rs15,000 (approximately $221) per month. The act applies to commercial establishments and provides for social security insurance for employees in case of sickness. The amendment has led to higher employee coverage under the law.What are the emerging trends in employment law in your jurisdiction?After decades of the government and courts adopting a somewhat socialist mind set, there has been a shift to a more pragmatic, business-friendly approach. The old approach, which focused on unskilled and daily wage workers, has given way to a focus on Indiaâs growing service industry. There is heightened interest in rewriting the employment laws to make them more business friendly. Indiaâs newest employment law on the prevention of sexual harassment is also leading to an increased number of sexual harassment complaints and additional processes to be followed.Another important aspect is the move towards e-governance in the labour law sector. A new web portal launched by the government provides users with a unique labour identification number, facilitating online registration, the filing of self-certified, simplified and single online returns for specific federal laws, and a transparent labour inspection scheme on risk-based criteria. Some concessions have also been provided for start ups in terms of employment law compliances.The employment relationshipCountry specific laws What laws and regulations govern the employment relationship?Some states require that the employer prepare an appointment order for new hires, although this is seldom observed. There are no direct laws dealing with probation on a general basis in India, which is, however, a common practice. The (federal) Industrial Employment (Standing Orders) Act1946 (which is applicable to workmen), provides for a probationary period of up to three months. Certain states have built in the probation concept indirectly into their local laws, which ranges from three to six months. Ideally, a probation period should not exceed 240 days, as several statutory social welfare laws apply to employees who have worked for such period. The Industrial Disputes Act 1947 (applicable to workmen), prescribes that if certain terms of service change, notice must be given to the employee. It also prescribes requirements for termination for convenience, including notice and compensation.Who do these cover, including categories of worker?There are essentially two types of employer and two types of employee. Employers are either:â¢	âestablishmentsâ â a term which encompasses all employers; orâ¢	âfactoriesâ â a term which typically encompasses manufacturing units. Mines are sometimes covered along with factories.Employees are either:â¢	âemployeesâ â a term which covers all employees in any kind of role; orâ¢	âworkmenâ (as defined in the Industrial Disputes Act, 1947) â that is, employees whose primary role is not supervisory, managerial or administrative.In addition, certain state laws may exclude senior management employees from their scope of application.Misclassification Are there specific rules regarding employee/contractor classification?Indian law regulates and in some cases prohibits the use of contract workers. To engage contract workers, the contractor must hold a licence and the employer must be registered as a âprincipal employerâ.Contracts Must an employment contract be in writing?Except in states which require an appointment order, Indian law does not explicitly require that an employment contract be in writing, although this is the typical practice followed by most employers.Are any terms implied into employment contracts?Certain legal terms are implied in the employment contract. A duty of care, a right to privacy and a duty to maintain confidentiality are implied in the employment contract.Are mandatory arbitration/dispute resolution agreements enforceable?Yes.How can employers make changes to existing employment agreements?Under Indian contract law, a contract requires the consent of both parties. Thus, the employer cannot unilaterally make changes to the employment agreement. Typically, compensation terms are set out in an annex to the agreement, which should provide that these will be subject to change from time to time. Standard terms of employment â such as working hours, vacation, benefits, security procedures and disciplinary procedures â are normally set out in the employment terms of service, rather than in the employment contract. The employment contract should state that these terms of service apply to the employee and will be subject to change from time to time.An employer cannot change specified service conditions (eg, compensation, grade classification and customary concessions) for âworkmenâ (as defined in the Industrial Disputes Act, 1947) without providing 21 daysâ prior statutory notice and notice to the labour authorities. This should be considered when implementing changes to an employment agreement.Foreign workers Is a distinction drawn between local and foreign workers?A significant difference between local and foreign employees is evident in the law on provident funds, which is a type of pension. The threshold to qualify, the manner of deduction and the benefits are different for foreign employee, and differ further depending on whether the country of origin has a social service agreement with India. There are no other substantive distinctions between local and foreign employees.RecruitmentAdvertising What are the requirements relating to advertising positions?Under the Employment Exchange (Compulsory Notification of Vacancies) Act, 1959, if the state so requires, a private sector establishment with 25 or more employees must notify vacancies to specific employment exchanges. However, this is seldom observed.Background checksWhat can employers do with regard to background checks and inquiries in relation to the following:(a) Criminal records?While it is possible to conduct criminal background checks, this is extremely difficult in practice because criminal records are not digitised and are not consolidated nationwide. Accordingly, where a criminal background check must be carried out, this is typically done at the police station with jurisdiction over the employeeâs current place of residence or anywhere that he or she has lived for a reasonable period.(b) Medical history?Employeesâ medical histories cannot be accessed easily, since these are not digitised and there is no repository of medical records. Employee consent is required to disclose medical records to the employer. However, some employers require employees to undergo medical checks and have the diagnostic centre send the report directly to the employer. Subject to certain specific restrictions (eg, pre-employment testing for HIV is not permitted), there is no prohibition against this practice under Indian law.(c) Drug screening?Indian law does not prohibit drug screening.(d) Credit checks?An individual is entitled to obtain information on his or her credit rating. The employer can also access this information, with the employeeâs permission and on providing necessary proof of identity. Access to credit rating information is more common in banks and financial institutions.(e) Immigration status?Indian law does not specifically require an employer to check the immigration status of a foreigner. Indian law does not prevent the employer from checking whether a foreign employee holds the necessary visa to work in India. If a foreign individual on an employment visa wishes to change employment to another company, he or she must leave India and apply afresh for a visa. The only exception is where the foreigner is changing jobs between a registered holding company and its subsidiaries or vice versa, or between subsidiaries of a registered holding company. In such case the foreigner may not need to leave India, provided that he or she fulfils specific criteria, including obtaining prior government approval for the change in employment.(f) Social media?There is no bar against conducting background checks through social media.(g) Other?The most common background checks undertaken are of educational qualifications. The employee must consent to this and the employer (or an outsourced provider) will then write to the relevant institution requesting confirmation. The institution may charge a fee for providing this information. Most institutions have a procedure in place in this regard.Wages and working timePay Is there a national minimum wage and, if so, what is it?There is no national minimum wage. However, the central and state governments can issue notifications on minimum wages in specific industries. The federal government has set the recommended minimum wage to Rs176 per day and advised state governments to implement the same.Are there restrictions on working hours?By and large, working up to nine hours a day is permitted, with a weekly limit of 48 to 50 hours. There are laws that restrict women from working at night (between 8:00pm and 6:00am). Some states also have a maximum number of hours of overtime that can be worked.Hours and overtime What are the requirements for meal and rest breaks?Most state laws provide for a break of 30 to 60 minutes after four to five hours of work. In practice, it is typical to provide a one-hour lunch break in an eight-hour day.How should overtime be calculated?Overtime is usually calculated at twice the rate of normal wages. State law defines what the term âwagesâ covers; this typically includes basic wages plus normal allowances, but excludes any bonus component.What exemptions are there from overtime?There are no exemptions from paying overtime. However, the overtime provisions are seldom observed â generally, companies do not pay overtime when employees stay late to complete their work. It is recommended that employers pay overtime at least when employees are required by the nature of the assignment to work overtime â for example, call centre employees.Is there a minimum paid holiday entitlement?Yes. This varies from state to state, but is generally about 15 days. Most states prescribe up to 10 days of sick leave and some states prescribe another entitlement of up to 10 days of casual leave. In addition, most states prescribe about 10 days of public holidays; four to five of these are mandatory national and state holidays, while the remainder are chosen by the employer from a larger list provided by the state.What are the rules applicable to final pay and deductions from wages?Final pay must be made within two days of the date of termination where the employeeâs services are terminated by the employer. In case of the employeeâs resignation, the final pay-out can be made as part of the companyâs normal payment cycle.Deductions are permitted from an employeeâs wages, but only for specified reasons (eg, on account of fines, deductions for damage to or loss of goods expressly entrusted to the employee and recovery of loans or advances). Deductions are generally permitted only up to 50% of the employeeâs wages.","The key legal issue is whether the employer can unilaterally amend the notice period from 1 month to 3 months for an existing employee. Under Indian contract law, any amendment to an employment contract requires mutual consent. If you have signed the new agreement, it indicates acceptance of the new terms. However, if you did not consent to the change, the original 1-month notice period should apply. 

Legally, the company cannot deduct two months' salary without your consent if you serve the original 1-month notice. For next steps, review any documents you have signed regarding the notice period change and consider discussing the matter with HR to clarify your position. If unresolved, consult with a labor lawyer to evaluate potential breach of contract claims.",0.0,55.5331,19.8636,3.7634,17.0599,19.112,2.3992,27.1794,5.5395,1.634,0.6554,21.1501,51.7118,52.8759,83.8309
43,"Sir... I worked in a pvt company for 5 years(2009-2014). Then I resigned from 2014 and joined another company in 2018....

But i transfered epf money from old company to new company in 2021.
Epf given me interest for 6 years (2015, 2016,2017,2018,2019,2020).

But epf transfered only three years interest money that is 2015,2016,2017.
Then epf deducted my interest money for year (2018,2019,2020,)in which interest money update was reflected in my pf passbook. 

I complain to epf but they answered me that interest money updated mistakly from 2018 to 2020.

As per rule only three years interest money will be paid/transfer after last contribution. 
Can i got interest money from 2018 to 2020 which was showing in pf passbook.( Bhubaneswar, Orissa )",HKG::EPF_6,HKG::EPF_6 → HKG::PROC_PF_COMPLAINT → HKG::Employees Provident Fund Act 1952 → HKG::provident_fund → HKG::Q_864,"My father worked as driver in KPTCL on 1994  he worked 5 days only then he will not reported to duty because of    he is suffering from health issue and then one year back 29/05/2018 my father is died  so that  we are eligible for taking job from compassionate ground or not . my father no given to resignation letter to department( Shimoga, Karnataka )","I study in an engineering college and now I am in my second year going to start 3rd year in september my college has not given any holidays after semester end examinations and starts the new semester right the next day. This has happened for 4 continuous semesters now . In the academic calendar 1 month holiday is given but now they are going back on their words . Many of my classmates are depressed especially people from hostels who have not gone home.and I don't know what action to take ,pls tell me( Mysore, Karnataka )","Namaste sir ,
I durgaprasad working as a grade 4 permanent govt employee in state government of andhrapradesh which is a non gazetted ... Sir iam b.tech graduate with good percentage and I cracked gate 2023 with 457 score ...I have a lot of chance in NIT college to pursue Mtech in my engineering stream ....
For that I asked my head of the department to permit to study.. and he said as per the cca and subordinate rules I have not permitted to study because  iam non gazetted post .. and also requested them to sanction loss of pay of my service for about 2year..for that they told me ,, u have no such option except the government allows to u to study with special G.O ,, that is a huge process and may not be my favour ...and now iam thinking to study my mtech and success in my career I would abscond from service without intimating them ...sir is it a good move?? Or else you please give suggestions how to study my mtech without losing my current govt job with loss of my pay ... Pls provide the suggestions..  is my contact number ..sir iam from poor family with big dreams to study and my job is very lower cadre even I have chances to go mtech my family problems strucking me  I don't want to loose my hard earned job for m tech and also I don't want to loose my hard earned prestigious Gate rank for IIT and NIts  for my low cadre job .I need both for safety purposes
Kindly provide best suggestion which is even favourable infront of courts also I mean as per legally correct one ..
Thank you sir and pls do needful( Srikakulam, Andhra Pradesh )","Dear Client,As per the rule you can get the interest till 3 year after the last payment and after three year it will be stopped. So you can claim for 3 year interest money from the bank after showing the relevant documents.Hope, it is helpful","Under the Employees Provident Fund Act 1952, interest is credited to the employee's provident fund account only for up to three years after the last contribution. Since your contributions ceased in 2014, the EPF's action of crediting interest only until 2017 is consistent with the law. You cannot legally claim interest for the years 2018 to 2020 if no contributions were made during that period.

To address this, review the EPF's response to ensure it aligns with the statutory provisions. If you believe there is an error, consider filing a grievance with the Employees' Provident Fund Organisation (EPFO) through their online portal or approach the EPFO office for clarification.",1.7619,48.4816,19.8636,3.7634,17.0599,19.112,2.3992,27.1794,5.5395,1.634,0.6554,21.1501,51.7118,52.8759,83.8309
44,"Dear Sir,

I was working with an institution in Mumbai and I had put my resignation in August 2020, as per my contract 30 days of notice period was finalized however due to excess work till September end and beyond that I worked as a consultant for them till end of November mutually agreeing 50% of my monthly salary to be compensated along with YTD sales commission at 1%, to be paid on my last working day. However until now they have not provided any compensation or settlement against the same hence I seek what best I can do. 

I have my resignation letter as proof, my last day announcement on WhatsApp by our director, Email confirmation about the compensation of 1%.

The compensation is around 4.6Lakhs and They still have not paid yet.( Jabalpur, Madhya Pradesh )",HKG::ICA_73,HKG::ICA_73 → HKG::employment_bond → HKG::Indian Contract Act 1872 → HKG::wages → HKG::Q_864,"My father worked as driver in KPTCL on 1994  he worked 5 days only then he will not reported to duty because of    he is suffering from health issue and then one year back 29/05/2018 my father is died  so that  we are eligible for taking job from compassionate ground or not . my father no given to resignation letter to department( Shimoga, Karnataka )","Sir 
My father worked in a co-op housing society as a guard  from the last 9-10 years.
In august month my father was on approved leave with application . but 3-4 days late due to illnesses . so society is not ready to continue to keep him on job as before .
Housing society terminates my father without notice and the secretary is saying you're not eligible for any gratuity  notice salary .
How will I get the full and final amount from This housing society?( Mumbai, Maharashtra )","my father was an employee of a company and was entitled under EPF scheme. He dies in Jan,2008. My mother received his PF benefit in 2011, but my mother fell in Cancer disease in 2011 and repeatedly suffered many years, due to this we could not submit Pension Claim in 10D form to EPFO as on date. My father had no UAN no then. My question is that will my mother is eligible to submit 10D to get Family Pension from EPFO now. because now we are in very much financial  crisis.( Murshidabad, West Bengal )",Kindly contact a lawyer and serve a notice for recovery of said amount while mentioning all details about the terms decided. On non-compliance you can file a civil suit. Keep all supporting documents handy! Contact if you need further assistance!,"The primary legal issue here is the breach of contract regarding unpaid wages and commissions. Under the Indian Contract Act, 1872, specifically Section 73, a party suffering from a breach of contract is entitled to compensation for any loss or damage caused by the breach, which naturally arose in the usual course of things. The user can file a civil suit for recovery of dues in the appropriate civil court, presenting the resignation letter, WhatsApp announcement, and email confirmation as evidence of the agreed terms and the breach.

The user cannot unilaterally withhold any company property or engage in actions that could be construed as retaliatory or illegal. As a next step, send a formal legal notice to the institution demanding payment within a specified period, typically 15-30 days, and then proceed to file a suit for recovery if the payment is not made.",3.351,55.2871,19.8636,3.7634,17.0599,19.112,2.3992,27.1794,5.5395,1.634,0.6554,21.1501,51.7118,52.8759,83.8309
45,"I'd joined the organization at 18 Oct 2016 with two years of service bond but because of so much work load, not personal satisfaction & got the better opportunity, I'd put the resignation on 19 Jul 2018 & served the three months of notice period. I'd lots of convinced to them for accept the resignation & relieving me via mail, call & face to face discussion & finally exited from the oragnization on 29 Oct 2018 after the not getting any positive sign from them. I've also completed my two years of service with organization.
They denied to relieve me because of put down resignation before completion of two years of service bond but as per clause mentioned in appointment letter, employee need to pay retention amount if leave/ resign from organization before completion two years & I've already paid retention amount to them but still manager regret to give relieving letter, retention amount & also not give last month salary to me. They treat me as a absconding case.
I have the resignation discussion proof.
So, please help me. What can I do for in such case( Pune, Maharashtra )",HKG::ICA_73,HKG::ICA_73 → HKG::Indian Contract Act 1872 → HKG::employment_bond → HKG::wages → HKG::Q_864,"My father worked as driver in KPTCL on 1994  he worked 5 days only then he will not reported to duty because of    he is suffering from health issue and then one year back 29/05/2018 my father is died  so that  we are eligible for taking job from compassionate ground or not . my father no given to resignation letter to department( Shimoga, Karnataka )","Sir 
My father worked in a co-op housing society as a guard  from the last 9-10 years.
In august month my father was on approved leave with application . but 3-4 days late due to illnesses . so society is not ready to continue to keep him on job as before .
Housing society terminates my father without notice and the secretary is saying you're not eligible for any gratuity  notice salary .
How will I get the full and final amount from This housing society?( Mumbai, Maharashtra )","my father was an employee of a company and was entitled under EPF scheme. He dies in Jan,2008. My mother received his PF benefit in 2011, but my mother fell in Cancer disease in 2011 and repeatedly suffered many years, due to this we could not submit Pension Claim in 10D form to EPFO as on date. My father had no UAN no then. My question is that will my mother is eligible to submit 10D to get Family Pension from EPFO now. because now we are in very much financial  crisis.( Murshidabad, West Bengal )","Dear Sir,You can issue a legal notice and also lodge complaint with labor commissioner who will adjudicate the matter under Section 12 of Industrial Disputes Act.For full procedure contact me on mobile through Vidhikarya.","The primary legal issue is the employer's refusal to provide a relieving letter and the last month's salary despite fulfilling the bond requirements and serving the notice period. Under the Indian Contract Act, 1872, an employment bond is enforceable only if it is reasonable and not in the nature of a penalty. Since the retention amount has been paid, the employer's refusal to provide the relieving letter and salary may constitute a breach of contract.

To address this, file a complaint with the local labor commissioner or labor court in Pune, as they handle disputes related to employment and wrongful withholding of salary. Additionally, consider sending a legal notice to the employer demanding the relieving letter and unpaid salary, citing the breach of contract and the evidence of resignation discussions.",1.6658,52.508,19.8636,3.7634,17.0599,19.112,2.3992,27.1794,5.5395,1.634,0.6554,21.1501,51.7118,52.8759,83.8309
46,"Dear Sir/Maam, 
I left my company. My company (Jio-Mumbai) delivered a laptop to its branch office (Gorakhpur) near to my home, as i was working from home. After leaving the company, company is asking me to deliver it to different city (Lucknow) and refusing to pay for travel or for reverse courier pickup. Do I have to do what company is saying or can i say no and ask for courier pickup? What would be my legal right?
Note that i didn't sign any paper where it says that i have to return this laptop to a different city. Company is simply saying that it's their policy.( Gorkakhpur, Uttar Pradesh )",PC::Appellant Company is a Public Limited Company → PC::Employee Transferred to Different Location → PC::Transfer of Employees to Different Departments → PC::Petitioner Transferred to Different Locations,PC::Appellant Company is a Public Limited Company → PC::Employee Transferred to Different Location → PC::Transfer of Employees to Different Departments → PC::Petitioner Transferred to Different Locations → PC::Majority Shares Held by Government Company → PC::High Court Held Appellant as State under Article 12 → PC::Article 12 of the Constitution of India → PC::Transfer Alleged as Victimization for Union Activities,"Sir 
My father worked in a co-op housing society as a guard  from the last 9-10 years.
In august month my father was on approved leave with application . but 3-4 days late due to illnesses . so society is not ready to continue to keep him on job as before .
Housing society terminates my father without notice and the secretary is saying you're not eligible for any gratuity  notice salary .
How will I get the full and final amount from This housing society?( Mumbai, Maharashtra )","my father was an employee of a company and was entitled under EPF scheme. He dies in Jan,2008. My mother received his PF benefit in 2011, but my mother fell in Cancer disease in 2011 and repeatedly suffered many years, due to this we could not submit Pension Claim in 10D form to EPFO as on date. My father had no UAN no then. My question is that will my mother is eligible to submit 10D to get Family Pension from EPFO now. because now we are in very much financial  crisis.( Murshidabad, West Bengal )","My father worked as driver in KPTCL on 1994  he worked 5 days only then he will not reported to duty because of    he is suffering from health issue and then one year back 29/05/2018 my father is died  so that  we are eligible for taking job from compassionate ground or not . my father no given to resignation letter to department( Shimoga, Karnataka )","Dear client, after the termination of employment there will be a cessation of relationship between you and the employer. It is your duty to return the employers assests after the termination of employment.","The primary legal issue is whether the company can enforce a policy requiring you to deliver the laptop to a different city without prior agreement. Under Indian contract law, specifically the Indian Contract Act, 1872, a policy not agreed upon in writing or as part of your employment contract is not binding. You are not legally obligated to comply with the company's request to deliver the laptop to a different city if it was not part of your employment agreement.

You can request the company to arrange for a courier pickup at your current location or ask them to cover any costs associated with the return. If the company insists, you may consider sending a formal notice stating your position and willingness to return the laptop from your current location. If disputes persist, consider seeking assistance from a labor lawyer to mediate the issue.",1.3419,29.404,19.8636,3.7634,17.0599,19.112,2.3992,27.1794,5.5395,1.634,0.6554,21.1501,51.7118,52.8759,83.8309
47,"I have a bond with my employer , now i want to break the bond and ready to pay the bond breakage fee also but employer is not responding & releasing( Bangalore, Karnataka )",HKG::employment_bond → PC::Employer Required to Pay Damages → PC::Employer Obligated to Pay Bonus → PC::Brooks Bond India v. Their Workmen,"HKG::employment_bond → PC::Employer Required to Pay Damages → PC::Employer Obligated to Pay Bonus → PC::Brooks Bond India v. Their Workmen → PC::High Court Found Demand for Damages Not Justified → PC::Section 4 of the Employees Provident Fund Act, 1952 → HKG::Employees Provident Fund Act 1952 → PC::Section 2(g) of the Employees Provident Fund Act, 1952","Sir 
My father worked in a co-op housing society as a guard  from the last 9-10 years.
In august month my father was on approved leave with application . but 3-4 days late due to illnesses . so society is not ready to continue to keep him on job as before .
Housing society terminates my father without notice and the secretary is saying you're not eligible for any gratuity  notice salary .
How will I get the full and final amount from This housing society?( Mumbai, Maharashtra )","my father was an employee of a company and was entitled under EPF scheme. He dies in Jan,2008. My mother received his PF benefit in 2011, but my mother fell in Cancer disease in 2011 and repeatedly suffered many years, due to this we could not submit Pension Claim in 10D form to EPFO as on date. My father had no UAN no then. My question is that will my mother is eligible to submit 10D to get Family Pension from EPFO now. because now we are in very much financial  crisis.( Murshidabad, West Bengal )","My father worked as driver in KPTCL on 1994  he worked 5 days only then he will not reported to duty because of    he is suffering from health issue and then one year back 29/05/2018 my father is died  so that  we are eligible for taking job from compassionate ground or not . my father no given to resignation letter to department( Shimoga, Karnataka )","Dear Sir,Get issue legal notice and also approach labor office.","Under Indian law, employment bonds are generally enforceable if they are reasonable and serve a legitimate business interest. According to Section 27 of the Indian Contract Act, 1872, agreements in restraint of trade are void, but exceptions are made for reasonable employment bonds. If you are willing to pay the bond breakage fee, the employer is obligated to release you from the bond. Since the employer is not responding, you can send a legal notice demanding the release and payment of any dues. If the employer still does not respond, consider filing a suit for specific performance or damages in a civil court.",0.7834,42.8087,19.8636,3.7634,17.0599,19.112,2.3992,27.1794,5.5395,1.634,0.6554,21.1501,51.7118,52.8759,83.8309
48,"I have SC verdict, HC Verdicts and favorable govt affidavit. Matter of Required edu candidates vs. Higher edu candidates(not have required edu) in TGT recruitment written notification.( East Delhi, Delhi )",PC::Compassionate Appointment Not a Matter of Right → PC::Senior Candidates Have Valid Claim Against Reserved Candidates → PC::High Court Found Promotees Did Not Have Right to Seniority Over Direct Recruits → PC::Appellant Short of Required Service for Promotion,PC::Compassionate Appointment Not a Matter of Right → PC::Senior Candidates Have Valid Claim Against Reserved Candidates → PC::High Court Found Promotees Did Not Have Right to Seniority Over Direct Recruits → PC::Appellant Short of Required Service for Promotion → PC::Financial Condition of Family Considered for Appointment → PC::Compassionate Appointment Not a Vested Right → PC::Promotion Based on Relaxation of Service Rules → PC::Retiral Benefits Received by Family,"Sir 
My father worked in a co-op housing society as a guard  from the last 9-10 years.
In august month my father was on approved leave with application . but 3-4 days late due to illnesses . so society is not ready to continue to keep him on job as before .
Housing society terminates my father without notice and the secretary is saying you're not eligible for any gratuity  notice salary .
How will I get the full and final amount from This housing society?( Mumbai, Maharashtra )","My father worked as driver in KPTCL on 1994  he worked 5 days only then he will not reported to duty because of    he is suffering from health issue and then one year back 29/05/2018 my father is died  so that  we are eligible for taking job from compassionate ground or not . my father no given to resignation letter to department( Shimoga, Karnataka )","my father was an employee of a company and was entitled under EPF scheme. He dies in Jan,2008. My mother received his PF benefit in 2011, but my mother fell in Cancer disease in 2011 and repeatedly suffered many years, due to this we could not submit Pension Claim in 10D form to EPFO as on date. My father had no UAN no then. My question is that will my mother is eligible to submit 10D to get Family Pension from EPFO now. because now we are in very much financial  crisis.( Murshidabad, West Bengal )","Dear ClientAs per the facts which have been provided, you can Approach an Advocate engaged in Service matters.Hope this clarifies your query and requirement.Thank you.","In the context of TGT recruitment, if the recruitment notification specifies required educational qualifications, candidates not meeting these qualifications generally do not have a legal right to claim eligibility over those who meet the criteria, as per the principle that recruitment rules must be adhered to strictly. The Supreme Court has consistently held that eligibility criteria in recruitment must be respected to maintain fairness and transparency (e.g., *State of Punjab v. Manjit Singh*).

You can challenge the appointment of higher-educated candidates who do not meet the specific required qualifications by filing a writ petition in the High Court, citing the violation of recruitment rules. Ensure you gather all relevant documents, including the SC verdict, HC verdicts, and the government affidavit, to support your claim. Consult with a legal professional to draft the petition effectively and consider seeking an interim order to halt the recruitment process if necessary.",0.6741,28.6176,19.8636,3.7634,17.0599,19.112,2.3992,27.1794,5.5395,1.634,0.6554,21.1501,51.7118,52.8759,83.8309
49,"We have been working continuously for 10 years as a third party contractual worker in an organization under WB state government. But we don't get all the orders related to state government cobtractual salary increment or other benefits. Management says these orders are not for us. Our future is uncertain! What to do in this situation?( Kolkata, West Bengal )",HKG::FA_79 → HKG::ICA_73,HKG::FA_79 → HKG::ICA_73 → HKG::Indian Contract Act 1872 → HKG::wages → HKG::employment_bond → HKG::Factories Act 1948,"Sir 
My father worked in a co-op housing society as a guard  from the last 9-10 years.
In august month my father was on approved leave with application . but 3-4 days late due to illnesses . so society is not ready to continue to keep him on job as before .
Housing society terminates my father without notice and the secretary is saying you're not eligible for any gratuity  notice salary .
How will I get the full and final amount from This housing society?( Mumbai, Maharashtra )","My father worked as driver in KPTCL on 1994  he worked 5 days only then he will not reported to duty because of    he is suffering from health issue and then one year back 29/05/2018 my father is died  so that  we are eligible for taking job from compassionate ground or not . my father no given to resignation letter to department( Shimoga, Karnataka )","my father was an employee of a company and was entitled under EPF scheme. He dies in Jan,2008. My mother received his PF benefit in 2011, but my mother fell in Cancer disease in 2011 and repeatedly suffered many years, due to this we could not submit Pension Claim in 10D form to EPFO as on date. My father had no UAN no then. My question is that will my mother is eligible to submit 10D to get Family Pension from EPFO now. because now we are in very much financial  crisis.( Murshidabad, West Bengal )","A.Dear Client,New service conditions for contract, casual, and daily-rated workers in West Bengal have been announced by the Finance Deptt, Audit Branch, Govt. of West Bengal vide office order No. 3998-F(P2) dated 15/07/2019 extending and ensuring effective use of public funds and enabling workersâ redeployment during restructuring or organization winding up including (1) To remain engaged in the same capacity until 60 years old, workers need to have served for ten years continuously with at least 240-day attendance combined from current and previous organizations. (2) They will receive new rates of remuneration, medical, and leave facilities, as well as enhanced remuneration and a terminal benefit of Rs. 3 lakhs on their 60th birthday based on their length of service. (3) There is an option for workers to opt out while misconduct can lead to termination of engagement. So, if the management/third-party employer refuses to implement the said order of the State Govt., then you all contractual workers collectively and jointly should make a complaint against the third-party contractor to the State Labour Labour Commissioner for redressal of your grievance.","The primary legal issue is whether third-party contractual workers are entitled to benefits and salary increments as per state government orders. Under the Contract Labour (Regulation and Abolition) Act, 1970, contractual workers are generally not entitled to the same benefits as permanent employees unless specified in the contract or state-specific regulations. However, if the organization is circumventing labor laws by misclassifying employees, you may have grounds to challenge this.

To address this, file a complaint with the West Bengal Labour Commissioner or approach the appropriate labor court to seek clarification on your employment status and entitlements. Additionally, review your employment contract for any clauses related to salary increments and benefits that may have been overlooked.",1.5899,70.4199,19.8636,3.7634,17.0599,19.112,2.3992,27.1794,5.5395,1.634,0.6554,21.1501,51.7118,52.8759,83.8309
50,"We are working with a PSU organisation with a work order, but the work order is going to expire. As per their CLC both notice pay and retrenchment benefit to be given to the existing workers. But we have been assigned with new work order and we want to retain the same workers for the same. Is it necessary to give notice pay and retrenchment benefit to the same workers in order to close the previous work order ?( Rourkela, Orissa )",HKG::IDA_25F → HKG::IDA_25H → HKG::IDA_25N → HKG::ICA_73,HKG::IDA_25F → HKG::IDA_25H → HKG::IDA_25N → HKG::ICA_73 → HKG::employment_bond → HKG::Industrial Disputes Act 1947 → HKG::Indian Contract Act 1872 → HKG::wages,"I study in an engineering college and now I am in my second year going to start 3rd year in september my college has not given any holidays after semester end examinations and starts the new semester right the next day. This has happened for 4 continuous semesters now . In the academic calendar 1 month holiday is given but now they are going back on their words . Many of my classmates are depressed especially people from hostels who have not gone home.and I don't know what action to take ,pls tell me( Mysore, Karnataka )","Namaste sir ,
I durgaprasad working as a grade 4 permanent govt employee in state government of andhrapradesh which is a non gazetted ... Sir iam b.tech graduate with good percentage and I cracked gate 2023 with 457 score ...I have a lot of chance in NIT college to pursue Mtech in my engineering stream ....
For that I asked my head of the department to permit to study.. and he said as per the cca and subordinate rules I have not permitted to study because  iam non gazetted post .. and also requested them to sanction loss of pay of my service for about 2year..for that they told me ,, u have no such option except the government allows to u to study with special G.O ,, that is a huge process and may not be my favour ...and now iam thinking to study my mtech and success in my career I would abscond from service without intimating them ...sir is it a good move?? Or else you please give suggestions how to study my mtech without losing my current govt job with loss of my pay ... Pls provide the suggestions..  is my contact number ..sir iam from poor family with big dreams to study and my job is very lower cadre even I have chances to go mtech my family problems strucking me  I don't want to loose my hard earned job for m tech and also I don't want to loose my hard earned prestigious Gate rank for IIT and NIts  for my low cadre job .I need both for safety purposes
Kindly provide best suggestion which is even favourable infront of courts also I mean as per legally correct one ..
Thank you sir and pls do needful( Srikakulam, Andhra Pradesh )","My father worked as driver in KPTCL on 1994  he worked 5 days only then he will not reported to duty because of    he is suffering from health issue and then one year back 29/05/2018 my father is died  so that  we are eligible for taking job from compassionate ground or not . my father no given to resignation letter to department( Shimoga, Karnataka )","Dear Client,Upon the issuance of an order or directive by the competent authority for the payment of retrenchment compensation to the retrenched workers, it is imperative to adhere to the said order. However, consideration should be given to Section 25H of the Industrial Dispute Act, 1947, addressing the re-employment of retrenched workers. This section mandates that when an employer intends to hire individuals, an opportunity must be provided, as prescribed, for retrenched workers who are Indian citizens to offer themselves for re-employment, with a preference granted to such retrenched workers.Additionally, the Explanation to Section 25M of the Act, pertaining to the prohibition of layoff, specifies that an employer does not lay off a worker if alternative employment is offered within the same establishment or another establishment of the same employer in the same town, village, or a reasonable distance away.Considering these legal provisions, an application for a review of the order can be made to the competent authority. The application may highlight the alternative provisions of the law that safeguard the benefits and interests of the workers. If the competent authority finds merit in the appeal, it may conduct a hearing, involving notices to both the workers and the employer. During the hearing, if the workers accept the alternative employment offer, the authority may reconsider its initial order.","Under the Industrial Disputes Act 1947, when a work order expires, the employer is typically required to provide notice pay and retrenchment benefits to the workers if they are being terminated. However, if the workers are being retained under a new work order without any break in service, the obligation to pay notice and retrenchment benefits may not arise, as there is no actual termination of employment. To ensure compliance, confirm that the transition to the new work order is seamless and documented as a continuation of employment. It is advisable to consult with the legal or HR department to ensure proper documentation and adherence to any specific clauses in the existing work order or employment contracts.",2.288,67.1452,19.8636,3.7634,17.0599,19.112,2.3992,27.1794,5.5395,1.634,0.6554,21.1501,51.7118,52.8759,83.8309
51,"Within on year of termination can i join current organisations old client( Chennai, Tamil Nadu )",PC::Seniorities Recasted Based on Year of Allotment → PC::Direct Recruits Given Seniority Based on Year of Allotment → PC::Direct Recruits Assigned Seniority Based on Year of Allotment → PC::Section 3 of the Tamil Nadu Industrial Establishments Act,PC::Seniorities Recasted Based on Year of Allotment → PC::Direct Recruits Given Seniority Based on Year of Allotment → PC::Direct Recruits Assigned Seniority Based on Year of Allotment → PC::Section 3 of the Tamil Nadu Industrial Establishments Act → PC::Challenge to Seniority of Direct Recruits Raised → PC::High Court Upheld Seniority of Direct Recruits → PC::Validation Act Passed to Confirm Appointments → PC::Merger Recruits Assigned Seniority Below Direct Recruits,"Sir 
My father worked in a co-op housing society as a guard  from the last 9-10 years.
In august month my father was on approved leave with application . but 3-4 days late due to illnesses . so society is not ready to continue to keep him on job as before .
Housing society terminates my father without notice and the secretary is saying you're not eligible for any gratuity  notice salary .
How will I get the full and final amount from This housing society?( Mumbai, Maharashtra )","My father worked as driver in KPTCL on 1994  he worked 5 days only then he will not reported to duty because of    he is suffering from health issue and then one year back 29/05/2018 my father is died  so that  we are eligible for taking job from compassionate ground or not . my father no given to resignation letter to department( Shimoga, Karnataka )","my father was an employee of a company and was entitled under EPF scheme. He dies in Jan,2008. My mother received his PF benefit in 2011, but my mother fell in Cancer disease in 2011 and repeatedly suffered many years, due to this we could not submit Pension Claim in 10D form to EPFO as on date. My father had no UAN no then. My question is that will my mother is eligible to submit 10D to get Family Pension from EPFO now. because now we are in very much financial  crisis.( Murshidabad, West Bengal )","It depends on the terms of your termination agreement and any non-compete or non-solicitation clauses that may have been included in your employment contract.If there are no restrictions on joining the old client of your current organization, then you may be able to do so without any issues. However, if you signed a non-compete or non-solicitation agreement, you may be prohibited from working with the old client for a certain period of time after leaving your previous employer.It's important to carefully review your employment contract and any termination agreements to determine whether there are any restrictions on your ability to work with the old client. If you are unsure, it's a good idea to seek legal advice to avoid any potential legal issues.Thank you","If the termination agreement or employment contract included a non-compete clause, joining a former client's organization within a year might breach that clause. Under Indian law, particularly Section 27 of the Indian Contract Act, 1872, any agreement restraining trade is void, but courts may enforce reasonable non-compete clauses if they protect legitimate business interests. 

You can join the former client's organization unless there is a valid and enforceable non-compete clause. Review your termination agreement and employment contract for any restrictive covenants. If in doubt, consult the legal department of your new organization or seek legal advice to ensure compliance.",6.0136,76.6343,19.8636,3.7634,17.0599,19.112,2.3992,27.1794,5.5395,1.634,0.6554,21.1501,51.7118,52.8759,83.8309
52,I am working in the organisation and someone has stolen my 40k amount from purse and company people unable to find out the person. Is there any law through which I can claim on the company.,PC::Standing Orders of the Company → PC::Attempts Made to Find Alternative Employment → PC::Appellant Unable to Clear Examination → PC::Tribunal Found Company Financially Unable to Bear Wage Burden,PC::Standing Orders of the Company → PC::Attempts Made to Find Alternative Employment → PC::Appellant Unable to Clear Examination → PC::Tribunal Found Company Financially Unable to Bear Wage Burden → PC::Section 10 of the Industrial Disputes Act → PC::Management Acted in Good Faith → PC::Appellant Paid Retiral Benefits and Compensation → HKG::compensation,"Sir 
My father worked in a co-op housing society as a guard  from the last 9-10 years.
In august month my father was on approved leave with application . but 3-4 days late due to illnesses . so society is not ready to continue to keep him on job as before .
Housing society terminates my father without notice and the secretary is saying you're not eligible for any gratuity  notice salary .
How will I get the full and final amount from This housing society?( Mumbai, Maharashtra )","My father worked as driver in KPTCL on 1994  he worked 5 days only then he will not reported to duty because of    he is suffering from health issue and then one year back 29/05/2018 my father is died  so that  we are eligible for taking job from compassionate ground or not . my father no given to resignation letter to department( Shimoga, Karnataka )","my father was an employee of a company and was entitled under EPF scheme. He dies in Jan,2008. My mother received his PF benefit in 2011, but my mother fell in Cancer disease in 2011 and repeatedly suffered many years, due to this we could not submit Pension Claim in 10D form to EPFO as on date. My father had no UAN no then. My question is that will my mother is eligible to submit 10D to get Family Pension from EPFO now. because now we are in very much financial  crisis.( Murshidabad, West Bengal )",Write/complaint  to management & approach Police.,"The primary legal issue is whether the company can be held liable for the theft of personal property within the workplace. Under general tort law, an employer is not typically liable for the criminal acts of third parties, such as theft, unless it can be shown that the employer failed to provide a reasonably safe environment. In this case, the user cannot claim compensation from the company unless there is evidence of negligence in security measures that the company was obligated to provide.

To address the situation, the user should first report the theft to the police to initiate an investigation. Additionally, reviewing the company's security policies and any applicable employment agreements or insurance policies may reveal if there are any internal remedies or compensations available.",0.3103,32.655,19.8636,3.7634,17.0599,19.112,2.3992,27.1794,5.5395,1.634,0.6554,21.1501,51.7118,52.8759,83.8309
53,"Sir if any employee left a BPO 5 months back due to health reason with the notify by email to his manager. At the time of joining he signed a bond of 1 Year but after 10 month he faced seviour health issues, before that he requested for shift Chang on the basis of health issues but organization did not do that. After left the organization company called to the employee and took the interview for re-joining, but he did not re-joining the organization. Now company filed a case on the employee as absconding employee in his nearest meditation DC center and calling to his family members as well. What should he do. Please advise as soon as possible.( East Delhi, Delhi )",PC::Employee Voluntarily Retired Due to Health Issues → PC::Employee Suffered Health Issues Due to Harassment → PC::Respondent Suffered Health Issues → HKG::PGA_4,PC::Employee Voluntarily Retired Due to Health Issues → PC::Employee Suffered Health Issues Due to Harassment → PC::Respondent Suffered Health Issues → HKG::PGA_4 → HKG::gratuity → HKG::PROC_GRATUITY_CLAIM → PC::Disciplinary Proceedings Dropped → PC::High Court Directed Payment of Retiral Benefits,"My father worked as driver in KPTCL on 1994  he worked 5 days only then he will not reported to duty because of    he is suffering from health issue and then one year back 29/05/2018 my father is died  so that  we are eligible for taking job from compassionate ground or not . my father no given to resignation letter to department( Shimoga, Karnataka )","Sir 
My father worked in a co-op housing society as a guard  from the last 9-10 years.
In august month my father was on approved leave with application . but 3-4 days late due to illnesses . so society is not ready to continue to keep him on job as before .
Housing society terminates my father without notice and the secretary is saying you're not eligible for any gratuity  notice salary .
How will I get the full and final amount from This housing society?( Mumbai, Maharashtra )","my father was an employee of a company and was entitled under EPF scheme. He dies in Jan,2008. My mother received his PF benefit in 2011, but my mother fell in Cancer disease in 2011 and repeatedly suffered many years, due to this we could not submit Pension Claim in 10D form to EPFO as on date. My father had no UAN no then. My question is that will my mother is eligible to submit 10D to get Family Pension from EPFO now. because now we are in very much financial  crisis.( Murshidabad, West Bengal )","What is your contact and terms & conditions of employment,there also a clause that both the management & Emplyee  have condition for severance with the company.You should contact with a Labour & Employment and Service matter Lawyer from this panel to take up the issue with the company under the Act & safeguard your interest quickly.","The primary legal issue here is whether the employee's departure due to health issues constitutes a breach of the employment bond. Under Indian Contract Law, particularly Section 27 of the Indian Contract Act, 1872, any agreement in restraint of trade is void unless the employer can prove that the bond was reasonable and necessary to protect its interests. Given the health issues and the company's refusal to accommodate a shift change, the employee may argue that the bond's enforcement is unreasonable.

The employee should gather medical documentation to substantiate the health claims and any communication with the employer regarding the request for a shift change. It is advisable to respond to the mediation notice, presenting evidence of the health issues and the company's lack of accommodation. If the company persists, consider filing a complaint with the local labor commissioner or seeking a legal injunction to prevent harassment.",1.0997,37.1897,19.8636,3.7634,17.0599,19.112,2.3992,27.1794,5.5395,1.634,0.6554,21.1501,51.7118,52.8759,83.8309
54,"I have not received my Full & Final Settlement including 3 months salaries ( notice period ) , Gratuity for 10 years of service & Travel + Other Reimbursements from my former employer. The CEO was making Covid as an excuse initially. Now he says that there are lots of gaps in my work due to which the company is facing losses. Can i get all my  money? How should I go about it?( Bangalore, Karnataka )",HKG::PGA_4 → HKG::PGA_7,HKG::PGA_4 → HKG::PGA_7 → HKG::PROC_GRATUITY_CLAIM → HKG::gratuity → HKG::labour_court → HKG::Payment of Gratuity Act 1972,"Sir 
My father worked in a co-op housing society as a guard  from the last 9-10 years.
In august month my father was on approved leave with application . but 3-4 days late due to illnesses . so society is not ready to continue to keep him on job as before .
Housing society terminates my father without notice and the secretary is saying you're not eligible for any gratuity  notice salary .
How will I get the full and final amount from This housing society?( Mumbai, Maharashtra )","My father worked as driver in KPTCL on 1994  he worked 5 days only then he will not reported to duty because of    he is suffering from health issue and then one year back 29/05/2018 my father is died  so that  we are eligible for taking job from compassionate ground or not . my father no given to resignation letter to department( Shimoga, Karnataka )","my father was an employee of a company and was entitled under EPF scheme. He dies in Jan,2008. My mother received his PF benefit in 2011, but my mother fell in Cancer disease in 2011 and repeatedly suffered many years, due to this we could not submit Pension Claim in 10D form to EPFO as on date. My father had no UAN no then. My question is that will my mother is eligible to submit 10D to get Family Pension from EPFO now. because now we are in very much financial  crisis.( Murshidabad, West Bengal )","Hi,You can serve them with legal notice to repay the amount they owe you, and then file a civil suit for money recovery. Maintain a record of all work receipts to serve as proof of your work. You can also claim damages against the employer for breach of your employment contract.","Under the Payment of Gratuity Act, 1972, an employee who has completed five years of service is entitled to gratuity. In your case, since you have completed 10 years of service, you are eligible for gratuity. Regarding the notice period salary and other reimbursements, if your employment contract or company policy entitles you to these, you can claim them as well. Legally, you can file a claim with the Labour Court in Bangalore for the recovery of unpaid dues. Gather all relevant employment documents, such as your employment contract and any correspondence with the employer, and consult with a labor lawyer to initiate proceedings.",2.5871,46.8265,19.8636,3.7634,17.0599,19.112,2.3992,27.1794,5.5395,1.634,0.6554,21.1501,51.7118,52.8759,83.8309
55,Iam working in a company from last 3yrs . I applied for a loan and asked for a salary slip but director refused it giving some bogus reasons. ?So is it a legal right of an employee,HKG::ICA_73,HKG::ICA_73 → HKG::employment_bond → HKG::Indian Contract Act 1872 → HKG::wages → HKG::Q_864,"My father worked as driver in KPTCL on 1994  he worked 5 days only then he will not reported to duty because of    he is suffering from health issue and then one year back 29/05/2018 my father is died  so that  we are eligible for taking job from compassionate ground or not . my father no given to resignation letter to department( Shimoga, Karnataka )","I study in an engineering college and now I am in my second year going to start 3rd year in september my college has not given any holidays after semester end examinations and starts the new semester right the next day. This has happened for 4 continuous semesters now . In the academic calendar 1 month holiday is given but now they are going back on their words . Many of my classmates are depressed especially people from hostels who have not gone home.and I don't know what action to take ,pls tell me( Mysore, Karnataka )","Sir 
My father worked in a co-op housing society as a guard  from the last 9-10 years.
In august month my father was on approved leave with application . but 3-4 days late due to illnesses . so society is not ready to continue to keep him on job as before .
Housing society terminates my father without notice and the secretary is saying you're not eligible for any gratuity  notice salary .
How will I get the full and final amount from This housing society?( Mumbai, Maharashtra )",dear client in your case Yes it is your right to have salary slip. Tell your employer that if he does not give you then he will be in problem.,"Under the Indian Contract Act 1872, an employee has the right to receive a salary slip as it is an essential document for verifying employment and income, which can be crucial for financial transactions like loan applications. The refusal to provide a salary slip without valid justification may constitute a breach of employment obligations. The employee can formally request the salary slip in writing, citing the need for it in financial matters and emphasizing its importance for personal financial management. If the company continues to refuse, the employee may consider filing a complaint with the local labor office or seek legal recourse to enforce this right.",1.2668,68.9035,19.8636,3.7634,17.0599,19.112,2.3992,27.1794,5.5395,1.634,0.6554,21.1501,51.7118,52.8759,83.8309
56,"I am working in school , my school has not payed me my salary from last 6 months and now I have changed my school. Now they are saying that they will pay my 70% of the salary. They did not inform me initially that they will pay me 70% , now they are telling me that they cannot pay me more than 70% . I've given them in writing that I will not accept less than 100% . Now what can I do ? Kindly advice me.( Jodhpur, Rajasthan )",HKG::ICA_73,HKG::ICA_73 → HKG::employment_bond → HKG::Indian Contract Act 1872 → HKG::wages → HKG::Q_864,"My father worked as driver in KPTCL on 1994  he worked 5 days only then he will not reported to duty because of    he is suffering from health issue and then one year back 29/05/2018 my father is died  so that  we are eligible for taking job from compassionate ground or not . my father no given to resignation letter to department( Shimoga, Karnataka )","Sir 
My father worked in a co-op housing society as a guard  from the last 9-10 years.
In august month my father was on approved leave with application . but 3-4 days late due to illnesses . so society is not ready to continue to keep him on job as before .
Housing society terminates my father without notice and the secretary is saying you're not eligible for any gratuity  notice salary .
How will I get the full and final amount from This housing society?( Mumbai, Maharashtra )","my father was an employee of a company and was entitled under EPF scheme. He dies in Jan,2008. My mother received his PF benefit in 2011, but my mother fell in Cancer disease in 2011 and repeatedly suffered many years, due to this we could not submit Pension Claim in 10D form to EPFO as on date. My father had no UAN no then. My question is that will my mother is eligible to submit 10D to get Family Pension from EPFO now. because now we are in very much financial  crisis.( Murshidabad, West Bengal )","Hi,More specifications related to the terms of the contract are required in order to help you out.If the terms of the agreement are not against you, you can issue a legal notice to the school authorities.","Under the Indian Contract Act 1872, an employer is obligated to pay the agreed wages for services rendered unless there is a lawful reason to withhold payment. In your case, the school cannot unilaterally decide to pay only 70% of your salary without prior agreement. You can file a complaint with the Labour Commissioner in Rajasthan for non-payment of wages, as this is a violation of your employment rights. Additionally, you may consider sending a legal notice to the school demanding full payment of your dues.",6.7477,54.3408,19.8636,3.7634,17.0599,19.112,2.3992,27.1794,5.5395,1.634,0.6554,21.1501,51.7118,52.8759,83.8309
57,"Hi ! I am Ashish, working in a private company in Delhi, Currently Serving Notice Period of 2 months(60 Days), I gave my resignation on 10th October 2020, the employer has given me Appraisal Letter on 13th Nov 2020 and increased my pay. but due to work level stress and not so well Health conditions, i wanted to stop working for a year or two after completing my notice period. I have completed more than half of the Notice period now on 15th nov my employer has given me suspension of 1 week, from 16th nov- 22nd Nov 2020, saying that you have not delivered a Graphic for Diwali that can be posted on company behalf on social media channels. there were unrealistic timelines and i got only 1 day to work on those Graphics, where he wanted me to create a video as well, but i at least delivered 2 graphics. i promised him that i will try my best to do it, but he's saying now that i falsely committed and i have been telling lies to him about the work and hence a suspension is in place for you which is unpaid. He's also not giving me last working date and acceptance on my resignation, and now when i asked for it, he's saying that you will have o serve up to 24th of Dec 2020. where as my notice period should end on 10th Dec. i even told him that i will support him in everything, even if i leave. i am now looking for a legal advice on what should be my next step or can this be legally challenged ? i am not sure currently.( South West Delhi, Delhi )",HKG::FA_79,HKG::FA_79 → HKG::Factories Act 1948 → HKG::leave → HKG::Q_60 → HKG::gratuity,"My father worked as driver in KPTCL on 1994  he worked 5 days only then he will not reported to duty because of    he is suffering from health issue and then one year back 29/05/2018 my father is died  so that  we are eligible for taking job from compassionate ground or not . my father no given to resignation letter to department( Shimoga, Karnataka )","Sir 
My father worked in a co-op housing society as a guard  from the last 9-10 years.
In august month my father was on approved leave with application . but 3-4 days late due to illnesses . so society is not ready to continue to keep him on job as before .
Housing society terminates my father without notice and the secretary is saying you're not eligible for any gratuity  notice salary .
How will I get the full and final amount from This housing society?( Mumbai, Maharashtra )","I study in an engineering college and now I am in my second year going to start 3rd year in september my college has not given any holidays after semester end examinations and starts the new semester right the next day. This has happened for 4 continuous semesters now . In the academic calendar 1 month holiday is given but now they are going back on their words . Many of my classmates are depressed especially people from hostels who have not gone home.and I don't know what action to take ,pls tell me( Mysore, Karnataka )","Hello,You should send the legal notice to the company, Was there any clause in regard to this in the employment contract","The primary legal issue is the employer's unilateral extension of the notice period and the imposition of an unpaid suspension. Under Indian labor laws, the terms of employment, including notice periods, are governed by the employment contract and the Industrial Employment (Standing Orders) Act, 1946, if applicable. The employer cannot unilaterally extend the notice period beyond what is stipulated in the contract without mutual consent.

Ashish can legally challenge the suspension and the notice period extension by filing a complaint with the labor commissioner or approaching a civil court for breach of contract. The next steps would be to review the employment contract for specific clauses on notice periods and disciplinary actions, and then draft a formal letter to the employer demanding adherence to the original notice period and payment for the suspension period if it is not justified under the contract.",1.442,53.8255,19.8636,3.7634,17.0599,19.112,2.3992,27.1794,5.5395,1.634,0.6554,21.1501,51.7118,52.8759,83.8309
58,"Sir, I am working in PSU as contract employee (officer category). Location of work is at Andaman island . Did I am eligible for getting hardship allowance(10% of basic salary as extra) as per 7th CPC rule?
Permanent employees are getting same benefit here at my office .( South Andaman, Andaman and Nicobar )",HKG::ICA_73,HKG::ICA_73 → HKG::employment_bond → HKG::wages → HKG::Indian Contract Act 1872 → HKG::Q_864,"Sir 
My father worked in a co-op housing society as a guard  from the last 9-10 years.
In august month my father was on approved leave with application . but 3-4 days late due to illnesses . so society is not ready to continue to keep him on job as before .
Housing society terminates my father without notice and the secretary is saying you're not eligible for any gratuity  notice salary .
How will I get the full and final amount from This housing society?( Mumbai, Maharashtra )","My father worked as driver in KPTCL on 1994  he worked 5 days only then he will not reported to duty because of    he is suffering from health issue and then one year back 29/05/2018 my father is died  so that  we are eligible for taking job from compassionate ground or not . my father no given to resignation letter to department( Shimoga, Karnataka )","my father was an employee of a company and was entitled under EPF scheme. He dies in Jan,2008. My mother received his PF benefit in 2011, but my mother fell in Cancer disease in 2011 and repeatedly suffered many years, due to this we could not submit Pension Claim in 10D form to EPFO as on date. My father had no UAN no then. My question is that will my mother is eligible to submit 10D to get Family Pension from EPFO now. because now we are in very much financial  crisis.( Murshidabad, West Bengal )","Dear Client,A contractual and fixed-term employee is governed by the contract of employment. If your letter of appointment makes you eligible to get that allowance, you may approach accordingly to the concerned authority for disbursement of hardship allowance payable under the 7th CPC Rules. Usually, risk and hardship allowance is available to defense personnel, Railways, Air force, employees attached to disaster management etc. who are on permanent roles of the deptt.","Contract employees in a Public Sector Undertaking (PSU) are generally not entitled to the same benefits as permanent employees unless explicitly stated in their contract or employment terms. The 7th Central Pay Commission (CPC) rules typically apply to regular government employees, and contract employees may not automatically qualify for allowances like the hardship allowance unless specified in their contractual agreement. 

To address this situation, review your employment contract to check for any clauses regarding allowances or parity with permanent employees. If the contract is silent, consider discussing the matter with your HR department to explore the possibility of negotiating such benefits.",1.81,66.7201,19.8636,3.7634,17.0599,19.112,2.3992,27.1794,5.5395,1.634,0.6554,21.1501,51.7118,52.8759,83.8309
59,"April-24 I got appraisal according to my performance and after three i resigned for that role but now they are recovered my appraisal Amount.Now what to do( Bangalore, Karnataka )",HKG::PGA_7 → HKG::ATA_19,HKG::PGA_7 → HKG::ATA_19 → HKG::labour_court → HKG::PROC_GRATUITY_CLAIM → HKG::gratuity → HKG::Administrative Tribunals Act 1985,"Sir 
My father worked in a co-op housing society as a guard  from the last 9-10 years.
In august month my father was on approved leave with application . but 3-4 days late due to illnesses . so society is not ready to continue to keep him on job as before .
Housing society terminates my father without notice and the secretary is saying you're not eligible for any gratuity  notice salary .
How will I get the full and final amount from This housing society?( Mumbai, Maharashtra )","My father worked as driver in KPTCL on 1994  he worked 5 days only then he will not reported to duty because of    he is suffering from health issue and then one year back 29/05/2018 my father is died  so that  we are eligible for taking job from compassionate ground or not . my father no given to resignation letter to department( Shimoga, Karnataka )","my father was an employee of a company and was entitled under EPF scheme. He dies in Jan,2008. My mother received his PF benefit in 2011, but my mother fell in Cancer disease in 2011 and repeatedly suffered many years, due to this we could not submit Pension Claim in 10D form to EPFO as on date. My father had no UAN no then. My question is that will my mother is eligible to submit 10D to get Family Pension from EPFO now. because now we are in very much financial  crisis.( Murshidabad, West Bengal )","Dear Client,In case there exists any condition in your offer letter specifying that upon the resignation of an employee, payment made against the performance appraisal to him or her would be recovered or adjusted with his F & F settlement dues, then the action cannot be challenged or litigated. Otherwise, by serving a legal notice to the company, you can escalate your grievance to the concerned Labour Commissioner or the office of the Chief Inspector, Shops and Establishments, as the case may be, over alleged illegal and unfair labour practice for redressal of your grievance provided you are not holding the position of Manager/Supervisor but a workman as defined u/s.2(s) of the Industrial Dispute Act and simultaneously you can file an application u/s.33C(2) of the I D Act before the concerned Labour Court claiming dues from your employer receivable to you on resignation. But, if you are holding the position of Manager or Administrator in the Company, you have to file a civil suit before the Civil Court for desired relief in the matter.","The key legal issue is whether the employer's recovery of the appraisal amount is justified under the terms of employment and applicable labor laws. In Karnataka, employment terms are often governed by the contract between the employer and employee, and any recovery must comply with the terms agreed upon therein. If the employment contract or company policy allows for the recovery of appraisal amounts upon resignation within a certain period, the employer may be within their rights to do so.

To address this, first review your employment contract and any relevant company policies regarding appraisals and resignations. If the recovery appears unjustified or not stipulated in your contract, you may file a complaint with the local labor office or consider initiating a legal claim for recovery of the deducted amount.",1.2669,53.1086,19.8636,3.7634,17.0599,19.112,2.3992,27.1794,5.5395,1.634,0.6554,21.1501,51.7118,52.8759,83.8309
60,"I put my resignation to my employer for an early release by deducting my salary lieu in against the notice period as per company separation policy, but my employer is not accepting my resignation and not reliving me and asking to serve the notice period. Kindly advice to proceed further.( Hyderabad, Telangana )",HKG::ICA_73,HKG::ICA_73 → HKG::employment_bond → HKG::wages → HKG::Indian Contract Act 1872 → HKG::Q_864,"Sir 
My father worked in a co-op housing society as a guard  from the last 9-10 years.
In august month my father was on approved leave with application . but 3-4 days late due to illnesses . so society is not ready to continue to keep him on job as before .
Housing society terminates my father without notice and the secretary is saying you're not eligible for any gratuity  notice salary .
How will I get the full and final amount from This housing society?( Mumbai, Maharashtra )","My father worked as driver in KPTCL on 1994  he worked 5 days only then he will not reported to duty because of    he is suffering from health issue and then one year back 29/05/2018 my father is died  so that  we are eligible for taking job from compassionate ground or not . my father no given to resignation letter to department( Shimoga, Karnataka )","my father was an employee of a company and was entitled under EPF scheme. He dies in Jan,2008. My mother received his PF benefit in 2011, but my mother fell in Cancer disease in 2011 and repeatedly suffered many years, due to this we could not submit Pension Claim in 10D form to EPFO as on date. My father had no UAN no then. My question is that will my mother is eligible to submit 10D to get Family Pension from EPFO now. because now we are in very much financial  crisis.( Murshidabad, West Bengal )",need to check the terms and conditions mentioned in the Appointment letter. Unreasonable restrictions are not permitted under law. need to go through the entire documents/facts for detailed Legal Advice.,"Under the Indian Contract Act, 1872, an employee's resignation is a unilateral act that does not require the employer's acceptance to be effective. However, the terms of the employment contract, including the notice period, are binding. If the contract allows for a buyout of the notice period by deducting salary, the employer is legally obligated to honor this provision. The user can send a formal written communication reiterating the terms of the employment contract regarding the buyout option and request compliance. If the employer still refuses, the user may consider filing a complaint with the local labor commissioner or pursuing legal action for breach of contract.",0.9692,29.273,19.8636,3.7634,17.0599,19.112,2.3992,27.1794,5.5395,1.634,0.6554,21.1501,51.7118,52.8759,83.8309
61,"Dear Sir,

I have recently resigned from my organisation after serving for 4yrs 8 months and 2 days. As I have checked on internet 4.8 yrs is eligible for grautity.  I have conveyed same to my HR but he is saying grautity is eligible only for 5 yrs or more.

Would just require an confirmation from an legal advisor for exact rule of Grautity as this is pending from 4 months from my old employer end.( Mumbai suburban, Maharashtra )",HKG::FA_79 → HKG::PGA_4 → HKG::PGA_7 → HKG::IDA_25F,HKG::FA_79 → HKG::PGA_4 → HKG::PGA_7 → HKG::IDA_25F → HKG::Industrial Disputes Act 1947 → HKG::gratuity → HKG::labour_court → HKG::PROC_GRATUITY_CLAIM,"Sir 
My father worked in a co-op housing society as a guard  from the last 9-10 years.
In august month my father was on approved leave with application . but 3-4 days late due to illnesses . so society is not ready to continue to keep him on job as before .
Housing society terminates my father without notice and the secretary is saying you're not eligible for any gratuity  notice salary .
How will I get the full and final amount from This housing society?( Mumbai, Maharashtra )","My father worked as driver in KPTCL on 1994  he worked 5 days only then he will not reported to duty because of    he is suffering from health issue and then one year back 29/05/2018 my father is died  so that  we are eligible for taking job from compassionate ground or not . my father no given to resignation letter to department( Shimoga, Karnataka )","my father was an employee of a company and was entitled under EPF scheme. He dies in Jan,2008. My mother received his PF benefit in 2011, but my mother fell in Cancer disease in 2011 and repeatedly suffered many years, due to this we could not submit Pension Claim in 10D form to EPFO as on date. My father had no UAN no then. My question is that will my mother is eligible to submit 10D to get Family Pension from EPFO now. because now we are in very much financial  crisis.( Murshidabad, West Bengal )","Dear Client,According to Section 4(1) of the Payment of Gratuity Act of 1972, gratuity must be paid to an employee upon cessation of employment if he or she has rendered continuous service for five years or more. According to section 2A of the Act, an employee is said to be in continuous service for a period if he has for that period been in uninterrupted service including service which may be interrupted on account of accident, sickness, leave, absence from duty without leave, layoff, strike or a lock-out or cessation of work not due to any fault of employee. Section 4(2) of the Act provides that for every completed year of service or part thereof in excess of 6 months, the employer shall pay gratuity to an employee at the prescribed rates. So, when you worked for a period of 4 years 8 months & 2 days in the Company, you are eligible for payment of gratuity by the employer. Under Rule 7(1) of the Payment of Gratuity Rules, 1972, an employee who is eligible for payment of gratuity under the Act, or any person authorized, in writing, to act on his behalf, shall apply, within thirty days from the date the gratuity became payable, in Form 'I' to the employer who is duty bound to disburse the gratuity within 30 days of cessation of employment of employee or claim made by an employee. After the completion of 30 days, the employer has to pay you not only the gratuity amount but also the simple interest accrued for the delay in payment of the gratuity. In case of denial of gratuity by the employer, serving a legal notice to the company, reach out to the office of the concerned Labour Commissioner and the Controlling Authority under the Act to file a complaint against the employer over non-payment of gratuity despite your eligibility to redress the grievance. Under Sub-Sec.5 of Section 7 of the Act, the Controlling Authority is empowered with the Code of Civil Procedure, 1908 to try the claim of the applicant and pass an order/direction on the claim petition. If required, you may hire the service of an Advocate experienced in service matters to navigate the issue in the right way.","Under the Payment of Gratuity Act, 1972, an employee is eligible for gratuity after completing five years of continuous service. However, as per the Madras High Court ruling in the case of Mettur Beardsell Ltd. v. Regional Labour Commissioner, continuous service of 240 days in the fifth year can be considered as completing a full year, making you eligible for gratuity. Since you have completed 4 years, 8 months, and 2 days, you likely qualify under this interpretation.

To proceed, formally request your gratuity in writing from your employer, citing the Payment of Gratuity Act, 1972, and the relevant case law. If the employer refuses, file a claim with the controlling authority under the Act in your jurisdiction.",2.1948,82.1652,19.8636,3.7634,17.0599,19.112,2.3992,27.1794,5.5395,1.634,0.6554,21.1501,51.7118,52.8759,83.8309
62,"Hi,

I have served the full notice period and done with all the documentation of FNF but while submitting the ID card they said you are terminated and and we not provide your payouts( Lucknow, Uttar Pradesh )",HKG::IDA_2A → HKG::ESI_73 → HKG::PGA_7 → HKG::ATA_19,HKG::IDA_2A → HKG::ESI_73 → HKG::PGA_7 → HKG::ATA_19 → HKG::labour_court → HKG::gratuity → HKG::PROC_GRATUITY_CLAIM → HKG::esi,"My father worked as driver in KPTCL on 1994  he worked 5 days only then he will not reported to duty because of    he is suffering from health issue and then one year back 29/05/2018 my father is died  so that  we are eligible for taking job from compassionate ground or not . my father no given to resignation letter to department( Shimoga, Karnataka )","Sir 
My father worked in a co-op housing society as a guard  from the last 9-10 years.
In august month my father was on approved leave with application . but 3-4 days late due to illnesses . so society is not ready to continue to keep him on job as before .
Housing society terminates my father without notice and the secretary is saying you're not eligible for any gratuity  notice salary .
How will I get the full and final amount from This housing society?( Mumbai, Maharashtra )","my father was an employee of a company and was entitled under EPF scheme. He dies in Jan,2008. My mother received his PF benefit in 2011, but my mother fell in Cancer disease in 2011 and repeatedly suffered many years, due to this we could not submit Pension Claim in 10D form to EPFO as on date. My father had no UAN no then. My question is that will my mother is eligible to submit 10D to get Family Pension from EPFO now. because now we are in very much financial  crisis.( Murshidabad, West Bengal )","Dear Client,When you tender your resignation from the service following the conditions of your contract of employment and serve your notice period, your relationship with the company is automatically seized. Moreover, in compliance of formalities with regard to the disbursement of F & F Settlement dues, the Company is dutybound to relieve you from service along with F & F settlement dues. The company cannot treat your resignation as termination from service in the absence of statutory compliance with the relevant provisions of relevant Acts, like  I D Act, the Shops & Establishment Act, the Industrial Employment(SO) Act etc. Such an action on the part of the Company is highly unjustified and illegal and needs to be challenged before the concerned authority/Court. So, in the prevailing situation, if you are not holding a position of Manager/Supervisor but a workman as defined u/s.2(s) of the Industrial Dispute Act then in the absence of compliance with the statutory provision law if you are terminated from the employment that will be termed as illegal termination and unfair labor practice. In that situation, you need to serve a legal notice to your employer/company and file a complaint against them before the concerned Labour Commissioner for redressal of your grievance failing which you may file an application u/s.33C(2) of I D Act before the concerned Labour Court directly claiming entire dues payable as compensation toward illegal termination. If you are not a workman as defined u/s.2(s) of the Industrial Dispute Act you have to approach Civil Court for recovery of dues from the employer and redressal of your grievance. In case you need any legal services/assistance in this regard, you may contact our legal team with all the relevant papers.","The refusal to provide payouts after serving the full notice period and completing documentation constitutes a breach of employment contract under Indian labor laws. The user can file a complaint with the Labour Court in Uttar Pradesh, as per the Industrial Disputes Act, 1947, which provides remedies for wrongful termination and non-payment of dues. The user should gather all relevant documents, such as the employment contract, notice period served, and any communication regarding termination, to support the claim. Initiating a legal notice to the employer demanding the full and final settlement is a recommended first step.",0.8993,56.9738,19.8636,3.7634,17.0599,19.112,2.3992,27.1794,5.5395,1.634,0.6554,21.1501,51.7118,52.8759,83.8309
63,"I am actually having troubles with an employment bond I signed with my previous company. On the day of my resignation, I paid them liquidity damages through a dated cheque and in return got my experience certificate and relieving letter. After 7 months of leaving the HR calls me and requests the bond money. 

They admitted it was the finance team fault and that they forgot to credit into the company account. I politely told her I cannot arrange such a huge sum now. Kindly stop troubling me. I also asked them why was this not communicated much earlier. They asked me to talk with the accounts team and they would give me the number but I never heard from them. 

Now after 5 months, they are dropping an email requesting the same. What should I do in this case?( Bangalore, Karnataka )",HKG::ICA_73 → HKG::ICA_74 → HKG::SRA_14 → HKG::SRA_16,HKG::ICA_73 → HKG::ICA_74 → HKG::SRA_14 → HKG::SRA_16 → HKG::employment_bond → HKG::wages → HKG::Indian Contract Act 1872 → HKG::Specific Relief Act 1963,"Sir 
My father worked in a co-op housing society as a guard  from the last 9-10 years.
In august month my father was on approved leave with application . but 3-4 days late due to illnesses . so society is not ready to continue to keep him on job as before .
Housing society terminates my father without notice and the secretary is saying you're not eligible for any gratuity  notice salary .
How will I get the full and final amount from This housing society?( Mumbai, Maharashtra )","My father worked as driver in KPTCL on 1994  he worked 5 days only then he will not reported to duty because of    he is suffering from health issue and then one year back 29/05/2018 my father is died  so that  we are eligible for taking job from compassionate ground or not . my father no given to resignation letter to department( Shimoga, Karnataka )","I have been working at a Pvt. Ltd. Organisation for the past 2.5 years and i was recently posted at one of their client organisations. After few months I have resigned and while serving my notice period I applied for a job opening at the same client organisation I was working at. My employer threatens me that they will proceed legally since I have signed a non compete agreement with them which restricts me from seeking a job opportunity at any of their client organisations. This I feel is restricting me the fundamental right to earn livelihood. Also this is a great opportunity for my career. I need to take this job. Please advice me what may happen and what can be done( Hyderabad, Andhra Pradesh )","Hi,As per the facts stated by you,A complaint letter can sent to your previous company stating your grievance and requesting them to resolve the dispute as soon as possible.","Under Section 27 of the Indian Contract Act, 1872, any agreement that restrains trade or business is void, but employment bonds can be enforceable if they are reasonable and not excessively restrictive. Since you have already paid the liquidity damages and received the experience certificate and relieving letter, it indicates that the company accepted the payment as settlement of the bond. The company's delay in processing the cheque is not your liability, especially after such a significant time lapse. 

You can respond to their email by reiterating that the payment was made and accepted, and request a formal acknowledgment of the transaction. If they persist, consider sending a legal notice asserting that the claim is unfounded due to their administrative oversight and your compliance with the bond terms.",0.5106,40.1083,19.8636,3.7634,17.0599,19.112,2.3992,27.1794,5.5395,1.634,0.6554,21.1501,51.7118,52.8759,83.8309
64,"In my contract it was mentioned that I shall have 6 month of notice period later they increased it for 3 more moths without letting me know and I came to know about it when got fired  and they fired me after 9 months suddenly and saying you were not a confirmed employee and  would not get 60 days of notice period. But as per the contract or agreement  Probation shall be for first 6 months , they have given notice period for 29 days. And if se new policy comes for notice period it has to be signed from me or they can directly apply by themself?( Bangalore, Karnataka )",HKG::IDA_2A → HKG::ESI_73 → HKG::PGA_7 → HKG::ATA_19,HKG::IDA_2A → HKG::ESI_73 → HKG::PGA_7 → HKG::ATA_19 → HKG::labour_court → HKG::PROC_GRATUITY_CLAIM → HKG::gratuity → HKG::Administrative Tribunals Act 1985,"My father worked as driver in KPTCL on 1994  he worked 5 days only then he will not reported to duty because of    he is suffering from health issue and then one year back 29/05/2018 my father is died  so that  we are eligible for taking job from compassionate ground or not . my father no given to resignation letter to department( Shimoga, Karnataka )","Sir 
My father worked in a co-op housing society as a guard  from the last 9-10 years.
In august month my father was on approved leave with application . but 3-4 days late due to illnesses . so society is not ready to continue to keep him on job as before .
Housing society terminates my father without notice and the secretary is saying you're not eligible for any gratuity  notice salary .
How will I get the full and final amount from This housing society?( Mumbai, Maharashtra )","my father was an employee of a company and was entitled under EPF scheme. He dies in Jan,2008. My mother received his PF benefit in 2011, but my mother fell in Cancer disease in 2011 and repeatedly suffered many years, due to this we could not submit Pension Claim in 10D form to EPFO as on date. My father had no UAN no then. My question is that will my mother is eligible to submit 10D to get Family Pension from EPFO now. because now we are in very much financial  crisis.( Murshidabad, West Bengal )","Dear Client,A probationary period may be extended by an employer if required based on your performance and ability to grasp the jobs assigned and an extension of the probation period must be informed to the probationer before extension. In the absence of notice of extension of probation, a Probationer may be treated as an employee of the Company on the expiry of the probation period,  An employer cannot terminate an employee and even probationer from a job or service without serving a 30-day notice in compliance with Clause 13(1) of model Standing Orders applicable in an establishment in the absence of certified Standing Orders under Industrial Employment(Standing Orders) Act, 1946 which amounts to illegal termination from service as defined under Sec.2A of the Industrial Dispute Act, 1947. So in the prevailing situation, it may be suggested that if you are not holding the position of Manager/Supervisor but a workman as defined u/s.2(s) of the Industrial Dispute Act then for such an arbitrary and illegal termination from employment, reach out to the office of the Labour Commissioner concerned for filing a complaint against the employer for redressal of your grievance failing which after serving a legal notice to the Company, you can raise an industrial dispute under Sec.2A of the Act directly before the Central/State Govm. Industrial Tribunal claiming your reinstatement in service with back wages.  Otherwise, if you belong to the position of Manager or Supervisor of the Company,  you have to file a civil suit before the Civil Court for appropriate relief in the matter serving a legal notice to the employer.","The primary legal issue is whether the employer can unilaterally change the notice period in the employment contract without the employee's consent. Under Indian contract law, any modification to a contract requires mutual consent of both parties. If the original contract stipulated a 6-month notice period, any increase to 9 months without your agreement is likely unenforceable. You can challenge the termination notice period by filing a complaint with the local labor commissioner or pursuing a civil suit for breach of contract. Collect all relevant documents, including the original contract and any correspondence regarding the notice period change, as evidence for your case.",0.7534,51.0821,19.8636,3.7634,17.0599,19.112,2.3992,27.1794,5.5395,1.634,0.6554,21.1501,51.7118,52.8759,83.8309
65,"where can I complaint( Mumbai, Maharashtra )",HKG::IDA_2A → HKG::ESI_73 → HKG::IDA_25F → HKG::IDA_25H,HKG::IDA_2A → HKG::ESI_73 → HKG::IDA_25F → HKG::IDA_25H → HKG::Industrial Disputes Act 1947 → HKG::esi → HKG::PROC_WRONGFUL_TERMINATION → HKG::wrongful_termination,"Sir 
My father worked in a co-op housing society as a guard  from the last 9-10 years.
In august month my father was on approved leave with application . but 3-4 days late due to illnesses . so society is not ready to continue to keep him on job as before .
Housing society terminates my father without notice and the secretary is saying you're not eligible for any gratuity  notice salary .
How will I get the full and final amount from This housing society?( Mumbai, Maharashtra )","Widow daughter can get family pension of panchayat taj dept employees.( North 24 Parganas, West Bengal )","Namaste sir ,
I durgaprasad working as a grade 4 permanent govt employee in state government of andhrapradesh which is a non gazetted ... Sir iam b.tech graduate with good percentage and I cracked gate 2023 with 457 score ...I have a lot of chance in NIT college to pursue Mtech in my engineering stream ....
For that I asked my head of the department to permit to study.. and he said as per the cca and subordinate rules I have not permitted to study because  iam non gazetted post .. and also requested them to sanction loss of pay of my service for about 2year..for that they told me ,, u have no such option except the government allows to u to study with special G.O ,, that is a huge process and may not be my favour ...and now iam thinking to study my mtech and success in my career I would abscond from service without intimating them ...sir is it a good move?? Or else you please give suggestions how to study my mtech without losing my current govt job with loss of my pay ... Pls provide the suggestions..  is my contact number ..sir iam from poor family with big dreams to study and my job is very lower cadre even I have chances to go mtech my family problems strucking me  I don't want to loose my hard earned job for m tech and also I don't want to loose my hard earned prestigious Gate rank for IIT and NIts  for my low cadre job .I need both for safety purposes
Kindly provide best suggestion which is even favourable infront of courts also I mean as per legally correct one ..
Thank you sir and pls do needful( Srikakulam, Andhra Pradesh )","Dear Client,Termination without notice while an employee serving his notice period post-resignation amounts to illegal termination and is defined as an industrial dispute under Section 2A of the Industrial Dispute Act, 1947. In that scenario, the terminated employee/workman can raise an industrial dispute directly before the Industrial Tribunal/ Labourt Court concerned for adjudication within three years from the date of termination/retrenchment. So, in the prevailing situation, if you are not holding the position of Manager/Supervisor but a workman as defined u/s.2(s) of the Industrial Dispute Act then after serving a legal notice to the Company, reach out to the office of the Labour Commissioner concerned for filing a complaint against the company over alleged illegal termination and unfair labour practice to resolve the grievance failing which you should raise an Industrial dispute directly before the State Govt. Industrial Tribunal under Sec.2A of the I D Act. Otherwise, you need to file a civil suit against the Company in Civil Court seeking appropriate relief in the matter. In case you need our expert service, feel free to contact our legal team or avail of our paid consultation service to navigate the issue in the right way.","If the complaint involves employment termination or labor issues, and the entity in question is a commercial establishment, file a complaint with the Labour Commissioner under the Industrial Disputes Act, 1947. However, if the complaint concerns a housing society, note that the Supreme Court has ruled in cases like 'Management of Som Vihar Apartment Owners Housing Maintenance Society Ltd. v. Workmen' that such societies are not considered commercial establishments, and their employees are not entitled to benefits under labor laws. If the issue pertains to housing society management or disputes, file a complaint with the Registrar of Cooperative Societies in Maharashtra. Ensure to gather all relevant documentation and evidence before proceeding.",2.3301,50.6416,19.8636,3.7634,17.0599,19.112,2.3992,27.1794,5.5395,1.634,0.6554,21.1501,51.7118,52.8759,83.8309
66,"Dear Sir
             I am a Student. But, I don't earn. My parents are retired Govt Primary and secondary school Teachers. The pensions of both my parents sums up to worth 80000 per month. My family doesn't have any other source of income apart from this. Then, how much income should I mention on the income certificate? Is I am eligible for the OBC-NCL Certificate? If yes, then What should I fill in the column of Parents Profession in the OB-NCL application form?( Nalanda, Bihar )",HKG::EPF_6 → HKG::ICA_73,HKG::EPF_6 → HKG::ICA_73 → HKG::employment_bond → HKG::Employees Provident Fund Act 1952 → HKG::PROC_PF_COMPLAINT → HKG::provident_fund,"Sir 
My father worked in a co-op housing society as a guard  from the last 9-10 years.
In august month my father was on approved leave with application . but 3-4 days late due to illnesses . so society is not ready to continue to keep him on job as before .
Housing society terminates my father without notice and the secretary is saying you're not eligible for any gratuity  notice salary .
How will I get the full and final amount from This housing society?( Mumbai, Maharashtra )","my father was an employee of a company and was entitled under EPF scheme. He dies in Jan,2008. My mother received his PF benefit in 2011, but my mother fell in Cancer disease in 2011 and repeatedly suffered many years, due to this we could not submit Pension Claim in 10D form to EPFO as on date. My father had no UAN no then. My question is that will my mother is eligible to submit 10D to get Family Pension from EPFO now. because now we are in very much financial  crisis.( Murshidabad, West Bengal )","My father worked as driver in KPTCL on 1994  he worked 5 days only then he will not reported to duty because of    he is suffering from health issue and then one year back 29/05/2018 my father is died  so that  we are eligible for taking job from compassionate ground or not . my father no given to resignation letter to department( Shimoga, Karnataka )","Dear Client,The Non-creamy Layer (NCL) Certificate would be applicable to OBC candidates who are covered under the Income/Wealth Test criterion.   Neither salary nor income from other sources should cross Rs.8 lakhs in three consecutive years.    When your parents pension income is Rs.80,000/-per month then multiplying by 12 it comes to Rs.Rs.9,60,000/- per year that crosses the prescribed limit of income. So, you are not elligible to apply for OBC-NCL Certificate.  However, when your parents under Government employment, the status of the job (Group A/B/C/D) is more important than the salary. If your parents are earning more than 8 lakhs annually, but their rank is below that of group B officers, you are still come under the Non-Creamy Layer status. For more detailed information you may contact the office of the Tehsildar or SDM/DM who are the competent authority for issue of caste certificates.","Under the OBC-NCL (Other Backward Classes-Non-Creamy Layer) criteria, the income limit is typically Rs. 8 lakh per annum, excluding income from salaries and agricultural land. Since your parents are retired and their income is derived from pensions, this income is not considered under the salary category for OBC-NCL purposes. Therefore, you may be eligible for the OBC-NCL certificate, provided other criteria are met.

For the income certificate, mention the pension amount as the sole income source. In the OBC-NCL application form, list your parents' profession as ""Retired Government Teachers."" Verify the specific income criteria from the latest government notifications or local authorities, as they may vary.",2.6447,84.3701,19.8636,3.7634,17.0599,19.112,2.3992,27.1794,5.5395,1.634,0.6554,21.1501,51.7118,52.8759,83.8309
67,"I am working in UPPCL as assistant engineer. The term and condition mentioned in  ""Advertisement""  different from the ""U.P. State Electricity Board Engineers Service Regulations,1970"". Which one is apply to me ?( Ghaziabad, Uttar Pradesh )","PC::Employee Appointed as Assistant Engineer → PC::Workmen Employed by U.P. State Electricity Board → PC::Regulation 6(4) of U.P. State Electricity Board Officers and Servants Conditions of Service Regulations, 1975 → PC::Regulation 33(1)(iii) of the West Bengal State Electricity Board Employees Service Regulations, 1965","PC::Employee Appointed as Assistant Engineer → PC::Workmen Employed by U.P. State Electricity Board → PC::Regulation 6(4) of U.P. State Electricity Board Officers and Servants Conditions of Service Regulations, 1975 → PC::Regulation 33(1)(iii) of the West Bengal State Electricity Board Employees Service Regulations, 1965 → PC::Article 12 of the Constitution of India → PC::Standing Orders Not Certified by Board → PC::Electricity Supply Act, 1948 → PC::Employee Promoted to Assistant Mechanical Engineer","Sir 
My father worked in a co-op housing society as a guard  from the last 9-10 years.
In august month my father was on approved leave with application . but 3-4 days late due to illnesses . so society is not ready to continue to keep him on job as before .
Housing society terminates my father without notice and the secretary is saying you're not eligible for any gratuity  notice salary .
How will I get the full and final amount from This housing society?( Mumbai, Maharashtra )","My father worked as driver in KPTCL on 1994  he worked 5 days only then he will not reported to duty because of    he is suffering from health issue and then one year back 29/05/2018 my father is died  so that  we are eligible for taking job from compassionate ground or not . my father no given to resignation letter to department( Shimoga, Karnataka )","my father was an employee of a company and was entitled under EPF scheme. He dies in Jan,2008. My mother received his PF benefit in 2011, but my mother fell in Cancer disease in 2011 and repeatedly suffered many years, due to this we could not submit Pension Claim in 10D form to EPFO as on date. My father had no UAN no then. My question is that will my mother is eligible to submit 10D to get Family Pension from EPFO now. because now we are in very much financial  crisis.( Murshidabad, West Bengal )",First follow the Advt conditions.,"The U.P. State Electricity Board Engineers Service Regulations, 1970, as a statutory regulation, generally takes precedence over the terms mentioned in an advertisement. Advertisements serve as an invitation to apply and do not have the binding legal authority of established regulations. Legally, the terms of employment and service conditions are governed by the regulations unless there is a specific legal provision that allows the advertisement to override these regulations.

To resolve this discrepancy, review the specific clauses in both the advertisement and the regulations to identify any potential conflicts. If there is a significant deviation affecting your employment rights, consider filing a representation with the UPPCL HR department or seek a legal remedy through the appropriate administrative tribunal.",0.3566,26.9872,19.8636,3.7634,17.0599,19.112,2.3992,27.1794,5.5395,1.634,0.6554,21.1501,51.7118,52.8759,83.8309
68,"I inadvertently mention in my obc ncl application during apply for it my own income instead of my parents that is respectively 1.5 lpa and 5.5 lpa. My father is businessman and they file income tax return. I joined Railway govt services level 1 post as unreserved category before 6 months before. There are two DV conduct one by RRC (Recruitment Agency) and 2nd stage by department. After first DV i realised mistake done by me then for 2nd dv i prepared new obc ncl with my parents income and submitted it to departmental dv. 

but i am afraid because 1st dv certificate not as per my parents income. 
Q1. In future department can take action against me. 
Q2. can i now cancel my reservation claim because my selection made through unreserved category at all stage of recruitment process and my age also under unreserved category. 
Q3. In future i have to return my all salary earn during service.( Muzaffarpur, Bihar )",HKG::ICA_73,HKG::ICA_73 → HKG::Indian Contract Act 1872 → HKG::wages → HKG::employment_bond → HKG::Q_864,"I study in an engineering college and now I am in my second year going to start 3rd year in september my college has not given any holidays after semester end examinations and starts the new semester right the next day. This has happened for 4 continuous semesters now . In the academic calendar 1 month holiday is given but now they are going back on their words . Many of my classmates are depressed especially people from hostels who have not gone home.and I don't know what action to take ,pls tell me( Mysore, Karnataka )","My father worked as driver in KPTCL on 1994  he worked 5 days only then he will not reported to duty because of    he is suffering from health issue and then one year back 29/05/2018 my father is died  so that  we are eligible for taking job from compassionate ground or not . my father no given to resignation letter to department( Shimoga, Karnataka )","Namaste sir ,
I durgaprasad working as a grade 4 permanent govt employee in state government of andhrapradesh which is a non gazetted ... Sir iam b.tech graduate with good percentage and I cracked gate 2023 with 457 score ...I have a lot of chance in NIT college to pursue Mtech in my engineering stream ....
For that I asked my head of the department to permit to study.. and he said as per the cca and subordinate rules I have not permitted to study because  iam non gazetted post .. and also requested them to sanction loss of pay of my service for about 2year..for that they told me ,, u have no such option except the government allows to u to study with special G.O ,, that is a huge process and may not be my favour ...and now iam thinking to study my mtech and success in my career I would abscond from service without intimating them ...sir is it a good move?? Or else you please give suggestions how to study my mtech without losing my current govt job with loss of my pay ... Pls provide the suggestions..  is my contact number ..sir iam from poor family with big dreams to study and my job is very lower cadre even I have chances to go mtech my family problems strucking me  I don't want to loose my hard earned job for m tech and also I don't want to loose my hard earned prestigious Gate rank for IIT and NIts  for my low cadre job .I need both for safety purposes
Kindly provide best suggestion which is even favourable infront of courts also I mean as per legally correct one ..
Thank you sir and pls do needful( Srikakulam, Andhra Pradesh )","Dear Client,The eligibility for an OBC NCL certificate is determined based on the annual income of the applicant's parents if the income falls below Rs.8 lakh in a financial year. So, when your parent's income falls below the threshold limit of income, even if you wrongly mention it as your income that will not change your status quo which is determined based on the parent's income. Apart from the parent's income, if you meet the other eligible criteria required for the issue of an OBC NCL Certificate, then there is nothing to worry about any future consequences and more so when you are recruited against an unreserved category.","The primary legal issue here involves potential misrepresentation in the OBC NCL certificate application process, which could lead to departmental action. Under Indian law, providing false information in official documents can result in disciplinary action, including termination or legal consequences, under the Indian Penal Code (IPC) for forgery or fraud (Sections 465, 468, 471).

1. The department could take action if they determine there was an intentional misrepresentation, but since you corrected the mistake before the final verification and your selection was through the unreserved category, this may mitigate potential consequences.

2. You can formally withdraw your OBC NCL claim by submitting a written request to the department, clarifying that your selection and employment were based on unreserved category criteria.

3. Returning your salary is unlikely since your employment was not contingent on the OBC NCL status, but it is advisable to maintain transparency with the department.

Next steps: Submit a formal letter to the department explaining the error and your intent to withdraw the OBC NCL claim. Keep records of all communications for future reference.",1.78,67.7387,19.8636,3.7634,17.0599,19.112,2.3992,27.1794,5.5395,1.634,0.6554,21.1501,51.7118,52.8759,83.8309
69,"How to take legal action against my previous employer who is ignoring to clear my pending salaries?( Gwalior, Madhya Pradesh )",HKG::ICA_73,HKG::ICA_73 → HKG::employment_bond → HKG::wages → HKG::Indian Contract Act 1872 → HKG::Q_864,"Sir 
My father worked in a co-op housing society as a guard  from the last 9-10 years.
In august month my father was on approved leave with application . but 3-4 days late due to illnesses . so society is not ready to continue to keep him on job as before .
Housing society terminates my father without notice and the secretary is saying you're not eligible for any gratuity  notice salary .
How will I get the full and final amount from This housing society?( Mumbai, Maharashtra )","My father worked as driver in KPTCL on 1994  he worked 5 days only then he will not reported to duty because of    he is suffering from health issue and then one year back 29/05/2018 my father is died  so that  we are eligible for taking job from compassionate ground or not . my father no given to resignation letter to department( Shimoga, Karnataka )","my father was an employee of a company and was entitled under EPF scheme. He dies in Jan,2008. My mother received his PF benefit in 2011, but my mother fell in Cancer disease in 2011 and repeatedly suffered many years, due to this we could not submit Pension Claim in 10D form to EPFO as on date. My father had no UAN no then. My question is that will my mother is eligible to submit 10D to get Family Pension from EPFO now. because now we are in very much financial  crisis.( Murshidabad, West Bengal )","Dear Client,If your previous employer after many request is not granting you salary ,you can file the matter against him in the Labour commission where they will settle the matter or you can also file a case under section 33(c) of Industrial Dispute Act for the recovery of your salary from employer or case can be filed under payment of wages act, 1936 under the concerned authorities.Thank You.","In Gwalior, Madhya Pradesh, if an employer refuses to clear pending salaries, the employee can file a claim under the Payment of Wages Act, 1936, which mandates timely payment of wages. The employee can approach the Labour Commissioner or file a complaint with the Labour Court for recovery of dues. Employers are legally obligated to pay wages within the prescribed time limits, and failure to do so can result in penalties. Gather all employment records, such as appointment letters and salary slips, and submit them as evidence when filing the complaint.",3.2879,68.3434,19.8636,3.7634,17.0599,19.112,2.3992,27.1794,5.5395,1.634,0.6554,21.1501,51.7118,52.8759,83.8309
70,"As my health was not sound enough when i joined a company, in line when i asked or told to initiate quitting process, I was told to serve 3 months but the offer letter didn't mention any such as for trainees and primarily - i joined as a trainee. As 2 months i proceeded, i couldn't able to continue and was strong that my health over job so i asked them if i could resign. And in that process I was easily threatened, one of them treated me disrespectfully. after hours of waiting they asked us initially to pay then they again told ""you need not pay or compensate for the 3 months remaining"" - while all this was in the process my 2nd month salary was frozen. they promised that they will give me salary within weeks but its been 3 months since this happened and they didn't oblige. Secondly, now that I'm well and to search for a job if i proceed after three months, they mailed me ""we can't help you with BGV"". 
My doubt is, I have such an academic records as i got AIR 21 in CMA - I feel like my dream has been shattered. Is there any way possible that i can have my Dream to progress?( Chennai, Tamil Nadu )",HKG::EPF_6 → HKG::PGA_7 → HKG::ATA_19 → HKG::ICA_73,HKG::EPF_6 → HKG::PGA_7 → HKG::ATA_19 → HKG::ICA_73 → HKG::wages → HKG::PROC_GRATUITY_CLAIM → HKG::gratuity → HKG::labour_court,"My father worked as driver in KPTCL on 1994  he worked 5 days only then he will not reported to duty because of    he is suffering from health issue and then one year back 29/05/2018 my father is died  so that  we are eligible for taking job from compassionate ground or not . my father no given to resignation letter to department( Shimoga, Karnataka )","Namaste sir ,
I durgaprasad working as a grade 4 permanent govt employee in state government of andhrapradesh which is a non gazetted ... Sir iam b.tech graduate with good percentage and I cracked gate 2023 with 457 score ...I have a lot of chance in NIT college to pursue Mtech in my engineering stream ....
For that I asked my head of the department to permit to study.. and he said as per the cca and subordinate rules I have not permitted to study because  iam non gazetted post .. and also requested them to sanction loss of pay of my service for about 2year..for that they told me ,, u have no such option except the government allows to u to study with special G.O ,, that is a huge process and may not be my favour ...and now iam thinking to study my mtech and success in my career I would abscond from service without intimating them ...sir is it a good move?? Or else you please give suggestions how to study my mtech without losing my current govt job with loss of my pay ... Pls provide the suggestions..  is my contact number ..sir iam from poor family with big dreams to study and my job is very lower cadre even I have chances to go mtech my family problems strucking me  I don't want to loose my hard earned job for m tech and also I don't want to loose my hard earned prestigious Gate rank for IIT and NIts  for my low cadre job .I need both for safety purposes
Kindly provide best suggestion which is even favourable infront of courts also I mean as per legally correct one ..
Thank you sir and pls do needful( Srikakulam, Andhra Pradesh )","I study in an engineering college and now I am in my second year going to start 3rd year in september my college has not given any holidays after semester end examinations and starts the new semester right the next day. This has happened for 4 continuous semesters now . In the academic calendar 1 month holiday is given but now they are going back on their words . Many of my classmates are depressed especially people from hostels who have not gone home.and I don't know what action to take ,pls tell me( Mysore, Karnataka )","Dear Client,The Labour Laws and other quasi-judicial laws govern the relationship between an employer and an employee. A Probationer/trainee is not treated as an employee in the permanent role of the Company, so standing rules or regulations do not apply to the probationer/trainee to regulate or resolve the dispute between a probationer and an employer. Moreover, in the absence of a specific stipulation in the appointment letter about the notice period required for resignation, the company cannot force a trainee who tendered his resignation on the grounds of adverse health conditions to serve a three-month notice period or pay in lieu of said notice. So, the action of the Company giving a threat of damaging career under BGV, prima facie, amounted to victimization and unfair labour practices. Although you are not a workman under I D Act, still you can approach the concerned Labour Commissioner of the State Govt. for redressal of your grievance against the unfair labour practice of the Company. Further, a background verification(BGV) check is a process many organizations carry out in order to verify the information provided by the candidate during hiring. Verification of EPFO records through UAN is a critical process for conducting employee background checks because it allows employers to confirm that their employees are not using false or stolen identities to gain employment. . A joint declaration form is used to correct Provident Fund (PF) member details. It is a combined form that the employee and employer jointly sign and submit to the regional PF commissioner to update the wrong information entered in the employeesâ PF accounts. So, it is the duty cast on the employer to rectify the anomaly in the PF records that affected the employee's record. An individual can file a complaint using the EPF i-Grievance Management System (www. https://epfigms.gov.in/). Once you succeed in wiping out the stigma of dual employment from your EPF records with the cooperation of your previous and present employer, your scope of employment with other companies will be restored with clean employment records.","The primary legal issue here is the non-payment of wages and the potential breach of employment contract terms. Under the Payment of Wages Act, 1936, employers are obligated to pay wages on time, and withholding salary without legal justification is a violation. Since the offer letter did not specify a notice period for trainees, enforcing a three-month notice period could be considered unfair, especially if you were coerced into compliance.

You can file a complaint with the Labour Commissioner in Chennai for the non-payment of wages. Additionally, if the company is hindering your Background Verification (BGV) without valid reasons, you may consider legal action for defamation or seek a declaratory judgment on your employment status. Consulting with a local labor lawyer to draft a formal demand letter for your unpaid salary and to address the BGV issue would be a prudent next step.",1.6459,58.6583,19.8636,3.7634,17.0599,19.112,2.3992,27.1794,5.5395,1.634,0.6554,21.1501,51.7118,52.8759,83.8309
71,"Can I get regular BA degree course while Im in service as a DEd teacher?( Jalgaon, Maharashtra )","PC::Section 3 of the Pre-Degree Course Abolition Act, 1997 → PC::Employee Died While in Service → PC::Petitioner Joined Service as Assistant Teacher → PC::Father of Respondent Died While in Service","PC::Section 3 of the Pre-Degree Course Abolition Act, 1997 → PC::Employee Died While in Service → PC::Petitioner Joined Service as Assistant Teacher → PC::Father of Respondent Died While in Service → PC::Petitioner Promoted to Deputy Inspector of Schools → PC::Petitioner Transferred to Different Locations → PC::Compassionate Appointment Scheme Established → PC::Widow of Employee Claimed Family Pension","Sir 
My father worked in a co-op housing society as a guard  from the last 9-10 years.
In august month my father was on approved leave with application . but 3-4 days late due to illnesses . so society is not ready to continue to keep him on job as before .
Housing society terminates my father without notice and the secretary is saying you're not eligible for any gratuity  notice salary .
How will I get the full and final amount from This housing society?( Mumbai, Maharashtra )","my father was an employee of a company and was entitled under EPF scheme. He dies in Jan,2008. My mother received his PF benefit in 2011, but my mother fell in Cancer disease in 2011 and repeatedly suffered many years, due to this we could not submit Pension Claim in 10D form to EPFO as on date. My father had no UAN no then. My question is that will my mother is eligible to submit 10D to get Family Pension from EPFO now. because now we are in very much financial  crisis.( Murshidabad, West Bengal )","My father worked as driver in KPTCL on 1994  he worked 5 days only then he will not reported to duty because of    he is suffering from health issue and then one year back 29/05/2018 my father is died  so that  we are eligible for taking job from compassionate ground or not . my father no given to resignation letter to department( Shimoga, Karnataka )","Dear Client,As a working teacher, you may not be able to pursue a regular BA degree due to time constraints. However, you have the option to obtain a BA degree through distance education, which is considered equivalent to a regular BA degree. This mode of education allows you to balance your work commitments while pursuing your academic goals.","Under the Pre-Degree Course Abolition Act, 1997, the ability to pursue a regular BA degree while employed as a DEd teacher depends on the rules and regulations of your specific employment contract and the policies of your employer. Generally, teachers are allowed to pursue further education provided it does not interfere with their teaching duties and they obtain necessary permissions from their employer. 

You can legally pursue a BA degree if you secure approval from your employer, ensuring that your study schedule does not conflict with your teaching responsibilities. Check your employment contract for any clauses related to further education and consult with your employer or HR department to obtain formal permission.",6.5908,72.0301,19.8636,3.7634,17.0599,19.112,2.3992,27.1794,5.5395,1.634,0.6554,21.1501,51.7118,52.8759,83.8309
72,"My employer is a private bank and it is doing Discrimination in profile allocation to me since October 2019, means I am in the organisation without any profile and work without any reason. Which deprived me of my career growth and financial benefits and growth. Eventhough the profile were available I wasn't alloted any, and when I complained about it to management the HR gave me a punishment transfer to Assam. But management didn't answered or replied to any complaint. I had done a whistle blower for a fraud at Wankaner Branch since then HR is doing this Discrimination and mental harassment to me please guide for legal action( Rajkot, Gujarat )",PC::Claim for Bonus for Work Done in the Past → PC::Claim of Discrimination in Transfer Benefits → HKG::PGA_7 → PC::Appellant Claimed Discrimination in Punishment,PC::Claim for Bonus for Work Done in the Past → PC::Claim of Discrimination in Transfer Benefits → HKG::PGA_7 → PC::Appellant Claimed Discrimination in Punishment → PC::HC Vijay Pal Exonerated After Acquittal → HKG::gratuity → HKG::PROC_GRATUITY_CLAIM → HKG::labour_court,"Sir 
My father worked in a co-op housing society as a guard  from the last 9-10 years.
In august month my father was on approved leave with application . but 3-4 days late due to illnesses . so society is not ready to continue to keep him on job as before .
Housing society terminates my father without notice and the secretary is saying you're not eligible for any gratuity  notice salary .
How will I get the full and final amount from This housing society?( Mumbai, Maharashtra )","My father worked as driver in KPTCL on 1994  he worked 5 days only then he will not reported to duty because of    he is suffering from health issue and then one year back 29/05/2018 my father is died  so that  we are eligible for taking job from compassionate ground or not . my father no given to resignation letter to department( Shimoga, Karnataka )","my father was an employee of a company and was entitled under EPF scheme. He dies in Jan,2008. My mother received his PF benefit in 2011, but my mother fell in Cancer disease in 2011 and repeatedly suffered many years, due to this we could not submit Pension Claim in 10D form to EPFO as on date. My father had no UAN no then. My question is that will my mother is eligible to submit 10D to get Family Pension from EPFO now. because now we are in very much financial  crisis.( Murshidabad, West Bengal )","Dear ClientIf the discrimination or harassment is happening in the workplace, discuss the issue with your employer. Many employers have a complaints procedure or a disability contact officer (usually within the human resources department) who can discuss workplace problems and concerns with you.Hope it helps.","The legal issue at hand is workplace discrimination and retaliation under the Whistleblower Protection Act, which safeguards employees from adverse actions for reporting misconduct. Given the discrimination in profile allocation and the punitive transfer following whistleblowing, a complaint can be filed with the appropriate labor tribunal or court under the Industrial Disputes Act, 1947, which addresses unfair labor practices. 

The user can file a formal complaint with the local labor commissioner or approach the State Human Rights Commission for relief. Additionally, documenting all instances of discrimination and retaliation, including communications with HR and management, will be crucial for substantiating the claim. Legal recourse could also include seeking an injunction against the transfer and claiming damages for mental harassment.",1.0022,67.9661,19.8636,3.7634,17.0599,19.112,2.3992,27.1794,5.5395,1.634,0.6554,21.1501,51.7118,52.8759,83.8309
73,"Sir i want to ask that byjus trainer say that its day one salary training process but after 21 days firstly thay say that your job location will change approx 50 km in other city, but i maild him that i am ready but i want few time to relocate but after these day they maild me that i am regected or not shortlisted for this position. and thay run away to give me my salary and they say that we are not responsible. what should i do?( Azamgarh, Uttar Pradesh )",HKG::PGA_7 → HKG::ATA_19 → HKG::ICA_73,HKG::PGA_7 → HKG::ATA_19 → HKG::ICA_73 → HKG::employment_bond → HKG::labour_court → HKG::gratuity → HKG::Administrative Tribunals Act 1985,"Sir 
My father worked in a co-op housing society as a guard  from the last 9-10 years.
In august month my father was on approved leave with application . but 3-4 days late due to illnesses . so society is not ready to continue to keep him on job as before .
Housing society terminates my father without notice and the secretary is saying you're not eligible for any gratuity  notice salary .
How will I get the full and final amount from This housing society?( Mumbai, Maharashtra )","My father worked as driver in KPTCL on 1994  he worked 5 days only then he will not reported to duty because of    he is suffering from health issue and then one year back 29/05/2018 my father is died  so that  we are eligible for taking job from compassionate ground or not . my father no given to resignation letter to department( Shimoga, Karnataka )","my father was an employee of a company and was entitled under EPF scheme. He dies in Jan,2008. My mother received his PF benefit in 2011, but my mother fell in Cancer disease in 2011 and repeatedly suffered many years, due to this we could not submit Pension Claim in 10D form to EPFO as on date. My father had no UAN no then. My question is that will my mother is eligible to submit 10D to get Family Pension from EPFO now. because now we are in very much financial  crisis.( Murshidabad, West Bengal )","A.Dear SirPlease approach the following authority or similar authority in a stateThe Office Commissioner of LabourKarmika Bhavan, Dairy Circle,Section 12 in The Industrial Disputes Act, 194712. Duties of conciliation officers.- (relevant section 12(2) of ID Act)(1) Where any industrial dispute exists or is apprehended, the conciliation officer may, or where the dispute relates to a public utility service and a notice under section 22 has been given, shall hold conciliation proceedings in the prescribed manner.(2) The conciliation officer shall, for the purpose of bringing about a settlement of the dispute, without delay, investigate the dispute and all matters affecting the merits and the right settlement thereof and may do all such things as he thinks fit for the purpose of inducing the parties to come to a fair and amicable settlement of the dispute.(3) If a settlement of the dispute or of any of the matters in dispute is arrived at in the course of the conciliation proceedings the conciliationofficer shall send a report thereof to the appropriate Government 1 or an officer authorised in this behalf by the appropriate Government] together with a memorandum of the settlement signed by the parties to the dispute.(4) If no such settlement is arrived at, the conciliation officer shall, as soon as practicable after the close of the investigation, send to the appropriate Government a full report setting forth the steps taken by him for ascertaining the facts and circumstances relating to the dispute and for bringing about a settlement thereof, together with a full statement of such facts and circumstances, and the reasons on account of which, in his opinion, a settlement could not be arrived at.(5) If, on a consideration of the report referred to in sub- section (4), the appropriate Government is satisfied that there is a case for reference to a Board, 2 Labour Court, Tribunal or National Tribunal,] it may make such reference. Where the appropriate Government does not make such a reference it shall record and communicate to the parties concerned its reasons therefor.(6) A report under this section shall be submitted within fourteen days of the commencement of the conciliation proceedings or within such shorter period as may be fixed by the appropriate Government: 3 Provided that, 4 subject to the approval of the conciliation officer,] the time for the submission of the report may be extended by such period as may be agreed upon in writing by all the parties to the dispute.]","The primary legal issue is the non-payment of wages for the training period. Under the Payment of Wages Act, 1936, an employer is obligated to pay wages for work done, which includes training if it was part of the employment agreement. If Byju's promised a salary for the training period and failed to pay, you may file a complaint with the Labour Court or the Labour Commissioner in Uttar Pradesh. Collect all relevant documents, such as emails and communications regarding the training and employment terms, to support your claim. Additionally, consider sending a formal demand letter to Byju's requesting payment of the owed salary before proceeding with legal action.",0.1172,34.5714,19.8636,3.7634,17.0599,19.112,2.3992,27.1794,5.5395,1.634,0.6554,21.1501,51.7118,52.8759,83.8309
74,"I am a vice president in a foundry in Coimbatore. I have a signed appointment letter where my employer had agreed during my recruitment to pay 3% of gross profits on revenues generated above a target threshold. Now I have resigned and during settlement, the employer is flatly refusing to pay any incentive without giving any reason. He is just saying don't ask I will not pay, let's part in good terms. What can I do now? He has already signed and provided my relieving letter, but has not provided settlement yet.( Coimbatore, Tamil Nadu )",HKG::PGA_7 → HKG::ATA_19,HKG::PGA_7 → HKG::ATA_19 → HKG::labour_court → HKG::gratuity → HKG::PROC_GRATUITY_CLAIM → HKG::Administrative Tribunals Act 1985,"Sir 
My father worked in a co-op housing society as a guard  from the last 9-10 years.
In august month my father was on approved leave with application . but 3-4 days late due to illnesses . so society is not ready to continue to keep him on job as before .
Housing society terminates my father without notice and the secretary is saying you're not eligible for any gratuity  notice salary .
How will I get the full and final amount from This housing society?( Mumbai, Maharashtra )","My father worked as driver in KPTCL on 1994  he worked 5 days only then he will not reported to duty because of    he is suffering from health issue and then one year back 29/05/2018 my father is died  so that  we are eligible for taking job from compassionate ground or not . my father no given to resignation letter to department( Shimoga, Karnataka )","my father was an employee of a company and was entitled under EPF scheme. He dies in Jan,2008. My mother received his PF benefit in 2011, but my mother fell in Cancer disease in 2011 and repeatedly suffered many years, due to this we could not submit Pension Claim in 10D form to EPFO as on date. My father had no UAN no then. My question is that will my mother is eligible to submit 10D to get Family Pension from EPFO now. because now we are in very much financial  crisis.( Murshidabad, West Bengal )","Dear Client,Since you were holding the position of Vice President in the Company for such breach of contract and for recovery of dues from the Company post-resignation, you have to file a civil suit for specific performance under the Specific Relief Act, 1963 claiming compensation for damages caused for breach of contract and a money recovery suit under Order IV of the CPC claiming the settlement dues from the Company.  Section 73-75 of the Indian Contract Act, 1872, provides the remedy by means of damages for breaches of contract. The suit for recovery of money and specific performance must be filed within 3 years from the date of the cause of action having arisen. Serving a legal notice to the Company, reach out to an Advocate for advice and action. Feel free to contact our legal team of expert professionals to navigate the issue in the right way.","The primary legal issue is the breach of contract regarding the non-payment of the agreed incentive. Under the Indian Contract Act, 1872, a contract is legally binding, and failure to fulfill its terms constitutes a breach (Section 73). Since the incentive was part of the employment agreement, the employer is obligated to honor it.

You can file a civil suit for recovery of the amount in the appropriate civil court, citing breach of contract. Alternatively, consider approaching the Labour Court or Industrial Tribunal if your role falls under the purview of the Industrial Disputes Act, 1947, which may facilitate a quicker resolution. Collect all relevant documents, including the appointment letter and any correspondence, to substantiate your claim.",11.7171,65.9148,19.8636,3.7634,17.0599,19.112,2.3992,27.1794,5.5395,1.634,0.6554,21.1501,51.7118,52.8759,83.8309
75,"how to proceed further if the company doesnot give the  immediate relieving  even when we are ready to pay penalty...?( Visakhapatnam, Andhra Pradesh )",PC::Investigation Ordered to Proceed → PC::High Court Upheld Condition for Reference to Proceed → PC::Standing Orders of the Company → PC::Andhra Pradesh High Court Rules,"PC::Investigation Ordered to Proceed → PC::High Court Upheld Condition for Reference to Proceed → PC::Standing Orders of the Company → PC::Andhra Pradesh High Court Rules → PC::Section 31 of the Madhya Pradesh Industrial Relations Act, 1960 → PC::Article 227 of the Constitution of India → PC::High Court Directed Payment of Difference in Interest → PC::Appellant Challenged High Court Order","Sir 
My father worked in a co-op housing society as a guard  from the last 9-10 years.
In august month my father was on approved leave with application . but 3-4 days late due to illnesses . so society is not ready to continue to keep him on job as before .
Housing society terminates my father without notice and the secretary is saying you're not eligible for any gratuity  notice salary .
How will I get the full and final amount from This housing society?( Mumbai, Maharashtra )","My father worked as driver in KPTCL on 1994  he worked 5 days only then he will not reported to duty because of    he is suffering from health issue and then one year back 29/05/2018 my father is died  so that  we are eligible for taking job from compassionate ground or not . my father no given to resignation letter to department( Shimoga, Karnataka )","my father was an employee of a company and was entitled under EPF scheme. He dies in Jan,2008. My mother received his PF benefit in 2011, but my mother fell in Cancer disease in 2011 and repeatedly suffered many years, due to this we could not submit Pension Claim in 10D form to EPFO as on date. My father had no UAN no then. My question is that will my mother is eligible to submit 10D to get Family Pension from EPFO now. because now we are in very much financial  crisis.( Murshidabad, West Bengal )",Dear ClientYou can send them a legal notice asking them to relieve you as per the employment offer letter and term and conditions or else you will be forced to file a case against them for breach of terms of contract and seek compensation from them.Hope it helps.,"Under the Andhra Pradesh Shops and Establishments Act, 1988, an employee is generally required to provide notice or pay in lieu of notice when resigning, as per the terms of employment. If the company refuses to relieve you despite your willingness to pay the penalty, it may be in breach of contract. You cannot force the company to relieve you immediately, but you can formally communicate your intent to resign and pay the penalty, keeping a record of all correspondence. If the company still does not comply, consider filing a complaint with the local labor commissioner or pursuing legal action for breach of contract.",3.7382,52.6433,19.8636,3.7634,17.0599,19.112,2.3992,27.1794,5.5395,1.634,0.6554,21.1501,51.7118,52.8759,83.8309
76,"My father is working as doctor in State government. He has applied for VRS in july 2019 and opted for VRS on 31 oct 2019 after completing 3 month notice period. But the department didn't give him any information regarding reliving. So he continued his service. He has also received the salery for the month of april 2020. Also he was not on duty from 25 feb 2020 as he was stuck in my location due to lockdown. 
Now his department is saying that you will not be given salery from this month. Also your previous salery will be recovered. Is it legal. Can we go to court. In which court should we go.( Sidhi, Madhya Pradesh )",HKG::PGA_7 → HKG::PGA_4 → PC::Application for VRS Rejected → PC::Employee Entitled to One Month Notice,HKG::PGA_7 → HKG::PGA_4 → PC::Application for VRS Rejected → PC::Employee Entitled to One Month Notice → PC::Trial Court Found Rules Binding on Employee → HKG::gratuity → HKG::PROC_GRATUITY_CLAIM → HKG::labour_court,"Sir 
My father worked in a co-op housing society as a guard  from the last 9-10 years.
In august month my father was on approved leave with application . but 3-4 days late due to illnesses . so society is not ready to continue to keep him on job as before .
Housing society terminates my father without notice and the secretary is saying you're not eligible for any gratuity  notice salary .
How will I get the full and final amount from This housing society?( Mumbai, Maharashtra )","My father worked as driver in KPTCL on 1994  he worked 5 days only then he will not reported to duty because of    he is suffering from health issue and then one year back 29/05/2018 my father is died  so that  we are eligible for taking job from compassionate ground or not . my father no given to resignation letter to department( Shimoga, Karnataka )","my father was an employee of a company and was entitled under EPF scheme. He dies in Jan,2008. My mother received his PF benefit in 2011, but my mother fell in Cancer disease in 2011 and repeatedly suffered many years, due to this we could not submit Pension Claim in 10D form to EPFO as on date. My father had no UAN no then. My question is that will my mother is eligible to submit 10D to get Family Pension from EPFO now. because now we are in very much financial  crisis.( Murshidabad, West Bengal )",Court expenses will be more and get terminal benefits smoothly.,"The key legal issue here is whether the department's failure to formally relieve your father after his VRS application constitutes a breach of employment terms. Under the applicable service rules for government employees, once an employee has completed the notice period for VRS and has not been formally relieved, they are generally considered to continue in service unless otherwise communicated. The department's decision to recover salary may be challenged as it appears inconsistent with the principle of estoppel, which prevents a party from taking a contrary position after inducing reliance.

Your father can approach the Madhya Pradesh Administrative Tribunal or the High Court under Article 226 for a writ petition challenging the department's actions. He should gather all relevant documents, including the VRS application, notice period completion, and salary records, to support his case. Consulting with a lawyer experienced in service law would be beneficial to assess the merits of the case and to draft a precise legal challenge.",0.2933,25.8927,19.8636,3.7634,17.0599,19.112,2.3992,27.1794,5.5395,1.634,0.6554,21.1501,51.7118,52.8759,83.8309
77,"Sir,
My case is a little crooked. This is why I have to reach out to the legal fraternity for help. In my 10th and 12th and Gradyate mark sheets but in aadhaar card and pan card my father's name spelled is added by a single letter (Debiswara in place of Debiswar) and I've filled my application form for this job with his original name. Now I'm really tensed about my document verification process as they will raise an objection on it and is there any problem to apply any jobs. What advice would you give I should do?( Nabarangpur, Orissa )",HKG::PGA_7 → PC::Conciliation Board Failed to Reach Settlement → HKG::PGA_4 → PC::Disciplinary Authority Failed to Apply Mind,HKG::PGA_7 → PC::Conciliation Board Failed to Reach Settlement → HKG::PGA_4 → PC::Disciplinary Authority Failed to Apply Mind → PC::Principles of Natural Justice → PC::Employee Prematurely Retired → PC::Inquiry Found Misconduct → HKG::gratuity,"Sir 
My father worked in a co-op housing society as a guard  from the last 9-10 years.
In august month my father was on approved leave with application . but 3-4 days late due to illnesses . so society is not ready to continue to keep him on job as before .
Housing society terminates my father without notice and the secretary is saying you're not eligible for any gratuity  notice salary .
How will I get the full and final amount from This housing society?( Mumbai, Maharashtra )","My father worked as driver in KPTCL on 1994  he worked 5 days only then he will not reported to duty because of    he is suffering from health issue and then one year back 29/05/2018 my father is died  so that  we are eligible for taking job from compassionate ground or not . my father no given to resignation letter to department( Shimoga, Karnataka )","my father was an employee of a company and was entitled under EPF scheme. He dies in Jan,2008. My mother received his PF benefit in 2011, but my mother fell in Cancer disease in 2011 and repeatedly suffered many years, due to this we could not submit Pension Claim in 10D form to EPFO as on date. My father had no UAN no then. My question is that will my mother is eligible to submit 10D to get Family Pension from EPFO now. because now we are in very much financial  crisis.( Murshidabad, West Bengal )","Dear Client,As it is a very minor mistake/omission that appears in the proper name of your father, it may not adversely affect your career/job segment. But considering the popular axiom ""prevention is better than cure"" you may opt the following steps to resolve the issue. 1) An affidavit is a legal document that is used to state facts under oath. The affidavit should include the applicant's current name, the desired name, the reason for the correction of name, and any other relevant details declaring that the ""A s/o B "" and the ""A s/o C"" are the same and one identical person. The affidavit should be made on a stamp paper of the appropriate value as per the state where the applicant resides and should be sworn preferably before the 1st class Judicial Magistrate or Executive Magistrate. 2) The next step in the name correction process is to publish a notification in the Gazette of India. The Gazette of India is a publication of the Government of India that contains official government notifications, including name correction/change notifications. The notification should be in the prescribed format and published in at least two local newspapers. 3) After publishing the notification in the Gazette of India, the next step is to make out a name correction deed. The said deed is a legal document that confirms the name correction and includes the details of the old and new names. The deed should be made on a stamp paper of the appropriate value as per the state where the applicant resides and should be signed by two witnesses and notarized by a Notary Public. 5) The final step is to submit the name correction deed to the relevant authorities for information and records. The applicant may also need to provide additional documents, such as a copy of the Gazette notification and a copy of the affidavit for updating the records wherever and whenever required. It is essential to follow the correct procedure to ensure that the name correction is recognized by the concerned Authorities.","The primary legal issue is the discrepancy in the spelling of your father's name across different documents, which could potentially affect your job application process. Under the Indian law, discrepancies in official documents can be rectified through an affidavit and a gazette notification. You can legally apply for jobs, but it is advisable to correct this discrepancy to avoid complications during document verification.

To address this, prepare an affidavit stating the correct spelling of your father's name and the variations in your documents. Then, apply for a gazette notification to officially record the name correction. This process will help ensure that your documents are consistent and accepted during the verification process.",0.4199,80.1576,19.8636,3.7634,17.0599,19.112,2.3992,27.1794,5.5395,1.634,0.6554,21.1501,51.7118,52.8759,83.8309
78,"Hello, I'm working in a healthcare private Ltd company as a staff nurse since from January 2022 as I have a 12 hours of shift. I demanded them to give me overtime not there are refusing to do it. Please guide about it what should to do.( Pune, Maharashtra )",HKG::FA_59 → HKG::ICA_73,HKG::FA_59 → HKG::ICA_73 → HKG::employment_bond → HKG::overtime → HKG::Indian Contract Act 1872 → HKG::PROC_OVERTIME_CLAIM,"Sir 
My father worked in a co-op housing society as a guard  from the last 9-10 years.
In august month my father was on approved leave with application . but 3-4 days late due to illnesses . so society is not ready to continue to keep him on job as before .
Housing society terminates my father without notice and the secretary is saying you're not eligible for any gratuity  notice salary .
How will I get the full and final amount from This housing society?( Mumbai, Maharashtra )","My father worked as driver in KPTCL on 1994  he worked 5 days only then he will not reported to duty because of    he is suffering from health issue and then one year back 29/05/2018 my father is died  so that  we are eligible for taking job from compassionate ground or not . my father no given to resignation letter to department( Shimoga, Karnataka )","my father was an employee of a company and was entitled under EPF scheme. He dies in Jan,2008. My mother received his PF benefit in 2011, but my mother fell in Cancer disease in 2011 and repeatedly suffered many years, due to this we could not submit Pension Claim in 10D form to EPFO as on date. My father had no UAN no then. My question is that will my mother is eligible to submit 10D to get Family Pension from EPFO now. because now we are in very much financial  crisis.( Murshidabad, West Bengal )","Dear client,Under the overtime payment rules in India, overtime wages are paid in two ways â either on a per hour rate or a per piece rate in factories.- In the per hour or hourly rate, the per hour wage of an employee is calculated and double the amount is paid for every extra working hour.- In per piece method, an employee is paid overtime for every extra piece made during the overtime period.So talk to your employer, and if he still continues to be contravening these provisions would be liable for punishment of imprisonment up to 2 years and fine of up to Rs. 1 lakh or both.You should file a case under  Factories Act, 1948","Under the Maharashtra Shops and Establishments (Regulation of Employment and Conditions of Service) Act, 2017, employees are entitled to overtime pay if they work beyond the prescribed hours. For healthcare employees, the Act mandates that any work beyond 9 hours a day or 48 hours a week must be compensated with overtime pay, which is typically twice the regular wage rate. 

You can formally request the company to comply with the Act and pay the due overtime. If they refuse, you can file a complaint with the Labour Commissioner’s office in Pune. Collect evidence of your work hours and any communication with your employer regarding overtime to support your claim.",1.8279,68.2483,19.8636,3.7634,17.0599,19.112,2.3992,27.1794,5.5395,1.634,0.6554,21.1501,51.7118,52.8759,83.8309
79,"I have received joining bonus. The contract says: ""The joining bonus is a one-time payment that you will be entitled to only if you (a) join us on or before the date of joining confirmed to you by the recruiter; and (b) are employed with the Company for a period of 18 months from the date on which you join the Company."" My company has notice period of 2 months. So, if i give resignation paper, I still have to serve 2 months with the company. If I drop resignation paper after 16 months, and work for 2 notice period months, will that be counted as 18 months in employment and will I be able to keep the joining bonus?( Chennai, Tamil Nadu )",PC::Employee Entitled to Payment for Notice Period → HKG::notice_period → PC::Employee Entitled to Salary for Period of Absence → PC::Tribunal Ordered Payment of 5 Months Bonus,PC::Employee Entitled to Payment for Notice Period → HKG::notice_period → PC::Employee Entitled to Salary for Period of Absence → PC::Tribunal Ordered Payment of 5 Months Bonus → PC::Appellant Challenged Tribunal Calculation → HKG::Q_333 → HKG::labour_court → HKG::FA_59,"Sir 
My father worked in a co-op housing society as a guard  from the last 9-10 years.
In august month my father was on approved leave with application . but 3-4 days late due to illnesses . so society is not ready to continue to keep him on job as before .
Housing society terminates my father without notice and the secretary is saying you're not eligible for any gratuity  notice salary .
How will I get the full and final amount from This housing society?( Mumbai, Maharashtra )","My father worked as driver in KPTCL on 1994  he worked 5 days only then he will not reported to duty because of    he is suffering from health issue and then one year back 29/05/2018 my father is died  so that  we are eligible for taking job from compassionate ground or not . my father no given to resignation letter to department( Shimoga, Karnataka )","my father was an employee of a company and was entitled under EPF scheme. He dies in Jan,2008. My mother received his PF benefit in 2011, but my mother fell in Cancer disease in 2011 and repeatedly suffered many years, due to this we could not submit Pension Claim in 10D form to EPFO as on date. My father had no UAN no then. My question is that will my mother is eligible to submit 10D to get Family Pension from EPFO now. because now we are in very much financial  crisis.( Murshidabad, West Bengal )","Hello,As per the information you have provided it is clear that that clause under your contract for joining bonus will only be given if you have done with your service of 18 months not including 2 months of notice period policy.","The key legal issue is whether the notice period counts towards the 18-month employment requirement for retaining the joining bonus. Under Indian contract law principles, the employment period typically includes the notice period unless the contract specifies otherwise. Therefore, if the employment contract does not explicitly exclude the notice period from the employment duration, serving a 2-month notice after 16 months should fulfill the 18-month requirement.

To ensure compliance, review the employment contract for any clauses that might specifically exclude the notice period from the employment duration. If no such clause exists, you should be entitled to retain the joining bonus upon completing the notice period. Consider consulting with your HR department to confirm their interpretation of the contract terms.",1.3441,78.7347,19.8636,3.7634,17.0599,19.112,2.3992,27.1794,5.5395,1.634,0.6554,21.1501,51.7118,52.8759,83.8309
80,"Sir, this is just to give you an insight; On November 29,2022, I was fell down in the office premises during office hours and suffered with a severe backache due to spinal injury (I consulted with around 10 Doctorsb & I was advised by all the doctors to undergo surgery and the EG Management has also asked me to go for the surgery and join the office ASAP), which I did on July 04, 2023. I have submitted all the relevant medical documents to HR and to the Management in support of my absence.
I was on sick leave for approximately 2 months to recover from the surgery (as per the doctor's advice). During this time, I was in regular touch with my line manager and kept them updated on my progress. I had also informed them of my plans to return to work from August 01,2023 and i joined the office but as the wound was fresh and I feel pain while longer sittings, I was asked to take rest and come back after only you will perfectly fine . Then i joined the office again on August 21,2023 and again the management said that you should take rest and join only after you will be perfect. I have told him (Mr. Sandip Sengupta) that it may take time and as per the doctor's advice it will be recovered only if i will get into my daily routine life.
After all this happened I have informed my line manager and to Mr. Sengupta about my joining from September 4th September (as my line manager had discussed and brief me about my KRA/ Profile on August 22,2023).
However, when I arrived at the office after the prayer meeting at HQ on September 4th, I was asked to resign from my job. I was told that ""my position is no longer needed"". 
l could not understand how is it possible because a week ago they were briefing me about my new responsibilities and now they are saying that my position is no longer needed as the company has no funds to give salary. 
I am deeply disappointed by this decision. I have been a loyal and hardworking employee for over five (05) years, and I have always gone above and beyond my duties. I am confident that I would have been able to make a full recovery and return to work at full capacity.
I believe that this decision is unfair and discriminatory. I have been treated differently from other employees who have taken sick leave for similar reasons. I am also concerned that I have not been paid my salary for the period of my absence.( South Delhi, Delhi )",HKG::FA_79 → HKG::IDA_2A → HKG::ESI_73 → HKG::PGA_7,HKG::FA_79 → HKG::IDA_2A → HKG::ESI_73 → HKG::PGA_7 → HKG::gratuity → HKG::PROC_GRATUITY_CLAIM → HKG::labour_court → HKG::Industrial Disputes Act 1947,"Namaste sir ,
I durgaprasad working as a grade 4 permanent govt employee in state government of andhrapradesh which is a non gazetted ... Sir iam b.tech graduate with good percentage and I cracked gate 2023 with 457 score ...I have a lot of chance in NIT college to pursue Mtech in my engineering stream ....
For that I asked my head of the department to permit to study.. and he said as per the cca and subordinate rules I have not permitted to study because  iam non gazetted post .. and also requested them to sanction loss of pay of my service for about 2year..for that they told me ,, u have no such option except the government allows to u to study with special G.O ,, that is a huge process and may not be my favour ...and now iam thinking to study my mtech and success in my career I would abscond from service without intimating them ...sir is it a good move?? Or else you please give suggestions how to study my mtech without losing my current govt job with loss of my pay ... Pls provide the suggestions..  is my contact number ..sir iam from poor family with big dreams to study and my job is very lower cadre even I have chances to go mtech my family problems strucking me  I don't want to loose my hard earned job for m tech and also I don't want to loose my hard earned prestigious Gate rank for IIT and NIts  for my low cadre job .I need both for safety purposes
Kindly provide best suggestion which is even favourable infront of courts also I mean as per legally correct one ..
Thank you sir and pls do needful( Srikakulam, Andhra Pradesh )","My father worked as driver in KPTCL on 1994  he worked 5 days only then he will not reported to duty because of    he is suffering from health issue and then one year back 29/05/2018 my father is died  so that  we are eligible for taking job from compassionate ground or not . my father no given to resignation letter to department( Shimoga, Karnataka )","I study in an engineering college and now I am in my second year going to start 3rd year in september my college has not given any holidays after semester end examinations and starts the new semester right the next day. This has happened for 4 continuous semesters now . In the academic calendar 1 month holiday is given but now they are going back on their words . Many of my classmates are depressed especially people from hostels who have not gone home.and I don't know what action to take ,pls tell me( Mysore, Karnataka )","Dear Client,A forced resignation is a synonym of termination. It is not legal to terminate an employee while they are on sick leave. According to the Employees' State Insurance Act, 1948, an employee who is on sick leave is entitled to full wages for the duration of their leave. The act also states that no employer can terminate an employee during their sickness period, and if the employer does so, it will be considered an offense under the act. Moreover, the Industrial Disputes Act, 1947, prohibits the termination of an employee who is on medical leave. If an employer violates this, the employee can challenge the termination in the labor court, and the employer may be penalized for wrongful termination. However, if an employee has exhausted all of their sick leave and is still unable to perform their job duties, the employer may terminate their employment on grounds of prolonged illness or incapacity and in that case, an employee deserves compensation for discharge from service on medical grounds from the employer.  However,  the employer must provide a valid reason for the termination and follow the proper procedure applicable under the labor laws. So, in the prevailing situation, if you are not holding the position of Manager/Supervisor but a workman as defined u/s.2(s) of the Industrial Dispute Act then after serving a legal notice to the Company, reach out to the office of the Labour Commissioner concerned for filing a complaint against the employer for arbitrary and illegal termination from employment without compliance of the mandatory provisions of I D Act failing which you can also raise an industrial dispute u/s.2A of I D Act directly before the Central Govt. Industrial Tribunal or State Industrial Tribunal depending upon the class/sector of establishment you belong claiming reinstatement in service with back wages. Apart you can also file an application u/s.33C(2) of the I D Act before the concerned Labour Court claiming F & F settlement dues from your employer. Otherwise, you have to file a civil suit against the company for recovery of your dues and appropriate relief. In case you need any assistance in the matter of drafting the complaint or raising a dispute under I D Act before the Industrial Tribunal you may contact our legal team with the relevant papers.","The legal issue here involves potential wrongful termination and discrimination due to a medical condition. Under the Industrial Disputes Act, 1947, termination of employment should be justified and not arbitrary. The Equal Remuneration Act, 1976 and the Persons with Disabilities (Equal Opportunities, Protection of Rights and Full Participation) Act, 1995 may also provide protection against discrimination due to medical conditions.

You can file a complaint with the Labour Commissioner or approach the Labour Court for wrongful termination and seek reinstatement or compensation. Additionally, ensure all communications and medical records are documented to support your claim. Consider consulting with a labor law attorney to explore the possibility of filing a case for discrimination and wrongful termination.",1.1176,59.8592,19.8636,3.7634,17.0599,19.112,2.3992,27.1794,5.5395,1.634,0.6554,21.1501,51.7118,52.8759,83.8309
81,"My notice Period as per offer letter is one month started serving after 2 day HR and TL informed you notice Period Is of 2 month as the company policy change.but I have not acknowledged the same and I don't even no about this before Resignation.
Now I had informed already I am not able to serve notice of 2month instead of this I will be paying out one month salary basic but from them no response.

Now they are saying you case will be Consider as unclean.

Buyout option was given by TL and at last they working day of one month they denied.
As per company policy I am ready to pay them.( Thane, Maharashtra )",HKG::FA_79 → HKG::ICA_73 → HKG::ICA_74 → HKG::SRA_14,HKG::FA_79 → HKG::ICA_73 → HKG::ICA_74 → HKG::SRA_14 → HKG::employment_bond → HKG::Indian Contract Act 1872 → HKG::Factories Act 1948 → HKG::PROC_EMPLOYMENT_BOND,"My father worked as driver in KPTCL on 1994  he worked 5 days only then he will not reported to duty because of    he is suffering from health issue and then one year back 29/05/2018 my father is died  so that  we are eligible for taking job from compassionate ground or not . my father no given to resignation letter to department( Shimoga, Karnataka )","Sir 
My father worked in a co-op housing society as a guard  from the last 9-10 years.
In august month my father was on approved leave with application . but 3-4 days late due to illnesses . so society is not ready to continue to keep him on job as before .
Housing society terminates my father without notice and the secretary is saying you're not eligible for any gratuity  notice salary .
How will I get the full and final amount from This housing society?( Mumbai, Maharashtra )","my father was an employee of a company and was entitled under EPF scheme. He dies in Jan,2008. My mother received his PF benefit in 2011, but my mother fell in Cancer disease in 2011 and repeatedly suffered many years, due to this we could not submit Pension Claim in 10D form to EPFO as on date. My father had no UAN no then. My question is that will my mother is eligible to submit 10D to get Family Pension from EPFO now. because now we are in very much financial  crisis.( Murshidabad, West Bengal )","Dear Sir,If you do not want relieving letter then you may leave the company and they are not entitled for any relief except buy back scheme. You may go through the following rules which are settled by the Courts.===============================================================Are employment bonds legal in India or not?The competition in the corporate world has increased manifold. The business houses are incurring expenditure on imparting training to their employees with the aim of improving quality of the goods and services of the company. However, we have witnessed a number of instances where the employees after honing the skills and increasing the knowledge of the industry leave the employer. The increased attrition rate has forced the employers to obtain an employment bond from their employees who are found suitable for training and skill development. The employment bonds are agreements between employee and employer where it contains the terms and conditions of employment. The employment bond contains a clause which requires the employee to serve the employer compulsorily for a specific period of time or else refund the amount specified as bond value.There is a need to discuss the need and enforceability of employee bonds under the Indian law.Employment BondEmployment bonds are employment agreements with negative covenant. Under the Indian Law, the employment agreements with negative covenants is valid and legally enforceable if the parties agree with their free consent i.e. without fraud, coercion, undue influence, mistake and misrepresentation. The Indian courts have held that in the event of a breach of contract by the employee, the employer shall be entitled to recover damages only if a considerable amount of expenditure was borne by the employer. Indian law mandates the employment bonds to be âreasonableâ in order to be valid. The term reasonable remains undefined anywhere in the Indian law and therefore the courts have given meaning to âreasonableâ depending upon the facts and circumstances of the cases. The proposition which has emerged till now is that conditions stipulated in the contract should be necessary to protect the interest of the employer and compensate the loss caused by breach of contract. Additionally, the penalty or compulsory employment period stipulated should not exorbitant.How to Challenge the enforceability of Employment Bond?The validity of Employment bonds can be challenged on the basis of Section27 of the Indian Contract Act. Section 27 of the Indian Contract Act, 1872 prohibits any agreement in restraint of trade and profession. Any agreement in trade and profession according to Section 27 is void.As per the mandate of Section 27, any terms and conditions of an agreement which directly or indirectly compels the employee to serve the employer or puts a restriction on them joining the competitor or other employer is not valid under the Indian law, The employee has right to resign from the employment even if he has agreed in the employment bond to serve the employer for a specific period of time.[1]For an employment bond to be valid under Indian law, it has to be proved that it is necessary for the freedom of trade. In the case where the employer is able to prove that the employee is joining the competitor to disclose the trade secret then the court may issue an injunction order restricting the employee from joining the competitor. If an agreement is challenged on the grounds of violating the provision relating to restraint of trade, the onus is on the party supporting the contract to show that restraint is reasonably necessary to protect his interests.[2]Following are the requirements of a valid employment bond agreement.1.	The agreement must be signed by the parties with free consent.2.	The conditions stipulated must be reasonable and:â¢	The conditions imposed on the employee must be proved to be necessary to safeguard the interest of the employer.1.	The employment bond is to be executed on a stamp paper of appropriate value in order to be valid and enforceable.Remedies Available to Employer and EmployeeIf an employment bond is breached, the employer might be entitled to compensation. The compensation awarded should be reasonable to compensate the loss and should not exceed the penalty, if any stipulated in the contract. The court computes the reasonable compensation amount by computing the actual loss incurred by the employer having regard to all facts and circumstances of the case. Even if the bond stipulates payment of any penalty amount in the event of breach, it does not mean that the employer shall be entitled to receive the stipulated amount in full; the courts shall determine the reasonable amount of compensation to be paid. One interesting question arises, whether the employers are entitled to seek for reinstatement of their employee or obtain restraining order against the employee from joining any competitor or another employer? The Supreme Court while dealing with a similar situation has held that specific performance action cannot be sought for breach of contract of personal service or bond[3] and therefore employer shall not be entitled for reinstatement of their employees as relief in the event of breach of bond. We have witnessed the trend that courts are not willing to grant an injunction against the employees restricting their employment with another employer unless it is necessary for the protection of proprietary interests or trade secrets of the employer.The court considers the actual expenses incurred by the employer, the period of service by the employee, the conditions stipulated in the contract to determine the loss incurred by the employer to arrive at reasonable compensation amount. In the case of Sicpa India Limited v. Shri Manas Pratim Deb, The plaintiff had incurred expenses of Rs. 67, 595 while imparting training to the defendant in respect of which an employment bond was executed for which the defendant had agreed to serve the plaintiff for a period of three years or to make a payment of Rs. 200,000. After serving for two years, the employee left the company. The court determined reasonable amount as Rs. 22, 532. The court took into consideration the total expenses incurred by the employer and employeeâs period of service while deciding the amount.Course Followed by Company after Violation of Employment BondThe first step which companies take after violation of Employment bond is that they send legal notice calling upon the employee to report for duty immediately, failing which the notice should call upon the employee to pay the sum agreed in bond. After the employee fails to pay the amount, a suit is filed in court of appropriate jurisdiction depending upon the terms and condition of employment for recovery of the due amount.Important Points When a Company has Employment Board1.	Ensure that the bond is reasonable2.	Ensure that Non-Competition clause is not unreasonableâ¢	Ensure that bond amount is reasonable and reflects the expenditure of the company on the Employee1.	Ensure that there is training material that can be produced to prove in court that the Employee was given training.2.	Ensure that there is confidentiality clause to ensure companyâs trade secrets are protected.Leading Case Laws On Employment Bonds1.	Sham Singh vs. State of MysoreA bond was executed between a Student and State of Mysore, The state of Mysore agreed to pay for his education expenses in the United States of America.  The stipulation for such payment was that after finishing his studies he would serve the State Government for a period of not less than 5 years. Another clause in the bond stated that if the student was not given employment within six months of his return from USA, the State of Mysore would have deemed to waive the right to claim his services. In the event of a breach of the bond, the Student was obliged to refund all the expenses incurred by the Government with interest. The student finished his studies and obtained a diploma in 1950 and with the permission of State stayed in USA for completing his practical training on his expenses. The Supreme Court held that staying in for 6 months in India after his return on account of domestic reasons did not indicate that he was waiting for the State to offer him an appointment.Fertiliser and Chemical Travancore Pvt. Ltd v. Ajay Kumar and OthersThree trainees were selected by the employer who signed a bond stating that they would obtain two years of training in the company and after the training they will put in at least five years of service in the company. In the event of breach of this condition Rs. 10,000 was to be paid as reasonable amount of compensation for the damages to be likely incurred by the employer.  The trainee resigned after five months of training. The High Court of Kerala held in this case that though the candidates were selected for training and not for permanent service, it still involved a lot of time, energy and expenses of the employer. The employer will surely suffer loss when a trainee breaks the condition of bond and walks off. The employer is derived of the expected service of a competent person. Breach of bond by the trainee is aspect entailing damages to the employer. Only the quantum of damages needs to be decided.Toshinial Brothers (Pvt.) Ltd v. EswarprasadAn employee was engaged as Sale engineer; He was contracted for a period of three years however he left the undertaking after serving for 14 months only. In this case it was held that it is not necessary for the employer to prove any post breach damages separately. It is to be kept in mind that the concerned employee was recipient of special favour or concession or training at the cost and expenses wholly or in part of the employer, and the employee has breached the bond. The breach constitutes legal injury resulting to the employer. The High Court also clarified the position that the statutory exception for mitigating the quantum of damages will have no bearing.Subir Ghosh v. Indian Iron and Steel CompanyThe Calcutta High Court dealt with the scope of Section 74 of the Indian Contract Act, in the context of a trainee. The terms of trainee contract contained a provision agreeing to serve the company for a particular period of time and to pay a fixed sum of damages in the event of a breach. The High Court held that since the stipulation in the agreement was for payment of liquidated damages, it is immaterial to specifically plead or prove damages and that it is open to the management to sue for recovery of the liquidated damages.According to Section 27 of the Indian Contract Act, 1872, the terms and conditions of the contract are valid only during the existence of the contract. It cannot be enforced after the contract is terminated.In Superintendence of Company v. Krishan Mugai, it was held that, in a contract of restraint of trade a restriction is put on the future liberty by one party on the other party to carry on his trade, profession or business in such manner and with such person as he chooses. A contract of this nature is prima facie void but becomes binding and valid if it can be proved that it is necessary from the point of view of parties and also to the community. Such interests are valid as they take care of the interest of the employer and do not cause any undue hardship to the employee, who will receive a wage or salary for the period in question. But if the covenant is to operate after the termination of services, or is too widely worded, the court may refuse to enforce it.ConclusionThe employment bond is considered reasonable as it is necessary to protect the interest of the employer. However, the restraints stipulated upon the employee in the contract should be âreasonableâ and ânecessaryâ to safeguard the interests of the employer or validity of bonds comes under scrutiny. The employee cannot be compelled to work for any employer by enforcing the employment bond. In the event of a breach of contract by the employee, the only remedy available to the employer is to obtain a reasonable compensation amount.[1] Central Inland Water Transport Corporation v. Brojonath Ganguly (1986) IILJ 171 SC[2] Niranjan Shankar Golikari v. The Century Spinning and Manufacturing Company Ltd. AIR 1967 SC 1098.","The key legal issue is whether the company can enforce a two-month notice period when the employee's offer letter specifies one month. Under the Indian Contract Act, 1872, a contract cannot be unilaterally altered without the consent of both parties. Since you did not acknowledge or consent to the change in the notice period, the original terms of your contract should prevail. 

You can legally insist on adhering to the one-month notice period as per your offer letter and offer the buyout option if it was initially agreed upon. If the company considers your case ""unclean,"" you may need to seek redress through a legal notice or labor tribunal. As a next step, send a formal written communication to HR reiterating your position and willingness to pay the one-month salary as per the original agreement, and consider consulting a labor lawyer if the company remains unresponsive.",0.0,46.0301,19.8636,3.7634,17.0599,19.112,2.3992,27.1794,5.5395,1.634,0.6554,21.1501,51.7118,52.8759,83.8309
82,"Is there any way to file a co, plaint against working ethics of school management as they keep changing there plans of working which dire toy effects employees. Ex they promise to give two Saturdays off but they assign them as working in lieu of Holiday that are gazetted and in the calender.  Don't get paid as promise or acc to the scale of cbse( Noida, Uttar Pradesh )",PC::Employee Entitled to Compensation in Lieu of Reinstatement → PC::Compensation Awarded in Lieu of Reinstatement → PC::High Court Found Employee as Working Journalist → PC::Court Directed Payment to Respondent in Lieu of Reinstatement,"PC::Employee Entitled to Compensation in Lieu of Reinstatement → PC::Compensation Awarded in Lieu of Reinstatement → PC::High Court Found Employee as Working Journalist → PC::Court Directed Payment to Respondent in Lieu of Reinstatement → PC::Section 17-B of the Industrial Dispute Act → PC::Article 16 of the Constitution of India → PC::Teacher Not Considered Workman → PC::Section 2(s) of the Industrial Disputes Act, 1947","Sir 
My father worked in a co-op housing society as a guard  from the last 9-10 years.
In august month my father was on approved leave with application . but 3-4 days late due to illnesses . so society is not ready to continue to keep him on job as before .
Housing society terminates my father without notice and the secretary is saying you're not eligible for any gratuity  notice salary .
How will I get the full and final amount from This housing society?( Mumbai, Maharashtra )","My father worked as driver in KPTCL on 1994  he worked 5 days only then he will not reported to duty because of    he is suffering from health issue and then one year back 29/05/2018 my father is died  so that  we are eligible for taking job from compassionate ground or not . my father no given to resignation letter to department( Shimoga, Karnataka )","my father was an employee of a company and was entitled under EPF scheme. He dies in Jan,2008. My mother received his PF benefit in 2011, but my mother fell in Cancer disease in 2011 and repeatedly suffered many years, due to this we could not submit Pension Claim in 10D form to EPFO as on date. My father had no UAN no then. My question is that will my mother is eligible to submit 10D to get Family Pension from EPFO now. because now we are in very much financial  crisis.( Murshidabad, West Bengal )","Dear client,In the given situation, a complaint can be lodged to CBSE Board by addressing the letter directly to the CVO(Chief Vigilance Officer ), CBSE Board, 2, Community Centre, Preet Vihar, Delhi-110092. and giving the specific facts of the matter relating to corruption. The complaints can also be lodged directly by sending an email. However, before lodging the complaint please ensure that the organization and officials are under CBSEâs jurisdiction.","The primary legal issue here involves breach of employment terms and potential violations of labor laws. Under the Industrial Disputes Act, 1947, if the school management's actions result in unfair labor practices or breach of employment contracts, employees may have grounds to file a complaint with the labor commissioner or appropriate labor court. However, teachers are often not considered ""workmen"" under Section 2(s) of the Act, which may limit certain legal remedies available under the Act.

Employees can file a complaint with the District Education Officer or the CBSE board if the school's practices violate CBSE guidelines. Additionally, consider approaching the labor department in Uttar Pradesh to seek redress for any contractual breaches or unfair labor practices.",2.1997,44.2967,19.8636,3.7634,17.0599,19.112,2.3992,27.1794,5.5395,1.634,0.6554,21.1501,51.7118,52.8759,83.8309
83,"my Father died in 2001 during his service period as a School teacher. That time I was a kid. Now I am adult and mature to claim his job as a compensation. 
Kindly suggest how can I take it forward( Hooghly, West Bengal )",PC::Service Period as Temporary Engineers Considered → PC::Termination of Services in 2001 → PC::Employee Died in Accident → PC::Appointment of Primary School Teacher Disputed,PC::Service Period as Temporary Engineers Considered → PC::Termination of Services in 2001 → PC::Employee Died in Accident → PC::Appointment of Primary School Teacher Disputed → PC::Recognition of National Trade Certificate Limited → PC::Training Requirements for Teaching Positions Established → PC::High Court Found NTC Holders Not Eligible for General Teaching → PC::Writ Petition Filed for Recognition of NTC,"Sir 
My father worked in a co-op housing society as a guard  from the last 9-10 years.
In august month my father was on approved leave with application . but 3-4 days late due to illnesses . so society is not ready to continue to keep him on job as before .
Housing society terminates my father without notice and the secretary is saying you're not eligible for any gratuity  notice salary .
How will I get the full and final amount from This housing society?( Mumbai, Maharashtra )","My father worked as driver in KPTCL on 1994  he worked 5 days only then he will not reported to duty because of    he is suffering from health issue and then one year back 29/05/2018 my father is died  so that  we are eligible for taking job from compassionate ground or not . my father no given to resignation letter to department( Shimoga, Karnataka )","my father was an employee of a company and was entitled under EPF scheme. He dies in Jan,2008. My mother received his PF benefit in 2011, but my mother fell in Cancer disease in 2011 and repeatedly suffered many years, due to this we could not submit Pension Claim in 10D form to EPFO as on date. My father had no UAN no then. My question is that will my mother is eligible to submit 10D to get Family Pension from EPFO now. because now we are in very much financial  crisis.( Murshidabad, West Bengal )","hi,The rules related to applying for a compassionate appointment have been dealt with under the Scheme for Compassionate appointment. The objective of the scheme is to provide employment to a dependent family member of a Government servant who has died while in service or who is retired on medical grounds before attaining the age of 55 years (57 years for erstwhile Group D employees), thereby leaving the family without any means of sustainable livelihood. The scheme provides relief to the family of a Government servant concerned with destitution and to help it get over the emergency.Is there a time limit to apply for compassionate appointment?There is no time limit to apply for compassionate employment. A request for appointment on compassionate grounds can be carried forward to next years if an application could not be made within a year of the requirement of such employment. However, the total number of compassionate appointments made in a year must not exceed 5% limit of direct recruitment of Group C quota.Who can apply?A request for a compassionate appointment can only be made by a dependent family member of a government servant. The term âdependent family memberâ includes:Spouse of the government servant;Son (including adopted son) of the government servant;Daughter (including an adopted daughter) of the government servant;Brother or sister in case of unmarried government servant;Member of the Armed Forces, who was entirely dependent upon the Government Servant/member of the Armed Forces at the time of his death in harness or retirement on medical grounds, as the case may be.A married daughter can also apply for a compassionate appointment if she was wholly dependent upon the government servant at the time of his/her death in harness or retirement on medical grounds and if she supports other dependent members of the family.","Under Indian law, compassionate appointments are generally governed by the rules and policies specific to each state or public sector organization. In West Bengal, the policy for compassionate appointments typically requires the application to be made within a specific time frame following the death of the employee, often within a few years, to provide immediate relief to the bereaved family. Given that your father passed away in 2001, it is likely that the window for applying for a compassionate appointment has closed.

You cannot legally claim a job on compassionate grounds after such a long period unless there are exceptional circumstances or specific provisions allowing for late applications. Review the specific rules applicable to the institution where your father was employed to confirm any exceptions. Consider consulting with the relevant education department in West Bengal to explore if any alternative relief or support mechanisms are available.",2.5886,66.8102,19.8636,3.7634,17.0599,19.112,2.3992,27.1794,5.5395,1.634,0.6554,21.1501,51.7118,52.8759,83.8309
84,"The company i am working with, wants to introduce alternate saturday off.  In the same premises, there is factory and corporate office. 
Can we have 48 hour week for factory workers and 54 hour week with alternate saturdays off for supervisory, managerial and administrative staff.( Pune, Maharashtra )",PC::Construction Workers Engaged for Factory Expansion → PC::Company Premises Considered a Factory → PC::Charges Against Respondent for Factory Violations → PC::E-O Grade Introduced for Supervisory Personnel,"PC::Construction Workers Engaged for Factory Expansion → PC::Company Premises Considered a Factory → PC::Charges Against Respondent for Factory Violations → PC::E-O Grade Introduced for Supervisory Personnel → PC::Legitimate Expectations for Promotion Denied → PC::1984 Recruitment and Promotion Rules → PC::1997 Recruitment and Promotion Rules → PC::Section 92 of the Factories Act, 1948","Sir 
My father worked in a co-op housing society as a guard  from the last 9-10 years.
In august month my father was on approved leave with application . but 3-4 days late due to illnesses . so society is not ready to continue to keep him on job as before .
Housing society terminates my father without notice and the secretary is saying you're not eligible for any gratuity  notice salary .
How will I get the full and final amount from This housing society?( Mumbai, Maharashtra )","My father worked as driver in KPTCL on 1994  he worked 5 days only then he will not reported to duty because of    he is suffering from health issue and then one year back 29/05/2018 my father is died  so that  we are eligible for taking job from compassionate ground or not . my father no given to resignation letter to department( Shimoga, Karnataka )","my father was an employee of a company and was entitled under EPF scheme. He dies in Jan,2008. My mother received his PF benefit in 2011, but my mother fell in Cancer disease in 2011 and repeatedly suffered many years, due to this we could not submit Pension Claim in 10D form to EPFO as on date. My father had no UAN no then. My question is that will my mother is eligible to submit 10D to get Family Pension from EPFO now. because now we are in very much financial  crisis.( Murshidabad, West Bengal )","No, it cann't be","Under the Factories Act, 1948, Section 51 mandates that no adult worker shall be required or allowed to work in a factory for more than 48 hours in any week. For supervisory, managerial, and administrative staff, the Maharashtra Shops and Establishments Act, 2017, typically governs their working hours, which allows for different working conditions, including a 54-hour workweek, provided the total hours do not exceed 9 hours per day and 48 hours per week on average over a period of four weeks.

The company can implement a 48-hour workweek for factory workers and a 54-hour workweek with alternate Saturdays off for the supervisory and managerial staff, as long as it complies with the respective applicable laws. Ensure proper documentation and communication to all employees regarding the new schedule and verify that any overtime is compensated according to the law. Consulting with a labor law expert to ensure compliance with both the Factories Act and the Maharashtra Shops and Establishments Act is advisable.",0.255,3.3551,19.8636,3.7634,17.0599,19.112,2.3992,27.1794,5.5395,1.634,0.6554,21.1501,51.7118,52.8759,83.8309
85,"I am working with a company , In which I have not signed any bond. I m serving the notice period of 1 month but as per company I have to serve notice period of 3 months. When I asked HR for the same he said we have our own policy. Many of my friends get relieved in 10-20 days from system. How to get early relieve from system.( East Delhi, Delhi )",HKG::notice_period → PC::Employee Entitled to Payment for Notice Period → PC::Payment Made in Lieu of Notice Period → PC::Respondent Appointed Arbitrator After Notice Period,"HKG::notice_period → PC::Employee Entitled to Payment for Notice Period → PC::Payment Made in Lieu of Notice Period → PC::Respondent Appointed Arbitrator After Notice Period → PC::Chief Justice of Bombay High Court Rejected Petition for New Arbitrator → PC::Appointment of Arbitrator Valid Despite Delay → PC::Section 11 of the Arbitration and Conciliation Act, 1996 → PC::High Court Found Payment Taxable as Income","My father worked as driver in KPTCL on 1994  he worked 5 days only then he will not reported to duty because of    he is suffering from health issue and then one year back 29/05/2018 my father is died  so that  we are eligible for taking job from compassionate ground or not . my father no given to resignation letter to department( Shimoga, Karnataka )","Sir 
My father worked in a co-op housing society as a guard  from the last 9-10 years.
In august month my father was on approved leave with application . but 3-4 days late due to illnesses . so society is not ready to continue to keep him on job as before .
Housing society terminates my father without notice and the secretary is saying you're not eligible for any gratuity  notice salary .
How will I get the full and final amount from This housing society?( Mumbai, Maharashtra )","my father was an employee of a company and was entitled under EPF scheme. He dies in Jan,2008. My mother received his PF benefit in 2011, but my mother fell in Cancer disease in 2011 and repeatedly suffered many years, due to this we could not submit Pension Claim in 10D form to EPFO as on date. My father had no UAN no then. My question is that will my mother is eligible to submit 10D to get Family Pension from EPFO now. because now we are in very much financial  crisis.( Murshidabad, West Bengal )","Dear Client,In the prevailing situation, you need to go through your offer letter that governs the relationship between an employee and employer. In the absence of, a specific stipulation in the offer letter,  a verbal communication revising the policy of the company in r/o notice period is not applicable or enforceable and binding on the employee who tendered his resignation following the condition of the offer letter and accordingly on expiry of the notice period, the employer is dutybound to issue you relieving letter and F & F Settlement dues. When your colleagues were relieved earlier without serving the notice period, the denial of your request is discriminatory and arbitrary in nature which sounds like victimization and unfair labour practice on the part of the Employer. So, on cessation of employment after the expiry of one month's notice period, if the employer takes any arbitrary action against you, then if you are not holding the position of Manager/Supervisor but a workman as defined u/s.2(s) of the Industrial Dispute Act then for such a discriminatory/arbitrary action and unfair labour practice, reach out to the office of the Labour Commissioner concerned for filing a complaint against the employer for redressal of your grievance. Otherwise, you have to file a civil suit before the Civil Court for appropriate relief in the matter. In case you need any legal assistance in this regard, you may contact our legal team for the purpose with relevant papers","The primary legal issue is whether the company can enforce a three-month notice period without a signed agreement. Under Indian Contract Act, 1872, a contract is valid only if both parties have agreed to the terms, which typically requires a signed document. If there is no signed agreement specifying the notice period, the company's internal policy alone may not be enforceable against you.

You can request a copy of any written policy or employment contract that specifies the notice period. If none exists, you may negotiate with HR for an earlier release based on the precedent set by your colleagues. If the company insists on a three-month notice without a contractual basis, consider seeking assistance from a labor lawyer to discuss potential legal remedies.",2.7488,53.5606,19.8636,3.7634,17.0599,19.112,2.3992,27.1794,5.5395,1.634,0.6554,21.1501,51.7118,52.8759,83.8309
86,"I was relieved from my service (resignation accepted) on 7th January to contest state assembly election. I wish to withdraw my resignation. Can I withdraw resignation and join my service?( Churachandpur, Manipur )",HKG::FA_79,"HKG::FA_79 → HKG::Factories Act 1948 → HKG::leave → HKG::Q_242 → PC::Section 2(k) of the Factories Act, 1948","my father was an employee of a company and was entitled under EPF scheme. He dies in Jan,2008. My mother received his PF benefit in 2011, but my mother fell in Cancer disease in 2011 and repeatedly suffered many years, due to this we could not submit Pension Claim in 10D form to EPFO as on date. My father had no UAN no then. My question is that will my mother is eligible to submit 10D to get Family Pension from EPFO now. because now we are in very much financial  crisis.( Murshidabad, West Bengal )","Sir 
My father worked in a co-op housing society as a guard  from the last 9-10 years.
In august month my father was on approved leave with application . but 3-4 days late due to illnesses . so society is not ready to continue to keep him on job as before .
Housing society terminates my father without notice and the secretary is saying you're not eligible for any gratuity  notice salary .
How will I get the full and final amount from This housing society?( Mumbai, Maharashtra )","I worked in Jbm auto gurgaon plant for 1 year 1 month, after that i got transfer to jbm pune plant and got different pf number and employee id, now i completed 4 years 2 months here. I want to end my contract now. 
Am i eligible for gratuity?( Pune, Maharashtra )","A.Dear Sir,It all depends discretion of concerned authorities.","The ability to withdraw a resignation after it has been accepted depends on the terms of employment and the employer's policies. Generally, once a resignation is accepted, it is binding unless the employer agrees to allow the withdrawal. Under common employment law principles, there is no statutory right to unilaterally withdraw a resignation after acceptance. 

To proceed, contact your former employer to discuss the possibility of rejoining and see if they are willing to reinstate your employment. If the employer agrees, ensure that any reinstatement agreement is documented in writing.",0.5368,5.0129,19.8636,3.7634,17.0599,19.112,2.3992,27.1794,5.5395,1.634,0.6554,21.1501,51.7118,52.8759,83.8309
87,"I am an emoloyee of central govt. PSU. I requested permission from my organziation for 24 months extraordinary leave for study purpose. It was duly forwarded by my competent authority, HoD but it did not get sanctioned from Head HR. I sent multiple reminders all in vain. Initially, I was sick so left my station on medical ground. Since there was too much delay from organization, I proceeded with my studies. Everytime I mentioned ""Leave without pay"" still management credited salary to my account for 9 months since I left station. One fine day, they send me ""unauthorised absence"" notice. I replied. Such notice came two times more, I replied to each plus again sent reminder to HR for considering my absence as EOL for study prupose. Now, I want to resign from the service outright due to personal and family reasons. Even my family reasons are very well known to my organization. I want to resign with immediate effect. They are telling, if I join, they will hold disciplinary action, which will take a lot of time like typical govt. Organization. One suggestion came of resigning while still on the so called ""absence"". My query is will I be called for disciplinary action if I resign with immediate effect. ? I am totally okay with paying the financial obligations which the authorities paid due to their lack of promptness. If I am okay with paying dues, and if they want they can also reduce my work experience( Dhanbad, Jharkhand )",HKG::FA_79 → HKG::ICA_73,HKG::FA_79 → HKG::ICA_73 → HKG::wages → HKG::Indian Contract Act 1872 → HKG::employment_bond → HKG::Factories Act 1948,"Sir 
My father worked in a co-op housing society as a guard  from the last 9-10 years.
In august month my father was on approved leave with application . but 3-4 days late due to illnesses . so society is not ready to continue to keep him on job as before .
Housing society terminates my father without notice and the secretary is saying you're not eligible for any gratuity  notice salary .
How will I get the full and final amount from This housing society?( Mumbai, Maharashtra )","My father worked as driver in KPTCL on 1994  he worked 5 days only then he will not reported to duty because of    he is suffering from health issue and then one year back 29/05/2018 my father is died  so that  we are eligible for taking job from compassionate ground or not . my father no given to resignation letter to department( Shimoga, Karnataka )","my father was an employee of a company and was entitled under EPF scheme. He dies in Jan,2008. My mother received his PF benefit in 2011, but my mother fell in Cancer disease in 2011 and repeatedly suffered many years, due to this we could not submit Pension Claim in 10D form to EPFO as on date. My father had no UAN no then. My question is that will my mother is eligible to submit 10D to get Family Pension from EPFO now. because now we are in very much financial  crisis.( Murshidabad, West Bengal )","Dear client,In the given situation, when you are issued show-cause for unauthorized absence on the basis of certified standing orders/service rules, until and unless a domestic inquiry is conducted into the said show cause and concluded and disciplinary action is taken for proven misconduct established during the inquiry by the disciplinary authority, even you tender your resignation from the PSU, you will not be discharged from service on acceptance of your resignation being it contrary to HR Policy and practice of the Company. So you need to wait for the conclusion of disciplinary action for tendering your resignation and its acceptance following the established rules.","Under the Central Civil Services (Leave) Rules, 1972, extraordinary leave (EOL) requires explicit sanction from the competent authority, and absence without such sanction can be treated as unauthorized. Resigning while on unauthorized absence does not automatically exempt one from disciplinary proceedings, as the organization may still pursue action for the period of unauthorized absence. However, tendering a resignation and expressing willingness to settle financial obligations might expedite the process.

To proceed, formally submit your resignation letter, clearly stating your willingness to repay any salary received during the unauthorized absence. Simultaneously, request a settlement of dues and seek a written confirmation that the organization will not pursue further disciplinary action post-resignation.",2.1449,58.4472,19.8636,3.7634,17.0599,19.112,2.3992,27.1794,5.5395,1.634,0.6554,21.1501,51.7118,52.8759,83.8309
88,"I Joined the company and 2 days later I resigned. Now they are asking me to serve the notice period of 2 months or else to pay the notice pay.
Can I leave immediately if I do not want the experience letter or will it put me in any legal trouble?( Hyderabad, Telangana )",HKG::FA_79,"HKG::FA_79 → HKG::Factories Act 1948 → HKG::leave → PC::Section 40B of the Factories Act, 1948 → HKG::Q_397","Sir 
My father worked in a co-op housing society as a guard  from the last 9-10 years.
In august month my father was on approved leave with application . but 3-4 days late due to illnesses . so society is not ready to continue to keep him on job as before .
Housing society terminates my father without notice and the secretary is saying you're not eligible for any gratuity  notice salary .
How will I get the full and final amount from This housing society?( Mumbai, Maharashtra )","my father was an employee of a company and was entitled under EPF scheme. He dies in Jan,2008. My mother received his PF benefit in 2011, but my mother fell in Cancer disease in 2011 and repeatedly suffered many years, due to this we could not submit Pension Claim in 10D form to EPFO as on date. My father had no UAN no then. My question is that will my mother is eligible to submit 10D to get Family Pension from EPFO now. because now we are in very much financial  crisis.( Murshidabad, West Bengal )","My father worked as driver in KPTCL on 1994  he worked 5 days only then he will not reported to duty because of    he is suffering from health issue and then one year back 29/05/2018 my father is died  so that  we are eligible for taking job from compassionate ground or not . my father no given to resignation letter to department( Shimoga, Karnataka )","A.If you have employment contract which states notice period mandatory than its breach may put you in legal hassle if your company wishes to take any legal action against you, however it is advisable that if you don't want to serve notice period better talk to your organisation's concerned person and negotiate with/request him/her to waive off the notice period in your case and you may offer them to not give experience/recommendation letter in return but if they take the notice period waiver in writing vide email from the official email address of your current organisation. Thank you.","Under Indian contract law, specifically the Indian Contract Act, 1872, employment agreements are binding contracts. If the employment contract specifies a notice period of two months, failure to serve this period or pay the notice pay may result in a breach of contract. Legally, the company can demand the notice pay as compensation for the breach.

You can choose to leave immediately without serving the notice period, but this may lead to legal action by the company to recover the notice pay. Review your employment contract to confirm the terms regarding the notice period. Consider negotiating with the employer for a waiver or reduction of the notice pay obligation.",3.5505,60.0815,19.8636,3.7634,17.0599,19.112,2.3992,27.1794,5.5395,1.634,0.6554,21.1501,51.7118,52.8759,83.8309
89,"1.Is Visa type required for the determination of International worker for PF contribution? 2.What is the definition of PF wages for international workers? 3.Is there any minimum period to be considered for PF coverage? 4.Is Aadhaar is mandatory for UAN generation for IW? 5.Is there any restriction for EPS wages for IW?( Thiruvallur, Tamil Nadu )",HKG::ICA_73 → HKG::EPF_6,HKG::ICA_73 → HKG::EPF_6 → HKG::provident_fund → HKG::wages → HKG::PROC_PF_COMPLAINT → HKG::employment_bond,"Sir 
My father worked in a co-op housing society as a guard  from the last 9-10 years.
In august month my father was on approved leave with application . but 3-4 days late due to illnesses . so society is not ready to continue to keep him on job as before .
Housing society terminates my father without notice and the secretary is saying you're not eligible for any gratuity  notice salary .
How will I get the full and final amount from This housing society?( Mumbai, Maharashtra )","My father worked as driver in KPTCL on 1994  he worked 5 days only then he will not reported to duty because of    he is suffering from health issue and then one year back 29/05/2018 my father is died  so that  we are eligible for taking job from compassionate ground or not . my father no given to resignation letter to department( Shimoga, Karnataka )","my father was an employee of a company and was entitled under EPF scheme. He dies in Jan,2008. My mother received his PF benefit in 2011, but my mother fell in Cancer disease in 2011 and repeatedly suffered many years, due to this we could not submit Pension Claim in 10D form to EPFO as on date. My father had no UAN no then. My question is that will my mother is eligible to submit 10D to get Family Pension from EPFO now. because now we are in very much financial  crisis.( Murshidabad, West Bengal )","Hi,Every foreign worker employed with an establishment to whom the EPF applies must become a member of the provident fund (PF) from the first date of his/her employment. There is no minimum period of stay in India for activation of PF compliance. Visa will be required, and adhar is not mandatory.If you like my answer, please rate me.","1. Visa type is not required for determining an international worker for PF contribution. According to the Employees' Provident Fund Scheme, 1952, an international worker is defined based on their employment and not visa type.

2. PF wages for international workers are defined as basic wages, dearness allowance, retaining allowance, and cash value of food concessions as per the EPF Scheme.

3. There is no minimum period required for PF coverage for international workers. Coverage begins from the date of employment.

4. Aadhaar is not mandatory for UAN generation for international workers. However, other identification documents may be required.

5. There is a restriction for EPS wages for international workers, which is capped at INR 15,000 per month as per the Employees' Pension Scheme, 1995.

Next steps: Verify employment contract terms related to PF contributions and consult with the employer's HR department for specific documentation requirements.",5.5671,69.6738,19.8636,3.7634,17.0599,19.112,2.3992,27.1794,5.5395,1.634,0.6554,21.1501,51.7118,52.8759,83.8309
90,"Raised immediate resignation(40 days notice period, company policy 90 days) in current company X due to personal reason, but got offer from Company Y. Accepted the offer and joining date is May 17. But Current company X informed me that the release me from the current client project on May 16th, but they will release me only after 90 days(July 5). They are going to consider remaining date as LOP. I have informed about this to New Company Y, they have no issue on it. My doubt is whether will it cause any trouble in future( Delhi, Delhi )",PC::Disciplinary Proceedings Initiated After 90 Days → PC::Transfer of Employees to New Company Contested → HKG::PGA_7 → PC::Previous Judgments Considered in Current Ruling,PC::Disciplinary Proceedings Initiated After 90 Days → PC::Transfer of Employees to New Company Contested → HKG::PGA_7 → PC::Previous Judgments Considered in Current Ruling → HKG::PROC_GRATUITY_CLAIM → HKG::gratuity → HKG::labour_court → PC::Section 391 of the Companies Act,"Sir 
My father worked in a co-op housing society as a guard  from the last 9-10 years.
In august month my father was on approved leave with application . but 3-4 days late due to illnesses . so society is not ready to continue to keep him on job as before .
Housing society terminates my father without notice and the secretary is saying you're not eligible for any gratuity  notice salary .
How will I get the full and final amount from This housing society?( Mumbai, Maharashtra )","My father worked as driver in KPTCL on 1994  he worked 5 days only then he will not reported to duty because of    he is suffering from health issue and then one year back 29/05/2018 my father is died  so that  we are eligible for taking job from compassionate ground or not . my father no given to resignation letter to department( Shimoga, Karnataka )","my father was an employee of a company and was entitled under EPF scheme. He dies in Jan,2008. My mother received his PF benefit in 2011, but my mother fell in Cancer disease in 2011 and repeatedly suffered many years, due to this we could not submit Pension Claim in 10D form to EPFO as on date. My father had no UAN no then. My question is that will my mother is eligible to submit 10D to get Family Pension from EPFO now. because now we are in very much financial  crisis.( Murshidabad, West Bengal )","Dear Sir,You have to make arrangements with both the companies and see that the misunderstandings are removed thus you can make the confusion cleared.","The primary legal issue is whether the current company X can enforce the 90-day notice period despite the user's immediate resignation. Under Indian contract law, specifically Section 27 of the Indian Contract Act, 1872, an employer cannot force an employee to work beyond their notice period, but they can seek compensation for breach of contract if stipulated in the employment agreement. Since company Y has no issue with the user joining on May 17, there is no immediate legal risk in joining them.

The user cannot be compelled to continue working at company X beyond the notice period they wish to serve, but they may be liable for any financial penalties as per their employment contract. The user should review their employment contract for any clauses related to notice period breaches and consider negotiating with company X for a waiver or reduction of any penalties. Additionally, obtaining written confirmation from company Y regarding their acceptance of the user's situation would be prudent.",0.3489,27.2086,19.8636,3.7634,17.0599,19.112,2.3992,27.1794,5.5395,1.634,0.6554,21.1501,51.7118,52.8759,83.8309
91,"At Bangalore office Premises my superior given a job but it struck technicaly I clearly explained him..he fired on me and ask me you can do or not ..I said I struck technicaly I can't do...then you get out from my office he shouted forcefully and purposely sent back to home..I went home Sent to resignation mail they accepted suddenly already they planned on me at Covid situation..now they are not releasing my salary and F and F though I was worked 4.5 years (office in Bangalore after accepting resignation I went Native place Andra Pradesh with Epass...now iam in AP) I requested them to clear my due they are telling that hand over the things at after 1.5 month..now I don't have money and job..( Bangalore, Karnataka )",HKG::ICA_73,HKG::ICA_73 → HKG::employment_bond → HKG::Indian Contract Act 1872 → HKG::wages → HKG::Q_864,"My father worked as driver in KPTCL on 1994  he worked 5 days only then he will not reported to duty because of    he is suffering from health issue and then one year back 29/05/2018 my father is died  so that  we are eligible for taking job from compassionate ground or not . my father no given to resignation letter to department( Shimoga, Karnataka )","Sir 
My father worked in a co-op housing society as a guard  from the last 9-10 years.
In august month my father was on approved leave with application . but 3-4 days late due to illnesses . so society is not ready to continue to keep him on job as before .
Housing society terminates my father without notice and the secretary is saying you're not eligible for any gratuity  notice salary .
How will I get the full and final amount from This housing society?( Mumbai, Maharashtra )","my father was an employee of a company and was entitled under EPF scheme. He dies in Jan,2008. My mother received his PF benefit in 2011, but my mother fell in Cancer disease in 2011 and repeatedly suffered many years, due to this we could not submit Pension Claim in 10D form to EPFO as on date. My father had no UAN no then. My question is that will my mother is eligible to submit 10D to get Family Pension from EPFO now. because now we are in very much financial  crisis.( Murshidabad, West Bengal )",Approach to the nearest labour commissioners office and file complaint against them,"Under the Indian Contract Act, 1872, an employer is obligated to fulfill contractual obligations, including payment of wages for work performed. The refusal to release your salary and full and final settlement (F&F) after accepting your resignation constitutes a breach of contract. You can file a complaint with the Labour Commissioner in Bangalore, as they have jurisdiction over employment disputes, or consider initiating legal action for recovery of dues under the Payment of Wages Act, 1936.

Next steps: First, send a formal demand letter to your employer outlining your claims and request immediate payment of outstanding dues. If there is no resolution, proceed to file a complaint with the Labour Commissioner or consult with a local attorney to explore filing a civil suit for breach of contract.",0.3684,48.0564,19.8636,3.7634,17.0599,19.112,2.3992,27.1794,5.5395,1.634,0.6554,21.1501,51.7118,52.8759,83.8309
92,"My company is an OPC and took signature on bond papers stating that 50% of my salary for the first month or three consecutive months summing to 50% of my salary will be deducted as security deposit refundable upon completion of year and serving a 30days notice period. 2 days before my 1 year completion I seeked advise from my HR in a private space upon offering me a increment I said I will rather serve my notice period starting from two days onwards and serve my notice period to procure my deposit and all reliving documents as I don't intend to continue respecting the terms of the agreement signed. 
In next two hours the HR called me again in a private space and threaten to resign today or I will be terminated. I straight away questions the reasons for termination and the what evidence they have. The HR stated it was me talking bad about the company with no evidence. The next thing is my manager convincing me to forget everything and continue no body is going to terminate you. But I fear they are cultivating evidence against me to terminate me before I complete my Term so they can avoid returning the refund. I need urgent advise and assistance in a way that I walk out respectfully with all my documents and financial duties.( Hyderabad, Telangana )",HKG::ICA_73 → HKG::ICA_74 → HKG::SRA_14 → HKG::SRA_16,HKG::ICA_73 → HKG::ICA_74 → HKG::SRA_14 → HKG::SRA_16 → HKG::employment_bond → HKG::wages → HKG::PROC_EMPLOYMENT_BOND → HKG::Indian Contract Act 1872,"Sir 
My father worked in a co-op housing society as a guard  from the last 9-10 years.
In august month my father was on approved leave with application . but 3-4 days late due to illnesses . so society is not ready to continue to keep him on job as before .
Housing society terminates my father without notice and the secretary is saying you're not eligible for any gratuity  notice salary .
How will I get the full and final amount from This housing society?( Mumbai, Maharashtra )","My father worked as driver in KPTCL on 1994  he worked 5 days only then he will not reported to duty because of    he is suffering from health issue and then one year back 29/05/2018 my father is died  so that  we are eligible for taking job from compassionate ground or not . my father no given to resignation letter to department( Shimoga, Karnataka )","my father was an employee of a company and was entitled under EPF scheme. He dies in Jan,2008. My mother received his PF benefit in 2011, but my mother fell in Cancer disease in 2011 and repeatedly suffered many years, due to this we could not submit Pension Claim in 10D form to EPFO as on date. My father had no UAN no then. My question is that will my mother is eligible to submit 10D to get Family Pension from EPFO now. because now we are in very much financial  crisis.( Murshidabad, West Bengal )","Dear Client,It is never advisable to continue with a toxic or unethical work culture in a workplace, along with an apprehension of job insecurity that adversely affects one's skills and career. A service/employment bond itself does not create any relationship between an employer and an employee unless and until it is followed by the essential steps required to make the Bond valid and enforceable under the law. The validity of Employment bonds can be challenged based on Section 27 of the Indian Contract Act,1872, which prohibits any agreement in restraint of trade and profession. The law states that an agreement (employment bond) will be illegal only if it restrains someone from exercising a lawful profession/ trade/ business. As per the mandate of Section 27 of the Indian Contract Act,1872, any terms and conditions of an agreement that directly or indirectly compel the employee to serve the employer or put a restriction on them joining the competitor or other employer are not valid. The employee has the right to resign from employment even if he has agreed to the employment bond to serve the employer for a specific period. In the case where the employer can prove that the employee is joining the competitor to disclose the trade secret, then the court may issue an injunction order restricting the employee from joining the competitor. Further, Section 73 of the Act makes provision for un-liquidated damages (not stipulated in a contract), Section 74 deals with liquidated damages (stipulated in a contract), and no compensation is attracted for mere breach of contract u/s.73 and 74 of the Act unless such breach resulted in an actual loss or damage to the opposite party employer. So, in the prevailing situation, if you are not holding a position of manager or supervisor in the Company, but a workman as defined under Sec.2(s) of the Industrial Dispute Act, 1947. serving a legal notice to the Company reach out to the office of the concerned Labour Commissioner or the office of the Chief Inspector, Shops and Establishments, as the case may be, to file a complaint against the company over alleged unfair labour practice for redressal of your grievance, Apart from this, you can file an application under Sec.33C(2) of the Industrial Disputes Act, 1947 before the State Labour Court claiming your dues from the Company. Further, the SAMADHAN Portal was launched by the Ministry of Labour and Employment to facilitate the filing of industrial disputes by the workmen, employers, and trade unions under the Industrial Disputes Act, 1947. The online portal has a user-friendly interface and has enhanced transparency and efficiency of grievance resolution for all stakeholders. The workmen/trade unions/management can file their disputes and claims by logging into the portal through the UMANG app and also by visiting the nearest Common Services Centres. But, if you are holding the position of Manager or Administrator in the Company, you have to file a civil suit against the Company before the Civil Court seeking appropriate relief in the matter. If you are an employee of the IT Company then be informed that to restrict IT Companies from exploiting their employees by playing double standards, the Division Bench of the Karnataka High Court in the case of Commissioner of Income Tax v. Texas Instruments India Pvt Ltd (2021) 435 ITR unambiguously held that the IT sector employees considered to be ""workmen"" under Section 2(s) of the Industrial Dispute Act, 1947. Further, the Hon'ble Bombay High Court in the case of Godrej and Boyce Manufacturing Company Ltd. v. Shivkranti Kamgar Sanghatana, 2024 SCC OnLine Bom 938, decided on 28-03-2024 ruled out that the nature of duties and functions is the determining factor in ascertaining âworkmanâ under S. 2(s) of Industrial Disputes Act, 1947. If required, consult with an Advocate experienced in service matters to navigate the issue in the right way","The primary legal issue here is the enforceability of the employment bond and the potential wrongful termination. Under the Indian Contract Act, 1872, a contract is void if it involves coercion or undue influence (Sections 15 and 16). The threat of termination without evidence could be considered undue influence, potentially voiding any resignation obtained under such circumstances.

You can assert your right to serve the notice period as per the agreement and demand the return of your security deposit. Document all interactions with HR and management to create a record of events. If the company attempts to terminate you without cause or evidence, you may have grounds to challenge this legally and should consider consulting with a labor lawyer to discuss filing a complaint with the labor commissioner or pursuing legal action for wrongful termination.",0.189,57.9155,19.8636,3.7634,17.0599,19.112,2.3992,27.1794,5.5395,1.634,0.6554,21.1501,51.7118,52.8759,83.8309
93,"I was about to join an organisation next week but today got an email stating the withdrawal offer. I will be out of job and have commitments to fullfill . I want to know what can be my approach so they do not play with anyones career.( Bangalore, Karnataka )",PC::Employee Claims Back Wages for Period Out of Job → PC::Casual Workers Can Be Terminated with Notice → PC::Failure to Join Duties → PC::High Court Found Government Officials Can Be Independent,PC::Employee Claims Back Wages for Period Out of Job → PC::Casual Workers Can Be Terminated with Notice → PC::Failure to Join Duties → PC::High Court Found Government Officials Can Be Independent → PC::Employee Reinstated After Removal → PC::No Violation of Natural Justice → PC::Opportunity Provided to Respondent → PC::Controversy Over Definition of Independent Persons,"Sir 
My father worked in a co-op housing society as a guard  from the last 9-10 years.
In august month my father was on approved leave with application . but 3-4 days late due to illnesses . so society is not ready to continue to keep him on job as before .
Housing society terminates my father without notice and the secretary is saying you're not eligible for any gratuity  notice salary .
How will I get the full and final amount from This housing society?( Mumbai, Maharashtra )","My father worked as driver in KPTCL on 1994  he worked 5 days only then he will not reported to duty because of    he is suffering from health issue and then one year back 29/05/2018 my father is died  so that  we are eligible for taking job from compassionate ground or not . my father no given to resignation letter to department( Shimoga, Karnataka )","my father was an employee of a company and was entitled under EPF scheme. He dies in Jan,2008. My mother received his PF benefit in 2011, but my mother fell in Cancer disease in 2011 and repeatedly suffered many years, due to this we could not submit Pension Claim in 10D form to EPFO as on date. My father had no UAN no then. My question is that will my mother is eligible to submit 10D to get Family Pension from EPFO now. because now we are in very much financial  crisis.( Murshidabad, West Bengal )","Dear Sir,You may file representation before Labor Commissioner and get issue legal notice and save your job.","The key legal issue here is whether the withdrawal of the job offer constitutes a breach of contract. Under Indian contract law, as per the Indian Contract Act, 1872, an offer can be revoked before it is accepted, unless a formal contract has been signed or there is a specific clause preventing such revocation. Since you were informed of the withdrawal before joining, it is unlikely to constitute a breach unless there was a written agreement specifying otherwise.

Legally, you cannot compel the organization to reinstate the offer unless there is evidence of a binding contract. However, you can request a written explanation for the withdrawal and consider negotiating for any incurred costs or losses. If there was a signed contract or any written assurance that indicates a binding agreement, consult a lawyer to explore potential legal remedies.",0.3821,36.5637,19.8636,3.7634,17.0599,19.112,2.3992,27.1794,5.5395,1.634,0.6554,21.1501,51.7118,52.8759,83.8309
94,"Hi Legal Advisers ,
Now big scams going on UAN ?As Scammers   calling people and give adds as if you have any issue in pf please reach out to us so we can solve and taking Uan Numbers and Adding fake Companies and black mailing for money .
if this people refuse to give money. The Scammers Closing UAN and marking reason as Death?
So please give us solution for this ?( Hyderabad, Telangana )",HKG::EPF_6,HKG::EPF_6 → HKG::Employees Provident Fund Act 1952 → HKG::PROC_PF_COMPLAINT → HKG::provident_fund → HKG::Q_864,"My father worked as driver in KPTCL on 1994  he worked 5 days only then he will not reported to duty because of    he is suffering from health issue and then one year back 29/05/2018 my father is died  so that  we are eligible for taking job from compassionate ground or not . my father no given to resignation letter to department( Shimoga, Karnataka )","Sir 
My father worked in a co-op housing society as a guard  from the last 9-10 years.
In august month my father was on approved leave with application . but 3-4 days late due to illnesses . so society is not ready to continue to keep him on job as before .
Housing society terminates my father without notice and the secretary is saying you're not eligible for any gratuity  notice salary .
How will I get the full and final amount from This housing society?( Mumbai, Maharashtra )","my father was an employee of a company and was entitled under EPF scheme. He dies in Jan,2008. My mother received his PF benefit in 2011, but my mother fell in Cancer disease in 2011 and repeatedly suffered many years, due to this we could not submit Pension Claim in 10D form to EPFO as on date. My father had no UAN no then. My question is that will my mother is eligible to submit 10D to get Family Pension from EPFO now. because now we are in very much financial  crisis.( Murshidabad, West Bengal )","Dear Client,Your Universal Account Number (UAN) is confidential and should not be shared with anyone except your employer or when required for legitimate purposes like accessing your EPF account online. The Employees' Provident Fund Organisation (EPFO) strongly advises against sharing your UAN, password, OTP, or any other personal or financial details with anyone, including over the phone, social media, or email. EPFO is warning members via its website and social media handles regarding fake phone calls and is also advising them not to share personal details like PAN, Aadhaar, bank account, or EPF account details like Universal Account Number (UAN). Till now it was mainly banks and other financial institutions that were warning their customers not to share their OTP, card and other personal details with anyone to avoid falling prey to fraudsters posing as bank employees. However, now EPFO has also issued a similar warning to its members. However, even if you find yourself a victim of any such scam using your UAN by default,  you should immediately file an online complaint using the EPF i-Grievance Management System (www. https://epfigms.gov.in/). or filing a complaint offline in the office of the Regional PF Commissioner concerned and additionally report the matter online at https://www.cybercrime.gov.in/ to the National Cyber Crime Reporting Portal(NCCRP), an initiative of the Government of India to facilitate victims/ complainants to report cybercrime scams or complaints online. Once a cybercrime scam is reported online to NCCRP and EPF i-Grievance Management System, the investigating team starts the routine process of investigation immediately to reach out to scammers and restore the status of the EPF members post-investigation. The length of time it takes to investigate a cybercrime can vary greatly depending on the complexity of the case, the resources available to the investigators, and the cooperation of the victim. If required, you may consult with a cybercrime expert to navigate the issue in the right way.","The specific legal issue here involves fraud and misuse of the Employees' Provident Fund (EPF) accounts through unauthorized access to UAN (Universal Account Number). Under the Employees Provident Fund Act 1952, such fraudulent activities are illegal and can be reported to the Employees' Provident Fund Organisation (EPFO). Victims of such scams can file a complaint with the EPFO using the HKG::PROC_PF_COMPLAINT procedure.

Legally, victims cannot resolve this by paying scammers, as it may not guarantee the restoration of their UAN or prevent further misuse. Instead, report the fraudulent activity to the EPFO and the local police to initiate an investigation. Additionally, ensure that all communication regarding EPF is conducted through official channels to avoid falling prey to scams.",2.3799,78.9535,19.8636,3.7634,17.0599,19.112,2.3992,27.1794,5.5395,1.634,0.6554,21.1501,51.7118,52.8759,83.8309
95,"I had worked in a firm in Bangalore for a period of 3.5 years, during the end of my notice period, I had taken a leave, for an induction of my next firm. My Management thought I am working at two firm side by side and to which they abruptly told me not to come to office anymore and fired me. I tried to explain my situation to management and they were not willing to hear me, I did not get my experience certificate nor my settlement, The HR / management was not responding to me. Fast-forward 5 years from then when I contacted them for letter of recommendation or Experience certificate, they denied saying I had absconded from there and following my commitments they had to undergo lots of consumer cases and they had lost lakhs of rupees they did not file an FIR against me or blacklist me because they were indebted to my career. When I asked them why wasn't I informed about all this when I tried to contact, they said it was just  so that they wish me good, they did not want to spoil my career. My 3 years of dedication to the firm my best job and I rank myself in my career as the best experience is what I got from this firm. I do not want my 3 years to go missing from my profile. How can I get back to them for my experience certificate? Yes the only thing I am asking is my experience certificate I do not want even my settlement to be provided, after that Covid did make my bankrupt.( Bangalore, Karnataka )",HKG::FA_79 → HKG::PGA_7 → HKG::ATA_19,HKG::FA_79 → HKG::PGA_7 → HKG::ATA_19 → HKG::labour_court → HKG::PROC_GRATUITY_CLAIM → HKG::gratuity → HKG::Administrative Tribunals Act 1985,"My father worked as driver in KPTCL on 1994  he worked 5 days only then he will not reported to duty because of    he is suffering from health issue and then one year back 29/05/2018 my father is died  so that  we are eligible for taking job from compassionate ground or not . my father no given to resignation letter to department( Shimoga, Karnataka )","Sir 
My father worked in a co-op housing society as a guard  from the last 9-10 years.
In august month my father was on approved leave with application . but 3-4 days late due to illnesses . so society is not ready to continue to keep him on job as before .
Housing society terminates my father without notice and the secretary is saying you're not eligible for any gratuity  notice salary .
How will I get the full and final amount from This housing society?( Mumbai, Maharashtra )","my father was an employee of a company and was entitled under EPF scheme. He dies in Jan,2008. My mother received his PF benefit in 2011, but my mother fell in Cancer disease in 2011 and repeatedly suffered many years, due to this we could not submit Pension Claim in 10D form to EPFO as on date. My father had no UAN no then. My question is that will my mother is eligible to submit 10D to get Family Pension from EPFO now. because now we are in very much financial  crisis.( Murshidabad, West Bengal )","Dear Client,The Factories Act, 1948 and the Industrial Employment (Standing Order) Rules, 1946, prohibit adult workers from engaging in dual employment. Further, rules related to dual employment have been captured under State-specific labour laws. It is not illegal however both companies should not have the clause âcannot take up work full time in some other companyâ Then the issue will arise when TDS is being filed by both employers will come to know and consequently you may lose both jobs. So, before joining another Company you are required to tender your resignation from the earlier company that eventually caused the overlapping of service. , A contract of employment governs the relationship between the employer and employee and both are required to discharge their contractual obligation. You left the job of the company without any notice to the employer and without serving a notice period which amounts to a breach of contract. And for that breach of contract, an employer can take legal action against you. As per Section 27 of the Indian Contract Act, 1872, any terms and conditions of an agreement that directly or indirectly compels the employee to serve the employer or puts a restriction on them joining the competitor or other employer is not valid. So, regardless of the reasons behind the cessation of employment, an employee deserves a relieving letter, and in the absence of any specific stipulation in the contract of employment barring the employee from the claim of claim F & F dues, an employer cannot deny the claim out rightly without any valid reason and that may be termed as unfair labour practice. So, in the prevailing situation, if you are a workman as defined under Sec.2(s) of the I D Act. then, serving a legal notice to your employer/company, file a complaint against them for unfair labour practice before the concerned Labour Commissioner for redressal of your grievance, and apart, you can file an application u/s.33C(2) of I D Act before the concerned Labour Court claiming your dues from the employer.","Under the Industrial Employment (Standing Orders) Act, 1946, an employee is entitled to receive a service certificate upon termination of employment, regardless of the circumstances of termination. The denial of an experience certificate may be challenged as it is a statutory right. You can file a complaint with the Labour Commissioner in Bangalore, as they handle disputes related to employment rights and can mediate between you and the employer. Additionally, consider sending a formal legal notice to the firm demanding the issuance of your experience certificate, citing the relevant provisions of the law.",1.0987,51.2223,19.8636,3.7634,17.0599,19.112,2.3992,27.1794,5.5395,1.634,0.6554,21.1501,51.7118,52.8759,83.8309
96,"Recently my company  got to know about my side job that i do in free time and they are planning to terminate for that reason. Though there has been no conflict of interest or misuse of any information or resources but just because it was not informed they wanted to terminate. Can that be challenged( Bangalore, Karnataka )",PC::Authority to Terminate Service Disputed → PC::Governing Body Has Power to Terminate → PC::State Government Attempted to Terminate Service → PC::Resolution to Terminate Services Passed,PC::Authority to Terminate Service Disputed → PC::Governing Body Has Power to Terminate → PC::State Government Attempted to Terminate Service → PC::Resolution to Terminate Services Passed → PC::Termination of Services Found Invalid → PC::Compensation Awarded Instead of Reinstatement → HKG::compensation → PC::High Court Found Termination Invalid,"Sir 
My father worked in a co-op housing society as a guard  from the last 9-10 years.
In august month my father was on approved leave with application . but 3-4 days late due to illnesses . so society is not ready to continue to keep him on job as before .
Housing society terminates my father without notice and the secretary is saying you're not eligible for any gratuity  notice salary .
How will I get the full and final amount from This housing society?( Mumbai, Maharashtra )","My father worked as driver in KPTCL on 1994  he worked 5 days only then he will not reported to duty because of    he is suffering from health issue and then one year back 29/05/2018 my father is died  so that  we are eligible for taking job from compassionate ground or not . my father no given to resignation letter to department( Shimoga, Karnataka )","my father was an employee of a company and was entitled under EPF scheme. He dies in Jan,2008. My mother received his PF benefit in 2011, but my mother fell in Cancer disease in 2011 and repeatedly suffered many years, due to this we could not submit Pension Claim in 10D form to EPFO as on date. My father had no UAN no then. My question is that will my mother is eligible to submit 10D to get Family Pension from EPFO now. because now we are in very much financial  crisis.( Murshidabad, West Bengal )","Dear client,In India, we donât have a blanket law covering âcan an individual works (freelance) while being employed full time with an organizationâ. There are lots of grey areas when it comes to multiple employment in India.Most organizations have their own rules n regulations regarding this. While some organizations do not allow this, some allow it under certain conditions like,The work should not be the same as what you are employed in or your primary skill- Cannot work for any competitor (direct or indirect)- Some might put a cap to the time and remuneration- Some might limit you from working in certain domain or using certain skill you acquired or are using for your primary employer.So the best thing to take care of the legal aspect is to speak to you manager and HR.Certain organizations have a binding contract an individual is supposed to sign before starting any freelance / additional job (for both time and self service). In that case, if you have agreed not to work or freelance anywhere else, then they can terminate you by providing a notice period with the valid reason.","In Bangalore, Karnataka, the key legal issue is whether the termination is justified under the terms of your employment contract and applicable labor laws. If your employment contract explicitly prohibits secondary employment or requires disclosure of such activities, the company may have grounds to terminate your employment. However, if there is no such clause and no conflict of interest or misuse of company resources, you may challenge the termination as wrongful.

You can file a complaint with the labor commissioner under the Karnataka Shops and Establishments Act, 1961, if applicable, or approach the labor court for relief. Review your employment contract thoroughly to identify any clauses related to secondary employment and gather evidence showing no conflict of interest or misuse of resources.",0.7899,50.752,19.8636,3.7634,17.0599,19.112,2.3992,27.1794,5.5395,1.634,0.6554,21.1501,51.7118,52.8759,83.8309
97,"In my previous company they'll hold my FnF amount, after 5 months from resignation they released my settlement amount, but they're not credited my salary for the notice period. What can I do?( Vijayawada, Andhra Pradesh )",HKG::PGA_7 → HKG::ATA_19 → HKG::ICA_73,HKG::PGA_7 → HKG::ATA_19 → HKG::ICA_73 → HKG::wages → HKG::gratuity → HKG::PROC_GRATUITY_CLAIM → HKG::labour_court,"My father worked as driver in KPTCL on 1994  he worked 5 days only then he will not reported to duty because of    he is suffering from health issue and then one year back 29/05/2018 my father is died  so that  we are eligible for taking job from compassionate ground or not . my father no given to resignation letter to department( Shimoga, Karnataka )","Sir 
My father worked in a co-op housing society as a guard  from the last 9-10 years.
In august month my father was on approved leave with application . but 3-4 days late due to illnesses . so society is not ready to continue to keep him on job as before .
Housing society terminates my father without notice and the secretary is saying you're not eligible for any gratuity  notice salary .
How will I get the full and final amount from This housing society?( Mumbai, Maharashtra )","my father was an employee of a company and was entitled under EPF scheme. He dies in Jan,2008. My mother received his PF benefit in 2011, but my mother fell in Cancer disease in 2011 and repeatedly suffered many years, due to this we could not submit Pension Claim in 10D form to EPFO as on date. My father had no UAN no then. My question is that will my mother is eligible to submit 10D to get Family Pension from EPFO now. because now we are in very much financial  crisis.( Murshidabad, West Bengal )","Dear Client,From the contents of your query, it does not transpire whether you served the notice period or not post-resignation in terms of your appointment letter.  In case the terms of your appointment letter require service of notice period for a certain period post-resignation and on breach of said condition, the company may deduct a sum equivalent to the notice period from the F & F Settlement dues, then the action of the previous company cannot be held illegal or unfair. Otherwise, if you served a notice period and despite the company deducted the pay of the notice period, then serving a legal notice, you can file a complaint against the company over alleged unfair labour practices before the concerned Labour Commissioner and additionally can file an application under Sec. 33C(2) of the Industrial Dispute Act, 1947 before the State Labour Court claiming recovery of dues receivable from the provided you are a workman as defined under Sec.2(s) of the I D Act. Or else if you are holding a position of Manager or Administrative Officer in the Company then you have to file a civil suit before the Civil Court for recovery of money.","Under the Payment of Wages Act, 1936, an employer is required to pay all wages due to an employee within a specified time frame after their employment ends. If your previous employer has withheld your salary for the notice period without justification, you may have grounds to file a claim for unpaid wages. You cannot claim gratuity unless you have completed five years of continuous service as per the Payment of Gratuity Act, 1972.

Next steps: First, send a formal written demand to your employer requesting payment of the outstanding salary. If this does not resolve the issue, consider filing a complaint with the Labour Commissioner or initiating legal proceedings in a Labour Court to recover the unpaid wages.",2.0661,60.9042,19.8636,3.7634,17.0599,19.112,2.3992,27.1794,5.5395,1.634,0.6554,21.1501,51.7118,52.8759,83.8309
98,"The order passed in 2014 has not been executed till now . I have filed an execution case also but there is no outcome( Jamshedpur, Jharkhand )",PC::Dismissal Order Passed → PC::Company Closed Down in 2014 → PC::Termination Order Passed Under Rules → PC::Dismissal Order Passed for Absence Without Leave,"PC::Dismissal Order Passed → PC::Company Closed Down in 2014 → PC::Termination Order Passed Under Rules → PC::Dismissal Order Passed for Absence Without Leave → PC::Employee Challenged Dismissal in Tribunal → PC::Tribunal Quashed Dismissal Order → PC::Managing Director, ECIL, Hyderabad vs. B. Karunakar 1993 4 SCC 727 → PC::Tribunal Set Aside Termination Order","Sir 
My father worked in a co-op housing society as a guard  from the last 9-10 years.
In august month my father was on approved leave with application . but 3-4 days late due to illnesses . so society is not ready to continue to keep him on job as before .
Housing society terminates my father without notice and the secretary is saying you're not eligible for any gratuity  notice salary .
How will I get the full and final amount from This housing society?( Mumbai, Maharashtra )","my father was an employee of a company and was entitled under EPF scheme. He dies in Jan,2008. My mother received his PF benefit in 2011, but my mother fell in Cancer disease in 2011 and repeatedly suffered many years, due to this we could not submit Pension Claim in 10D form to EPFO as on date. My father had no UAN no then. My question is that will my mother is eligible to submit 10D to get Family Pension from EPFO now. because now we are in very much financial  crisis.( Murshidabad, West Bengal )","My father worked as driver in KPTCL on 1994  he worked 5 days only then he will not reported to duty because of    he is suffering from health issue and then one year back 29/05/2018 my father is died  so that  we are eligible for taking job from compassionate ground or not . my father no given to resignation letter to department( Shimoga, Karnataka )","Hi,As per Rule 2 (e) of Civil Rules of Practice âExecution Petitionâ means a petition to the Court for the execution of any decree or order. Therefore it is advised to you to file an execution petition before the appropriate court.If you like my answer, please give a good review.","The primary legal issue is the non-execution of a tribunal order from 2014. Under the Code of Civil Procedure, 1908, execution of orders is governed by Order XXI, which provides mechanisms for enforcing decrees and orders. Since an execution case has already been filed, consider filing a contempt petition under the Contempt of Courts Act, 1971, if there is willful disobedience of the tribunal's order. Additionally, ensure all necessary documents and evidence supporting the execution are submitted to expedite the process. Consulting with a local attorney to explore filing a writ petition in the High Court for mandamus relief could also be a viable step if execution continues to be delayed.",1.7296,57.094,19.8636,3.7634,17.0599,19.112,2.3992,27.1794,5.5395,1.634,0.6554,21.1501,51.7118,52.8759,83.8309
99,"I was working in one pvt comany and salary date was 10th of every month on 12th got mail to director for 15 ppl that we are working in other company via mail and they hold salary for all which is not right we were not working with other company. So on the basis of non payment of wages i resigned on 15th nov due to non payment of wages and they hold salary and not reverting anything on mail or phone till date....my 45 days salary is pending so what kind of course of action is require...in my appointment letter no notice period is mentioned so i can leave company immediate basis..i am staying in Ahmedabad and i was working in ahmedabad office only and their head office is at delhi so where i can submit notice or legal action is require in ahmedbad or in delhi...in ahmedbad office all employee left and no one is working now( Ahmedabad, Gujarat )",HKG::FA_79 → HKG::PGA_7 → HKG::ATA_19 → HKG::ICA_73,HKG::FA_79 → HKG::PGA_7 → HKG::ATA_19 → HKG::ICA_73 → HKG::Indian Contract Act 1872 → HKG::PROC_GRATUITY_CLAIM → HKG::gratuity → HKG::labour_court,"My father worked as driver in KPTCL on 1994  he worked 5 days only then he will not reported to duty because of    he is suffering from health issue and then one year back 29/05/2018 my father is died  so that  we are eligible for taking job from compassionate ground or not . my father no given to resignation letter to department( Shimoga, Karnataka )","Sir 
My father worked in a co-op housing society as a guard  from the last 9-10 years.
In august month my father was on approved leave with application . but 3-4 days late due to illnesses . so society is not ready to continue to keep him on job as before .
Housing society terminates my father without notice and the secretary is saying you're not eligible for any gratuity  notice salary .
How will I get the full and final amount from This housing society?( Mumbai, Maharashtra )","my father was an employee of a company and was entitled under EPF scheme. He dies in Jan,2008. My mother received his PF benefit in 2011, but my mother fell in Cancer disease in 2011 and repeatedly suffered many years, due to this we could not submit Pension Claim in 10D form to EPFO as on date. My father had no UAN no then. My question is that will my mother is eligible to submit 10D to get Family Pension from EPFO now. because now we are in very much financial  crisis.( Murshidabad, West Bengal )","Dear Sir,You may approach the following authority.===================================================Please approach the following authority or similar authority in a stateThe Office Commissioner of LabourKarmika Bhavan, Dairy Circle,Bannerghatta Road, Bangalore-29.080-29753078[emailÂ protected]Addresses of Labor Inspectors in Bengaluru in different locationshttps://karmikaspandana.karnataka.gov.in/page/Contact+Us/Labour+Inspector/en=======================================================================Section 12 in The Industrial Disputes Act, 194712. Duties of conciliation officers.- (relevant section 12(2) of ID Act)(1) Where any industrial dispute exists or is apprehended, the conciliation officer may, or where the dispute relates to a public utility service and a notice under section 22 has been given, shall hold conciliation proceedings in the prescribed manner.(2) The conciliation officer shall, for the purpose of bringing about a settlement of the dispute, without delay, investigate the dispute and all matters affecting the merits and the right settlement thereof and may do all such things as he thinks fit for the purpose of inducing the parties to come to a fair and amicable settlement of the dispute.(3) If a settlement of the dispute or of any of the matters in dispute is arrived at in the course of the conciliation proceedings the conciliationofficer shall send a report thereof to the appropriate Government 1 or an officer authorised in this behalf by the appropriate Government] together with a memorandum of the settlement signed by the parties to the dispute.(4) If no such settlement is arrived at, the conciliation officer shall, as soon as practicable after the close of the investigation, send to the appropriate Government a full report setting forth the steps taken by him for ascertaining the facts and circumstances relating to the dispute and for bringing about a settlement thereof, together with a full statement of such facts and circumstances, and the reasons on account of which, in his opinion, a settlement could not be arrived at.(5) If, on a consideration of the report referred to in sub- section (4), the appropriate Government is satisfied that there is a case for reference to a Board, 2 Labour Court, Tribunal or National Tribunal,] it may make such reference. Where the appropriate Government does not make such a reference it shall record and communicate to the parties concerned its reasons therefor.(6) A report under this section shall be submitted within fourteen days of the commencement of the conciliation proceedings or within such shorter period as may be fixed by the appropriate Government: 3 Provided that, 4 subject to the approval of the conciliation officer,] the time for the submission of the report may be extended by such period as may be agreed upon in writing by all the parties to the dispute.]","Under the Payment of Wages Act, 1936, employers are required to pay wages on time, and withholding wages without justification is a violation. Since your employment was in Ahmedabad, you can file a complaint with the Labour Commissioner in Ahmedabad for non-payment of wages. Additionally, since no notice period was specified in your appointment letter, you were legally entitled to resign immediately. You can also consider sending a legal notice to the company's head office in Delhi demanding payment of your pending salary. If the issue remains unresolved, filing a suit for recovery of wages in the appropriate labor court is advisable.",0.0212,41.2781,19.8636,3.7634,17.0599,19.112,2.3992,27.1794,5.5395,1.634,0.6554,21.1501,51.7118,52.8759,83.8309
100,"I had applied  for junior engineer (electrical) recruitment-2016 in PH quota,they have rejected in medical exam ,because they are considered only one leg disability candidate,so I put the w.p in high court they also rejected,I am not having money to go for supreme court, kindly help me to get the justice.( Bangalore, Karnataka )",PC::Respondent Appointed as Junior Engineer → PC::Promotion from Junior Engineer to Assistant Engineer Challenged → PC::Promotion Quota for Junior Engineers Disputed → PC::Respondents Applied for Recruitment,PC::Respondent Appointed as Junior Engineer → PC::Promotion from Junior Engineer to Assistant Engineer Challenged → PC::Promotion Quota for Junior Engineers Disputed → PC::Respondents Applied for Recruitment → PC::Age Limit for Recruitment Disputed → PC::Relaxation of Age Limit Considered → PC::Discretionary Power to Relax Age Limit → PC::Article 45 of the Education Code for Kendriya Vidyalayas,"Sir 
My father worked in a co-op housing society as a guard  from the last 9-10 years.
In august month my father was on approved leave with application . but 3-4 days late due to illnesses . so society is not ready to continue to keep him on job as before .
Housing society terminates my father without notice and the secretary is saying you're not eligible for any gratuity  notice salary .
How will I get the full and final amount from This housing society?( Mumbai, Maharashtra )","My father worked as driver in KPTCL on 1994  he worked 5 days only then he will not reported to duty because of    he is suffering from health issue and then one year back 29/05/2018 my father is died  so that  we are eligible for taking job from compassionate ground or not . my father no given to resignation letter to department( Shimoga, Karnataka )","I have been working at a Pvt. Ltd. Organisation for the past 2.5 years and i was recently posted at one of their client organisations. After few months I have resigned and while serving my notice period I applied for a job opening at the same client organisation I was working at. My employer threatens me that they will proceed legally since I have signed a non compete agreement with them which restricts me from seeking a job opportunity at any of their client organisations. This I feel is restricting me the fundamental right to earn livelihood. Also this is a great opportunity for my career. I need to take this job. Please advice me what may happen and what can be done( Hyderabad, Andhra Pradesh )",If you are facing financial constraints to appeal to the Hon'ble Supreme Court then you can approach the Legal Aid Services department of the Supreme Court and they shall provide you a suitable Advocate to fight your case. You can go to this site https://sclsc.nic.in/ and download the application to apply for the legal aid.,"The primary legal issue is the rejection based on disability criteria under the Persons with Disabilities (Equal Opportunities, Protection of Rights and Full Participation) Act, 1995, which mandates equal opportunities for persons with disabilities. Since the High Court has rejected the plea, an appeal to the Supreme Court is the next legal step. However, without financial resources for this, consider approaching legal aid services or NGOs that specialize in disability rights for assistance.

The user can file a Special Leave Petition (SLP) in the Supreme Court, but cannot proceed without legal representation. Contact the Karnataka State Legal Services Authority, which provides free legal services to eligible individuals, to explore options for financial assistance or pro bono representation.",2.7206,57.4483,19.8636,3.7634,17.0599,19.112,2.3992,27.1794,5.5395,1.634,0.6554,21.1501,51.7118,52.8759,83.8309
101,"àª®àª¾àª°à« àªàª¿àª²à«àª²àª¾ àª«à«àª° àª¬àª¦àª²à« àªàª°à«àª¥à« àªà«àª¨à« àªàª°àªà« àª¹àª¤à« àªªàª°àªàª¤à« àªàª¾àª¤àª¾ àª¨àª¾ àªµàª¡àª¾àª àª®àª¾àª°àª¾ àª¬àª¾àª¦ àª¨à« àª¸à«àªµ àªµàª¿àª¨àªàª¤à« àª¨à« àªàª°àªà« àªàª¨à«àªµàª¯à« àª¬àª¦àª²à« àªàª°à« àªàªªà«àª² àªà« àª®àª¾àª°à« àª¹àªà« àªàª°à«àª² àª¨àª¥à« àª¤à« àª àª¬àª¾àª¬àª¤à« àª¶à«àª àªàª°à« àª¶àªàª¾àª¯( Jamnagar, Gujarat )",HKG::PGA_7 → HKG::ATA_19,HKG::PGA_7 → HKG::ATA_19 → HKG::labour_court → HKG::gratuity → HKG::PROC_GRATUITY_CLAIM → HKG::Administrative Tribunals Act 1985,"Widow daughter can get family pension of panchayat taj dept employees.( North 24 Parganas, West Bengal )","Namaste sir ,
I durgaprasad working as a grade 4 permanent govt employee in state government of andhrapradesh which is a non gazetted ... Sir iam b.tech graduate with good percentage and I cracked gate 2023 with 457 score ...I have a lot of chance in NIT college to pursue Mtech in my engineering stream ....
For that I asked my head of the department to permit to study.. and he said as per the cca and subordinate rules I have not permitted to study because  iam non gazetted post .. and also requested them to sanction loss of pay of my service for about 2year..for that they told me ,, u have no such option except the government allows to u to study with special G.O ,, that is a huge process and may not be my favour ...and now iam thinking to study my mtech and success in my career I would abscond from service without intimating them ...sir is it a good move?? Or else you please give suggestions how to study my mtech without losing my current govt job with loss of my pay ... Pls provide the suggestions..  is my contact number ..sir iam from poor family with big dreams to study and my job is very lower cadre even I have chances to go mtech my family problems strucking me  I don't want to loose my hard earned job for m tech and also I don't want to loose my hard earned prestigious Gate rank for IIT and NIts  for my low cadre job .I need both for safety purposes
Kindly provide best suggestion which is even favourable infront of courts also I mean as per legally correct one ..
Thank you sir and pls do needful( Srikakulam, Andhra Pradesh )","Suggest me bihar govt rules though which i can claim Advance pay for marriage ceremony( Kishanganj, Bihar )","Dear ClientYou must specify the facts and circumstances clearly to help you out in the present matter, however, if you feel any kind of injustice has happened with you, then take the advice of lawyer.ThanksRegards","In Gujarat, if you are seeking financial assistance for a marriage ceremony, the relevant rules would be governed by the Gujarat Civil Services Rules or any specific government schemes available for such purposes. Generally, government employees may be eligible for certain advances or loans under specific conditions, but these are subject to the rules of the employing department or government notifications.

You cannot claim an advance for marriage expenses unless explicitly provided for under your employment terms or a government scheme. Check with your department's HR or finance section for any applicable schemes or advances. If no provisions exist, consider exploring personal loan options outside of employment benefits.",1.6605,20.9193,19.8636,3.7634,17.0599,19.112,2.3992,27.1794,5.5395,1.634,0.6554,21.1501,51.7118,52.8759,83.8309
102,"I am a Sri Lankan student studied in an NIT.
I got selected into a multinational tech company through campus placements.

I was supposed to join in june, but they delayed my joining saying that they'll get my employment Visa through the company. 

But now they are refusing to hire me saying that they cannot arrange Visa. 

I have informed them multiple times that I can arrange VISA if they send me necessary documents. They are refusing to send them.

They are not telling a clear reason when I ask why they can't hire me. 


What action can I take in this case.

Thank you( Bangalore, Karnataka )",PC::Suspension Extended Multiple Times → PC::Respondent Challenged Suspension Order Multiple Times → PC::Court Found Necessary Party Entitled to Join → PC::Failure to Join Necessary Party in Petition,"PC::Suspension Extended Multiple Times → PC::Respondent Challenged Suspension Order Multiple Times → PC::Court Found Necessary Party Entitled to Join → PC::Failure to Join Necessary Party in Petition → PC::Rule 10 of the Central Civil Services Classification, Control and Appeal Rules, 1965 → PC::Section 82 of the Representation of the People Act, 1951 → PC::Departmental Inquiry Delayed → PC::Public Interest Considered in Suspension","Sir 
My father worked in a co-op housing society as a guard  from the last 9-10 years.
In august month my father was on approved leave with application . but 3-4 days late due to illnesses . so society is not ready to continue to keep him on job as before .
Housing society terminates my father without notice and the secretary is saying you're not eligible for any gratuity  notice salary .
How will I get the full and final amount from This housing society?( Mumbai, Maharashtra )","My father worked as driver in KPTCL on 1994  he worked 5 days only then he will not reported to duty because of    he is suffering from health issue and then one year back 29/05/2018 my father is died  so that  we are eligible for taking job from compassionate ground or not . my father no given to resignation letter to department( Shimoga, Karnataka )","my father was an employee of a company and was entitled under EPF scheme. He dies in Jan,2008. My mother received his PF benefit in 2011, but my mother fell in Cancer disease in 2011 and repeatedly suffered many years, due to this we could not submit Pension Claim in 10D form to EPFO as on date. My father had no UAN no then. My question is that will my mother is eligible to submit 10D to get Family Pension from EPFO now. because now we are in very much financial  crisis.( Murshidabad, West Bengal )","Dear client,As per Section 5 of the Indian Contract Act, 1872-""A proposal may be revoked at any time before the communication of its acceptance is complete as against the proposer, but not afterwards. âA proposal may be revoked at any time before the communication of its acceptance is complete as against the proposer, but not afterwards.""The job offer once accepted becomes a basic legal contract between you and your new employer and when your employer withdraws that offer then it falls under âBreach of Contractâ. Normally the contract once made cannot be unilaterally revoked. Only both parties can discharge each other from obligation by novation /accord and satisfaction.You can file a suit by consulting a lawyer and sue your employer","The primary legal issue here is a potential breach of contract regarding the employment offer. Under Indian Contract Act, 1872, if a valid offer and acceptance were made, and you have fulfilled all conditions, you may have grounds to claim damages for breach of contract. However, the enforceability of the offer depends on the specific terms and conditions outlined in the offer letter, including any clauses about visa arrangements.

You can send a formal legal notice to the company demanding an explanation and fulfillment of the employment contract. If the issue remains unresolved, consider filing a complaint with the appropriate labor court or seeking arbitration if stipulated in the contract. Consult with a local attorney to review the offer letter and advise on the specifics of your case.",5.2516,67.684,19.8636,3.7634,17.0599,19.112,2.3992,27.1794,5.5395,1.634,0.6554,21.1501,51.7118,52.8759,83.8309
103,"I have 3 days overlap issue in my service now I am changing to MNC company they have asked me for any Mail confirmation from my previous companies as changing in dates, they are not accepting this I need suggestion for this( Warangal, Telangana )",HKG::PGA_7 → HKG::ATA_19 → HKG::EPF_6,HKG::PGA_7 → HKG::ATA_19 → HKG::EPF_6 → HKG::Employees Provident Fund Act 1952 → HKG::gratuity → HKG::PROC_GRATUITY_CLAIM → HKG::labour_court,"My father worked as driver in KPTCL on 1994  he worked 5 days only then he will not reported to duty because of    he is suffering from health issue and then one year back 29/05/2018 my father is died  so that  we are eligible for taking job from compassionate ground or not . my father no given to resignation letter to department( Shimoga, Karnataka )","Sir 
My father worked in a co-op housing society as a guard  from the last 9-10 years.
In august month my father was on approved leave with application . but 3-4 days late due to illnesses . so society is not ready to continue to keep him on job as before .
Housing society terminates my father without notice and the secretary is saying you're not eligible for any gratuity  notice salary .
How will I get the full and final amount from This housing society?( Mumbai, Maharashtra )","my father was an employee of a company and was entitled under EPF scheme. He dies in Jan,2008. My mother received his PF benefit in 2011, but my mother fell in Cancer disease in 2011 and repeatedly suffered many years, due to this we could not submit Pension Claim in 10D form to EPFO as on date. My father had no UAN no then. My question is that will my mother is eligible to submit 10D to get Family Pension from EPFO now. because now we are in very much financial  crisis.( Murshidabad, West Bengal )","Dear Client,Background verification(BGV) check is a process many organizations carry out in order to verify the information provided by the candidate during hiring. Verification of EPFO records through UAN is a critical process for conducting employee background checks because it allows employers to confirm that their employees are not using false or stolen identities to gain employment. In case of a negative background verification check an employer can even reject or terminate the employment of the candidate. In the given situation, to resolve the issue of dual employment/overlapping in the P F records of both employers, you need to approach the office of the Regional P F Commissioner who is the competent authority to resolve any anomaly/discrepancy arising out of date of appointment and date of exit of an employee in EPF records. A joint declaration form(JDF) is used to correct Provident Fund (PF) member details. It is a combined form that the employee and employer jointly sign and submit to the regional PF commissioner to update the wrong information entered in the employeesâ PF accounts by default. For lack of cooperation from the employers who are duty-bound to correct the records of member employees in EPF records, an individual can file a complaint using the EPF i-Grievance Management System (www. https://epfigms.gov.in/). or filing a complaint offline in the office of the Regional PF Commissioner concerned. If the complaint is not resolved even on receipt of JDF, you can approach the Employeesâ Provident Funds Appellate Tribunal (EPFAT) which was constituted under the provisions of the Section 7 D of the EPF and M P Act 1952, Now, as per the Finance Act 2017, the Employees' Provident Fund Appellate Tribunal has been merged with Central Government Industrial Tribunal w.e.f. 26.05.2017. So, if no relief yields from the office of the PF Commissioner, you may approach the Central Government Industrial Tribunal for appropriate relief. Once you succeed in wiping out the stigma of dual employment from your EPF records with the cooperation of your previous and present employer, your scope of employment with other companies will be restored with clean employment records.","The primary legal issue here involves employment verification and potential misrepresentation of employment dates. Under Indian employment law, accurate representation of employment history is crucial, and providing false information can lead to termination or withdrawal of a job offer. Legally, the user cannot alter official employment records without consent from the previous employer.

To address this, the user should request a formal letter from the previous employer clarifying the employment dates. If the previous employer refuses, the user can provide any official documentation, such as payslips or appointment letters, to the new employer to explain the discrepancy.",0.2625,51.2895,19.8636,3.7634,17.0599,19.112,2.3992,27.1794,5.5395,1.634,0.6554,21.1501,51.7118,52.8759,83.8309
104,"I worked in a company for 2 months in 2013. I resigned on email. After few days I send email and ask for procedure for relieving letter. But company never responded . After 7 year they send a registered AD letter and wrote that they received my resignation on dated 2013.  They asked me to pay huge amount which was not matching in appointment letter. I was on probation and one month notice period . Will they take legal action against me ?( Beed, Maharashtra )",HKG::relieving_letter → PC::Employee Entitled to One Month Notice → PC::One Month Notice Pay Not Paid → PC::Clear Term of Termination Found in Appointment Letter,HKG::relieving_letter → PC::Employee Entitled to One Month Notice → PC::One Month Notice Pay Not Paid → PC::Clear Term of Termination Found in Appointment Letter → PC::Section 2(bb) of the Industrial Disputes Act → PC::Trial Court Found Rules Binding on Employee → PC::High Court Found Termination Invalid → PC::Paragraph 521 of the Shastri Award,"Sir 
My father worked in a co-op housing society as a guard  from the last 9-10 years.
In august month my father was on approved leave with application . but 3-4 days late due to illnesses . so society is not ready to continue to keep him on job as before .
Housing society terminates my father without notice and the secretary is saying you're not eligible for any gratuity  notice salary .
How will I get the full and final amount from This housing society?( Mumbai, Maharashtra )","My father worked as driver in KPTCL on 1994  he worked 5 days only then he will not reported to duty because of    he is suffering from health issue and then one year back 29/05/2018 my father is died  so that  we are eligible for taking job from compassionate ground or not . my father no given to resignation letter to department( Shimoga, Karnataka )","my father was an employee of a company and was entitled under EPF scheme. He dies in Jan,2008. My mother received his PF benefit in 2011, but my mother fell in Cancer disease in 2011 and repeatedly suffered many years, due to this we could not submit Pension Claim in 10D form to EPFO as on date. My father had no UAN no then. My question is that will my mother is eligible to submit 10D to get Family Pension from EPFO now. because now we are in very much financial  crisis.( Murshidabad, West Bengal )","Hi,It is advisable to issue a legal notice.","The key legal issue is whether the company can enforce a demand for payment based on the terms of the appointment letter and whether they can take legal action for an alleged breach of contract. Under the Industrial Disputes Act and relevant employment laws, if the appointment letter specified a one-month notice period, the company may claim that you owe notice pay if you did not serve the notice period. However, any demand for payment must align with the terms specified in the appointment letter.

You can request a copy of the appointment letter and any relevant documents to verify the terms of your resignation and notice period. If the company's demand is inconsistent with the appointment letter, you may dispute the claim. Consider sending a formal response disputing the amount and seeking clarification on how the amount was calculated.",0.4004,37.372,19.8636,3.7634,17.0599,19.112,2.3992,27.1794,5.5395,1.634,0.6554,21.1501,51.7118,52.8759,83.8309
105,"Wanted to know if we can hire a full-time freelancer for my company in bulk and what the hiring policy is as per labor law in India( Bangalore, Karnataka )",PC::Appellant Appointed as Full-Time Employee → PC::Appellant Made Representations for Full-Time Position → PC::Contractor Failed to Pay Wages as per Agreement → PC::Company in Financial Distress,PC::Appellant Appointed as Full-Time Employee → PC::Appellant Made Representations for Full-Time Position → PC::Contractor Failed to Pay Wages as per Agreement → PC::Company in Financial Distress → PC::Section 10 of the Companies Act → PC::Principal Employer Liability for Wage Payment → PC::Winding-up Proceedings Initiated → PC::Loan Advanced by State Government,"Sir 
My father worked in a co-op housing society as a guard  from the last 9-10 years.
In august month my father was on approved leave with application . but 3-4 days late due to illnesses . so society is not ready to continue to keep him on job as before .
Housing society terminates my father without notice and the secretary is saying you're not eligible for any gratuity  notice salary .
How will I get the full and final amount from This housing society?( Mumbai, Maharashtra )","My father worked as driver in KPTCL on 1994  he worked 5 days only then he will not reported to duty because of    he is suffering from health issue and then one year back 29/05/2018 my father is died  so that  we are eligible for taking job from compassionate ground or not . my father no given to resignation letter to department( Shimoga, Karnataka )","my father was an employee of a company and was entitled under EPF scheme. He dies in Jan,2008. My mother received his PF benefit in 2011, but my mother fell in Cancer disease in 2011 and repeatedly suffered many years, due to this we could not submit Pension Claim in 10D form to EPFO as on date. My father had no UAN no then. My question is that will my mother is eligible to submit 10D to get Family Pension from EPFO now. because now we are in very much financial  crisis.( Murshidabad, West Bengal )","Dear Client,There is no specific legislation to regulate the hiring of full-time Freelancers. However, freelancers are labourers, even though they donât work full-time but on a contractual basis. Accordingly, the provision of the Contract and Labour (Regulation and Abolition) Act, 1970, the Indian Contract Act, 1872, and Intellectual property Laws amongst others are applicable to freelancers if hired by the Company in addition to their full-time jobs. But before hiring freelancers you should check with your prospective employees to ensure that this is allowed under the existing contract that governs their terms of employment with other entrepreneurs/Companies to avoid any conflict or consequences. Any Hire is a specialized self-service platform within Upwork that helps you hire and onboard employees from around the world as either independent contractors or full-time, permanent employees. With Any Hire, you can process payments, manage contracts, and view reports all in one convenient location. You can also request worker classification assistance if needed.","Under Indian labor law, hiring a full-time freelancer in bulk may conflict with the definition of an ""employee"" under the Industrial Disputes Act, 1947, and the Contract Labour (Regulation and Abolition) Act, 1970. Freelancers are typically considered independent contractors and not employees, meaning they are not entitled to the same benefits and protections as regular employees. However, if they work full-time and under the direct control and supervision of the company, they may be reclassified as employees, making the company liable for statutory benefits.

To legally hire freelancers in bulk, ensure that their contracts clearly define them as independent contractors, with specific terms on the scope of work, payment, and lack of entitlement to employee benefits. Consult with a labor law expert to draft these contracts and ensure compliance with local labor regulations.",9.1031,85.7442,19.8636,3.7634,17.0599,19.112,2.3992,27.1794,5.5395,1.634,0.6554,21.1501,51.7118,52.8759,83.8309
106,"Actually I'm saying my father expire in may 2021 and her pf claim is in but their officer authority is rude behaviour and not worked and I'm three sisters and one brother and three are minor and I'm major but I'm very confusing it's created many problems plz anyone help ??( Samastipur, Bihar )",HKG::EPF_6,HKG::EPF_6 → HKG::Employees Provident Fund Act 1952 → HKG::provident_fund → HKG::PROC_PF_COMPLAINT → HKG::Q_864,"Sir 
My father worked in a co-op housing society as a guard  from the last 9-10 years.
In august month my father was on approved leave with application . but 3-4 days late due to illnesses . so society is not ready to continue to keep him on job as before .
Housing society terminates my father without notice and the secretary is saying you're not eligible for any gratuity  notice salary .
How will I get the full and final amount from This housing society?( Mumbai, Maharashtra )","My father worked as driver in KPTCL on 1994  he worked 5 days only then he will not reported to duty because of    he is suffering from health issue and then one year back 29/05/2018 my father is died  so that  we are eligible for taking job from compassionate ground or not . my father no given to resignation letter to department( Shimoga, Karnataka )","my father was an employee of a company and was entitled under EPF scheme. He dies in Jan,2008. My mother received his PF benefit in 2011, but my mother fell in Cancer disease in 2011 and repeatedly suffered many years, due to this we could not submit Pension Claim in 10D form to EPFO as on date. My father had no UAN no then. My question is that will my mother is eligible to submit 10D to get Family Pension from EPFO now. because now we are in very much financial  crisis.( Murshidabad, West Bengal )",HelloI would be suggested to talke to senior officers of the concerned department regarding your father's pf and also complaint against the lower officers for not cooperating with you in getting the pf and rude behaviour.ThanksPlease rate if you find this advice helpful.,"Under the Employees' Provident Fund Act 1952, the family of a deceased member is entitled to claim the provident fund and pension benefits. As the major child, you can act on behalf of your minor siblings to claim these benefits. Legally, you can file a grievance with the Employees' Provident Fund Organization (EPFO) if the officer is uncooperative, using the EPFO's grievance management system.

Next steps: Submit Form 20 (for PF withdrawal) and Form 10D (for pension) to the EPFO office. If the issue persists, escalate the matter through the EPFO's online grievance portal or approach the regional EPFO office for assistance.",0.6018,47.2436,19.8636,3.7634,17.0599,19.112,2.3992,27.1794,5.5395,1.634,0.6554,21.1501,51.7118,52.8759,83.8309
107,"I was working in a company i left job its been almost more than 2 months but till now settlement has not done when i  asked thy r saying it will be done by batch wise  in this case what should i do and pf is also not updated from their end( Bangalore, Karnataka )",HKG::EPF_6,HKG::EPF_6 → HKG::Employees Provident Fund Act 1952 → HKG::PROC_PF_COMPLAINT → HKG::provident_fund → HKG::Q_864,"My father worked as driver in KPTCL on 1994  he worked 5 days only then he will not reported to duty because of    he is suffering from health issue and then one year back 29/05/2018 my father is died  so that  we are eligible for taking job from compassionate ground or not . my father no given to resignation letter to department( Shimoga, Karnataka )","Sir 
My father worked in a co-op housing society as a guard  from the last 9-10 years.
In august month my father was on approved leave with application . but 3-4 days late due to illnesses . so society is not ready to continue to keep him on job as before .
Housing society terminates my father without notice and the secretary is saying you're not eligible for any gratuity  notice salary .
How will I get the full and final amount from This housing society?( Mumbai, Maharashtra )","my father was an employee of a company and was entitled under EPF scheme. He dies in Jan,2008. My mother received his PF benefit in 2011, but my mother fell in Cancer disease in 2011 and repeatedly suffered many years, due to this we could not submit Pension Claim in 10D form to EPFO as on date. My father had no UAN no then. My question is that will my mother is eligible to submit 10D to get Family Pension from EPFO now. because now we are in very much financial  crisis.( Murshidabad, West Bengal )",At first serve a notice to the company for final settlement and if the matter is not solve then file a  complaint to the Labour Commissioner .And without detail discussion and document review proper consult is not possible,"Under the Employees' Provident Fund Act 1952, employers are required to settle dues and update PF contributions promptly. The delay in your final settlement and PF update may constitute a violation of this Act. Legally, you can file a complaint with the Employees' Provident Fund Organisation (EPFO) under the procedure outlined in HKG::PROC_PF_COMPLAINT.

To address this, first, send a formal written notice to your employer requesting immediate settlement and PF update. If there is no satisfactory response, file a grievance with the EPFO through their online portal or contact the regional EPFO office in Bangalore for further assistance.",2.6669,50.0123,19.8636,3.7634,17.0599,19.112,2.3992,27.1794,5.5395,1.634,0.6554,21.1501,51.7118,52.8759,83.8309
108,"I  left my job at 2nd September 2023 I didnât serve any notice period but now my company is asking me to pay fnf money 13000 what should I do in this case. Also I have not spent 6months in this company and I didnât get any confirmation that I am confirmed employee of this organisation 
I didnât signed any copy of bond or any confirmation mail against my offer letter can company take legal action against me ?( Raipur, Chhattisgarh )",HKG::PGA_7 → HKG::ATA_19,HKG::PGA_7 → HKG::ATA_19 → HKG::labour_court → HKG::gratuity → HKG::PROC_GRATUITY_CLAIM → HKG::Administrative Tribunals Act 1985,"Sir 
My father worked in a co-op housing society as a guard  from the last 9-10 years.
In august month my father was on approved leave with application . but 3-4 days late due to illnesses . so society is not ready to continue to keep him on job as before .
Housing society terminates my father without notice and the secretary is saying you're not eligible for any gratuity  notice salary .
How will I get the full and final amount from This housing society?( Mumbai, Maharashtra )","My father worked as driver in KPTCL on 1994  he worked 5 days only then he will not reported to duty because of    he is suffering from health issue and then one year back 29/05/2018 my father is died  so that  we are eligible for taking job from compassionate ground or not . my father no given to resignation letter to department( Shimoga, Karnataka )","my father was an employee of a company and was entitled under EPF scheme. He dies in Jan,2008. My mother received his PF benefit in 2011, but my mother fell in Cancer disease in 2011 and repeatedly suffered many years, due to this we could not submit Pension Claim in 10D form to EPFO as on date. My father had no UAN no then. My question is that will my mother is eligible to submit 10D to get Family Pension from EPFO now. because now we are in very much financial  crisis.( Murshidabad, West Bengal )","Dear Client,In the absence of a specific stipulation in the offer letter or contract of employment, an employer cannot demand back the F & F Settlement dues for non-performance of of notice period by an employee who tender his resignation from the service. So, go through the terms and conditions of your offer letter carefully and if that letter bears no specific stipulation, then you need to serve a legal notice to your employer and file an application under Sec.33C(2) of the Industrial Dispute Act, 1947 before the concerned Labour Court claiming your dues receivable on cessation of employment from the employer.","The key legal issue is whether the company can enforce a financial claim for not serving a notice period. Under the Indian Contract Act, 1872, the terms of employment, including notice period obligations, must be clear and agreed upon by both parties. If no written contract or confirmation of employment was provided, the company may face challenges in enforcing the claim. 

You can request the company to provide a copy of any signed agreement or policy that mandates the payment of the full and final settlement. If no such documentation exists, the company may lack legal grounds to demand payment. Consider negotiating with the company for a resolution or seek advice from a local labor lawyer if the company persists.",2.6995,57.8486,19.8636,3.7634,17.0599,19.112,2.3992,27.1794,5.5395,1.634,0.6554,21.1501,51.7118,52.8759,83.8309
109,"I would like to take legal action against my Boss for the mental harassment and torture I faced during my employment with my Organization. Please let me know the appropriate steps I need to take to register a case against my former boss. I am willing to cooperate with the necessary authorities to ensure that justice is served.( Chhatarpur, Madhya Pradesh )",PC::Court Receiver Appointed to Take Possession → PC::Receiver Directed to Take Possession of Property → PC::Amendment Intended to Take Away Benefits → PC::Disciplinary Action Against Employees,"PC::Court Receiver Appointed to Take Possession → PC::Receiver Directed to Take Possession of Property → PC::Amendment Intended to Take Away Benefits → PC::Disciplinary Action Against Employees → PC::Claim for Reinstatement Filed → PC::Section 25F of the Industrial Disputes Act, 1947 → PC::Labour Court Found Termination Invalid → PC::Hindustan Tin Works Private Ltd. v. Employees of Hindustan Tin Works Private Ltd., 1979 1 S.C.R. 563","Sir 
My father worked in a co-op housing society as a guard  from the last 9-10 years.
In august month my father was on approved leave with application . but 3-4 days late due to illnesses . so society is not ready to continue to keep him on job as before .
Housing society terminates my father without notice and the secretary is saying you're not eligible for any gratuity  notice salary .
How will I get the full and final amount from This housing society?( Mumbai, Maharashtra )","my father was an employee of a company and was entitled under EPF scheme. He dies in Jan,2008. My mother received his PF benefit in 2011, but my mother fell in Cancer disease in 2011 and repeatedly suffered many years, due to this we could not submit Pension Claim in 10D form to EPFO as on date. My father had no UAN no then. My question is that will my mother is eligible to submit 10D to get Family Pension from EPFO now. because now we are in very much financial  crisis.( Murshidabad, West Bengal )","I have been working at a Pvt. Ltd. Organisation for the past 2.5 years and i was recently posted at one of their client organisations. After few months I have resigned and while serving my notice period I applied for a job opening at the same client organisation I was working at. My employer threatens me that they will proceed legally since I have signed a non compete agreement with them which restricts me from seeking a job opportunity at any of their client organisations. This I feel is restricting me the fundamental right to earn livelihood. Also this is a great opportunity for my career. I need to take this job. Please advice me what may happen and what can be done( Hyderabad, Andhra Pradesh )","If you wish to take legal action against your former boss for mental harassment and torture, here are some general steps you can take:Document everything: Write down all incidents of mental harassment and torture you faced while working with your former boss. Be specific about the date, time, location, and the details of the incident.Talk to HR: If your organization has an HR department, you can report the harassment to them. Provide them with all the necessary information and documents to support your claim. If your organization doesn't have an HR department, or if you don't feel comfortable reporting to them, you can skip this step.Consult with a lawyer: Consult with a lawyer who specializes in labor and employment law to understand your legal rights and options. The lawyer can help you assess the strength of your case and provide guidance on the legal process.File a complaint with the appropriate authorities: You can file a complaint with the appropriate authorities, such as the Equal Employment Opportunity Commission (EEOC) or the state labor department. They will investigate your claim and determine if your employer violated any labor laws.Pursue legal action: If the investigation confirms that your employer violated any labor laws, you can pursue legal action against your employer. This may involve filing a lawsuit or pursuing arbitration.thank you","To address mental harassment and torture by an employer, consider filing a complaint under the Indian Penal Code (IPC) for workplace harassment, specifically under sections like Section 503 (criminal intimidation) or Section 506 (punishment for criminal intimidation), if applicable. Additionally, the Sexual Harassment of Women at Workplace (Prevention, Prohibition and Redressal) Act, 2013, may be relevant if the harassment was gender-based. 

First, gather all evidence of harassment, such as emails, messages, or witness testimonies. Then, file a complaint with your local police station or approach the State Human Rights Commission for further assistance. Legal recourse can also be sought by filing a civil suit for damages if the harassment has caused significant personal or professional harm.",3.0421,75.9128,19.8636,3.7634,17.0599,19.112,2.3992,27.1794,5.5395,1.634,0.6554,21.1501,51.7118,52.8759,83.8309
110,"In my previous employment with Max Life Insurance Co. Ltd. gratuity amount that is 4.81% of my Basic deducted from my CTC. Since I have left the company in 3 years and 6 months so definitely I am not eligible for gratuity but they are dening to pay my deducted amount too. So please guide am I eligible for my deducted amount without any interest or not, because in my previous to previous employment I had received it.( Dhanbad, Jharkhand )",HKG::PGA_4 → HKG::PGA_7,HKG::PGA_4 → HKG::PGA_7 → HKG::labour_court → HKG::PROC_GRATUITY_CLAIM → HKG::gratuity → HKG::Payment of Gratuity Act 1972,"Sir 
My father worked in a co-op housing society as a guard  from the last 9-10 years.
In august month my father was on approved leave with application . but 3-4 days late due to illnesses . so society is not ready to continue to keep him on job as before .
Housing society terminates my father without notice and the secretary is saying you're not eligible for any gratuity  notice salary .
How will I get the full and final amount from This housing society?( Mumbai, Maharashtra )","My father worked as driver in KPTCL on 1994  he worked 5 days only then he will not reported to duty because of    he is suffering from health issue and then one year back 29/05/2018 my father is died  so that  we are eligible for taking job from compassionate ground or not . my father no given to resignation letter to department( Shimoga, Karnataka )","my father was an employee of a company and was entitled under EPF scheme. He dies in Jan,2008. My mother received his PF benefit in 2011, but my mother fell in Cancer disease in 2011 and repeatedly suffered many years, due to this we could not submit Pension Claim in 10D form to EPFO as on date. My father had no UAN no then. My question is that will my mother is eligible to submit 10D to get Family Pension from EPFO now. because now we are in very much financial  crisis.( Murshidabad, West Bengal )","Dear Client,According to the Gratuity Act 1972, an employee is eligible to receive a gratuity amount after completing five years of continuous service at one organisation. The gratuity amount is paid to the employees once they retire, resign, or are laid off. Hence you are not eligible for gratuity.Thank you so much, I hope this answer helped you.","Under the Payment of Gratuity Act, 1972, gratuity is payable to an employee who has completed at least five years of continuous service with an employer. Since you have only completed 3 years and 6 months, you are not eligible for gratuity under this Act. However, if the deducted amount was a part of your CTC and not a statutory deduction, you can argue that it should be returned as it does not constitute gratuity. 

Request a detailed breakdown of your CTC and deductions from Max Life Insurance Co. Ltd. to confirm the nature of the deduction. If the amount was indeed deducted as part of your salary package and not as statutory gratuity, you may consider sending a formal demand letter to the company for the return of the deducted amount.",8.2457,69.6867,19.8636,3.7634,17.0599,19.112,2.3992,27.1794,5.5395,1.634,0.6554,21.1501,51.7118,52.8759,83.8309
111,"Dear sir, I had left my previous company on August 2021 its been 3 years, after that i join 2 more company but they dont have PF service even my current company team size is less then 10 member so they also dont have PF facility, Due to urgent cash need i thought to close my PF account and withdraw the amount from EPF, when I had check my EPF accounts some random company had open my EPF,  I had no idea about this company how they had got my documents and how they have open my EPF accounts the joining date is showing 01/01/2023 and they have not marked the exit date, now i dont know what to do( Mumbai City, Maharashtra )",HKG::PGA_7 → HKG::ATA_19 → HKG::EPF_6,HKG::PGA_7 → HKG::ATA_19 → HKG::EPF_6 → HKG::Employees Provident Fund Act 1952 → HKG::labour_court → HKG::PROC_GRATUITY_CLAIM → HKG::gratuity,"My father worked as driver in KPTCL on 1994  he worked 5 days only then he will not reported to duty because of    he is suffering from health issue and then one year back 29/05/2018 my father is died  so that  we are eligible for taking job from compassionate ground or not . my father no given to resignation letter to department( Shimoga, Karnataka )","Sir 
My father worked in a co-op housing society as a guard  from the last 9-10 years.
In august month my father was on approved leave with application . but 3-4 days late due to illnesses . so society is not ready to continue to keep him on job as before .
Housing society terminates my father without notice and the secretary is saying you're not eligible for any gratuity  notice salary .
How will I get the full and final amount from This housing society?( Mumbai, Maharashtra )","my father was an employee of a company and was entitled under EPF scheme. He dies in Jan,2008. My mother received his PF benefit in 2011, but my mother fell in Cancer disease in 2011 and repeatedly suffered many years, due to this we could not submit Pension Claim in 10D form to EPFO as on date. My father had no UAN no then. My question is that will my mother is eligible to submit 10D to get Family Pension from EPFO now. because now we are in very much financial  crisis.( Murshidabad, West Bengal )","Dear Client,An FIR for cybercrimes is warranted when they are serious and cause significant problems. Filing an FIR in case of Hacking, online fraud, identity theft or if your personal or sensitive information gets exposed or stolen, helps the police to investigate and take action against the cybercriminals. So, filing an FIR for cybercrime depends on the seriousness of the situation. Cyber Crime Reporting Portalâ. is designed to make reporting cybercrimes easier and an acknowledgment number of the complaint can be used to track the progress of the complaint by logging on to the portal and clicking on the âcheck statusâ option. But using this portal doesnât replace filing an FIR for the cases having serious implications. To resolve the issue of dual employment/overlapping in the P F records created by multiple employers/companies hacking your identity and KYC documents, you can approach the office of the Regional P F Commissioner who is the competent authority to resolve any anomaly/discrepancy arising out of date of appointment and date of exit of an employee in EPF records. An individual member of EPF can file a complaint using the EPF i-Grievance Management System (www. https://epfigms.gov.in/). or filing a complaint offline in the office of the Regional PF Commissioner concerned. If the complaint is not resolved before the authority, you can approach the Employeesâ Provident Funds Appellate Tribunal (EPFAT) which was constituted under the provisions of the Section 7 D of the EPF and M P Act 1952, Now, as per the Finance Act 2017, the Employees' Provident Fund Appellate Tribunal has been merged with Central Government Industrial Tribunal w.e.f. 26.05.2017. So, if no relief yields from the office of the Regl. PF Commissioner, you may approach the Central Government Industrial Tribunal for appropriate relief. Further, Project VIGEYE (Vigilance Eye) is a citizen-centric initiative, wherein citizens join hands with the Central Vigilance Commission in fighting corruption. Users can lodge their grievances and complaints online.","The primary legal issue is unauthorized use of personal information to open an EPF account, potentially constituting identity theft or fraud. Under the Employees' Provident Fund and Miscellaneous Provisions Act, 1952, only legitimate employers can open EPF accounts for their employees. You cannot withdraw from an EPF account opened fraudulently in your name. 

First, file a complaint with the Employees' Provident Fund Organisation (EPFO) through their grievance portal, detailing the unauthorized account. Additionally, report the matter to your local police station to address the potential identity theft or fraud.",0.4583,37.7389,19.8636,3.7634,17.0599,19.112,2.3992,27.1794,5.5395,1.634,0.6554,21.1501,51.7118,52.8759,83.8309
112,"I work in a private company and due to the current pandemic situation I have been doing work from home. 
My working hour is 8 hours a day but recently my employer is demanding me to work 2 more extra hours daily. They want me to work for 10 hours a day from now on.
So, my question is:
Can I be forced to work overtime? or Do we have a choice to deny their demand?  I'm also afraid that if I deny their demand, I might lose my job.( Kolkata, West Bengal )",HKG::FA_59 → HKG::PGA_7 → HKG::ATA_19,HKG::FA_59 → HKG::PGA_7 → HKG::ATA_19 → HKG::labour_court → HKG::gratuity → HKG::PROC_GRATUITY_CLAIM → HKG::overtime,"Sir 
My father worked in a co-op housing society as a guard  from the last 9-10 years.
In august month my father was on approved leave with application . but 3-4 days late due to illnesses . so society is not ready to continue to keep him on job as before .
Housing society terminates my father without notice and the secretary is saying you're not eligible for any gratuity  notice salary .
How will I get the full and final amount from This housing society?( Mumbai, Maharashtra )","I study in an engineering college and now I am in my second year going to start 3rd year in september my college has not given any holidays after semester end examinations and starts the new semester right the next day. This has happened for 4 continuous semesters now . In the academic calendar 1 month holiday is given but now they are going back on their words . Many of my classmates are depressed especially people from hostels who have not gone home.and I don't know what action to take ,pls tell me( Mysore, Karnataka )","My father worked as driver in KPTCL on 1994  he worked 5 days only then he will not reported to duty because of    he is suffering from health issue and then one year back 29/05/2018 my father is died  so that  we are eligible for taking job from compassionate ground or not . my father no given to resignation letter to department( Shimoga, Karnataka )","Dear Sir,It is not your individual problem but a problem being faced by majority of your people. After MNCs entered into to India the young people lost their voice, no labor unions, no voice raising, over night terminations, no labor law apply. Any way read about your rights and remedies in the following link. Please give me Rank 5 if you feel my answers also helped you. You may approach the Labor commissioner as follows.=======================================================Employment Lawsfor Multinational Companies in Indiahttps://singhania.in/wp-content/uploads/2019/08/Employment-Law-Primer-For-Multinational-Companies-In-India-2019.pdfSection 12 in The Industrial Disputes Act, 194712. Duties of conciliation officers.-(1) Where any industrial dispute exists or is apprehended, the conciliation officer may, or where the dispute relates to a public utility service and a notice under section 22 has been given, shall hold conciliation proceedings in the prescribed manner.(2) The conciliation officer shall, for the purpose of bringing about a settlement of the dispute, without delay, investigate the dispute and all matters affecting the merits and the right settlement thereof and may do all such things as he thinks fit for the purpose of inducing the parties to come to a fair and amicable settlement of the dispute.(3) If a settlement of the dispute or of any of the matters in dispute is arrived at in the course of the conciliation proceedings the conciliation officer shall send a report thereof to the appropriate Government 1 or an officer authorised in this behalf by the appropriate Government] together with a memorandum of the settlement signed by the parties to the dispute.(4) If no such settlement is arrived at, the conciliation officer shall, as soon as practicable after the close of the investigation, send to the appropriate Government a full report setting forth the steps taken by him for ascertaining the facts and circumstances relating to the dispute and for bringing about a settlement thereof, together with a full statement of such facts and circumstances, and the reasons on account of which, in his opinion, a settlement could not be arrived at.(5) If, on a consideration of the report referred to in sub- section (4), the appropriate Government is satisfied that there is a case for reference to a Board, 2 Labour Court, Tribunal or National Tribunal,] it may make such reference. Where the appropriate Government does not make such a reference it shall record and communicate to the parties concerned its reasons therefor.(6) A report under this section shall be submitted within fourteen days of the commencement of the conciliation proceedings or within such shorter period as may be fixed by the appropriate Government: 3 Provided that, 4 subject to the approval of the conciliation officer,] the time for the submission of the report may be extended by such period as may be agreed upon in writing by all the parties to the dispute.]","Under the Factories Act, 1948, and the Shops and Establishments Act applicable to West Bengal, employees cannot be forced to work overtime without consent, and overtime must be compensated at twice the ordinary rate of wages. However, the specific applicability depends on whether your employer falls under these acts. You have the right to refuse overtime if it is not part of your contractual obligations, but this may risk your employment if the employer retaliates.

To address this, review your employment contract for any clauses regarding overtime. If necessary, discuss your concerns with HR or seek legal advice to understand your rights and any potential repercussions.",0.0697,39.6302,19.8636,3.7634,17.0599,19.112,2.3992,27.1794,5.5395,1.634,0.6554,21.1501,51.7118,52.8759,83.8309
113,"My employers are forcing me to make documents from back dates when I was not even appointed. I did resign, but they are not signing my no dues form, if they don't I won't be able to join other institution. Can they do so?( Gurgaon, Haryana )",PC::Employees Did Not Exercise Option to Join Corporation → PC::Authority Held Timekeepers are Not Workers Under Factories Act → PC::Failure to Join Duties → PC::Management Directed Workman to Join,PC::Employees Did Not Exercise Option to Join Corporation → PC::Authority Held Timekeepers are Not Workers Under Factories Act → PC::Failure to Join Duties → PC::Management Directed Workman to Join → PC::Workman Refused to Join Duties → PC::Authority Allowed Claim for Overtime Wages Under Bombay Shops and Establishments Act → PC::Section 59 of the Factories Act → PC::No Violation of Natural Justice,"Sir 
My father worked in a co-op housing society as a guard  from the last 9-10 years.
In august month my father was on approved leave with application . but 3-4 days late due to illnesses . so society is not ready to continue to keep him on job as before .
Housing society terminates my father without notice and the secretary is saying you're not eligible for any gratuity  notice salary .
How will I get the full and final amount from This housing society?( Mumbai, Maharashtra )","My father worked as driver in KPTCL on 1994  he worked 5 days only then he will not reported to duty because of    he is suffering from health issue and then one year back 29/05/2018 my father is died  so that  we are eligible for taking job from compassionate ground or not . my father no given to resignation letter to department( Shimoga, Karnataka )","my father was an employee of a company and was entitled under EPF scheme. He dies in Jan,2008. My mother received his PF benefit in 2011, but my mother fell in Cancer disease in 2011 and repeatedly suffered many years, due to this we could not submit Pension Claim in 10D form to EPFO as on date. My father had no UAN no then. My question is that will my mother is eligible to submit 10D to get Family Pension from EPFO now. because now we are in very much financial  crisis.( Murshidabad, West Bengal )",Dear clientIt appears from the attitude and activities of your employer that they are engaged in unfair labour practice.Reach out to the office of concerned office of Labour Commissioner with your appointment letter and all other relevant papers that prove your complaint against employer or visit the office of Chief Inspector Shops and Establishment if your employer comes under the purview of them for redressal of your grievance.Hope the steps may work.,"Employers cannot legally compel you to create backdated documents, as this constitutes falsification of records and can be considered fraudulent under Indian law. Under the Indian Contract Act, 1872, any agreement to perform an illegal act is void. If your employer is withholding your no dues certificate, it could be a form of coercion, which is not permissible.

You should formally request the no dues certificate in writing, specifying that any delay is affecting your employment opportunities. If they continue to refuse, consider filing a complaint with the local labor commissioner or seek a legal remedy through the courts for wrongful withholding of employment documents.",1.1395,42.4844,19.8636,3.7634,17.0599,19.112,2.3992,27.1794,5.5395,1.634,0.6554,21.1501,51.7118,52.8759,83.8309
114,"It has been approximately 10 months since I have left an organisation. However, despite numerous mails the company is yet to pay me my salary for my last working month, and provide me with a 'Full and Final Settlement' document. They are absolutely unresponsive. What should I do?( Kolkata, West Bengal )",HKG::ICA_73,HKG::ICA_73 → HKG::Indian Contract Act 1872 → HKG::employment_bond → HKG::wages → HKG::Q_864,"Sir 
My father worked in a co-op housing society as a guard  from the last 9-10 years.
In august month my father was on approved leave with application . but 3-4 days late due to illnesses . so society is not ready to continue to keep him on job as before .
Housing society terminates my father without notice and the secretary is saying you're not eligible for any gratuity  notice salary .
How will I get the full and final amount from This housing society?( Mumbai, Maharashtra )","my father was an employee of a company and was entitled under EPF scheme. He dies in Jan,2008. My mother received his PF benefit in 2011, but my mother fell in Cancer disease in 2011 and repeatedly suffered many years, due to this we could not submit Pension Claim in 10D form to EPFO as on date. My father had no UAN no then. My question is that will my mother is eligible to submit 10D to get Family Pension from EPFO now. because now we are in very much financial  crisis.( Murshidabad, West Bengal )","My father worked as driver in KPTCL on 1994  he worked 5 days only then he will not reported to duty because of    he is suffering from health issue and then one year back 29/05/2018 my father is died  so that  we are eligible for taking job from compassionate ground or not . my father no given to resignation letter to department( Shimoga, Karnataka )","Dear Client,You need to issue alegal notice instead of pending any more mails to company by yourself. You have already enough evidence of reminder to the company.This may be one of the way to process for talking a legal action against that company.Thsnks","Under the Payment of Wages Act, 1936, an employer is obligated to pay wages within a specified time frame, and any delay beyond this can be challenged legally. In your case, since the company has not responded to your requests for the salary and full and final settlement, you can file a complaint with the Labour Commissioner in Kolkata. Additionally, consider sending a legal notice to the company demanding immediate payment of the dues. If these steps do not resolve the issue, you may file a suit for recovery of wages in the appropriate labor court.",2.4414,29.8348,19.8636,3.7634,17.0599,19.112,2.3992,27.1794,5.5395,1.634,0.6554,21.1501,51.7118,52.8759,83.8309
115,"Sir/Madam, 
I have completed 5 years in the company however there was no PF deduction. I have even requested for gratuity during my notice period but after 15 days got the answer that I am not liable for the same as the company did not deduct PF. Should I send them legal notice? Am I eligible for gratuity or not, please guide me.( Kolkata, West Bengal )",HKG::PGA_4 → HKG::PGA_7 → HKG::EPF_6,HKG::PGA_4 → HKG::PGA_7 → HKG::EPF_6 → HKG::Employees Provident Fund Act 1952 → HKG::labour_court → HKG::gratuity → HKG::PROC_GRATUITY_CLAIM,"Sir 
My father worked in a co-op housing society as a guard  from the last 9-10 years.
In august month my father was on approved leave with application . but 3-4 days late due to illnesses . so society is not ready to continue to keep him on job as before .
Housing society terminates my father without notice and the secretary is saying you're not eligible for any gratuity  notice salary .
How will I get the full and final amount from This housing society?( Mumbai, Maharashtra )","My father worked as driver in KPTCL on 1994  he worked 5 days only then he will not reported to duty because of    he is suffering from health issue and then one year back 29/05/2018 my father is died  so that  we are eligible for taking job from compassionate ground or not . my father no given to resignation letter to department( Shimoga, Karnataka )","my father was an employee of a company and was entitled under EPF scheme. He dies in Jan,2008. My mother received his PF benefit in 2011, but my mother fell in Cancer disease in 2011 and repeatedly suffered many years, due to this we could not submit Pension Claim in 10D form to EPFO as on date. My father had no UAN no then. My question is that will my mother is eligible to submit 10D to get Family Pension from EPFO now. because now we are in very much financial  crisis.( Murshidabad, West Bengal )","Dear Client,If a company employs 20 or more individuals, it falls under the EPF & MP Act, 1952, providing benefits to its employees. Employees earning up to â¹15,000 must have an EPF account, while those earning more require approval. Failure to register under EPF can lead to legal consequences. The Payment of Gratuity Act, 1972 mandates gratuity payment for employees with five years of continuous service. Form 'I' must be submitted to the employer within 30 days of gratuity becoming due. The employer must pay gratuity within 30 days of employment cessation, along with accrued interest for delays. Non-payment can be reported to the Labour Commissioner for action.","Under the Payment of Gratuity Act, 1972, an employee is eligible for gratuity if they have completed five years of continuous service with an organization. The deduction of PF is not a prerequisite for gratuity eligibility. Since you have completed five years, you are entitled to gratuity regardless of PF deductions. You can send a legal notice to your employer demanding the gratuity payment. If the employer fails to comply, you can file a claim with the controlling authority under the Payment of Gratuity Act for redress.",9.7111,79.0051,19.8636,3.7634,17.0599,19.112,2.3992,27.1794,5.5395,1.634,0.6554,21.1501,51.7118,52.8759,83.8309
116,"Sir/Madam, I resigned from a public sector bank as a confirmed employee of the Bank without giving/serving 3 months notice period. Bank asked me to deposit the gross salary for 3 months. But there was no provision for this in the appointment letter and also no mention was there in service rules of the Bank. The rule was related to the employees currently under probation. They had to deposit 1 month salary in case they are not able to give notice period. Pls help whether Bank is justified in asking for 3 month salary to be deposited with Bank.( Lucknow, Uttar Pradesh )",HKG::ICA_73,HKG::ICA_73 → HKG::employment_bond → HKG::Indian Contract Act 1872 → HKG::wages → HKG::Q_864,"Sir 
My father worked in a co-op housing society as a guard  from the last 9-10 years.
In august month my father was on approved leave with application . but 3-4 days late due to illnesses . so society is not ready to continue to keep him on job as before .
Housing society terminates my father without notice and the secretary is saying you're not eligible for any gratuity  notice salary .
How will I get the full and final amount from This housing society?( Mumbai, Maharashtra )","My father worked as driver in KPTCL on 1994  he worked 5 days only then he will not reported to duty because of    he is suffering from health issue and then one year back 29/05/2018 my father is died  so that  we are eligible for taking job from compassionate ground or not . my father no given to resignation letter to department( Shimoga, Karnataka )","my father was an employee of a company and was entitled under EPF scheme. He dies in Jan,2008. My mother received his PF benefit in 2011, but my mother fell in Cancer disease in 2011 and repeatedly suffered many years, due to this we could not submit Pension Claim in 10D form to EPFO as on date. My father had no UAN no then. My question is that will my mother is eligible to submit 10D to get Family Pension from EPFO now. because now we are in very much financial  crisis.( Murshidabad, West Bengal )","Dear Sir,Bank is not justified but to save your skin you have to pay it other wise you may get negative. Take wise decision.","The bank's demand for a three-month salary deposit appears unjustified if your appointment letter and the bank's service rules do not stipulate such a requirement for confirmed employees. Under the Indian Contract Act, 1872, any demand for payment must be based on a valid contractual obligation. Since the rule you mentioned applies only to probationary employees, the bank cannot unilaterally impose a different condition on confirmed employees without prior agreement. 

You can legally refuse to pay the demanded amount and should formally communicate your position to the bank, citing the lack of any contractual basis for their demand. If the bank persists, consider filing a complaint with the banking ombudsman or seeking a declaratory judgment from a civil court to affirm your rights under the employment contract.",0.7601,40.2619,19.8636,3.7634,17.0599,19.112,2.3992,27.1794,5.5395,1.634,0.6554,21.1501,51.7118,52.8759,83.8309
117,"can we hold any of company's office belongings if they are holding the salary for invalid reasons. Will it impose any legal issues on me since i have asked to clear my outstanding before the return office belongings. Your advice is required( Surat, Gujarat )",HKG::PGA_7 → HKG::ATA_19 → HKG::ICA_73,HKG::PGA_7 → HKG::ATA_19 → HKG::ICA_73 → HKG::employment_bond → HKG::PROC_GRATUITY_CLAIM → HKG::labour_court → HKG::gratuity,"Sir 
My father worked in a co-op housing society as a guard  from the last 9-10 years.
In august month my father was on approved leave with application . but 3-4 days late due to illnesses . so society is not ready to continue to keep him on job as before .
Housing society terminates my father without notice and the secretary is saying you're not eligible for any gratuity  notice salary .
How will I get the full and final amount from This housing society?( Mumbai, Maharashtra )","My father worked as driver in KPTCL on 1994  he worked 5 days only then he will not reported to duty because of    he is suffering from health issue and then one year back 29/05/2018 my father is died  so that  we are eligible for taking job from compassionate ground or not . my father no given to resignation letter to department( Shimoga, Karnataka )","my father was an employee of a company and was entitled under EPF scheme. He dies in Jan,2008. My mother received his PF benefit in 2011, but my mother fell in Cancer disease in 2011 and repeatedly suffered many years, due to this we could not submit Pension Claim in 10D form to EPFO as on date. My father had no UAN no then. My question is that will my mother is eligible to submit 10D to get Family Pension from EPFO now. because now we are in very much financial  crisis.( Murshidabad, West Bengal )","Dear Sir,If the said properties are with you then it is ok. Now you cannot take any such items to your home otherwise they may file theft case against you. You may use section 12 of ID Act. Approach Labor Commissioner.    Please give me Rank 5 if you feel my answer helped you.Section 12 in The Industrial Disputes Act, 194712. Duties of conciliation officers.-(1) Where any industrial dispute exists or is apprehended, the conciliation officer may, or where the dispute relates to a public utility service and a notice under section 22 has been given, shall hold conciliation proceedings in the prescribed manner.(2) The conciliation officer shall, for the purpose of bringing about a settlement of the dispute, without delay, investigate the dispute and all matters affecting the merits and the right settlement thereof and may do all such things as he thinks fit for the purpose of inducing the parties to come to a fair and amicable settlement of the dispute.(3) If a settlement of the dispute or of any of the matters in dispute is arrived at in the course of the conciliation proceedings the conciliation officer shall send a report thereof to the appropriate Government 1 or an officer authorised in this behalf by the appropriate Government] together with a memorandum of the settlement signed by the parties to the dispute.(4) If no such settlement is arrived at, the conciliation officer shall, as soon as practicable after the close of the investigation, send to the appropriate Government a full report setting forth the steps taken by him for ascertaining the facts and circumstances relating to the dispute and for bringing about a settlement thereof, together with a full statement of such facts and circumstances, and the reasons on account of which, in his opinion, a settlement could not be arrived at.(5) If, on a consideration of the report referred to in sub- section (4), the appropriate Government is satisfied that there is a case for reference to a Board, 2 Labour Court, Tribunal or National Tribunal,] it may make such reference. Where the appropriate Government does not make such a reference it shall record and communicate to the parties concerned its reasons therefor.(6) A report under this section shall be submitted within fourteen days of the commencement of the conciliation proceedings or within such shorter period as may be fixed by the appropriate Government: 3 Provided that, 4 subject to the approval of the conciliation officer,] the time for the submission of the report may be extended by such period as may be agreed upon in writing by all the parties to the dispute.]","Retaining company property in lieu of unpaid salary is not legally permissible and may expose you to potential civil or criminal liability, such as charges of theft or conversion under the Indian Penal Code. The proper legal recourse is to address the issue through the labor court or through negotiation. Under the Payment of Wages Act, 1936, employees have the right to claim unpaid wages through legal proceedings. 

To resolve the issue, first send a formal written notice to the employer demanding payment of the outstanding salary. If this does not result in payment, file a complaint with the labor commissioner or initiate legal proceedings in the appropriate labor court.",0.1474,43.3778,19.8636,3.7634,17.0599,19.112,2.3992,27.1794,5.5395,1.634,0.6554,21.1501,51.7118,52.8759,83.8309
118,"Sir
I am working in private company from 10 years as permanent employee I met an accident on bike and left hand was not operating now I am disability about 60%  company will take to the work or not( Gulbarga, Karnataka )",PC::Respondent Classified as Permanent Employee → PC::Deceased was Permanent Employee → PC::Probationary Employee Not Entitled to Same Rights as Permanent Employee → PC::Bank Rejected Claim for Absorption as Permanent Employee,PC::Respondent Classified as Permanent Employee → PC::Deceased was Permanent Employee → PC::Probationary Employee Not Entitled to Same Rights as Permanent Employee → PC::Bank Rejected Claim for Absorption as Permanent Employee → PC::Termination Without Notice Allowed During Probation → HKG::probation → PC::Division Bench Upheld Labour Court Decision → PC::Permanent Status Granted Based on Length of Service,"Sir 
My father worked in a co-op housing society as a guard  from the last 9-10 years.
In august month my father was on approved leave with application . but 3-4 days late due to illnesses . so society is not ready to continue to keep him on job as before .
Housing society terminates my father without notice and the secretary is saying you're not eligible for any gratuity  notice salary .
How will I get the full and final amount from This housing society?( Mumbai, Maharashtra )","My father worked as driver in KPTCL on 1994  he worked 5 days only then he will not reported to duty because of    he is suffering from health issue and then one year back 29/05/2018 my father is died  so that  we are eligible for taking job from compassionate ground or not . my father no given to resignation letter to department( Shimoga, Karnataka )","my father was an employee of a company and was entitled under EPF scheme. He dies in Jan,2008. My mother received his PF benefit in 2011, but my mother fell in Cancer disease in 2011 and repeatedly suffered many years, due to this we could not submit Pension Claim in 10D form to EPFO as on date. My father had no UAN no then. My question is that will my mother is eligible to submit 10D to get Family Pension from EPFO now. because now we are in very much financial  crisis.( Murshidabad, West Bengal )","Dear sir,It depends on the employment policy of your employer, type of work you used to perform on the job place and whether such injury is suffered during the course of your employment.","Under the Persons with Disabilities (Equal Opportunities, Protection of Rights and Full Participation) Act, 1995, and its successor, the Rights of Persons with Disabilities Act, 2016, employers are required to provide reasonable accommodation to employees with disabilities unless it causes undue hardship. As a permanent employee with a 60% disability, you are entitled to request reasonable adjustments to continue working. The company cannot terminate your employment solely based on your disability without exploring such accommodations.

Next steps: (1) Submit a formal request to your employer for reasonable accommodations, specifying how these adjustments would enable you to perform your job duties. (2) If the company refuses or fails to provide reasonable accommodations, consider filing a complaint with the State Commissioner for Persons with Disabilities in Karnataka for redressal.",1.1077,35.3248,19.8636,3.7634,17.0599,19.112,2.3992,27.1794,5.5395,1.634,0.6554,21.1501,51.7118,52.8759,83.8309
119,"My father retired from a private company in 2009. In Feb 2019, he wrote to them asking for a copy of a document. While sending him this document, the company said their records of his salary from 2006 to 2009, don't match what was paid to him. He now fears that they may ask him to pay back all the money. Need advice & counsel on whether they can do that.( Bangalore, Karnataka )",HKG::ICA_73,HKG::ICA_73 → HKG::employment_bond → HKG::Indian Contract Act 1872 → HKG::wages → HKG::Q_864,"Sir 
My father worked in a co-op housing society as a guard  from the last 9-10 years.
In august month my father was on approved leave with application . but 3-4 days late due to illnesses . so society is not ready to continue to keep him on job as before .
Housing society terminates my father without notice and the secretary is saying you're not eligible for any gratuity  notice salary .
How will I get the full and final amount from This housing society?( Mumbai, Maharashtra )","My father worked as driver in KPTCL on 1994  he worked 5 days only then he will not reported to duty because of    he is suffering from health issue and then one year back 29/05/2018 my father is died  so that  we are eligible for taking job from compassionate ground or not . my father no given to resignation letter to department( Shimoga, Karnataka )","my father was an employee of a company and was entitled under EPF scheme. He dies in Jan,2008. My mother received his PF benefit in 2011, but my mother fell in Cancer disease in 2011 and repeatedly suffered many years, due to this we could not submit Pension Claim in 10D form to EPFO as on date. My father had no UAN no then. My question is that will my mother is eligible to submit 10D to get Family Pension from EPFO now. because now we are in very much financial  crisis.( Murshidabad, West Bengal )",Contact me personally.,"The company cannot unilaterally demand repayment of salary without clear evidence of overpayment and a mutual agreement or court order. Under the Indian Contract Act, 1872, any claim for recovery would require the company to prove that the payments were made by mistake or under coercion. Since the statute of limitations for contractual claims in India is three years under the Limitation Act, 1963, any claim for recovery from 2006 to 2009 is likely time-barred.

The user should request a detailed explanation and evidence of the alleged overpayment from the company. If the company insists on repayment, consider consulting with a lawyer to challenge the demand based on the statute of limitations and lack of evidence.",0.284,6.8828,19.8636,3.7634,17.0599,19.112,2.3992,27.1794,5.5395,1.634,0.6554,21.1501,51.7118,52.8759,83.8309
120,"We would like to know if the Employment Letter printed and duly signed on Company Letter Head can be considered valid in case of any dispute? Also, in case if any employee leaves office without completing the notice period and other formalities, can the company hold his salary?( Surat, Gujarat )",HKG::ICA_73,HKG::ICA_73 → HKG::employment_bond → HKG::Indian Contract Act 1872 → HKG::wages → HKG::Q_864,"Sir 
My father worked in a co-op housing society as a guard  from the last 9-10 years.
In august month my father was on approved leave with application . but 3-4 days late due to illnesses . so society is not ready to continue to keep him on job as before .
Housing society terminates my father without notice and the secretary is saying you're not eligible for any gratuity  notice salary .
How will I get the full and final amount from This housing society?( Mumbai, Maharashtra )","My father worked as driver in KPTCL on 1994  he worked 5 days only then he will not reported to duty because of    he is suffering from health issue and then one year back 29/05/2018 my father is died  so that  we are eligible for taking job from compassionate ground or not . my father no given to resignation letter to department( Shimoga, Karnataka )","my father was an employee of a company and was entitled under EPF scheme. He dies in Jan,2008. My mother received his PF benefit in 2011, but my mother fell in Cancer disease in 2011 and repeatedly suffered many years, due to this we could not submit Pension Claim in 10D form to EPFO as on date. My father had no UAN no then. My question is that will my mother is eligible to submit 10D to get Family Pension from EPFO now. because now we are in very much financial  crisis.( Murshidabad, West Bengal )","dear client, company letterhead is sufficient proof for an appointment. the company can not hold a salary more than a month for employees leaves.","An Employment Letter printed and duly signed on Company Letter Head is generally considered a valid contract under the Indian Contract Act, 1872, provided it meets the essential elements of a valid contract, such as offer, acceptance, and consideration. If an employee leaves without completing the notice period, the company may have the right to withhold salary or take other actions as stipulated in the employment contract, such as recovering damages for breach of contract. However, the company must ensure that any deductions or actions comply with applicable labor laws, such as the Payment of Wages Act, 1936, which regulates the withholding of wages.

The employee should review the specific terms of the employment contract regarding notice periods and salary withholding. If there is a dispute, consider negotiating with the employer or seeking resolution through labor authorities or legal action if necessary.",0.7169,57.8988,19.8636,3.7634,17.0599,19.112,2.3992,27.1794,5.5395,1.634,0.6554,21.1501,51.7118,52.8759,83.8309
121,"Hi,
My LWD with previous employer and DOJ of new employer was same. Recently I was declined job by another employer mentioning that I hv dual employment issues. I contacted HR of previous and current employer to change relieving or joining date at either end but both of them declined mentioning that dates have been submitted in PF records and can not be changed.
I want to know if there is a way to get the dates changed in PF records.
And can we take a legal action against current employer for hiring me on same day as LWD of previous employer.
Both the employers are in Gurugram, Haryana.( Gurgaon, Haryana )",HKG::EPF_6,HKG::EPF_6 → HKG::Employees Provident Fund Act 1952 → HKG::PROC_PF_COMPLAINT → HKG::provident_fund → HKG::Q_864,"My father worked as driver in KPTCL on 1994  he worked 5 days only then he will not reported to duty because of    he is suffering from health issue and then one year back 29/05/2018 my father is died  so that  we are eligible for taking job from compassionate ground or not . my father no given to resignation letter to department( Shimoga, Karnataka )","I study in an engineering college and now I am in my second year going to start 3rd year in september my college has not given any holidays after semester end examinations and starts the new semester right the next day. This has happened for 4 continuous semesters now . In the academic calendar 1 month holiday is given but now they are going back on their words . Many of my classmates are depressed especially people from hostels who have not gone home.and I don't know what action to take ,pls tell me( Mysore, Karnataka )","Sir 
My father worked in a co-op housing society as a guard  from the last 9-10 years.
In august month my father was on approved leave with application . but 3-4 days late due to illnesses . so society is not ready to continue to keep him on job as before .
Housing society terminates my father without notice and the secretary is saying you're not eligible for any gratuity  notice salary .
How will I get the full and final amount from This housing society?( Mumbai, Maharashtra )","Hi,Post accepting your resignation, there will be a confirmation on your last working day. On your last working day(evening) you will be receiving Resignation acceptance letter . This is the first document which specifies your LWD on a valid document. However within 2â3 days from LWD you will receive relieving letter/experience letter/service letter.Relieving letter/experience letter/service letter - These documents substantiates your start date and last date in the organization (includes CTC sometimes).A relieving letter is a formal letter that is issued to an employee at the time of leaving an organization. It is a formal way of communicating to the employee that the resignation has been accepted. A relieving letter is required at the time of joining a new company.try raising issue on the  EPF related grievance website. Tall to the HR,  the person who updates the EPFO and UAN of the website.","Under the Employees Provident Fund Act 1952, once employment details are submitted to the Employees' Provident Fund Organization (EPFO), they become part of official records and are generally not subject to alteration. Dual employment is not illegal per se, but it can violate the terms of employment contracts or company policies, potentially leading to termination or other employment consequences. Legal action against the current employer for hiring on the same day as the LWD of the previous employer is unlikely to succeed unless there is a breach of contract or specific policy violation.

To address the dual employment issue, consider discussing with the prospective employer to explain the situation and provide any supporting documentation that shows the overlap was administrative rather than substantive. If necessary, consult with an employment lawyer to explore any contractual breaches or misrepresentations that may have occurred.",1.2635,25.5393,19.8636,3.7634,17.0599,19.112,2.3992,27.1794,5.5395,1.634,0.6554,21.1501,51.7118,52.8759,83.8309
122,"Dear Sir, I would like to know if I could make a case against the law college in Mumbai against the Registrar who kept bugging me that I had to give my original mechanical engineering degree certificates 1995 pass out to the college to continue my 2nd Degree LLB after having completed 1st year of LLB with fails in 6 subjects out of 8 and he kept telling that the eligibility needs to be checked even after having given my semester exams and never gave me the eligibility certificate just to keep telling that my eligibility needs to be checked while I just recollected that in my 1st year of engineering I was given my certificate of eligibility well before the exams were given but he kept asking me for my certificates even after I had appeared for my 1st and 2nd semester exams and so I quit my LLB in the year 2010 because I didnt want to depart from my Engineering Degree Certificates. Since then all have been only cheating me of my money assuring me of a good job or chance in Television or visa to the usa. So could I sue them to get a good Lawyer to get working on my case. Thanks and Regards.( Mumbai suburban, Maharashtra )",PC::Allegations of Forged Degree Certificates → PC::High Court Judgments of 1st and 2nd March 1984 → HKG::PGA_4 → HKG::PGA_7,PC::Allegations of Forged Degree Certificates → PC::High Court Judgments of 1st and 2nd March 1984 → HKG::PGA_4 → HKG::PGA_7 → HKG::PROC_GRATUITY_CLAIM → HKG::gratuity → HKG::labour_court → PC::Investigation Completed by CBI,"Sir 
My father worked in a co-op housing society as a guard  from the last 9-10 years.
In august month my father was on approved leave with application . but 3-4 days late due to illnesses . so society is not ready to continue to keep him on job as before .
Housing society terminates my father without notice and the secretary is saying you're not eligible for any gratuity  notice salary .
How will I get the full and final amount from This housing society?( Mumbai, Maharashtra )","My father worked as driver in KPTCL on 1994  he worked 5 days only then he will not reported to duty because of    he is suffering from health issue and then one year back 29/05/2018 my father is died  so that  we are eligible for taking job from compassionate ground or not . my father no given to resignation letter to department( Shimoga, Karnataka )","I study in an engineering college and now I am in my second year going to start 3rd year in september my college has not given any holidays after semester end examinations and starts the new semester right the next day. This has happened for 4 continuous semesters now . In the academic calendar 1 month holiday is given but now they are going back on their words . Many of my classmates are depressed especially people from hostels who have not gone home.and I don't know what action to take ,pls tell me( Mysore, Karnataka )",U will need to approach higher authority of college. Otherwise file complaint against them,"The primary legal issue is whether the law college's demand for original degree certificates without issuing an eligibility certificate constitutes harassment or a breach of duty. Under the Maharashtra Universities Act, 1994, and relevant university regulations, colleges must ensure proper verification of eligibility but should not retain original documents indefinitely without issuing necessary certificates. If the college's actions caused you to abandon your studies, this could be grounds for a civil suit for damages due to negligence or breach of duty.

Legally, you can file a complaint with the university's grievance redressal cell or the Maharashtra State Commission for Higher Education. Additionally, consider filing a civil suit for damages if you can prove financial or career harm caused by the college's actions. Gather all related documentation, including correspondence with the college, and consult a lawyer specializing in educational law to evaluate the strength of your case and proceed accordingly.",0.3426,64.217,19.8636,3.7634,17.0599,19.112,2.3992,27.1794,5.5395,1.634,0.6554,21.1501,51.7118,52.8759,83.8309
123,"My employer is not giving my experience certificate stating that I'm a daily wage employee. Can I file a complaint against the company( Ernakulam, Kerala )",PC::Employee Claims Experience Certificate Validity → PC::Writ Petition Dismissed for Lack of Experience Certificate → PC::Pending Criminal Complaint Against Candidate → PC::Magistrate Dismissed Complaint Against Council,"PC::Employee Claims Experience Certificate Validity → PC::Writ Petition Dismissed for Lack of Experience Certificate → PC::Pending Criminal Complaint Against Candidate → PC::Magistrate Dismissed Complaint Against Council → PC::High Court Found Council as Motor Transport Undertaking → PC::High Court Held Vehicles Exempt Under Act → PC::Section 38 of the Motor Transport Workers Act, 1961 → PC::Appointment Terminated Due to Qualification Issues","Sir 
My father worked in a co-op housing society as a guard  from the last 9-10 years.
In august month my father was on approved leave with application . but 3-4 days late due to illnesses . so society is not ready to continue to keep him on job as before .
Housing society terminates my father without notice and the secretary is saying you're not eligible for any gratuity  notice salary .
How will I get the full and final amount from This housing society?( Mumbai, Maharashtra )","my father was an employee of a company and was entitled under EPF scheme. He dies in Jan,2008. My mother received his PF benefit in 2011, but my mother fell in Cancer disease in 2011 and repeatedly suffered many years, due to this we could not submit Pension Claim in 10D form to EPFO as on date. My father had no UAN no then. My question is that will my mother is eligible to submit 10D to get Family Pension from EPFO now. because now we are in very much financial  crisis.( Murshidabad, West Bengal )","My father worked as driver in KPTCL on 1994  he worked 5 days only then he will not reported to duty because of    he is suffering from health issue and then one year back 29/05/2018 my father is died  so that  we are eligible for taking job from compassionate ground or not . my father no given to resignation letter to department( Shimoga, Karnataka )","Dear Client,Every employee or worker, irrespective of their employment class or nature, is entitled to receive an experience certificate upon termination, and refusal by the employer constitutes unfair labor practice. In the current circumstance, if you hold a position as a workman under the definition in Section 2(s) of the Industrial Dispute Act, and not a Manager/Supervisor, you should contact the relevant office of the Labour Commissioner to file a complaint against the employer for resolution of your grievance.","Under the Kerala Shops and Commercial Establishments Act, 1960, daily wage employees are entitled to certain rights, but the issuance of an experience certificate is typically not mandated by law. If the employment terms or company policy do not explicitly guarantee an experience certificate, the employer may not be legally obligated to provide one. However, if the denial of the certificate affects your ability to secure future employment, you may consider filing a complaint with the local labor office or seeking mediation through the labor commissioner. As a next step, review any employment contract or company policy documentation to determine if there is a provision for issuing experience certificates. If applicable, gather evidence of employment and approach the labor department for assistance.",2.8258,62.7277,19.8636,3.7634,17.0599,19.112,2.3992,27.1794,5.5395,1.634,0.6554,21.1501,51.7118,52.8759,83.8309
124,"Dear Sir,Â 

I, Abhijeet Sawant, working as a âSenior Operatorâ (Employee Number N-147) in BEL OPTRONIC DEVICES LTD

In the year 2013 (i.e. on 24th Dec 2013), there was an advertisement related to new recruitment from BEL Optronic Devices Limited in one of the leading Newspaper, âTimes of Indiaâ, as well as on the BEL official website www.bel-india.in 

As per the above mentioned advertisement, application was invited for the post of Technical assistant (pay scale: 5950-290-11920), for which I was eligible as per the eligibility criteria mentioned in that advertisement (copy enclose as ANNEXURE -1).

As per the application procedure mentioned in the advertisement, I had sent my application for the post of âTechnical Assistantâ. I was shortlisted for the written test which was scheduled on 23rd March 2014 in Pune and accordingly received the written exam call letter (copy enclose as ANNEXURE-2).

I had cleared the written exam and shortlisted for Interview for the post of âTechnical Assistantâ. The Interview was scheduled on 23rd April 2014 at BEL Optronic Devices Limited, Pune (copy encloses as ANNEXURE-3).

After few days, I received a call from HR dept. of BEL Optronic Devices Limited, to inform me that I was selected in the Interview for the Post of âTechnical Assistantâ. They also informed me to go for pre employment Medical Test which has to be done at âSassoon Hospital, Puneâ only, for which BEL Optronic devices limited has given me a letter also, which I had to submit in that Hospital to conduct the different Medical Test required by BEL Optronic Devices Limited.

After getting the pre employment Medical Test report, I submitted the same in HR dept. of BEL Optronic Devices Limited. Then, HR dept. has verified my all the original documents along with the âResignation Letterâ, as a mandatory process before joining the Company. On 02-06-2014 HR dept. of BEL Optronic Devices Limited has given me the âAppointment Letterâ (copy enclosed as ANNEXURE-4). In that Appointment letter, Post offered to me was âSenior Operatorâ (pay scale: 5240-180-8800). Senior Operator post is a lower grade post with lower pay scale.

When I object on this and ask to HR dept. about it, they told me that due to some change in Policy, my post is changed from âTechnical Assistantâ to âSenior Operatorâ and if I didnât accept this then my joining will stand cancel. Since I had already resigned from my earlier company, I had no choice other than to accept this offer. 

Since, I didnât get the Post and related pay scale as per advertisement for which I had applied what i can do now to get the post and payscale as per advertisement.( Mumbai, Maharashtra )",HKG::PGA_4 → PC::Contractor Failed to Pay Wages as per Agreement → HKG::PGA_7 → PC::Rule 7.2 of Technical Services Rules,HKG::PGA_4 → PC::Contractor Failed to Pay Wages as per Agreement → HKG::PGA_7 → PC::Rule 7.2 of Technical Services Rules → HKG::PROC_GRATUITY_CLAIM → HKG::gratuity → HKG::labour_court → PC::Principal Employer Liability for Wage Payment,"Namaste sir ,
I durgaprasad working as a grade 4 permanent govt employee in state government of andhrapradesh which is a non gazetted ... Sir iam b.tech graduate with good percentage and I cracked gate 2023 with 457 score ...I have a lot of chance in NIT college to pursue Mtech in my engineering stream ....
For that I asked my head of the department to permit to study.. and he said as per the cca and subordinate rules I have not permitted to study because  iam non gazetted post .. and also requested them to sanction loss of pay of my service for about 2year..for that they told me ,, u have no such option except the government allows to u to study with special G.O ,, that is a huge process and may not be my favour ...and now iam thinking to study my mtech and success in my career I would abscond from service without intimating them ...sir is it a good move?? Or else you please give suggestions how to study my mtech without losing my current govt job with loss of my pay ... Pls provide the suggestions..  is my contact number ..sir iam from poor family with big dreams to study and my job is very lower cadre even I have chances to go mtech my family problems strucking me  I don't want to loose my hard earned job for m tech and also I don't want to loose my hard earned prestigious Gate rank for IIT and NIts  for my low cadre job .I need both for safety purposes
Kindly provide best suggestion which is even favourable infront of courts also I mean as per legally correct one ..
Thank you sir and pls do needful( Srikakulam, Andhra Pradesh )","I study in an engineering college and now I am in my second year going to start 3rd year in september my college has not given any holidays after semester end examinations and starts the new semester right the next day. This has happened for 4 continuous semesters now . In the academic calendar 1 month holiday is given but now they are going back on their words . Many of my classmates are depressed especially people from hostels who have not gone home.and I don't know what action to take ,pls tell me( Mysore, Karnataka )","My father worked as driver in KPTCL on 1994  he worked 5 days only then he will not reported to duty because of    he is suffering from health issue and then one year back 29/05/2018 my father is died  so that  we are eligible for taking job from compassionate ground or not . my father no given to resignation letter to department( Shimoga, Karnataka )",Sir your query needs in depth analysis and cannot be solved int he free portal.Please consult me directly through the paid consultation of Vidhikarya.Thanks,"The key legal issue here is a potential breach of contract and misrepresentation by BEL Optronic Devices Limited. Under Indian Contract Act, 1872, Section 17 addresses fraudulent misrepresentation, which may apply if the company knowingly offered a different position than advertised. You can file a complaint with the labor court or a civil suit for breach of contract and seek specific performance or damages. Gather all relevant documents, including the advertisement, call letters, and appointment letter, and consult with a lawyer to draft a legal notice to BEL demanding rectification of the post and pay scale. If the issue is not resolved, proceed with legal action in the appropriate forum.",0.4733,20.4708,19.8636,3.7634,17.0599,19.112,2.3992,27.1794,5.5395,1.634,0.6554,21.1501,51.7118,52.8759,83.8309
125,"Hi, I had worked in company A & B. I left company A on lets assume 12th July Morning and joined company B on 12th July. the Date of Exit for A & Date of Joining for B is same i.e 12 July. due to which I am unable to transfer A PF amount to B. Letting go of PF amount is not a solution as the amount is huge, can you suggest what actions can be taken to get both A & B PF Amounts( Mumbai City, Maharashtra )",HKG::ICA_73 → HKG::PGA_7 → HKG::ATA_19 → HKG::EPF_6,HKG::ICA_73 → HKG::PGA_7 → HKG::ATA_19 → HKG::EPF_6 → HKG::PROC_PF_COMPLAINT → HKG::PROC_GRATUITY_CLAIM → HKG::gratuity → HKG::labour_court,"Sir 
My father worked in a co-op housing society as a guard  from the last 9-10 years.
In august month my father was on approved leave with application . but 3-4 days late due to illnesses . so society is not ready to continue to keep him on job as before .
Housing society terminates my father without notice and the secretary is saying you're not eligible for any gratuity  notice salary .
How will I get the full and final amount from This housing society?( Mumbai, Maharashtra )","My father worked as driver in KPTCL on 1994  he worked 5 days only then he will not reported to duty because of    he is suffering from health issue and then one year back 29/05/2018 my father is died  so that  we are eligible for taking job from compassionate ground or not . my father no given to resignation letter to department( Shimoga, Karnataka )","my father was an employee of a company and was entitled under EPF scheme. He dies in Jan,2008. My mother received his PF benefit in 2011, but my mother fell in Cancer disease in 2011 and repeatedly suffered many years, due to this we could not submit Pension Claim in 10D form to EPFO as on date. My father had no UAN no then. My question is that will my mother is eligible to submit 10D to get Family Pension from EPFO now. because now we are in very much financial  crisis.( Murshidabad, West Bengal )","Dear Client,When you did not work for employer A on 12th July that means you worked up to 11th July and joined the new Company B on 12th July. So the question of dual employment does not arise. Employer A should deduct the pro rata amount PF Contribution up to 11th July from your salary and Employer B should deduct the PF Contribution from the salary w.e.f. 12th July onwards and both employers should deposit their respective PF contributions with the PF authority accordingly. In view of the above logic that frustrates the concept of dual employment, you should approach the concerned PF authority and both the employer for the regularisation of PF Contributions failing which you may apply before the PF Appellate Tribunal for redressal of your grievance.","The issue here is the transfer of Provident Fund (PF) from Company A to Company B when the date of exit and joining is the same. According to the Employees' Provident Funds Scheme, 1952, an employee can transfer their PF from one employer to another using Form 13. However, the same date for exit and joining may cause a technical issue in the EPFO portal.

To resolve this, contact the HR department of both companies to ensure that the exit and joining dates are correctly updated in the EPFO records. If this does not resolve the issue, file a grievance on the EPFO Grievance Management System (EPFiGMS) for further assistance.",1.2963,58.5509,19.8636,3.7634,17.0599,19.112,2.3992,27.1794,5.5395,1.634,0.6554,21.1501,51.7118,52.8759,83.8309
126,"I resigned from a psb after facing mental harrasment daily. My resignation was accepted by the bank. Now my boss is threatening me to start a vigilance case against me and not relieve me even after I serve my notice period. I have 20 days left for my notice period. Can they compel me to work if they serve me a show cause. My resignation acceptance had a clause that relieving letter cannot be issued if there is a show cause pending. I am mentally harassed at my workplace everyday and at a point of breaking. Now they are compelling me to either take back my resignation or face enquiry and they will not relieve me. Pls guide.( Kolkata, West Bengal )",PC::State Government Issued Show-Cause Notice → HKG::notice_period → PC::High Court Quashed Show Cause Notice → PC::Second Show Cause Notice Issued,"PC::State Government Issued Show-Cause Notice → HKG::notice_period → PC::High Court Quashed Show Cause Notice → PC::Second Show Cause Notice Issued → PC::Section 409 of the City of Nagpur Corporation Act, 1948 → PC::High Court Quashed Supersession Order → PC::No Proof of Misconduct Established → PC::Rule 43(b) of the Bihar Pension Rules","Sir 
My father worked in a co-op housing society as a guard  from the last 9-10 years.
In august month my father was on approved leave with application . but 3-4 days late due to illnesses . so society is not ready to continue to keep him on job as before .
Housing society terminates my father without notice and the secretary is saying you're not eligible for any gratuity  notice salary .
How will I get the full and final amount from This housing society?( Mumbai, Maharashtra )","My father worked as driver in KPTCL on 1994  he worked 5 days only then he will not reported to duty because of    he is suffering from health issue and then one year back 29/05/2018 my father is died  so that  we are eligible for taking job from compassionate ground or not . my father no given to resignation letter to department( Shimoga, Karnataka )","my father was an employee of a company and was entitled under EPF scheme. He dies in Jan,2008. My mother received his PF benefit in 2011, but my mother fell in Cancer disease in 2011 and repeatedly suffered many years, due to this we could not submit Pension Claim in 10D form to EPFO as on date. My father had no UAN no then. My question is that will my mother is eligible to submit 10D to get Family Pension from EPFO now. because now we are in very much financial  crisis.( Murshidabad, West Bengal )","Dear Client,Even after the cessation of relationship with the Bank on acceptance of your resignation, the Bank can initiate legal action against you, if after conducting an inquiry into an allegation of dereliction or dishonesty committed by you while in employment, if dictated and proved against you in the departmental inquiry carried on by vigilance cell after your resignation from the Bank. You are equally accountable for the commission of said proven misconduct even after your resignation from the Bank. Depending upon the nature of the misconduct and injury caused to the department for the same, the Bank can take legal action against the resigned employee both under CPC and IPC following the provision of the Limitation Act, 1963 that specify the time limit for the prosecution that starts from the date of cause of action.. A bench of Justices U U Lalit, Indu Malhotra and Krishna Murari of the Supreme Court ruled out in an appeal arising out of an order of the Karnataka High Court that the requirement of sanction under Section 19 of the Prevention of Corruption Act is only for serving government employees and there is no bar to initiate prosecution after retirement or resignation for the offense committed by the employee during the service period. So, in view of the aforementioned averments of the Apex Court, if any legal action is initiated against you by the Bank, you need to contact an Advocate having experience in service/CAT matters to defend the case suitably in the Court.","The key legal issue here is whether the bank can compel you to continue working or withhold your relieving letter due to a pending show-cause notice. Under Indian employment law, once a resignation is accepted, the employment relationship is typically considered terminated after the notice period, unless there are pending disciplinary proceedings. Since your resignation acceptance includes a clause about pending show-cause notices, the bank may have grounds to delay issuing the relieving letter.

However, if the threats and harassment are causing severe mental distress, you can consider filing a complaint with the bank's internal grievance redressal mechanism or the labor commissioner for workplace harassment under the Industrial Disputes Act, 1947. As a next step, document all instances of harassment and communicate your concerns formally to HR. If the situation does not improve, consult with a lawyer to explore filing a writ petition for relief from undue harassment and to expedite the issuance of the relieving letter.",0.9702,64.484,19.8636,3.7634,17.0599,19.112,2.3992,27.1794,5.5395,1.634,0.6554,21.1501,51.7118,52.8759,83.8309
127,"I worked for a big Organization (can't name) where the policy says if I am in bottom quartile, they put me in PIP and on failing this, I would be terminated. My manager had put me under PIP (Performance improvement Plan) with the highest targets. He did not inform me about my performance or even tell me that I would be moved to PIP, I was under impression it happens half yearly but he never informed me it happened every 3 months. He had changed my team, my week offs and even my shift without my consent and I was given the worst team. This person had targeted me with unrealistic targets.
I complained to my HR but he said, the manager decides that, I spoke to the external career counselor who was mentoring my records, she said the same. 
Now if the manager has this power to decide the targets why did he set the highest targets for me ?
I complaint to the Employee relation team but got nothing on my favor. they terminated me stating I did not meet the targets. 
I was devastated and wrote another email to the owner of the Company, (He is one of the richest person in world) His team replied after 15 days that none of my complaints have proved out to be favorable.

Now I am unemployed since an year and they have blacklisted me.
I wish to know how to address this and what are the laws regarding these filthy practices of termination. 
Also, if I would file a complaint against my manager for mental harassments would Indian law answer me in my favor? Any chance of winning the case?

I BEG LAWYERS TO KINDLY HELP ME( Bangalore, Karnataka )",HKG::IDA_2A → HKG::ESI_73,HKG::IDA_2A → HKG::ESI_73 → HKG::esi → HKG::Industrial Disputes Act 1947 → HKG::PROC_WRONGFUL_TERMINATION → HKG::wrongful_termination,"Sir 
My father worked in a co-op housing society as a guard  from the last 9-10 years.
In august month my father was on approved leave with application . but 3-4 days late due to illnesses . so society is not ready to continue to keep him on job as before .
Housing society terminates my father without notice and the secretary is saying you're not eligible for any gratuity  notice salary .
How will I get the full and final amount from This housing society?( Mumbai, Maharashtra )","My father worked as driver in KPTCL on 1994  he worked 5 days only then he will not reported to duty because of    he is suffering from health issue and then one year back 29/05/2018 my father is died  so that  we are eligible for taking job from compassionate ground or not . my father no given to resignation letter to department( Shimoga, Karnataka )","my father was an employee of a company and was entitled under EPF scheme. He dies in Jan,2008. My mother received his PF benefit in 2011, but my mother fell in Cancer disease in 2011 and repeatedly suffered many years, due to this we could not submit Pension Claim in 10D form to EPFO as on date. My father had no UAN no then. My question is that will my mother is eligible to submit 10D to get Family Pension from EPFO now. because now we are in very much financial  crisis.( Murshidabad, West Bengal )","Dear Client,If you really believe that it was a wrongful termination then what you can do is to send the company and the manager a legal notice through a lawyer and post there reply you can also initiate a legal case against them for compensation.","The primary legal issue is wrongful termination under the Industrial Disputes Act, 1947, which governs employment disputes in India. Since your termination was allegedly based on arbitrary performance targets and lack of due process, you may have grounds to challenge it as unfair labor practice under Section 2(ra) read with the Fifth Schedule of the Act. However, proving mental harassment requires substantial evidence of malicious intent and impact on your mental health.

You can file a complaint with the labor commissioner in Bangalore, seeking reinstatement or compensation for wrongful termination. Additionally, consider filing a civil suit for damages if you can substantiate claims of mental harassment. Collect all documentation related to your employment, PIP, and communications with HR and management to support your case.",1.0978,45.4833,19.8636,3.7634,17.0599,19.112,2.3992,27.1794,5.5395,1.634,0.6554,21.1501,51.7118,52.8759,83.8309
128,"I leave company after joining 4 days then got call from HR .I talk with my problem and said I will not come.but still they credited 2 month of salary in my account.I drop them mail saying that amount is crediting to my account.Now they are given me the threat of legal action if I don't give money back (amount is less than 1 lac) .I have all mail stated that I communicated to the company + informing about money credited .what should I do( Pune, Maharashtra )",HKG::FA_79 → HKG::ICA_73,HKG::FA_79 → HKG::ICA_73 → HKG::wages → HKG::employment_bond → HKG::Factories Act 1948 → HKG::Indian Contract Act 1872,"My father worked as driver in KPTCL on 1994  he worked 5 days only then he will not reported to duty because of    he is suffering from health issue and then one year back 29/05/2018 my father is died  so that  we are eligible for taking job from compassionate ground or not . my father no given to resignation letter to department( Shimoga, Karnataka )","Sir 
My father worked in a co-op housing society as a guard  from the last 9-10 years.
In august month my father was on approved leave with application . but 3-4 days late due to illnesses . so society is not ready to continue to keep him on job as before .
Housing society terminates my father without notice and the secretary is saying you're not eligible for any gratuity  notice salary .
How will I get the full and final amount from This housing society?( Mumbai, Maharashtra )","my father was an employee of a company and was entitled under EPF scheme. He dies in Jan,2008. My mother received his PF benefit in 2011, but my mother fell in Cancer disease in 2011 and repeatedly suffered many years, due to this we could not submit Pension Claim in 10D form to EPFO as on date. My father had no UAN no then. My question is that will my mother is eligible to submit 10D to get Family Pension from EPFO now. because now we are in very much financial  crisis.( Murshidabad, West Bengal )","Dear Sir,It is a civil action and dispute. Ask them to approach the Civil Court. Get issue a legal notice accordingly and also threaten them to lodge complaint or private complaint with the Magistrate.For full procedure contact me on mobile through Vidhikarya.Rate me Five Star *Please visit the following link.https://vidhikarya.com/LawyerRating/9506c43f5d0b2d266a07","The primary legal issue is the unjust enrichment resulting from the salary credited to your account without your entitlement due to your short tenure. Under the Indian Contract Act, 1872, specifically Section 72, any person to whom money has been paid or anything delivered by mistake or under coercion must repay or return it. Legally, you are obligated to return the salary amount as you did not render services for the period covered by the payment.

To resolve the situation, initiate a repayment process by contacting the company's HR department to arrange the return of the funds. Ensure all communications are documented, and consider consulting with a legal professional if the company persists with legal threats after you have taken steps to return the money.",0.923,42.0328,19.8636,3.7634,17.0599,19.112,2.3992,27.1794,5.5395,1.634,0.6554,21.1501,51.7118,52.8759,83.8309
129,"Eiilm University generate my migration without to take previous migration or transfer certificate . Is there any problem if I use eiilm University's migration?( Bundi, Rajasthan )",PC::Court Receiver Appointed to Take Possession → PC::Date of Birth in Matriculation Certificate is 7.4.1938 → PC::Receiver Directed to Take Possession of Property → PC::Amendment Intended to Take Away Benefits,"PC::Court Receiver Appointed to Take Possession → PC::Date of Birth in Matriculation Certificate is 7.4.1938 → PC::Receiver Directed to Take Possession of Property → PC::Amendment Intended to Take Away Benefits → PC::Order 40, Rule 1 of the Code of Civil Procedure → PC::Order 39 Rule 2-A of the Code of Civil Procedure → PC::Industrial Disputes Act → HKG::Industrial Disputes Act 1947","Sir 
My father worked in a co-op housing society as a guard  from the last 9-10 years.
In august month my father was on approved leave with application . but 3-4 days late due to illnesses . so society is not ready to continue to keep him on job as before .
Housing society terminates my father without notice and the secretary is saying you're not eligible for any gratuity  notice salary .
How will I get the full and final amount from This housing society?( Mumbai, Maharashtra )","My father worked as driver in KPTCL on 1994  he worked 5 days only then he will not reported to duty because of    he is suffering from health issue and then one year back 29/05/2018 my father is died  so that  we are eligible for taking job from compassionate ground or not . my father no given to resignation letter to department( Shimoga, Karnataka )","my father was an employee of a company and was entitled under EPF scheme. He dies in Jan,2008. My mother received his PF benefit in 2011, but my mother fell in Cancer disease in 2011 and repeatedly suffered many years, due to this we could not submit Pension Claim in 10D form to EPFO as on date. My father had no UAN no then. My question is that will my mother is eligible to submit 10D to get Family Pension from EPFO now. because now we are in very much financial  crisis.( Murshidabad, West Bengal )","Dear Sir,I have to go through your earlier educational background. If Eiilm University is not blacklisted by UGC then it can generate migration certificate.","Using a migration certificate from Eiilm University without submitting a previous migration or transfer certificate may raise issues of validity or authenticity, depending on the university's regulations and the statutes governing educational institutions in India. According to the University Grants Commission (UGC) guidelines, universities typically require a previous migration certificate to issue a new one to ensure the student's academic history is accurately documented.

Legally, you cannot use the migration certificate if it contravenes the university's rules or any applicable educational regulations. To rectify this, contact Eiilm University to confirm their specific requirements for issuing migration certificates and ensure all necessary documentation is submitted. Additionally, verify with the receiving institution in Rajasthan whether they accept the migration certificate under these circumstances.",1.0009,79.1415,19.8636,3.7634,17.0599,19.112,2.3992,27.1794,5.5395,1.634,0.6554,21.1501,51.7118,52.8759,83.8309
130,"i have a carrer service overlap for 11 days in my past after that i have changed two comapnies and had a clear history of 3 years. however, now i m not able to find a job switch due to glitch . kindly suggest me on this. i tried all the alternatives from my side.

Scenario: I have reached out to the PF office and requested them to change the date of exit - now my question is, even if PF commissioner or pf authoritative agreed to change the date in pf . how to handle the date conflict in relieving letter.?

Company is not ready to change the date in the relieving letter but if I change the date PF exit date. it will be again an another problem right . how to handle this ? KIndly suggest me( Bangalore, Karnataka )",HKG::EPF_6 → HKG::PGA_7 → HKG::ATA_19,HKG::EPF_6 → HKG::PGA_7 → HKG::ATA_19 → HKG::labour_court → HKG::PROC_GRATUITY_CLAIM → HKG::gratuity → HKG::Administrative Tribunals Act 1985,"Sir 
My father worked in a co-op housing society as a guard  from the last 9-10 years.
In august month my father was on approved leave with application . but 3-4 days late due to illnesses . so society is not ready to continue to keep him on job as before .
Housing society terminates my father without notice and the secretary is saying you're not eligible for any gratuity  notice salary .
How will I get the full and final amount from This housing society?( Mumbai, Maharashtra )","My father worked as driver in KPTCL on 1994  he worked 5 days only then he will not reported to duty because of    he is suffering from health issue and then one year back 29/05/2018 my father is died  so that  we are eligible for taking job from compassionate ground or not . my father no given to resignation letter to department( Shimoga, Karnataka )","my father was an employee of a company and was entitled under EPF scheme. He dies in Jan,2008. My mother received his PF benefit in 2011, but my mother fell in Cancer disease in 2011 and repeatedly suffered many years, due to this we could not submit Pension Claim in 10D form to EPFO as on date. My father had no UAN no then. My question is that will my mother is eligible to submit 10D to get Family Pension from EPFO now. because now we are in very much financial  crisis.( Murshidabad, West Bengal )","Dear Client,Before joining another Company, you are required to tender your resignation and to obtain a relieving letter from the earlier company, serving the notice period as per the terms of employment that eventually caused the overlapping of service. The overlapping in service concerning previous and present establishments and any anomaly or discrepancy in EPF records of any registered member may be grounds for future disputes. When your EPF record shows an anomaly in the joining and exit date in both the previous and present Company, which is contradictory, then until and unless those anomalies are rectified by the concerned employers, PF records will show overlapping or dual employment. A joint declaration form is used to correct Provident Fund (PF) member details. It is a combined form that the employee and employer sign and submit to the regional PF commissioner to update the wrong information entered in the employeesâ PF accounts. An employee cannot update the service history. Only an employer can rectify the error in the employment record of the EPFO. So if an employee finds an error in the database, he should contact their present or previous employers and get it corrected. In the given situation, to resolve the issue of dual employment/overlapping in the P F records of both employers, you need to approach the office of the Regional P F Commissioner who is the competent authority to resolve any anomaly/discrepancy arising out of date of appointment and date of exit of an employee in EPF records. For lack of cooperation from the employers who are duty-bound to correct the records of member employees in EPF records, an individual can file a complaint using the EPF i-Grievance Management System (https://epfigms.gov.in/) or file a complaint offline in the office of the Regional PF Commissioner concerned. If the complaint is not resolved even on receipt of JDF, you can approach the Employeesâ Provident Funds Appellate Tribunal (EPFAT) which was constituted under the provisions of the Section 7 D of the EPF and M P Act 1952, Now, as per the Finance Act 2017, the Employees' Provident Fund Appellate Tribunal has been merged with Central Government Industrial Tribunal w.e.f. 26.05.2017. So, if no relief is yielded from the office of the PF Commissioner, you may approach the Central Government Industrial Tribunal for appropriate relief.","The primary legal issue is the discrepancy between the PF exit date and the relieving letter date. Under the Employees' Provident Funds and Miscellaneous Provisions Act, 1952, the PF exit date is crucial for determining eligibility for benefits but does not alter the employment record maintained by the company. Legally, the company is not obligated to change the relieving letter unless there is an error on their part.

You can request the company to issue a clarification letter explaining the overlap as an administrative error, which might help in job applications. Additionally, maintain documentation from the PF office confirming the date change to explain the discrepancy to potential employers.",0.3461,65.3493,19.8636,3.7634,17.0599,19.112,2.3992,27.1794,5.5395,1.634,0.6554,21.1501,51.7118,52.8759,83.8309
131,"Dear sir
After completion of my diploma,I joined in one private company.by managing working hours I completed my B tech( full time)..after that I joined in one PSU( diploma base not btech base)...my doubt is sir,if anybody files a case on me regarding doing full time degree while working...what will happen to my present job(which is diploma based job)..( Rajahmundry, Andhra Pradesh )",HKG::FA_79,HKG::FA_79 → HKG::Factories Act 1948 → HKG::leave → HKG::Q_242 → HKG::Q_331,"Sir 
My father worked in a co-op housing society as a guard  from the last 9-10 years.
In august month my father was on approved leave with application . but 3-4 days late due to illnesses . so society is not ready to continue to keep him on job as before .
Housing society terminates my father without notice and the secretary is saying you're not eligible for any gratuity  notice salary .
How will I get the full and final amount from This housing society?( Mumbai, Maharashtra )","my father was an employee of a company and was entitled under EPF scheme. He dies in Jan,2008. My mother received his PF benefit in 2011, but my mother fell in Cancer disease in 2011 and repeatedly suffered many years, due to this we could not submit Pension Claim in 10D form to EPFO as on date. My father had no UAN no then. My question is that will my mother is eligible to submit 10D to get Family Pension from EPFO now. because now we are in very much financial  crisis.( Murshidabad, West Bengal )","My father worked as driver in KPTCL on 1994  he worked 5 days only then he will not reported to duty because of    he is suffering from health issue and then one year back 29/05/2018 my father is died  so that  we are eligible for taking job from compassionate ground or not . my father no given to resignation letter to department( Shimoga, Karnataka )","Dear Sir,You may not face any problem better contact any advocate and get acquire some documents from the said company about your timings.Thanks.","The primary legal issue is whether pursuing a full-time degree while employed violates any employment contract or statutory regulation. In India, there is no specific statute prohibiting an employee from pursuing further education while working, unless explicitly restricted by the employment contract or company policy. Since the current job is based on a diploma qualification, and assuming no misrepresentation was made regarding educational qualifications at the time of hiring, the present employment should not be affected.

To safeguard your position, review the employment contract and company policies for any clauses regarding further education. If no such restrictions exist, your job should remain secure. If concerned about potential legal action, consult with a labor law attorney to assess any specific risks related to your employment terms.",0.4821,23.9115,19.8636,3.7634,17.0599,19.112,2.3992,27.1794,5.5395,1.634,0.6554,21.1501,51.7118,52.8759,83.8309
132,"I signed a contract of 1 month online freelancing project but company looks fake? Can they charge me (it is written in agreement) for not completing my assigned work?( Pune, Maharashtra )",PC::Section 15 of Act Mandates Written Contract of Service → PC::Development Agreement for Property Signed → PC::Port Trust Assigned Work to RITES → PC::Force Majeure Clause in Agreement,"PC::Section 15 of Act Mandates Written Contract of Service → PC::Development Agreement for Property Signed → PC::Port Trust Assigned Work to RITES → PC::Force Majeure Clause in Agreement → PC::Section 20 of the Indian Arbitration Act, 1940 → PC::New Building Regulations Prohibited Development → PC::Notification Issued Under Contract Labour Act → PC::Work of Laying Railway Tracks Considered Non-Perennial","Sir 
My father worked in a co-op housing society as a guard  from the last 9-10 years.
In august month my father was on approved leave with application . but 3-4 days late due to illnesses . so society is not ready to continue to keep him on job as before .
Housing society terminates my father without notice and the secretary is saying you're not eligible for any gratuity  notice salary .
How will I get the full and final amount from This housing society?( Mumbai, Maharashtra )","My father worked as driver in KPTCL on 1994  he worked 5 days only then he will not reported to duty because of    he is suffering from health issue and then one year back 29/05/2018 my father is died  so that  we are eligible for taking job from compassionate ground or not . my father no given to resignation letter to department( Shimoga, Karnataka )","my father was an employee of a company and was entitled under EPF scheme. He dies in Jan,2008. My mother received his PF benefit in 2011, but my mother fell in Cancer disease in 2011 and repeatedly suffered many years, due to this we could not submit Pension Claim in 10D form to EPFO as on date. My father had no UAN no then. My question is that will my mother is eligible to submit 10D to get Family Pension from EPFO now. because now we are in very much financial  crisis.( Murshidabad, West Bengal )","Dear client,If there is a contract of employment and it expressly mentions that there is a penalty for leaving the company before 1 month, they can charge you","The most important legal point is that if the contract is valid and enforceable, the company may have a legal basis to claim damages for breach of contract if you do not complete the assigned work. Under the Indian Contract Act, 1872, a contract is enforceable if it involves a lawful consideration and object, and the parties have the capacity to contract. If the company is indeed fraudulent, the contract may be voidable under Section 19 of the Act due to misrepresentation or fraud.

You can legally contest the enforceability of the contract if you have evidence that the company is fraudulent. As a next step, gather all communications and evidence related to the company's legitimacy and consult with a legal professional to assess the validity of the contract and potential defenses. Additionally, consider reporting the fraudulent company to the appropriate authorities or consumer protection bodies.",0.9116,38.4873,19.8636,3.7634,17.0599,19.112,2.3992,27.1794,5.5395,1.634,0.6554,21.1501,51.7118,52.8759,83.8309
133,"HiI have been working for a private company - SleepyCat for 4.6 years. My joining date is 6th Oct 2018. But we got to know and it was informed to us in Jan 2023 that the company is relocating to Gurgaon and we were given two options naturally either to relocate with the company or resign. I chose the latter and am planning to formally resign in April considering my 2 months notice which will end on May 31st. I want to know if I can challenge or claim gratuity for 4.7yrs of employment with the company under the above scenario or circumstance  as I am left with no option but to discontinue with the company due to personal reasons. ( with no job offer at hand)Please help so I can tender my resignation and approach the firm legally.( Thane, Maharashtra )",HKG::PGA_4 → HKG::PGA_7,HKG::PGA_4 → HKG::PGA_7 → HKG::labour_court → HKG::PROC_GRATUITY_CLAIM → HKG::gratuity → HKG::Payment of Gratuity Act 1972,"Sir 
My father worked in a co-op housing society as a guard  from the last 9-10 years.
In august month my father was on approved leave with application . but 3-4 days late due to illnesses . so society is not ready to continue to keep him on job as before .
Housing society terminates my father without notice and the secretary is saying you're not eligible for any gratuity  notice salary .
How will I get the full and final amount from This housing society?( Mumbai, Maharashtra )","My father worked as driver in KPTCL on 1994  he worked 5 days only then he will not reported to duty because of    he is suffering from health issue and then one year back 29/05/2018 my father is died  so that  we are eligible for taking job from compassionate ground or not . my father no given to resignation letter to department( Shimoga, Karnataka )","my father was an employee of a company and was entitled under EPF scheme. He dies in Jan,2008. My mother received his PF benefit in 2011, but my mother fell in Cancer disease in 2011 and repeatedly suffered many years, due to this we could not submit Pension Claim in 10D form to EPFO as on date. My father had no UAN no then. My question is that will my mother is eligible to submit 10D to get Family Pension from EPFO now. because now we are in very much financial  crisis.( Murshidabad, West Bengal )","Dear Sir,4years 240 days is enough for claiming gratuity.https://www.linkedin.com/pulse/employee-benefits-india-payment-gratuity-what-himachali-gphr/https://www.linkedin.com/pulse/gratuity-required-complete-5-years-continuous-service-rahul-kumar/\\\""As per Madras High Court judgement in a case of Mettur Beardsell Limited [represented by its Personal Manager], Madras v/s Regional Labour Commissioner [Central Authority under the Payment of Gratuity Act, 1972], Madras, it has been stated that if an employee has rendered continuous service of 240 days in the fifth year of service then for the purpose of calculation of gratuity, it must be considered as if he has completed FIVE years of continuous service.\\\""","Under the Payment of Gratuity Act, 1972, an employee is eligible for gratuity after completing five years of continuous service. Since your employment duration at SleepyCat is 4.7 years, you do not meet the statutory requirement for gratuity eligibility. Legally, you cannot claim gratuity unless the company has a policy offering gratuity for service less than five years, which is uncommon.

Next steps: Review your employment contract and company policies to check for any provisions regarding gratuity for less than five years of service. If no such provision exists, consider negotiating with the employer for any severance benefits or seek legal advice for further options.",8.683,64.2351,19.8636,3.7634,17.0599,19.112,2.3992,27.1794,5.5395,1.634,0.6554,21.1501,51.7118,52.8759,83.8309
134,"Respect Sir, 

I have bean working in City Union Bank for the past 4 years. Now I have planned to quit. Now my employer is asking me to play 35,000/- for training which they gave me. I think this is wrong as I have served them for 4 years. Please let me know what I should be doing now. 

Thanks, 
Kamal Kannan S( Chennai, Tamil Nadu )",PC::Respondents Served Bank for More Than 10 Years → PC::Claim for Training Allowance → PC::Claim for Bonus for Work Done in the Past → PC::Settlement Agreement Valid for 5 Years,"PC::Respondents Served Bank for More Than 10 Years → PC::Claim for Training Allowance → PC::Claim for Bonus for Work Done in the Past → PC::Settlement Agreement Valid for 5 Years → PC::Claims for Compensation Filed by Employees → PC::Section 25FF of the Industrial Disputes Act, 1947 → HKG::Industrial Disputes Act 1947 → PC::Dispute Over Calculation of Bonus Amount","Sir 
My father worked in a co-op housing society as a guard  from the last 9-10 years.
In august month my father was on approved leave with application . but 3-4 days late due to illnesses . so society is not ready to continue to keep him on job as before .
Housing society terminates my father without notice and the secretary is saying you're not eligible for any gratuity  notice salary .
How will I get the full and final amount from This housing society?( Mumbai, Maharashtra )","My father worked as driver in KPTCL on 1994  he worked 5 days only then he will not reported to duty because of    he is suffering from health issue and then one year back 29/05/2018 my father is died  so that  we are eligible for taking job from compassionate ground or not . my father no given to resignation letter to department( Shimoga, Karnataka )","my father was an employee of a company and was entitled under EPF scheme. He dies in Jan,2008. My mother received his PF benefit in 2011, but my mother fell in Cancer disease in 2011 and repeatedly suffered many years, due to this we could not submit Pension Claim in 10D form to EPFO as on date. My father had no UAN no then. My question is that will my mother is eligible to submit 10D to get Family Pension from EPFO now. because now we are in very much financial  crisis.( Murshidabad, West Bengal )","Dear Mr. Kannan,You need to clarify whether the Bank gave Rs 35,000 to you as you have mentioned or the Bank spent for you for your Training.If it is a Nationalised Bank they will go by certain norms and standards and you have to follow that. Private Banks normally and usually avoid those.Share the full case history and I might be in a position to tell you how to quit without paying.Shanti Ranjan BeheraAdvocate","Under Indian contract law, an employer can enforce a training bond if it is reasonable and not in restraint of trade, as per Section 27 of the Indian Contract Act, 1872. However, the enforceability of such a bond depends on whether the training provided was substantial and whether the amount claimed is proportionate to the training cost. Since you have served the bank for four years, the enforceability may be questioned if the bond does not reflect a reasonable time period or cost. 

Request a copy of the training agreement to review its terms. If the demand seems unreasonable, consider negotiating with the employer or consulting a legal professional to assess the validity of the claim and possibly contest it.",1.4938,48.4389,19.8636,3.7634,17.0599,19.112,2.3992,27.1794,5.5395,1.634,0.6554,21.1501,51.7118,52.8759,83.8309
135,"I have been terminated from my company on behavioral issues. I was not even given a chance to represent myself. So firing under misconduct is also illegal. They fired me on 24th Feb and they are not paying me salary of Feb neither they have given me any exit documents( Pune, Maharashtra )",HKG::ICA_73,HKG::ICA_73 → HKG::Indian Contract Act 1872 → HKG::employment_bond → HKG::wages → HKG::Q_864,"Sir 
My father worked in a co-op housing society as a guard  from the last 9-10 years.
In august month my father was on approved leave with application . but 3-4 days late due to illnesses . so society is not ready to continue to keep him on job as before .
Housing society terminates my father without notice and the secretary is saying you're not eligible for any gratuity  notice salary .
How will I get the full and final amount from This housing society?( Mumbai, Maharashtra )","My father worked as driver in KPTCL on 1994  he worked 5 days only then he will not reported to duty because of    he is suffering from health issue and then one year back 29/05/2018 my father is died  so that  we are eligible for taking job from compassionate ground or not . my father no given to resignation letter to department( Shimoga, Karnataka )","my father was an employee of a company and was entitled under EPF scheme. He dies in Jan,2008. My mother received his PF benefit in 2011, but my mother fell in Cancer disease in 2011 and repeatedly suffered many years, due to this we could not submit Pension Claim in 10D form to EPFO as on date. My father had no UAN no then. My question is that will my mother is eligible to submit 10D to get Family Pension from EPFO now. because now we are in very much financial  crisis.( Murshidabad, West Bengal )","Hello Sir,In case the reasons are unjust, the employee has the right to conduct an inquiry against the unjust treatment. The employee can send a legal notice to the employer in case of such unjust termination. The employee can finally move the Labor Court, in case no relief is provided from the employer.","Under the Industrial Disputes Act, 1947, an employee dismissed for misconduct is entitled to a fair hearing and an opportunity to defend themselves, as per the principles of natural justice. The lack of an opportunity to represent yourself before termination could be a violation of these principles. Additionally, under the Payment of Wages Act, 1936, you are entitled to receive your salary for the days worked in February.

To address this, file a formal grievance with your company's HR department requesting your February salary and exit documents. If the company does not respond, consider filing a complaint with the local labor commissioner or pursuing legal action for wrongful termination and recovery of dues.",1.0571,59.8839,19.8636,3.7634,17.0599,19.112,2.3992,27.1794,5.5395,1.634,0.6554,21.1501,51.7118,52.8759,83.8309
136,"I have worked in an organziation for 4 years have been a top perfomrer, have reisgned in august notice period was 90 days..have served all 90 dsys submitted assets on last day mentioned today is my lwd based on ur request to serve 90 days they didnt release me till date and now they are saying i was doing dual employment..i joined another firm after 90 days on contractual basis coz i have to take care of my family..and its decemebr they havnt yet given me relieving ketter and are stating that we will give u termination( Gurgaon, Haryana )",HKG::PGA_7 → HKG::ATA_19,HKG::PGA_7 → HKG::ATA_19 → HKG::labour_court → HKG::gratuity → HKG::PROC_GRATUITY_CLAIM → HKG::Administrative Tribunals Act 1985,"My father worked as driver in KPTCL on 1994  he worked 5 days only then he will not reported to duty because of    he is suffering from health issue and then one year back 29/05/2018 my father is died  so that  we are eligible for taking job from compassionate ground or not . my father no given to resignation letter to department( Shimoga, Karnataka )","Sir 
My father worked in a co-op housing society as a guard  from the last 9-10 years.
In august month my father was on approved leave with application . but 3-4 days late due to illnesses . so society is not ready to continue to keep him on job as before .
Housing society terminates my father without notice and the secretary is saying you're not eligible for any gratuity  notice salary .
How will I get the full and final amount from This housing society?( Mumbai, Maharashtra )","my father was an employee of a company and was entitled under EPF scheme. He dies in Jan,2008. My mother received his PF benefit in 2011, but my mother fell in Cancer disease in 2011 and repeatedly suffered many years, due to this we could not submit Pension Claim in 10D form to EPFO as on date. My father had no UAN no then. My question is that will my mother is eligible to submit 10D to get Family Pension from EPFO now. because now we are in very much financial  crisis.( Murshidabad, West Bengal )","Dear Client.Regardless of reasons, on cessation of employment in compliance with the terms of employment(serving the notice period), an employee is entitled to an experience certificate, relieving letter and F & F settlement dues from the employer within 30 days of the last working days (LWD) and denial of which amounted to unfair labour practices. So, in the prevailing situation, if you are not holding a position of manager or supervisor in the Company, but a workman as defined under Sec.2(s) of the Industrial Dispute Act, 1947. serving a legal notice to the Company reach out to the office of the concerned State Labour Commissioner or the Chief Inspector, Shops and Establishment, as the case may be, to file a complaint against the company over alleged unfair labour practice for redressal of your grievance and additionally, you can file an application under Section 33C(2) of the I D Act before the Labour Court concerned claiming your F & F Settlement dues receivable to you post-resignation from the employer/Company along with interest. If required, hire an Advocate experienced in service matters to navigate the issue in the right way. But, if you are holding the position of Manager or Administrator in the Company, you have to file a civil suit against the Company before the Civil Court seeking desired relief in the matter. Further, SAMADHAN Portal was launched by the Ministry of Labour and Employment to facilitate the filing of industrial disputes by the workmen, employers and trade unions under the Industrial Disputes Act, 1947. The online portal has a user-friendly interface and has enhanced transparency and efficiency of grievance resolution for all stakeholders. The workmen/trade unions/management can file their disputes and claims by logging into the portal through the UMANG app and also by visiting the nearest Common Services Centres. Be informed that to restrict IT Companies from exploiting their employees by playing double standards, the Division Bench of the Karnataka High Court in the case of Commissioner of Income Tax v. Texas Instruments India Pvt Ltd (2021) 435 ITR unambiguously held that the IT sector employees considered to be ""workmen"" under Section 2(s) of the Industrial Dispute Act, 1947. If required, hire an Advocate experienced in service matters to navigate the issue in the right way.","The primary legal issue is the employer's refusal to issue a relieving letter and the claim of dual employment. Under Indian labor law, if an employee has served the full notice period and complied with all exit formalities, the employer is obligated to provide a relieving letter unless there is a breach of contract. If the employment contract or company policy prohibits dual employment, the employer may have grounds for termination; however, this must be explicitly stated in the contract.

You can file a complaint with the Labour Commissioner in Gurgaon under the Industrial Disputes Act, 1947, for wrongful withholding of the relieving letter. Additionally, review your employment contract for any clauses related to dual employment to assess the validity of the employer's claims. Consider sending a formal legal notice to the employer demanding the relieving letter and addressing any allegations of dual employment.",1.9889,52.1477,19.8636,3.7634,17.0599,19.112,2.3992,27.1794,5.5395,1.634,0.6554,21.1501,51.7118,52.8759,83.8309
137,"Dear Sir, 

With reference to the above subject mentioned this is inform you that I Arup Sith has joined DAV Bistupur on 15th June'24 as a PGT Physics.
But till date the school principal(Mrs. Pragya Singh) or DAV Management has not provided me the appointment letter.

Not only me, all the employees who have joined DAV Bistupur during that tenure has not received any appointment letter yet.
As a result the school payroll is not providing the actual salary which was told to us during the interview process.
Since i have joined the School each and every week i have been informed that i will be getting the letter by 5 to 7 days, but all our follow up has gone in vain.

Requesting you to help us in this regards by getting the appointment letter as the earliest.

As it is getting difficult for us to survive in Rs 15,000 salary every month which 1/5th of the salary that was conveyed to us.( Jamshedpur, Jharkhand )",HKG::ICA_73,HKG::ICA_73 → HKG::employment_bond → HKG::Indian Contract Act 1872 → HKG::wages → HKG::Q_864,"Sir 
My father worked in a co-op housing society as a guard  from the last 9-10 years.
In august month my father was on approved leave with application . but 3-4 days late due to illnesses . so society is not ready to continue to keep him on job as before .
Housing society terminates my father without notice and the secretary is saying you're not eligible for any gratuity  notice salary .
How will I get the full and final amount from This housing society?( Mumbai, Maharashtra )","My father worked as driver in KPTCL on 1994  he worked 5 days only then he will not reported to duty because of    he is suffering from health issue and then one year back 29/05/2018 my father is died  so that  we are eligible for taking job from compassionate ground or not . my father no given to resignation letter to department( Shimoga, Karnataka )","my father was an employee of a company and was entitled under EPF scheme. He dies in Jan,2008. My mother received his PF benefit in 2011, but my mother fell in Cancer disease in 2011 and repeatedly suffered many years, due to this we could not submit Pension Claim in 10D form to EPFO as on date. My father had no UAN no then. My question is that will my mother is eligible to submit 10D to get Family Pension from EPFO now. because now we are in very much financial  crisis.( Murshidabad, West Bengal )","Dear Client,Regardless of sectors and establishments, once qualified and selected as a teacher post-selection test/interview, an appointment letter must be served to the incumbent prior to his/her joining on acceptance of the terms of employment. Engagement without formal appointment letters amounts to a violation of fair business practices and once litigated before the concerned authority or Court, the school authority may face legal consequences including penalty. DAV schools are affiliated to the Central Board of Secondary Education (CBSE). As per Byelaws of the CBSE Board, Teacherâ means a person in the employment of an institution affiliated with the Board for teaching purposes as per the qualification criteria stipulated in Section 23 of RTE Act 2009 or as per Affiliation Bye-Laws of the Board which is readily available on the official website of CBSE. The salary is payable as per the scale of 7th pay commission to the teachers of schools affiliated with CBSE. Under 7th pay commission, teachers at all levels, CBSE, PGT, TGT and AICET, will get a salary hike of around 16 percent. School teachers will see a major hike in their salaries after the implementation of the 7th Pay Commission. The pay band for the CBSE teachers is decided on the basis of state regulations. Here is the pay band for the CBSE board Primary Teachers: Their salary ranges between Rs 9,300 and 34,800 with a Gross Pay of Rs 4200. PGT Qualified Teacher: Salary for PGT teachers also ranges between Rs 9,300 and Rs 34,800. High School Teachers:  Their annual salary ranges between Rs 1,12,937 and Rs. 4,94,464. PGT Teachers: Their annual salary lies between Rs 9,300 and Rs 34,800 with a grade pay of Rs 4800. In the given scenario, a grievance/complaint can be lodged to the CBSE Board by addressing the letter directly to the CVO(Chief Vigilance Officer ), CBSE Board, 2, Community Centre, PreetVihar, Delhi-110092. and giving the specific facts of the matter relating to malpractice/corruption. The complaints can also be lodged online on the official website of CBSE or by sending an email. You can escalate your grievance before the Dist. School Inspector and the State Education Deptt for a resolution in the matter.","The primary legal issue here is the absence of a formal employment contract, which may violate provisions of the Indian Contract Act, 1872, concerning the formation of valid contracts. Without an appointment letter, it is challenging to enforce the agreed terms of employment, such as salary. Under the Payment of Wages Act, 1936, employees must be paid their wages on time and according to the agreed terms.

Legally, you can demand the issuance of an appointment letter and the payment of the full agreed salary. Consider sending a formal written notice to the school management requesting the appointment letter and the correct salary. If the issue is not resolved, you may file a complaint with the Labour Commissioner or initiate legal proceedings for breach of contract.",0.613,53.4909,19.8636,3.7634,17.0599,19.112,2.3992,27.1794,5.5395,1.634,0.6554,21.1501,51.7118,52.8759,83.8309
138,"Hi, I have two queries
1. I have received incorrect form 16 from my employer, and even after multiple followup they are not responding on the same. ITR filing deadline is near and I am not sure how to raise a complain against this.
2. It's been more than a year I left organisation but, still my PF transfer request is not yet approved by the employer. Every now and then they are coming with some or the other correction needed and delaying the process. I am tired of following up again and again on this. They simply open the ticket and close it without any proper resolution. I really want to take an action against employer but unaware of how. 
If anyone can guide and help me through detail steps it would be really helpful.( Hyderabad, Telangana )",HKG::PGA_7 → HKG::ATA_19 → HKG::EPF_6,HKG::PGA_7 → HKG::ATA_19 → HKG::EPF_6 → HKG::Employees Provident Fund Act 1952 → HKG::gratuity → HKG::labour_court → HKG::PROC_GRATUITY_CLAIM,"My father worked as driver in KPTCL on 1994  he worked 5 days only then he will not reported to duty because of    he is suffering from health issue and then one year back 29/05/2018 my father is died  so that  we are eligible for taking job from compassionate ground or not . my father no given to resignation letter to department( Shimoga, Karnataka )","Sir 
My father worked in a co-op housing society as a guard  from the last 9-10 years.
In august month my father was on approved leave with application . but 3-4 days late due to illnesses . so society is not ready to continue to keep him on job as before .
Housing society terminates my father without notice and the secretary is saying you're not eligible for any gratuity  notice salary .
How will I get the full and final amount from This housing society?( Mumbai, Maharashtra )","my father was an employee of a company and was entitled under EPF scheme. He dies in Jan,2008. My mother received his PF benefit in 2011, but my mother fell in Cancer disease in 2011 and repeatedly suffered many years, due to this we could not submit Pension Claim in 10D form to EPFO as on date. My father had no UAN no then. My question is that will my mother is eligible to submit 10D to get Family Pension from EPFO now. because now we are in very much financial  crisis.( Murshidabad, West Bengal )","Dear client,As regards your query No.1, it is to in inform you that the correction in Form 16 is not possible in the hand o the employer once it is reported to CBDT in the quarterly return, so you need to file an application online to the CBDT for necessary correction or the IT Assessing Ward failing which through the filing of ITR. As regards your query No.2, in the prevailing situation, you need to make a grievance before the ex-employer and   and informed the same to the Regional PF Commissioner. In case your grievance is not resolved file an Appeal under Rule 4 of EPF Appellate Tribunal(Procedure) Rules, 1997 before the Registrar of the Tribunal established under sub-section (1) of Sec.7D of the EPF & Misc. Provision Act, 1952 after consultation with an Advocate who handles such kinds of appeals before the PF Appellate Tribunal.","For the incorrect Form 16, file a complaint with the Income Tax Department through their e-filing portal or contact the Assessing Officer of your jurisdiction. Under Section 139 of the Income Tax Act, you are required to file your ITR by the deadline, using the best available information if necessary. For the unresolved PF transfer, approach the Employees' Provident Fund Organization (EPFO) by filing a grievance through their online portal. Under the Employees' Provident Fund Act, 1952, employers are obligated to facilitate PF transfers, and non-compliance can be challenged. Consider sending a legal notice to your employer if these steps do not yield results.",2.0563,65.9558,19.8636,3.7634,17.0599,19.112,2.3992,27.1794,5.5395,1.634,0.6554,21.1501,51.7118,52.8759,83.8309
139,"Dear sir,
I have resigned a 20 days back - actually my probation is completed and notice period should be 60 days ,  company is asking me to leave in 30 days or with immediate effect  and they will pay only
for 20 days upto today like that ,   please check the below clause in offer letter and  tell me  - as 
per my knowledge they should pay my 60 days Gross salary I feel.   Please let me know 
whether they are correct or I am correct.

. Post confirmation, your services may be terminated by either party by giving 60 days notice
period in writing or 2 months gross CTC in lieu of notice. However the Company reserves the
right not to accept payment in lieu of notice and at its sole discretion enforce the notice period.

2. Actual probation is 6 months, but they have not informed me whether  they confirmed or
extende like that ... after my resignation only I came to know that  Manager kept it on hold
 no am arguing that  it is their mistake being kept it on hold either accept confirmation/ reject
confirmation sir, so I am telling them that they should give 60 days. please  tell me is that Legal
what they are doing..

You will be on probation for a period of six months, which may be extended by the Company at its discretion. At the end of the probation period, your services with the Company would be confirmed subject to your performance meeting the requisite standards. During the probation period, 

Thanks,
Narayan",HKG::FA_79 → HKG::ICA_73,HKG::FA_79 → HKG::ICA_73 → HKG::employment_bond → HKG::Factories Act 1948 → HKG::wages → HKG::Indian Contract Act 1872,"My father worked as driver in KPTCL on 1994  he worked 5 days only then he will not reported to duty because of    he is suffering from health issue and then one year back 29/05/2018 my father is died  so that  we are eligible for taking job from compassionate ground or not . my father no given to resignation letter to department( Shimoga, Karnataka )","Sir 
My father worked in a co-op housing society as a guard  from the last 9-10 years.
In august month my father was on approved leave with application . but 3-4 days late due to illnesses . so society is not ready to continue to keep him on job as before .
Housing society terminates my father without notice and the secretary is saying you're not eligible for any gratuity  notice salary .
How will I get the full and final amount from This housing society?( Mumbai, Maharashtra )","my father was an employee of a company and was entitled under EPF scheme. He dies in Jan,2008. My mother received his PF benefit in 2011, but my mother fell in Cancer disease in 2011 and repeatedly suffered many years, due to this we could not submit Pension Claim in 10D form to EPFO as on date. My father had no UAN no then. My question is that will my mother is eligible to submit 10D to get Family Pension from EPFO now. because now we are in very much financial  crisis.( Murshidabad, West Bengal )",You have to consult a lawyer.,"The key legal issue is whether your employment status is confirmed or still under probation. According to the Indian Contract Act, 1872, contractual terms are binding, and the company must adhere to the notice period stipulated unless otherwise specified. If your probation was not formally extended or confirmed, it is reasonable to argue that your probation ended after six months, entitling you to the 60-day notice period or its monetary equivalent.

You should formally request written clarification from your employer regarding your employment status. If they fail to provide confirmation or improperly enforce the notice period, consider filing a complaint with the labor commissioner or pursuing legal action for breach of contract.",0.4049,31.2866,19.8636,3.7634,17.0599,19.112,2.3992,27.1794,5.5395,1.634,0.6554,21.1501,51.7118,52.8759,83.8309
140,"Can I claim the compensation or complain against the company that terminated me after 14 days of joining without giving me any (notice) but I have the contract and I also lost my previous job just because of them?( Indore, Madhya Pradesh )",PC::Employees Terminated Without Notice or Compensation → PC::Report Submitted Within 14 Days → PC::Standing Orders of the Company → PC::Madhya Pradesh Industrial Relations Act,"PC::Employees Terminated Without Notice or Compensation → PC::Report Submitted Within 14 Days → PC::Standing Orders of the Company → PC::Madhya Pradesh Industrial Relations Act → PC::Ciliation Proceedings Commenced → PC::Strike Declared Illegal → PC::Section 24 of the Industrial Disputes Act, 1947 → HKG::Industrial Disputes Act 1947","Sir 
My father worked in a co-op housing society as a guard  from the last 9-10 years.
In august month my father was on approved leave with application . but 3-4 days late due to illnesses . so society is not ready to continue to keep him on job as before .
Housing society terminates my father without notice and the secretary is saying you're not eligible for any gratuity  notice salary .
How will I get the full and final amount from This housing society?( Mumbai, Maharashtra )","My father worked as driver in KPTCL on 1994  he worked 5 days only then he will not reported to duty because of    he is suffering from health issue and then one year back 29/05/2018 my father is died  so that  we are eligible for taking job from compassionate ground or not . my father no given to resignation letter to department( Shimoga, Karnataka )","my father was an employee of a company and was entitled under EPF scheme. He dies in Jan,2008. My mother received his PF benefit in 2011, but my mother fell in Cancer disease in 2011 and repeatedly suffered many years, due to this we could not submit Pension Claim in 10D form to EPFO as on date. My father had no UAN no then. My question is that will my mother is eligible to submit 10D to get Family Pension from EPFO now. because now we are in very much financial  crisis.( Murshidabad, West Bengal )","Dear client sorry to hear that but  Such termination occurs in one of the following situations.The employee is under observations period (Probation) and the letter of appointment has this clause.Performance below agreed normsfalsification of documents given at the time of appointment, even when found out much later.Situations beyond the control of employer which mandate downsizing/ layoff/ termination of probationers/ contract employees (again it has to be a clause in the letter of appointment. And lastly,Employee has done some act of moral turpitude (theft, rape/ murder/ staling IP/ misbehavior etc.Hope greater clarity prevails now","Under the Madhya Pradesh Industrial Relations Act and the Industrial Disputes Act, 1947, an employee terminated without notice may have grounds to challenge the termination if it violates the terms of the employment contract or applicable labor laws. Section 24 of the Industrial Disputes Act, 1947, requires that proper notice or compensation be provided unless the termination falls under specific exceptions. You can file a complaint with the local labor commissioner or initiate conciliation proceedings to address the wrongful termination and seek compensation. Gather all relevant documents, including your employment contract and any correspondence with the company, to support your claim.",1.4073,50.9084,19.8636,3.7634,17.0599,19.112,2.3992,27.1794,5.5395,1.634,0.6554,21.1501,51.7118,52.8759,83.8309
141,"Recently we had a recruitment drive for Punjab and Sind bank for scale 2 and scale 3 posts. whose online prelims exam was conducted on 27.06.2021. 
The result of this exam is not published on the website yet. so like regular candidates we too check the website for the result and email as well if anything comes to my email.

one day I was checking my Gmail spam folder, I found an interview invitation was triggered to my email on 10th August, however this email was identified as suspicious by Gmail and was moved to the spam folder  and I missed the interview which was scheduled on 18th august.

I can understand there was no mistake from either end other than Gmail. and learned how big this loophole is in modern technology. i
tried to call different contact numbers whatever was present in the website, but these banking people are really poor at responding to any call/email.

Someone received my phone and told me very rudely, why I did not check spam. I asked initially why they did not publish the result on a website like other exam results, at least they could have posted a notice in their website to check mail/spam for the result,

Note 1: As per Bank they are saying in the advertisement its mentioned the result will be published via email only. so why i did not check emails properly. and also as per them they had sent sms to everyone about the interview.

Note 2:- yes, in the advertisement they had mentioned the result will be shared via email but this does not mean i need to check email and spam for indefinite period of time. SMS from bank side about interview...i checked with everyone who had attended or missed the interview.( Baleswar, Orissa )",HKG::PGA_4 → HKG::PGA_7 → PC::High Court Directed to Call More Candidates for Interview → PC::Petitioner Challenged Interview Result,HKG::PGA_4 → HKG::PGA_7 → PC::High Court Directed to Call More Candidates for Interview → PC::Petitioner Challenged Interview Result → PC::Petitioner Entitled to Relief Sought → HKG::gratuity → HKG::PROC_GRATUITY_CLAIM → HKG::labour_court,"Sir 
My father worked in a co-op housing society as a guard  from the last 9-10 years.
In august month my father was on approved leave with application . but 3-4 days late due to illnesses . so society is not ready to continue to keep him on job as before .
Housing society terminates my father without notice and the secretary is saying you're not eligible for any gratuity  notice salary .
How will I get the full and final amount from This housing society?( Mumbai, Maharashtra )","My father worked as driver in KPTCL on 1994  he worked 5 days only then he will not reported to duty because of    he is suffering from health issue and then one year back 29/05/2018 my father is died  so that  we are eligible for taking job from compassionate ground or not . my father no given to resignation letter to department( Shimoga, Karnataka )","my father was an employee of a company and was entitled under EPF scheme. He dies in Jan,2008. My mother received his PF benefit in 2011, but my mother fell in Cancer disease in 2011 and repeatedly suffered many years, due to this we could not submit Pension Claim in 10D form to EPFO as on date. My father had no UAN no then. My question is that will my mother is eligible to submit 10D to get Family Pension from EPFO now. because now we are in very much financial  crisis.( Murshidabad, West Bengal )","Dear client,.Unfortunately you have failed in continuously checking your mails. If it is specifically mentioned to be connected via mail, you should have done it that way. And, there are organizations who prefer contacting via mails only. You are at a fault.Thank you","The primary legal issue is whether the bank's communication method for interview invitations was adequate and whether the user has a right to challenge the missed interview opportunity. Under principles of administrative fairness, as seen in cases like *Union of India v. Mohan Lal Capoor* (1973), communication must be clear and accessible. While the bank stated results would be sent via email, the lack of result publication on the website could be argued as insufficient notice, especially if SMS notifications were not consistently received.

The user can file a writ petition in the High Court under Article 226 of the Constitution of India, challenging the fairness of the recruitment process and seeking relief to be considered for the interview. The user should gather evidence of the inconsistent communication and any discrepancies in SMS notifications. It is advisable to consult with a lawyer to draft the petition and represent the case effectively in court.",0.6986,16.3897,19.8636,3.7634,17.0599,19.112,2.3992,27.1794,5.5395,1.634,0.6554,21.1501,51.7118,52.8759,83.8309
142,"Hello there.
I joined a govt department in June 2020 as an Junior Accountant (JA), LP-5 INDEX-1. At that as per our RR, we could get promotion as Senior Accountant (SA), LP-6 after 3 years. In Dec 2020, as per the recommendations of a committee, 2 new posts of DA(LP-7,) and AAS (LP-8) was created. To not burden the exchequer, the overall strength was reduced ( in our circle it was reduced from 590 to 400). Pertinent to note that before reduction, SA:JA was 80:20. The proposed ratio among JA:SA:DA:AAS is  50:30:15:5.

At present, though strength has been reduced, no officials have been promoted to DA and AAS as the new RR have not got the approval from competent authority.
 As strength was already reduced, in many circle where working strength exceeded the sanctioned strength, promotion was halted.
My question is where whether we have a legal option to explore as the strength has been reduced without anyone being promoted to the newly created posts or as the new RR at present is not in force.( Kolkata, West Bengal )",HKG::PGA_7 → HKG::ATA_19,HKG::PGA_7 → HKG::ATA_19 → HKG::labour_court → HKG::PROC_GRATUITY_CLAIM → HKG::gratuity → HKG::Administrative Tribunals Act 1985,"Sir 
My father worked in a co-op housing society as a guard  from the last 9-10 years.
In august month my father was on approved leave with application . but 3-4 days late due to illnesses . so society is not ready to continue to keep him on job as before .
Housing society terminates my father without notice and the secretary is saying you're not eligible for any gratuity  notice salary .
How will I get the full and final amount from This housing society?( Mumbai, Maharashtra )","My father worked as driver in KPTCL on 1994  he worked 5 days only then he will not reported to duty because of    he is suffering from health issue and then one year back 29/05/2018 my father is died  so that  we are eligible for taking job from compassionate ground or not . my father no given to resignation letter to department( Shimoga, Karnataka )","my father was an employee of a company and was entitled under EPF scheme. He dies in Jan,2008. My mother received his PF benefit in 2011, but my mother fell in Cancer disease in 2011 and repeatedly suffered many years, due to this we could not submit Pension Claim in 10D form to EPFO as on date. My father had no UAN no then. My question is that will my mother is eligible to submit 10D to get Family Pension from EPFO now. because now we are in very much financial  crisis.( Murshidabad, West Bengal )","Dear Client,Interview, selection, appointment, recruitment, promotion etc all these activities were carried on by respective establishments as per the well-established recruitment policy made out considering a variety of factors and following the principle of natural justice.  Promotion to a higher grade or position cannot be claimed as a matter of right. Above all, it is the prerogative of the selection committee to decide who is to be selected for a vacancy or not following the well-established recruitment policy. Only in case of deviation/discrimination/mala fide in the selection process, if appears on the face of the record/recruitment process, Administrative Tribunal/High Court may entertain an appeal challenging the selection process violating the well-established recruitment or promotion policy. Otherwise, an appeal may be rejected at the stage of admission. But before moving ahead for litigation, you need to represent your grievance before the Head of the Deptt. for a resolution failing which,  If you are an employee Central Govt. then you can escalate your grievance before the CAT(Central Administrative Tribunal), and if you belong to the State Govt. then SAT(State Administrative Tribunal). Both forums have been established for adjudication of disputes with respect to recruitment and conditions of service of persons appointed for public services.  So, try to get the matter reviewed by an expert professional before challenging the promotion policy either before the CAT/SAT.  In case you need any legal assistance in the matter, you may contact our legal team with all the relevant papers.","The legal issue here involves potential administrative and employment law concerns regarding the implementation of new recruitment rules (RR) and the reduction of sanctioned strength without corresponding promotions. Under the Administrative Tribunals Act, 1985, employees can challenge administrative decisions affecting their service conditions. Since the new RR have not been approved, the current rules should technically still apply, and any reduction in sanctioned strength without proper promotions could be contested.

You can file a petition before the Central Administrative Tribunal (CAT) challenging the reduction in sanctioned strength and the delay in implementing promotions. Gather evidence of the reduction and lack of promotions and consult with a legal professional specializing in administrative law to draft your petition effectively.",0.8439,64.8287,19.8636,3.7634,17.0599,19.112,2.3992,27.1794,5.5395,1.634,0.6554,21.1501,51.7118,52.8759,83.8309
143,"Hi sir , thank you for valuable information. I have payslip , pf and reliving letter that has information about when I joined as quality engineer in November 3 2016 and relived on Dec 27 2022 ( overall 5.1 years ) and . Is that enough to get gratuity?( Chennai, Tamil Nadu )",HKG::PGA_4 → HKG::PGA_7 → HKG::EPF_6,HKG::PGA_4 → HKG::PGA_7 → HKG::EPF_6 → HKG::Employees Provident Fund Act 1952 → HKG::PROC_GRATUITY_CLAIM → HKG::gratuity → HKG::labour_court,"Sir 
My father worked in a co-op housing society as a guard  from the last 9-10 years.
In august month my father was on approved leave with application . but 3-4 days late due to illnesses . so society is not ready to continue to keep him on job as before .
Housing society terminates my father without notice and the secretary is saying you're not eligible for any gratuity  notice salary .
How will I get the full and final amount from This housing society?( Mumbai, Maharashtra )","My father worked as driver in KPTCL on 1994  he worked 5 days only then he will not reported to duty because of    he is suffering from health issue and then one year back 29/05/2018 my father is died  so that  we are eligible for taking job from compassionate ground or not . my father no given to resignation letter to department( Shimoga, Karnataka )","my father was an employee of a company and was entitled under EPF scheme. He dies in Jan,2008. My mother received his PF benefit in 2011, but my mother fell in Cancer disease in 2011 and repeatedly suffered many years, due to this we could not submit Pension Claim in 10D form to EPFO as on date. My father had no UAN no then. My question is that will my mother is eligible to submit 10D to get Family Pension from EPFO now. because now we are in very much financial  crisis.( Murshidabad, West Bengal )","Dear Client,To claim gratuity amount employee should submit gratuity claim form I, aadhar card copy, bank passbook. your pay slip, pf and reliving letter should be enough as they contain the information regarding your joining dates.","Under the Payment of Gratuity Act, 1972, an employee is eligible for gratuity if they have completed at least five years of continuous service with the same employer. Since you have worked for more than five years (5.1 years), you are legally entitled to gratuity. Ensure that you formally apply for gratuity with your employer, providing the necessary documentation such as your payslip, PF details, and relieving letter. If the employer does not comply, you may file a complaint with the labour court or the controlling authority under the Gratuity Act in Tamil Nadu.",0.6703,59.7617,19.8636,3.7634,17.0599,19.112,2.3992,27.1794,5.5395,1.634,0.6554,21.1501,51.7118,52.8759,83.8309
144,"A consultancy me and said will give you a job and they made me to pay 2500 and till now they didn't gave job and refund also they are making me to wait a lot what can I do I have screenshots of the amount what I paid and now what can I take legal action( Bangalore, Karnataka )",PC::Appellant Failed to Pay Tender Amount → PC::Management Agreed to Pay Gratuity and Wages → PC::Labour Court Found Job Permanent → PC::Appellant Failed to Pay Rent,PC::Appellant Failed to Pay Tender Amount → PC::Management Agreed to Pay Gratuity and Wages → PC::Labour Court Found Job Permanent → PC::Appellant Failed to Pay Rent → PC::Respondent Filed Suit for Recovery → PC::Trial Court Dismissed Suit → PC::High Court Remanded Case for Fresh Trial → PC::Trial Court Decreed Suit for Eviction,"Sir 
My father worked in a co-op housing society as a guard  from the last 9-10 years.
In august month my father was on approved leave with application . but 3-4 days late due to illnesses . so society is not ready to continue to keep him on job as before .
Housing society terminates my father without notice and the secretary is saying you're not eligible for any gratuity  notice salary .
How will I get the full and final amount from This housing society?( Mumbai, Maharashtra )","My father worked as driver in KPTCL on 1994  he worked 5 days only then he will not reported to duty because of    he is suffering from health issue and then one year back 29/05/2018 my father is died  so that  we are eligible for taking job from compassionate ground or not . my father no given to resignation letter to department( Shimoga, Karnataka )","my father was an employee of a company and was entitled under EPF scheme. He dies in Jan,2008. My mother received his PF benefit in 2011, but my mother fell in Cancer disease in 2011 and repeatedly suffered many years, due to this we could not submit Pension Claim in 10D form to EPFO as on date. My father had no UAN no then. My question is that will my mother is eligible to submit 10D to get Family Pension from EPFO now. because now we are in very much financial  crisis.( Murshidabad, West Bengal )","Dear Client,Serve a legal notice to the fraud consultancy company and lodge an FIR against them for cheating u/s.420 IPC in the local Police Station. Reach out to an Advocate for guidance and for filing a criminal suit against the fraud company.","The legal issue here is a potential case of fraud or breach of contract under the Indian Penal Code (IPC) and the Consumer Protection Act, 2019. Under Section 415 of the IPC, cheating involves deceiving someone to deliver property, which could apply here if the consultancy misrepresented their ability to provide a job. Additionally, under the Consumer Protection Act, you may file a complaint for deficiency in service.

You can file a police complaint citing cheating and fraud if you believe there was intentional deception. Alternatively, file a complaint with the Consumer Forum for a refund and compensation for the deficiency in service. Gather all evidence, such as screenshots and communication records, to support your case.",0.5933,63.7712,19.8636,3.7634,17.0599,19.112,2.3992,27.1794,5.5395,1.634,0.6554,21.1501,51.7118,52.8759,83.8309
145,"I have been terminated from a public listed company within 1 month of joining and that too without any prior notice or any reason of termination. How I can compensation till my retirement from the company, as I joined company at the age of 56 and retirement age is 60 year. I was appointed in a senior management  position.( Jaipur, Rajasthan )",HKG::IDA_25F → HKG::IDA_25H → HKG::IDA_25N → HKG::PGA_7,HKG::IDA_25F → HKG::IDA_25H → HKG::IDA_25N → HKG::PGA_7 → HKG::PROC_GRATUITY_CLAIM → HKG::labour_court → HKG::gratuity → HKG::Industrial Disputes Act 1947,"Sir 
My father worked in a co-op housing society as a guard  from the last 9-10 years.
In august month my father was on approved leave with application . but 3-4 days late due to illnesses . so society is not ready to continue to keep him on job as before .
Housing society terminates my father without notice and the secretary is saying you're not eligible for any gratuity  notice salary .
How will I get the full and final amount from This housing society?( Mumbai, Maharashtra )","My father worked as driver in KPTCL on 1994  he worked 5 days only then he will not reported to duty because of    he is suffering from health issue and then one year back 29/05/2018 my father is died  so that  we are eligible for taking job from compassionate ground or not . my father no given to resignation letter to department( Shimoga, Karnataka )","my father was an employee of a company and was entitled under EPF scheme. He dies in Jan,2008. My mother received his PF benefit in 2011, but my mother fell in Cancer disease in 2011 and repeatedly suffered many years, due to this we could not submit Pension Claim in 10D form to EPFO as on date. My father had no UAN no then. My question is that will my mother is eligible to submit 10D to get Family Pension from EPFO now. because now we are in very much financial  crisis.( Murshidabad, West Bengal )","Dear Client,A termination may be considered illegal and unjustified if it breaches the terms of the contract or appointment letter by either party to the said contract. You joined a company(PSU) at the age of 56 years and were terminated after a month without serving any show-cause notice or holding any inquiry into misconduct, if any. Termination or dismissal other than a disciplinary action for proven misconduct amounts to illegal termination/ retrenchment and is defined as an industrial dispute under Section 2A of the Industrial Dispute Act, 1947 which also violated the mandatory provision of Sec.25F and 25N of the I D Act that prescribed certain conditions to comply with by the employer before termination/retrenchment of a workman/employee from the employment. Any Termination of a workman is covered under the Industrial Disputes Act and it falls under âRetrenchmentâ. In the case of Punjab Land Development Corporation Vs Labour Court, 1990 (II) LLJ, 70 SC, the Supreme Court held that The expression âretrenchmentâ is not to be understood in its narrow, natural and contextual meaning, but is to be understood in its wider, literal meaning to mean termination of service of a workman for any reason whatsoever. Further, in the case of Santosh Gupta Vs State Bank of Patiala AIR 1980 SC 1219, the Supreme Court ruled that the expression retrenchment must include every termination of the services of a workman by an act of the employer. In that scenario, serving a legal notice to the Employer/company, the terminated employee being a PSU employee, can approach the concerned bench of the Central Administrative Tribunal(CAT) by filing an application in Form - I under sub-rule 1 of Rule 4 of the Central Administrative Tribunal (Procedure) Rules, 1987 seeking appropriate order in the matter and if the CAT passes any adverse order, you can challenge the order through an appeal before the High Court seeking appropriate relief based on the merit of the dispute. Reach out to an Advocate experienced in CAT matters for necessary advice and steps.","The primary legal issue is wrongful termination without notice, potentially violating the terms of employment and the Industrial Disputes Act, 1947. As a senior management employee, you may not be classified as a ""workman"" under the Act, which limits certain protections. However, you can pursue a claim for breach of contract if the termination violated the terms agreed upon in your employment contract, particularly regarding notice and termination procedures.

You cannot claim compensation till retirement unless explicitly stated in your contract or company policy. Review your employment contract for any clauses related to termination and severance. Next steps include consulting with an employment lawyer to assess the possibility of filing a civil suit for breach of contract and seeking any available remedies.",1.1139,61.6006,19.8636,3.7634,17.0599,19.112,2.3992,27.1794,5.5395,1.634,0.6554,21.1501,51.7118,52.8759,83.8309
146,"Hi Sir,

I worked for a company from July 2018 to 22nd Sep, 2020, during my relieving my designation is Manager, During Covid situations from Mar 2020 to Aug2020 we were forced to work from the field for Govt project (TS&AP) through their sister company. Duties performed during this period is other than those are part of my designation as Software Manager. Durign the time salary was not paid on time, due to which I was forced to resign and move out of company. At the time of my relieving my July, Aug and F&F (Includign Sep Sal) were due.

They gave a commitment to settle by 40 days during my last date. Even they did not response to Labor Commissioner notices, I even sent legal notice through a lawyer of my friend to which they did not respond.

My PF & Income tax for 1Year 8 Months was not paid to the respective departments.

Due to non payment durign the period I have to withdrew my ULIP too for medical emergency.

I want to take both company and its sister company to Legal procedure, as both are sister companies and directors are same. Please suggest how this can be taken forward and on fast pace.

Regards,

Goutham

+91-7981754626( Hyderabad, Telangana )",HKG::EPF_6 → HKG::PGA_7 → HKG::ATA_19 → HKG::ICA_73,HKG::EPF_6 → HKG::PGA_7 → HKG::ATA_19 → HKG::ICA_73 → HKG::Indian Contract Act 1872 → HKG::gratuity → HKG::labour_court → HKG::PROC_GRATUITY_CLAIM,"My father worked as driver in KPTCL on 1994  he worked 5 days only then he will not reported to duty because of    he is suffering from health issue and then one year back 29/05/2018 my father is died  so that  we are eligible for taking job from compassionate ground or not . my father no given to resignation letter to department( Shimoga, Karnataka )","Sir 
My father worked in a co-op housing society as a guard  from the last 9-10 years.
In august month my father was on approved leave with application . but 3-4 days late due to illnesses . so society is not ready to continue to keep him on job as before .
Housing society terminates my father without notice and the secretary is saying you're not eligible for any gratuity  notice salary .
How will I get the full and final amount from This housing society?( Mumbai, Maharashtra )","Namaste sir ,
I durgaprasad working as a grade 4 permanent govt employee in state government of andhrapradesh which is a non gazetted ... Sir iam b.tech graduate with good percentage and I cracked gate 2023 with 457 score ...I have a lot of chance in NIT college to pursue Mtech in my engineering stream ....
For that I asked my head of the department to permit to study.. and he said as per the cca and subordinate rules I have not permitted to study because  iam non gazetted post .. and also requested them to sanction loss of pay of my service for about 2year..for that they told me ,, u have no such option except the government allows to u to study with special G.O ,, that is a huge process and may not be my favour ...and now iam thinking to study my mtech and success in my career I would abscond from service without intimating them ...sir is it a good move?? Or else you please give suggestions how to study my mtech without losing my current govt job with loss of my pay ... Pls provide the suggestions..  is my contact number ..sir iam from poor family with big dreams to study and my job is very lower cadre even I have chances to go mtech my family problems strucking me  I don't want to loose my hard earned job for m tech and also I don't want to loose my hard earned prestigious Gate rank for IIT and NIts  for my low cadre job .I need both for safety purposes
Kindly provide best suggestion which is even favourable infront of courts also I mean as per legally correct one ..
Thank you sir and pls do needful( Srikakulam, Andhra Pradesh )","Dear client,You will have to file a suit at labour court for all your matter. Another , Criminal Complaint case of fraud, exploitation, threatening, cheating 415 , 420, 467 and 468 , 34, has to be filed at civil court. Making party of Company and it's Directors and HR.Thanks","The primary legal issue here involves the non-payment of salary and statutory dues such as Provident Fund (PF) and Income Tax, which can be addressed under the Payment of Wages Act, 1936, and the Employees' Provident Funds and Miscellaneous Provisions Act, 1952. Since the company failed to respond to the Labor Commissioner's notices, you can file a complaint with the Labour Court for recovery of unpaid wages and dues. Additionally, you may consider filing a writ petition in the High Court under Article 226 of the Constitution of India for violation of statutory obligations by the company.

Concretely, gather all relevant documents, including employment contracts, salary slips, and correspondence with the company, and consult with a lawyer to file the appropriate legal action. Also, report the PF non-payment to the Employees' Provident Fund Organisation (EPFO) for recovery of dues.",0.9875,52.4681,19.8636,3.7634,17.0599,19.112,2.3992,27.1794,5.5395,1.634,0.6554,21.1501,51.7118,52.8759,83.8309
147,"Is The Shops and Establishment Act  for Leave Encashment applicable to IT/Software Industries in Karnataka?( Bangalore, Karnataka )",HKG::FA_79 → HKG::PGA_7 → HKG::ATA_19,HKG::FA_79 → HKG::PGA_7 → HKG::ATA_19 → HKG::labour_court → HKG::PROC_GRATUITY_CLAIM → HKG::gratuity → HKG::Administrative Tribunals Act 1985,"Sir 
My father worked in a co-op housing society as a guard  from the last 9-10 years.
In august month my father was on approved leave with application . but 3-4 days late due to illnesses . so society is not ready to continue to keep him on job as before .
Housing society terminates my father without notice and the secretary is saying you're not eligible for any gratuity  notice salary .
How will I get the full and final amount from This housing society?( Mumbai, Maharashtra )","My father worked as driver in KPTCL on 1994  he worked 5 days only then he will not reported to duty because of    he is suffering from health issue and then one year back 29/05/2018 my father is died  so that  we are eligible for taking job from compassionate ground or not . my father no given to resignation letter to department( Shimoga, Karnataka )","my father was an employee of a company and was entitled under EPF scheme. He dies in Jan,2008. My mother received his PF benefit in 2011, but my mother fell in Cancer disease in 2011 and repeatedly suffered many years, due to this we could not submit Pension Claim in 10D form to EPFO as on date. My father had no UAN no then. My question is that will my mother is eligible to submit 10D to get Family Pension from EPFO now. because now we are in very much financial  crisis.( Murshidabad, West Bengal )","Dear Sir,No Labor laws including the provisions of above Act, as per my knowledge not applicable to MNC Companies. Every five years the State Government is extending the exemption of application of Labor Laws to MNC Companies.","The Karnataka Shops and Commercial Establishments Act, 1961 applies to IT/Software industries in Karnataka, including provisions for leave encashment. Under this Act, employees are entitled to certain benefits, including leave encashment, provided they meet specific criteria such as completing a year of continuous service. However, the applicability may vary based on the terms of employment contracts and company policies.

To address your situation, review your employment contract to understand the specific terms regarding leave encashment. If the contract does not provide clarity, consider consulting the HR department for company-specific policies. If there is a dispute, you may approach the Labour Court for resolution under the Act.",0.9938,38.786,19.8636,3.7634,17.0599,19.112,2.3992,27.1794,5.5395,1.634,0.6554,21.1501,51.7118,52.8759,83.8309
148,"I'm working for A company, still working in this(A) company, before one month I get a call from (B) company, I gave there interview and selected, but I didn't join there, still in my pf account showing employment both A B company, help me , what should I do?( Kolkata, West Bengal )",HKG::FA_79 → HKG::EPF_6,HKG::FA_79 → HKG::EPF_6 → HKG::provident_fund → HKG::PROC_PF_COMPLAINT → HKG::Employees Provident Fund Act 1952 → HKG::Factories Act 1948,"Sir 
My father worked in a co-op housing society as a guard  from the last 9-10 years.
In august month my father was on approved leave with application . but 3-4 days late due to illnesses . so society is not ready to continue to keep him on job as before .
Housing society terminates my father without notice and the secretary is saying you're not eligible for any gratuity  notice salary .
How will I get the full and final amount from This housing society?( Mumbai, Maharashtra )","My father worked as driver in KPTCL on 1994  he worked 5 days only then he will not reported to duty because of    he is suffering from health issue and then one year back 29/05/2018 my father is died  so that  we are eligible for taking job from compassionate ground or not . my father no given to resignation letter to department( Shimoga, Karnataka )","my father was an employee of a company and was entitled under EPF scheme. He dies in Jan,2008. My mother received his PF benefit in 2011, but my mother fell in Cancer disease in 2011 and repeatedly suffered many years, due to this we could not submit Pension Claim in 10D form to EPFO as on date. My father had no UAN no then. My question is that will my mother is eligible to submit 10D to get Family Pension from EPFO now. because now we are in very much financial  crisis.( Murshidabad, West Bengal )","Dear client,A PF account ideally should have only one EPF account. Unless you leave company A, company B's EPF should not have been added to your PF account considering you haven't joined the said company yet.While you can have two jobs at the same time, it is required one of them to be of a part-time nature provided the contract you agreed on allows you to. You can reach out to the regional PF manager in the respective EPF bank or you may reach out to UAN helpdesk number which is 1800 118 005 or drop a mail in[emailÂ protected].Thank you","The primary legal issue is the incorrect reporting of employment status to the Employees' Provident Fund Organization (EPFO), which may lead to discrepancies in the Provident Fund (PF) records. Under the Employees' Provident Fund Act 1952, accurate employment records must be maintained. Since you have not joined Company B, their reporting of your employment is erroneous.

You should immediately contact Company B's HR department to rectify the situation and ensure they update their records with EPFO to reflect that you did not join them. Additionally, inform your current employer, Company A, of the discrepancy so they can assist in resolving the issue with the EPFO. If necessary, file a complaint with the EPFO using the HKG::PROC_PF_COMPLAINT process to ensure your employment records are corrected.",1.4525,59.2806,19.8636,3.7634,17.0599,19.112,2.3992,27.1794,5.5395,1.634,0.6554,21.1501,51.7118,52.8759,83.8309
149,"I'm working in domestic education related IT company from Last 10 years in offer letter they not mention regarding gratuity and they not provide me any company rules documents now I am eligible for gratuity( Hyderabad, Telangana )",HKG::FA_79 → HKG::IDA_25F → HKG::IDA_25H → HKG::IDA_25N,HKG::FA_79 → HKG::IDA_25F → HKG::IDA_25H → HKG::IDA_25N → HKG::Industrial Disputes Act 1947 → HKG::retrenchment → HKG::Factories Act 1948 → HKG::PROC_RETRENCHMENT_CLAIM,"Sir 
My father worked in a co-op housing society as a guard  from the last 9-10 years.
In august month my father was on approved leave with application . but 3-4 days late due to illnesses . so society is not ready to continue to keep him on job as before .
Housing society terminates my father without notice and the secretary is saying you're not eligible for any gratuity  notice salary .
How will I get the full and final amount from This housing society?( Mumbai, Maharashtra )","My father worked as driver in KPTCL on 1994  he worked 5 days only then he will not reported to duty because of    he is suffering from health issue and then one year back 29/05/2018 my father is died  so that  we are eligible for taking job from compassionate ground or not . my father no given to resignation letter to department( Shimoga, Karnataka )","my father was an employee of a company and was entitled under EPF scheme. He dies in Jan,2008. My mother received his PF benefit in 2011, but my mother fell in Cancer disease in 2011 and repeatedly suffered many years, due to this we could not submit Pension Claim in 10D form to EPFO as on date. My father had no UAN no then. My question is that will my mother is eligible to submit 10D to get Family Pension from EPFO now. because now we are in very much financial  crisis.( Murshidabad, West Bengal )","Dear Client,The Payment of Gratuity Act, 1972, applies to establishments employing 10 or more persons, including factories, mines, oilfields, plantations, ports, railways, and shops or establishments(as defined by state and central laws).  According to Section 4(1) of the Payment of Gratuity Act of 1972, gratuity must be paid to an employee upon cessation of employment if he or she has rendered continuous service for five years or more. According to section 2A of the Act, an employee is said to be in continuous service for a period if he has for that period been in uninterrupted service including service which may be interrupted on account of accident, sickness, leave, absence from duty without leave, layoff, strike or a lock-out or cessation of work not due to any fault of employee. Section 4(2) of the Act provides that for every completed year of service or part thereof in excess of 6 months, the employer shall pay gratuity to an employee at the prescribed rates. So, when you worked for a period of 10 years in the Company, you are eligible for payment of gratuity by the employer, provided the Act applies to your establishment based on the number of employees(10 or more) as stated above. Under Rule 7(1) of the Payment of Gratuity Rules, 1972, an employee who is eligible for payment of gratuity under the Act, or any person authorized, in writing, to act on his behalf, shall apply, within thirty days from the date the gratuity became payable, in Form 'I' to the employer who is duty bound to disburse the gratuity within 30 days of cessation of employment of employee or claim made by an employee. After the completion of 30 days, the employer has to pay you not only the gratuity amount but also the simple interest accrued for the delay in payment of the gratuity. In case of denial of gratuity by the employer, serving a legal notice to the company, reach out to the office of the concerned Labour Commissioner and the Controlling Authority under the P G Act to file a complaint against the employer over non-payment of gratuity despite your eligibility to redress the grievance. Under Sub-Sec. 5 of Section 7 of the Act, the Controlling Authority is empowered under the Code of Civil Procedure, 1908 to try the claim of the applicant and pass an order/direction on the claim petition. If required, you may hire an Advocate experienced in service matters to navigate the issue in the right way.","Under the Payment of Gratuity Act, 1972, an employee is eligible for gratuity if they have completed at least five years of continuous service with the same employer. The absence of a mention of gratuity in the offer letter or company rules does not negate this statutory right. Since you have worked for 10 years, you are eligible to claim gratuity from your employer.

To proceed, formally request your gratuity payment in writing from your employer, citing the Payment of Gratuity Act, 1972. If the employer refuses, you can file a claim with the Controlling Authority under the Act in Telangana for redressal.",1.1049,73.9635,19.8636,3.7634,17.0599,19.112,2.3992,27.1794,5.5395,1.634,0.6554,21.1501,51.7118,52.8759,83.8309
150,"I worked as a teacher at Narayana e-Techno School, Tadipatri. The principal kept my salary on hold when I was resigned last month. How can I get my salary?( Kadapa, Andhra Pradesh )",HKG::PGA_7 → HKG::ATA_19 → HKG::ICA_73,HKG::PGA_7 → HKG::ATA_19 → HKG::ICA_73 → HKG::employment_bond → HKG::PROC_GRATUITY_CLAIM → HKG::labour_court → HKG::gratuity,"Sir 
My father worked in a co-op housing society as a guard  from the last 9-10 years.
In august month my father was on approved leave with application . but 3-4 days late due to illnesses . so society is not ready to continue to keep him on job as before .
Housing society terminates my father without notice and the secretary is saying you're not eligible for any gratuity  notice salary .
How will I get the full and final amount from This housing society?( Mumbai, Maharashtra )","My father worked as driver in KPTCL on 1994  he worked 5 days only then he will not reported to duty because of    he is suffering from health issue and then one year back 29/05/2018 my father is died  so that  we are eligible for taking job from compassionate ground or not . my father no given to resignation letter to department( Shimoga, Karnataka )","my father was an employee of a company and was entitled under EPF scheme. He dies in Jan,2008. My mother received his PF benefit in 2011, but my mother fell in Cancer disease in 2011 and repeatedly suffered many years, due to this we could not submit Pension Claim in 10D form to EPFO as on date. My father had no UAN no then. My question is that will my mother is eligible to submit 10D to get Family Pension from EPFO now. because now we are in very much financial  crisis.( Murshidabad, West Bengal )","Dear Client,If there is a condition in your offer letter specifically mentioning non-compliance with the condition required for tendering resignation without serving a notice period, that shall disqualify/disentitle the employee from claiming his salary in lieu of notice, then the school authority may withhold your salary, and F & F settlement dues. In case you comply with said condition of the contract of employment, then your salary, and F & F settlement dues cannot be withheld in any circumstances. The Employer is duty-bound to disburse the same on appeal from the ex-employee. you may reach out to the office of the Dist. Inspector of School, and/or the office of the Labour Commissioner concerned for redressal of your grievance/complaint against the School Authority who withholds the dues of an ex-employee of the establishment.    In case you need any assistance in this regard, you may contact our legal team for the purpose with relevant papers.","Under the Payment of Wages Act, 1936, employees are entitled to receive their earned wages without unauthorized deductions. Holding salary without justification is a violation of this Act. You can file a complaint with the Labour Commissioner in Andhra Pradesh for non-payment of wages. Additionally, consider sending a formal demand letter to the school, requesting immediate payment of the withheld salary. If these steps do not resolve the issue, you may pursue legal action in the labour court.",1.9299,64.7623,19.8636,3.7634,17.0599,19.112,2.3992,27.1794,5.5395,1.634,0.6554,21.1501,51.7118,52.8759,83.8309
151,"I am working as a scientist/engineer in LPSC, ISRO, a govt organisation. I am resigning from my post due to some personal reasons and I am on notice period till 30.04.23. I have requested administration several time to issue an experience certificate since it will be very useful for me in future. They informed that they do not issue any experience certificate. However, they will issue a service certificate which will not contain any information regarding my work or experience. Please suggest what should I do( Thiruvananthapuram, Kerala )",PC::Employee Claims Experience Certificate Validity → PC::Writ Petition Dismissed for Lack of Experience Certificate → PC::Authority to Issue Show Cause Notice → PC::Pension Rules Do Not Override CrPC,"PC::Employee Claims Experience Certificate Validity → PC::Writ Petition Dismissed for Lack of Experience Certificate → PC::Authority to Issue Show Cause Notice → PC::Pension Rules Do Not Override CrPC → PC::Section 468 of the CrPC → PC::Appointment Terminated Due to Qualification Issues → PC::Section 3 of Haryana State Agricultural Marketing Board Service Rules, 1974 → PC::Clause 33 of the Advertisement for Assistant Grade II Hindi","Sir 
My father worked in a co-op housing society as a guard  from the last 9-10 years.
In august month my father was on approved leave with application . but 3-4 days late due to illnesses . so society is not ready to continue to keep him on job as before .
Housing society terminates my father without notice and the secretary is saying you're not eligible for any gratuity  notice salary .
How will I get the full and final amount from This housing society?( Mumbai, Maharashtra )","My father worked as driver in KPTCL on 1994  he worked 5 days only then he will not reported to duty because of    he is suffering from health issue and then one year back 29/05/2018 my father is died  so that  we are eligible for taking job from compassionate ground or not . my father no given to resignation letter to department( Shimoga, Karnataka )","my father was an employee of a company and was entitled under EPF scheme. He dies in Jan,2008. My mother received his PF benefit in 2011, but my mother fell in Cancer disease in 2011 and repeatedly suffered many years, due to this we could not submit Pension Claim in 10D form to EPFO as on date. My father had no UAN no then. My question is that will my mother is eligible to submit 10D to get Family Pension from EPFO now. because now we are in very much financial  crisis.( Murshidabad, West Bengal )","Dear Client,If this provision is mentioned in the company clause, thereâs little that can be legally done. However, you can request the authorities for the same or prepare a self made experience document along with the service certificate.","Under Indian employment law, there is no statutory obligation for an employer to issue an experience certificate; however, they must provide a service certificate upon termination or resignation as per the Industrial Employment (Standing Orders) Act, 1946. Since ISRO is a government organization, internal policies and rules might govern the issuance of such documents. You can formally request the experience certificate in writing, citing any relevant internal policies or precedents where such certificates were issued. If denied, consider filing a grievance with the organization's HR department or pursuing administrative remedies available within the organization.",1.5879,56.0902,19.8636,3.7634,17.0599,19.112,2.3992,27.1794,5.5395,1.634,0.6554,21.1501,51.7118,52.8759,83.8309
152,"How i file case for legal for pending salary( Jaipur, Rajasthan )",HKG::PGA_7 → HKG::ATA_19 → HKG::ICA_73,HKG::PGA_7 → HKG::ATA_19 → HKG::ICA_73 → HKG::employment_bond → HKG::PROC_GRATUITY_CLAIM → HKG::gratuity → HKG::labour_court,"Sir 
My father worked in a co-op housing society as a guard  from the last 9-10 years.
In august month my father was on approved leave with application . but 3-4 days late due to illnesses . so society is not ready to continue to keep him on job as before .
Housing society terminates my father without notice and the secretary is saying you're not eligible for any gratuity  notice salary .
How will I get the full and final amount from This housing society?( Mumbai, Maharashtra )","My father worked as driver in KPTCL on 1994  he worked 5 days only then he will not reported to duty because of    he is suffering from health issue and then one year back 29/05/2018 my father is died  so that  we are eligible for taking job from compassionate ground or not . my father no given to resignation letter to department( Shimoga, Karnataka )","my father was an employee of a company and was entitled under EPF scheme. He dies in Jan,2008. My mother received his PF benefit in 2011, but my mother fell in Cancer disease in 2011 and repeatedly suffered many years, due to this we could not submit Pension Claim in 10D form to EPFO as on date. My father had no UAN no then. My question is that will my mother is eligible to submit 10D to get Family Pension from EPFO now. because now we are in very much financial  crisis.( Murshidabad, West Bengal )","Dear Client,Your query suffers from a lack of information. However, be informed that regardless of reasons, on cessation of employment either by resignation or retirement, an employee is entitled to an experience certificate, relieving letter and F & F settlement dues from the employer within 30 days of the last working days (LWD) post-completion of notice period and denial of which amounted to unfair labour practices. So, in the prevailing situation, if you are not holding a position of manager or supervisor in the Company, but a workman as defined under Sec.2(s) of the Industrial Dispute Act, 1947. serving a legal notice to the Company reach out to the office of the concerned Labour Commissioner to file a complaint against the company over alleged unfair labour practice for redressal of your grievance and additionally, you can file an application under Section 33C(2) of the I D Act before the Labour Court concerned claiming your F & F Settlement dues receivable to you post-resignation from the employer/Company along with interest. If required, hire an Advocate experienced in service matters to navigate the issue in the right way. But, if you are holding the position of Manager or Administrator in the Company, you have to file a civil suit against the Company before the Civil Court seeking the desired relief in the matter.","Under the Payment of Wages Act, 1936, an employee is entitled to receive all earned wages on time. If an employer withholds salary, the employee can file a claim before the Labour Court or the Authority under the Payment of Wages Act in Jaipur, Rajasthan. Ensure to gather all relevant employment documents, such as employment contracts, salary slips, and any correspondence regarding the withheld salary.

The user can file a complaint with the Labour Commissioner or approach the Labour Court for redressal. However, if the employment does not fall under the definition of a 'workman' under the Industrial Disputes Act, 1947, alternative civil remedies may need to be pursued.",4.4212,56.6382,19.8636,3.7634,17.0599,19.112,2.3992,27.1794,5.5395,1.634,0.6554,21.1501,51.7118,52.8759,83.8309
153,"Hi,
I have recently joined an MNC at entry level. It has been approx. two months. I am hired on contractual basis. It is a customer service job and as per the offer letter it is a five day working. I started facing issues right from day two. These are issues pertaining to 1) Work place bullying 2) Discrimination.
I realized to the same generic question I was being given answers different from what others were given.  Further, others  got leaves even during no- leave period. Whereas I am required to justify my casual leave.  Even if I applied 15 days in advance, my leaves stand disapproved. I have not availed any leave since my joining.
Further, at the time of salary negotiation I opted for a lesser salary package for lesser work load since I needed my composure for self-learning. But during training itself they changed the skill/ work to a more engaging role on orally communicated grounds of salary revision in accordance to the work load. We have not received any communication for the change of work. The HR is still not ready to see us even if we have asked for a group meet. Whenever we want to talk about OT they say it is â business needâ. 
I have been doing Over Time right from the training period. I have done OT on four (alternate) weekends so far.",HKG::FA_79 → HKG::ICA_73,HKG::FA_79 → HKG::ICA_73 → HKG::employment_bond → HKG::wages → HKG::Factories Act 1948 → HKG::Indian Contract Act 1872,"My father worked as driver in KPTCL on 1994  he worked 5 days only then he will not reported to duty because of    he is suffering from health issue and then one year back 29/05/2018 my father is died  so that  we are eligible for taking job from compassionate ground or not . my father no given to resignation letter to department( Shimoga, Karnataka )","my father was an employee of a company and was entitled under EPF scheme. He dies in Jan,2008. My mother received his PF benefit in 2011, but my mother fell in Cancer disease in 2011 and repeatedly suffered many years, due to this we could not submit Pension Claim in 10D form to EPFO as on date. My father had no UAN no then. My question is that will my mother is eligible to submit 10D to get Family Pension from EPFO now. because now we are in very much financial  crisis.( Murshidabad, West Bengal )","Sir 
My father worked in a co-op housing society as a guard  from the last 9-10 years.
In august month my father was on approved leave with application . but 3-4 days late due to illnesses . so society is not ready to continue to keep him on job as before .
Housing society terminates my father without notice and the secretary is saying you're not eligible for any gratuity  notice salary .
How will I get the full and final amount from This housing society?( Mumbai, Maharashtra )","Advisable to remain in company so long as you can, then leave for better prospects. However, if you want to stay in that company itself, then you need to bear all work pressure for some time, may be long time, till you become bold enough to deal with such issues by discussing.","The primary legal issue here is workplace discrimination and breach of contract terms. Under the Indian Contract Act, 1872, any unilateral change in the terms of employment without consent, such as altering job roles or salary agreements, may constitute a breach of contract. Additionally, workplace bullying and discrimination may violate provisions under the Equal Remuneration Act, 1976, and other relevant labor laws.

Legally, you can file a complaint with the company's HR department or escalate to a labor tribunal if the internal resolution is unsatisfactory. Document all instances of discrimination, bullying, and contractual breaches as evidence. Consider consulting with a labor lawyer to explore filing a formal complaint or initiating legal proceedings if necessary.",1.1335,26.6267,19.8636,3.7634,17.0599,19.112,2.3992,27.1794,5.5395,1.634,0.6554,21.1501,51.7118,52.8759,83.8309
154,"I worked for a company and sent them the work they have been asking me money such as processing fee, international fees and have kept my salary at hold if i said no to paying the fees they say i will lose the paid fees which was refundable. when i paid all the fees now they are not replying i have paid 16,000 inr till now. Can i file a complaint against the company?( Nagpur, Maharashtra )",HKG::ICA_73,HKG::ICA_73 → HKG::wages → HKG::employment_bond → HKG::Indian Contract Act 1872 → HKG::Q_864,"Sir 
My father worked in a co-op housing society as a guard  from the last 9-10 years.
In august month my father was on approved leave with application . but 3-4 days late due to illnesses . so society is not ready to continue to keep him on job as before .
Housing society terminates my father without notice and the secretary is saying you're not eligible for any gratuity  notice salary .
How will I get the full and final amount from This housing society?( Mumbai, Maharashtra )","My father worked as driver in KPTCL on 1994  he worked 5 days only then he will not reported to duty because of    he is suffering from health issue and then one year back 29/05/2018 my father is died  so that  we are eligible for taking job from compassionate ground or not . my father no given to resignation letter to department( Shimoga, Karnataka )","my father was an employee of a company and was entitled under EPF scheme. He dies in Jan,2008. My mother received his PF benefit in 2011, but my mother fell in Cancer disease in 2011 and repeatedly suffered many years, due to this we could not submit Pension Claim in 10D form to EPFO as on date. My father had no UAN no then. My question is that will my mother is eligible to submit 10D to get Family Pension from EPFO now. because now we are in very much financial  crisis.( Murshidabad, West Bengal )","Hello sir,If any employee has suffered personal loss due to fraud committed by the company then he can file a case against that company under section 447 of the Companies Act, 2013. Person found guilty of the fraud will be liable of imprisonment which shall not be less than six months and which may extend to ten years. He shall also be liable to fine which shall not be less than the amount involved in the fraud and can extend up to three times the amount involved in the fraud.Thank you","The situation described likely constitutes a breach of contract and potentially fraud under the Indian Penal Code. Under Section 420 of the IPC, cheating and dishonestly inducing delivery of property is a criminal offense. The company’s demand for fees under false pretenses and failure to pay owed wages could also violate provisions of the Indian Contract Act, 1872 regarding unfair contract terms and performance obligations.

You can file a police complaint for cheating under Section 420 IPC and also consider filing a civil suit for recovery of your dues under the Indian Contract Act. Gather all relevant documentation, such as payment receipts and communications with the company, to support your claim.",2.4835,47.1657,19.8636,3.7634,17.0599,19.112,2.3992,27.1794,5.5395,1.634,0.6554,21.1501,51.7118,52.8759,83.8309
155,"I have absconded from a company and left all the assets over there, my trainer as confirmed over a mail to me that I left all the assets, but she constantly insisted me to do self resign, which I did because of her, now after some days I have noticed that the company as created a pf account without any salary credit because, as my trainer said to do self resign the portal made my employment as in notice period instead I submitted all the assets. By the time I got to know this Iâm employed in other organisation. This causes me dual employment What to do in this situation( Hyderabad, Telangana )",HKG::ICA_73 → HKG::EPF_6,HKG::ICA_73 → HKG::EPF_6 → HKG::PROC_PF_COMPLAINT → HKG::Indian Contract Act 1872 → HKG::employment_bond → HKG::wages,"My father worked as driver in KPTCL on 1994  he worked 5 days only then he will not reported to duty because of    he is suffering from health issue and then one year back 29/05/2018 my father is died  so that  we are eligible for taking job from compassionate ground or not . my father no given to resignation letter to department( Shimoga, Karnataka )","Sir 
My father worked in a co-op housing society as a guard  from the last 9-10 years.
In august month my father was on approved leave with application . but 3-4 days late due to illnesses . so society is not ready to continue to keep him on job as before .
Housing society terminates my father without notice and the secretary is saying you're not eligible for any gratuity  notice salary .
How will I get the full and final amount from This housing society?( Mumbai, Maharashtra )","my father was an employee of a company and was entitled under EPF scheme. He dies in Jan,2008. My mother received his PF benefit in 2011, but my mother fell in Cancer disease in 2011 and repeatedly suffered many years, due to this we could not submit Pension Claim in 10D form to EPFO as on date. My father had no UAN no then. My question is that will my mother is eligible to submit 10D to get Family Pension from EPFO now. because now we are in very much financial  crisis.( Murshidabad, West Bengal )","Dear Sir,PF  PROVIDENT FUNDHow to solve the two UAN problem?Note that each person should have only one UAN number (like PAN), hence if you have multiple UAN, itâs not allowed and creates problem in the EPF system, because is no proper track. Hence, as soon as you come to know that there are multiple UAN assigned to you, you should cancel one of the UAN (mostly the old UAN) or should try to deactivate one of themProcess to deactivate old UANStep #1 â The first step if that you should start the EPF transfer for all the EPFâs which are not under the latest UAN generated. This can be done using the OTCP portal of EPFO . I am not going in details here, but first you need to make sure all the old EPFâs are transferred and linked to the new UAN.Step #2 â In the next step, the EPFO system will automatically identify those UAN for which the EPF transfers have happened and completed. Once they find the idle UAN, they will automatically deactivate that UAN. You donât have to do anything here. This deactivation process will take place from time to time as per decision taken by EPFO. Once the deactivation happens, your old member id (your old EPF accounts) will be linked to new UAN.If you are already sure that your past UAN does not have the EPF linked to them, then you can mail your old UAN number along with recent UAN to your employer and to[emailÂ protected]. They will verify your UANâs status and deactivate the old UAN.How To Merge Two Uan EPF AccountsWhat is UAN?Universal Account Number (UAN) is a unique 12-digit number that is given to each member of the Employeesâ Provident Fund Organisation (EPFO). With the help of the UAN, PF members can easily manage their accounts. The Ministry of Employment and Labour under the guidance of the Government of India issues UAN to PF members. Irrespective of the organisation they work in, all Provided Fund (PF) information can be accessed in one place by PF members with the help of UAN.In earlier days, whenever an individual would join a new organization, he would be given a new PF account number. This made it difficult to keep a check on the updated PF balance. It was also difficult to track activities related to pay change and employees would find it challenging to check PF contribution against the updated pay. To tackle such issues, the UAN was introduced.UAN is a universal number that helps members to gather all the PF accounts linked to multiple IDs of various organizations in one place. By using UAN, the employee can withdraw and also transfer funds in the PF account.More Information on UANâ¢	The UAN is a unique number provided to all employees enrolled for PF benefit. This number is independent of employers and hence does not change even if an employee changes job.â¢	The employer can validate an employee by using his UAN in case KYC documents have been verified.â¢	Since the UAN facility is available online for all employees, no employer can deduct or hold off an employeeâs PF.â¢	An employee can validate the PF deposit made by the employer every month. He/she has to register as an EPF Member on the Portal by using the UAN provided.â¢	EPF passbook access is available through SMS. One can send EPFOHO UAN ENG to 7738299899 from the mobile number that has been registered with the EPFO.How to register the UAN?Here are a few easy steps to be followed for registering the UAN:â¢	Go to the EPF Member Portal.â¢	Click on âActivate UANââ¢	Enter all the information around UAN, such as member id, mobile number, Aadhaar, PAN, name, date of birth and e-mail idâ¢	Select âGet Authorization PINâ to fetch the PIN on the registered mobile numberâ¢	Provide this PIN for verifying the request.â¢	Set up a username and password on the UAN portal for future use.Common Reasons for Allotment of Two UANsIf an employee changes his job, a new EPF account is set up by the new organisation. All existing EPF accounts are auto-linked with the UAN of the employee. Hence, there are high chances that a new UAN is allotted to the employee at the time of moving between jobs. There could be multiple reasons for allotment of new UAN. Listed here are some of the common reasons:â¢	In case an employee has not disclosed his previous UAN â In case an employee changes his job, he must make sure to disclose his existing UAN and EPF account number (Member ID) to the new employer. In absence of disclosure of this information, the employer may open a fresh PF account along with a new UAN.â¢	Non-disclosure of âDate of Exitâ by the previous employer â During the process of EPF transfer to the new employer, the old employer must mention the date of exit in the ECR (Electronic Challan and Return). In case of the absence of this information promptly, the new organisation may allot a new UAN to the employee.Consequences of Holding Two UANsTwo active UANs is not permitted by law and is against the rules. A member must have only one UAN with all the EPF accounts linked to it. EPF accounts cannot be transferred among employees. However, an employee who has two UANs can request for his EPF account to be transferred from one UAN to another and ask his previous UAN to be closed. Thus, an EPF account linked with one UAN will have to be compulsorily transferred to another EPF account linked with a separate UAN.What Should an Employee Do?In recent years, there have been multiple cases of employees assigning different UANs (Universal Account Number) to employees. According to EPF rules, an individual should have only one UAN at any given point of time. The employeeâs EPF account must be linked to his UAN. In case he/she has been assigned two UANs, the previous one must be deactivated at the earliest.Two Methods to Merge Two UAN EPF AccountsEmployees who have been incorrectly allotted two UANs must get one of them deactivated (normally, the previous one). There are two ways of getting the UAN deactivated and the EPF account transferred to the correct and active UAN. Mentioned below are the two commonly used methods:Method 1â¢	Reach out to your employer or EPFO and report the issue at the earliestâ¢	You can write an email to[emailÂ protected]stating about your current and previous UANâ¢	EPFO will begin verification on the issue once it gets notified about the issueâ¢	Your previous UAN is then blocked and the existing UAN remains activeâ¢	After this, you have to submit a claim for transferring the EPF account (linked with the blocked UAN) to the new active account.This process can be time-consuming and the general resolution rate is said to be very low. Thus, EPFO has set up a new procedure which is expected to make things easier for a member. It will especially be helpful while merging two UANs and transferring EPF easily. Here is the new method which can be used by an employee with two UANs:Method 2â¢	After thorough identification, old UAN will be deactivated by EPFO once the transfer of the EPF to the new UAN is completeâ¢	Thus, the old UANs will be blocked automatically and an employeeâs previous member ID will be linked to the new or existing UANâ¢	SMS notification is sent for the deactivation to the employeeâs registered mobile numberâ¢	If the employee has been unable to activate his new UAN, he will be notified to activate it at the earliest to receive the status update of the accountâ¢	There could be instances where the employee gets PF arrears from the previous employer. In such situations, the arrear is credited to the new PF account which is linked with the new UAN.Advantages of UAN for EmployeesMinimum Employer Involvement in PF withdrawals:  With the presence of UAN, the employer involvement is significantly reduced since the PF accumulation from the old organization is auto-transferred to the new PF account after completion of KYC verification.No Need for Fund Transfer: An employee must furnish his UAN details and KYC to the new employer for transferring the old PF balance to the new PF account post verification.Manage via SMS Alerts: Employees will receive SMS as soon as a contribution is made by the employer towards PF. This is provided, the employee has registered on the UAN portal.How to use UAN for PF Transfer?The Employeesâ Provident Fund Organisation (EPFO) constantly takes several measures to make the operation of EPF accounts easier for both the employer and employees. To keep up with the technological advancements, EPFO is constantly striving towards streamlining of processes about online EPF. This is especially applicable to PF transfer and withdrawal of PF which are considered to be tedious and time-consuming processes.EPFO introduced Universal Account Number (UAN), which is the blanket number for multiple Member Ids given to an individual by various employers. UAN allows the linking of multiple EPF Accounts (Member Id) provided to a single EPF member. It offers a range of services such as dynamically updated UAN card, updated PF passbook including all transfer-in details, facility to link previous membersâ ID with present ID, monthly SMS regarding credit of contribution in PF account and facility for auto-triggering transfer request on change of employment.Till recently, PF transfer could be done online by going to the âOnline Transfer Claim Portalâ. However, with the introduction of UAN, the transfer process has been revised and shifted under the âunified portalâ. For online PF transfer, here are some of the important points to note:â¢	An EPF member must have activated his UAN on the UAN portal and the registered mobile number used for activation should be in an active state.â¢	The Bank account number and IFSC code of the employee's bank account must be updated against the UAN. Updated Aadhar number and PAN is not mandatory for PF transfer requests.â¢	The employer must approve the e-KYC for transfer to be executed.â¢	The previous/current employer must have digitally registered authorized signatories on EPFO portal.â¢	PF account number related to previous and current employment of an employee should be updated in EPFO database.â¢	Single transfer requests per member ID can be accepted.FAQs1. What if I have two UAN numbers? Does it impact my EPF balance or transfer in any way?Two different UAN numbers for one employee is not accepted and is against the rules. If you happen to change jobs and move between organizations, you must request for transfer of PF account at the earliest.2. What is the expected timeline for merging two EPF accounts?It normally takes around 20 days from the date of the request to transfer one EPF account to the other.3. Is Form 13 a prerequisite for UAN transfer?Employees working in the corporate sector are required to submit Form 13 for EPF transfer to their new PF account at the time of job change.4. How is Form 13 used?Form 13 is primarily used for the transfer of Provident Fund from one account to another. Employees have to submit this form to their employers, upon which, the latter have to verify and approve the details furnished.","The primary legal issue here is the potential dual employment and the creation of a PF account without salary credit. Under the Employees' Provident Funds and Miscellaneous Provisions Act, 1952, each employer is responsible for managing the PF accounts of their employees. Since the PF account was created without salary credit, it suggests a procedural error or miscommunication by the previous employer.

Legally, you cannot maintain dual employment if it violates the terms of your employment contract with your current employer. You should immediately communicate with your previous employer to rectify the PF account status and ensure it reflects your actual employment period. Additionally, inform your current employer about the situation to maintain transparency and avoid any contractual breaches.",0.0,33.7407,19.8636,3.7634,17.0599,19.112,2.3992,27.1794,5.5395,1.634,0.6554,21.1501,51.7118,52.8759,83.8309
156,"I worked in a company for 6 months and now I want to resign. My notice period is 45 days & HR told you should not resign job for 6 months & on the spot of joining formalities she asked to sign the appointment letter. In my appointment letter it is mentioned that if I leave job within a year they will deduct my F&F settlement so that I have to pay my full month salary as my allowance is 5k & salary is 30k. I wanted to know is there any way I can get full earned salary while resigning the job.( Bangalore, Karnataka )",HKG::FA_79 → HKG::ICA_73,HKG::FA_79 → HKG::ICA_73 → HKG::employment_bond → HKG::wages → HKG::Indian Contract Act 1872 → HKG::Factories Act 1948,"My father worked as driver in KPTCL on 1994  he worked 5 days only then he will not reported to duty because of    he is suffering from health issue and then one year back 29/05/2018 my father is died  so that  we are eligible for taking job from compassionate ground or not . my father no given to resignation letter to department( Shimoga, Karnataka )","Sir 
My father worked in a co-op housing society as a guard  from the last 9-10 years.
In august month my father was on approved leave with application . but 3-4 days late due to illnesses . so society is not ready to continue to keep him on job as before .
Housing society terminates my father without notice and the secretary is saying you're not eligible for any gratuity  notice salary .
How will I get the full and final amount from This housing society?( Mumbai, Maharashtra )","my father was an employee of a company and was entitled under EPF scheme. He dies in Jan,2008. My mother received his PF benefit in 2011, but my mother fell in Cancer disease in 2011 and repeatedly suffered many years, due to this we could not submit Pension Claim in 10D form to EPFO as on date. My father had no UAN no then. My question is that will my mother is eligible to submit 10D to get Family Pension from EPFO now. because now we are in very much financial  crisis.( Murshidabad, West Bengal )","Hi,Since everything was already mentioned in the appointment agreement before you joined, you need to comply with all such formalities and hence, the compensation has to be paid for the early resignation.Thank YouIf you found this helpful, do rate us.","Under the Indian Contract Act, 1872, an employment bond that imposes a penalty for leaving a job within a certain period must be reasonable and not in the nature of a penalty. The clause requiring payment of a full month's salary if you resign within a year could be challenged if deemed unreasonable or excessive. You are entitled to receive your earned wages for the period you worked, as per Section 5 of the Payment of Wages Act, 1936, which mandates timely payment of wages.

To address your situation, consider negotiating with HR to waive or reduce the penalty clause, citing its potential unreasonableness. If negotiation fails, you may file a complaint with the labor commissioner or consider legal action to recover your earned wages.",1.197,43.9622,19.8636,3.7634,17.0599,19.112,2.3992,27.1794,5.5395,1.634,0.6554,21.1501,51.7118,52.8759,83.8309
157,"Secondary School (upto Class X) will not automatically become principal on upgradation of above said school to higher classes. On upgradation of the school, the Principal will be selected under open selection system in accordance with the existing procedure and it would be ensured that the qualifications laid down by CBSE/State Education Department/AWES SOP are fully met. This will be suitably incorporated in the appointment letters and agreements of the principals of middle and secondary schools. The present principals of such schools would have to apply afresh for selection for the post of principal through open selection system on upgradation and their candidature will be considered on merit. As per this term the principal is appointed for secondary school and he is working as Principal from last 05 years and there is no complaint against him. Now the school has been upgraded and the employer has not ended the contract and allowed him to sign after upgradation and the principal fulfills the desired QR of the upgraded principal. After 2-3 months of the principal told to leave  by giving 03 months notice stating the reason being upgraded would you tell me what are the legal implications if principal goes to court and is he considered as regular employee since before upgradation he was a regular employee( Jaisalmer, Rajasthan )",HKG::FA_79,HKG::FA_79 → HKG::Factories Act 1948 → HKG::leave → HKG::Q_584 → HKG::labour_court,"Namaste sir ,
I durgaprasad working as a grade 4 permanent govt employee in state government of andhrapradesh which is a non gazetted ... Sir iam b.tech graduate with good percentage and I cracked gate 2023 with 457 score ...I have a lot of chance in NIT college to pursue Mtech in my engineering stream ....
For that I asked my head of the department to permit to study.. and he said as per the cca and subordinate rules I have not permitted to study because  iam non gazetted post .. and also requested them to sanction loss of pay of my service for about 2year..for that they told me ,, u have no such option except the government allows to u to study with special G.O ,, that is a huge process and may not be my favour ...and now iam thinking to study my mtech and success in my career I would abscond from service without intimating them ...sir is it a good move?? Or else you please give suggestions how to study my mtech without losing my current govt job with loss of my pay ... Pls provide the suggestions..  is my contact number ..sir iam from poor family with big dreams to study and my job is very lower cadre even I have chances to go mtech my family problems strucking me  I don't want to loose my hard earned job for m tech and also I don't want to loose my hard earned prestigious Gate rank for IIT and NIts  for my low cadre job .I need both for safety purposes
Kindly provide best suggestion which is even favourable infront of courts also I mean as per legally correct one ..
Thank you sir and pls do needful( Srikakulam, Andhra Pradesh )","I study in an engineering college and now I am in my second year going to start 3rd year in september my college has not given any holidays after semester end examinations and starts the new semester right the next day. This has happened for 4 continuous semesters now . In the academic calendar 1 month holiday is given but now they are going back on their words . Many of my classmates are depressed especially people from hostels who have not gone home.and I don't know what action to take ,pls tell me( Mysore, Karnataka )","My father worked as driver in KPTCL on 1994  he worked 5 days only then he will not reported to duty because of    he is suffering from health issue and then one year back 29/05/2018 my father is died  so that  we are eligible for taking job from compassionate ground or not . my father no given to resignation letter to department( Shimoga, Karnataka )","Dear Client,Regardless of the sector or character of establishments, either public or private, the recruitment, promotion, and upgradation of manpower is processed following its standing policy and recruitment and upgradation of manpower is also a prerogative of the establishment. Any complaint or allegation over malpractice or unfair practice in the recruitment or upgradation of manpower against an establishment shall not be entertained by a Court unless the alleged malpractice or unfairness in recruitment or upgradation of policy and practice appears on the face of the record. So, it is a very difficult and cumbersome exercise to prove such an allegation before the court. Be informed that recruitment, promotion, upgradation etc. are the prerogatives of the management/establishment strictly followed on the basis of an established recruitment and promotion policy. Only in case of deviation/discrimination/mala fide in the policy or rules, if it appears on the face of the record, the High Court may entertain an appeal/petition challenging the recruitment/upgradation rules violating the well-established policy of the organization. Otherwise, a petition may be rejected at the stage of admission by the High Court for lack of merit.","The principal's legal issue revolves around employment rights and contract termination following the school's upgradation. Under Indian contract law and employment regulations, if the principal's contract was not explicitly terminated or renegotiated upon the school's upgradation, and he fulfills the qualifications required for the upgraded position, he may argue for wrongful termination. The principal can challenge the termination notice in court, asserting that his continued employment post-upgradation and fulfillment of qualifications imply an expectation of continued employment.

The principal should gather all relevant documents, including his employment contract, any correspondence regarding the upgradation, and evidence of his qualifications. He should consider filing a writ petition in the appropriate High Court seeking reinstatement or compensation for wrongful termination, citing breach of employment terms and principles of natural justice.",0.9564,43.9764,19.8636,3.7634,17.0599,19.112,2.3992,27.1794,5.5395,1.634,0.6554,21.1501,51.7118,52.8759,83.8309
158,"Sir,  I am in SC category and I passed a junior accountant competitive exam in 2011 , I mentioned the priorities of electricity companies name in online exam form as per advertisement... I chose 4 number Ajmer discom and 5 number Jodhpur discom,  but in the result by recruit  authority allotted me the Jodhpur discom , whereas a other SC male person getting less marks than me,  and hi recruited in Ajmer discom,  ......i completed my 8 year service in jodhpur discom,  but as per result declared in 2011 , I want go in Ajmer discom.....( Jaipur, Rajasthan )",PC::Worker Reinstated as per Labour Court Directions → PC::Contractor Failed to Pay Wages as per Agreement → PC::Temporary Posts to be Filled by Direct Recruitment as per Quota → PC::Service Compensation Applicable to Employees with Less than One Year Service,PC::Worker Reinstated as per Labour Court Directions → PC::Contractor Failed to Pay Wages as per Agreement → PC::Temporary Posts to be Filled by Direct Recruitment as per Quota → PC::Service Compensation Applicable to Employees with Less than One Year Service → HKG::compensation → PC::Principal Employer Liability for Wage Payment → PC::Dispute Over Quantum of Back-Wages → PC::Labour Court Directed to Reconsider Back-Wages,"Sir 
My father worked in a co-op housing society as a guard  from the last 9-10 years.
In august month my father was on approved leave with application . but 3-4 days late due to illnesses . so society is not ready to continue to keep him on job as before .
Housing society terminates my father without notice and the secretary is saying you're not eligible for any gratuity  notice salary .
How will I get the full and final amount from This housing society?( Mumbai, Maharashtra )","My father worked as driver in KPTCL on 1994  he worked 5 days only then he will not reported to duty because of    he is suffering from health issue and then one year back 29/05/2018 my father is died  so that  we are eligible for taking job from compassionate ground or not . my father no given to resignation letter to department( Shimoga, Karnataka )","my father was an employee of a company and was entitled under EPF scheme. He dies in Jan,2008. My mother received his PF benefit in 2011, but my mother fell in Cancer disease in 2011 and repeatedly suffered many years, due to this we could not submit Pension Claim in 10D form to EPFO as on date. My father had no UAN no then. My question is that will my mother is eligible to submit 10D to get Family Pension from EPFO now. because now we are in very much financial  crisis.( Murshidabad, West Bengal )",Your Form conditions n rules regulations in this regard required for clear n sound advice,"The primary legal issue is whether the recruitment authority violated any rules or guidelines in the allocation of posts based on merit and preferences indicated in the exam form. Under the principles of administrative law, particularly the doctrine of legitimate expectation, candidates have a right to expect that their preferences and merit will be considered in accordance with the advertised criteria. If there was an error or unfairness in the allocation process, you may file a writ petition under Article 226 of the Constitution of India in the Rajasthan High Court challenging the allocation decision.

You can request a review of the allocation process and seek a transfer to Ajmer Discom based on the merit list and your stated preferences. However, since you have already completed 8 years of service, the court may also consider factors like administrative convenience and the potential impact on both organizations before granting relief. Consult with a lawyer to gather evidence of the allocation error and file the necessary legal documents.",0.2396,27.8194,19.8636,3.7634,17.0599,19.112,2.3992,27.1794,5.5395,1.634,0.6554,21.1501,51.7118,52.8759,83.8309
159,"Are Factories Act &amp; Shops &amp; Establishments Act applicable for NGOs in Karnataka( Bangalore, Karnataka )","PC::Factories Act → PC::Reservation Policy Introduced in Karnataka → PC::Substantial Financing Considered for NGOs → PC::Bombay Shops and Establishments Act, 1948","PC::Factories Act → PC::Reservation Policy Introduced in Karnataka → PC::Substantial Financing Considered for NGOs → PC::Bombay Shops and Establishments Act, 1948 → HKG::Factories Act 1948 → HKG::PROC_OVERTIME_CLAIM → PC::Section 63 of the Factories Act, 1948 → PC::Section 2(k) of the Factories Act, 1948","Sir 
My father worked in a co-op housing society as a guard  from the last 9-10 years.
In august month my father was on approved leave with application . but 3-4 days late due to illnesses . so society is not ready to continue to keep him on job as before .
Housing society terminates my father without notice and the secretary is saying you're not eligible for any gratuity  notice salary .
How will I get the full and final amount from This housing society?( Mumbai, Maharashtra )","My father worked as driver in KPTCL on 1994  he worked 5 days only then he will not reported to duty because of    he is suffering from health issue and then one year back 29/05/2018 my father is died  so that  we are eligible for taking job from compassionate ground or not . my father no given to resignation letter to department( Shimoga, Karnataka )","my father was an employee of a company and was entitled under EPF scheme. He dies in Jan,2008. My mother received his PF benefit in 2011, but my mother fell in Cancer disease in 2011 and repeatedly suffered many years, due to this we could not submit Pension Claim in 10D form to EPFO as on date. My father had no UAN no then. My question is that will my mother is eligible to submit 10D to get Family Pension from EPFO now. because now we are in very much financial  crisis.( Murshidabad, West Bengal )","Dear Client,Non-profit organizations (NPOs) may still be subject to the Shops and Establishment Act if they provide services or engage in activities covered by the Act, despite not being commercial entities. Although the Act doesn't explicitly mention NPOs, it broadly encompasses establishments where individuals are employed for various functions. For instance, NPOs employing staff for administrative, accounting, or project management roles would fall under this Act's definition of an ""establishment."" According to the Karnataka Shops and Establishment Act, a commercial establishment includes various types of businesses such as offices, hotels, restaurants, theaters, and more. To obtain updated information and clarification on how this applies to NPOs, it's advisable to contact the Inspector appointed under the Karnataka Shops and Establishment Act.","The applicability of the Factories Act and the Shops and Establishments Act to NGOs in Karnataka depends on the nature of the NGO's activities. The Factories Act, 1948, applies to premises where manufacturing processes are carried out with or without the aid of power, employing ten or more workers. If the NGO does not engage in manufacturing activities, it is not covered under the Factories Act. The Karnataka Shops and Commercial Establishments Act, 1961, applies to commercial establishments, which generally include businesses, trade, and services but may not cover NGOs unless they engage in commercial activities.

To determine applicability, assess whether the NGO conducts manufacturing or commercial activities. If uncertain, consult with a labor law expert to evaluate the specific operations of the NGO.",3.8377,66.2353,19.8636,3.7634,17.0599,19.112,2.3992,27.1794,5.5395,1.634,0.6554,21.1501,51.7118,52.8759,83.8309
160,"Currently, I am working in X company. They keep changing leave policies now and then. For FY 23-24, they have come up with new leave policies where an employee gets 16 Annual Leaves, 8 Casual-Cum-Sick Leave & 8 National & Festive Holidays. 
Here, the company has decided if any employee wants to use their Annual Leaves, they have to apply 45 days in advance; it also can't be adjusted against Causal OR Sick Leave. 
Once the employee exhausts their 8 Casual-Cum-Sick Leaves, they will implement a double deduction in salary for every casual or sick leave the employee takes. FYI, we have 9 hours working each day from Mon to Sat. Please suggest what can we done in this case??( Mumbai suburban, Maharashtra )",HKG::FA_79 → HKG::ICA_73,HKG::FA_79 → HKG::ICA_73 → HKG::Indian Contract Act 1872 → HKG::Factories Act 1948 → HKG::employment_bond → HKG::wages,"Sir 
My father worked in a co-op housing society as a guard  from the last 9-10 years.
In august month my father was on approved leave with application . but 3-4 days late due to illnesses . so society is not ready to continue to keep him on job as before .
Housing society terminates my father without notice and the secretary is saying you're not eligible for any gratuity  notice salary .
How will I get the full and final amount from This housing society?( Mumbai, Maharashtra )","My father worked as driver in KPTCL on 1994  he worked 5 days only then he will not reported to duty because of    he is suffering from health issue and then one year back 29/05/2018 my father is died  so that  we are eligible for taking job from compassionate ground or not . my father no given to resignation letter to department( Shimoga, Karnataka )","I study in an engineering college and now I am in my second year going to start 3rd year in september my college has not given any holidays after semester end examinations and starts the new semester right the next day. This has happened for 4 continuous semesters now . In the academic calendar 1 month holiday is given but now they are going back on their words . Many of my classmates are depressed especially people from hostels who have not gone home.and I don't know what action to take ,pls tell me( Mysore, Karnataka )","Dear ClientIf you feel that the company's leave policies are not fair, you may consider seeking legal advice. You may also discuss your concerns with a human resources representative to understand the company's perspective and the rules and regulations regarding taking leaves, including the advanced notice period and the inability to adjust Annual Leaves against Casual or Sick Leave.","The primary legal issue here is whether the company's leave policy violates any statutory rights under applicable labor laws. In Maharashtra, the Shops and Establishments Act governs leave entitlements for employees in commercial establishments. According to Section 35 of the Maharashtra Shops and Establishments (Regulation of Employment and Conditions of Service) Act, 2017, employees are entitled to a minimum of 8 days of casual leave and 15 days of earned leave per year, which should be granted based on the employee's request unless it disrupts business operations.

The requirement to apply for annual leave 45 days in advance and the policy of double deduction for exceeding casual-cum-sick leave may be challenged if they are deemed unreasonable or arbitrary. Employees can file a complaint with the local labor commissioner if they believe the policy is unfair or violates statutory rights. It is advisable to first address the issue internally through HR or management to seek clarification or amendment of the policy.",1.4058,46.8035,19.8636,3.7634,17.0599,19.112,2.3992,27.1794,5.5395,1.634,0.6554,21.1501,51.7118,52.8759,83.8309
161,"I was working with an Organization in Mumbai from 16 Jan 2018 to 29 July 2022 that is 4 years and 194 day. My office works for 5 days a week. Now after relieving they are denying me gratuity citing that I worked for 4 years 6 months and gratuity is applicable for period of 4 years and 8 months. Am I really not eligible for gratuity.?( Mumbai City, Maharashtra )",HKG::PGA_4 → HKG::PGA_7,HKG::PGA_4 → HKG::PGA_7 → HKG::gratuity → HKG::PROC_GRATUITY_CLAIM → HKG::labour_court → HKG::Payment of Gratuity Act 1972,"Sir 
My father worked in a co-op housing society as a guard  from the last 9-10 years.
In august month my father was on approved leave with application . but 3-4 days late due to illnesses . so society is not ready to continue to keep him on job as before .
Housing society terminates my father without notice and the secretary is saying you're not eligible for any gratuity  notice salary .
How will I get the full and final amount from This housing society?( Mumbai, Maharashtra )","My father worked as driver in KPTCL on 1994  he worked 5 days only then he will not reported to duty because of    he is suffering from health issue and then one year back 29/05/2018 my father is died  so that  we are eligible for taking job from compassionate ground or not . my father no given to resignation letter to department( Shimoga, Karnataka )","my father was an employee of a company and was entitled under EPF scheme. He dies in Jan,2008. My mother received his PF benefit in 2011, but my mother fell in Cancer disease in 2011 and repeatedly suffered many years, due to this we could not submit Pension Claim in 10D form to EPFO as on date. My father had no UAN no then. My question is that will my mother is eligible to submit 10D to get Family Pension from EPFO now. because now we are in very much financial  crisis.( Murshidabad, West Bengal )","Dear Client,Section 4(2) of the Payment of Gratuity Act spells out the condition on the eligibility of an employee for gratuity in the event of him not completing the full five year period. The section says that for every completed year of service in excess of six months, the employer shall pay gratuity to an employee. That means if an employee works in the establishment for more than 6 months in a year, he shall be eligible to get gratuity at the prescribed rate. So, if an employee completes 4 years and 6 months of continuous service in the same establishment, he is eligible to get gratuity as per the Payment of Gratuity Act 1972.Hence if you have completed the above requirement then you are eligible to earn gratuity.Thank you so much, I hope this answer helped you.","Under the Payment of Gratuity Act, 1972, an employee is eligible for gratuity if they have completed five years of continuous service with the employer. However, as per Section 2A of the Act, for establishments that work less than six days a week, continuous service is calculated as 190 days in the fifth year. Since you worked for 4 years and 194 days, you have effectively completed the requirement for the fifth year under the Act. 

You can legally claim gratuity from your employer. File a formal written request to your employer citing the Payment of Gratuity Act, 1972, and if denied, approach the Labour Court in Mumbai for redressal.",9.3288,80.8735,19.8636,3.7634,17.0599,19.112,2.3992,27.1794,5.5395,1.634,0.6554,21.1501,51.7118,52.8759,83.8309
162,"I worked for a PSU for 4 years 3 months 12 days as a fixed term employee. I have come to know that fixed term employees are eligible for gratuity on pro rata basis for the no. of years worked. Please let me know which law/rules/bill/act can i quote to claim Gratuity from my previous employer.( Delhi, Delhi )",HKG::PGA_4 → HKG::PGA_7,HKG::PGA_4 → HKG::PGA_7 → HKG::gratuity → HKG::labour_court → HKG::PROC_GRATUITY_CLAIM → HKG::Payment of Gratuity Act 1972,"Sir 
My father worked in a co-op housing society as a guard  from the last 9-10 years.
In august month my father was on approved leave with application . but 3-4 days late due to illnesses . so society is not ready to continue to keep him on job as before .
Housing society terminates my father without notice and the secretary is saying you're not eligible for any gratuity  notice salary .
How will I get the full and final amount from This housing society?( Mumbai, Maharashtra )","My father worked as driver in KPTCL on 1994  he worked 5 days only then he will not reported to duty because of    he is suffering from health issue and then one year back 29/05/2018 my father is died  so that  we are eligible for taking job from compassionate ground or not . my father no given to resignation letter to department( Shimoga, Karnataka )","my father was an employee of a company and was entitled under EPF scheme. He dies in Jan,2008. My mother received his PF benefit in 2011, but my mother fell in Cancer disease in 2011 and repeatedly suffered many years, due to this we could not submit Pension Claim in 10D form to EPFO as on date. My father had no UAN no then. My question is that will my mother is eligible to submit 10D to get Family Pension from EPFO now. because now we are in very much financial  crisis.( Murshidabad, West Bengal )","A.Dear Sir,4years 240 days is enough for claiming gratuity.""As per Madras High Court judgement in a case of Mettur Beardsell Limited [represented by its Personal Manager], Madras v/s Regional Labour Commissioner [Central Authority under the Payment of Gratuity Act, 1972], Madras, it has been stated that if an employee has rendered continuous service of 240 days in the fifth year of service then for the purpose of calculation of gratuity, it must be considered as if he has completed FIVE years of continuous service.""","Under the Payment of Gratuity Act, 1972, an employee is eligible for gratuity if they have completed at least five years of continuous service. However, the Act provides an exception for cases of death or disablement, where the five-year requirement is waived. Since you worked for 4 years, 3 months, and 12 days, you do not meet the five-year requirement for gratuity eligibility under the Act. 

You cannot legally claim gratuity from your previous employer based on the current duration of your employment. As a next step, verify if there are any specific company policies or agreements that might provide gratuity benefits under different conditions. Additionally, consult with your HR department to confirm any special provisions applicable to fixed-term employees.",9.1114,68.6821,19.8636,3.7634,17.0599,19.112,2.3992,27.1794,5.5395,1.634,0.6554,21.1501,51.7118,52.8759,83.8309
163,"Whether acceptance of resignation is required after expiry of notice period?
Whether resignation is effective immediately after the expiry of notice period or resignation is effective only after issuance of acceptance letter by competent authority?( Rewari, Haryana )",HKG::notice_period → PC::Payment Made in Lieu of Notice Period → PC::Award Pronounced After Expiry of Original Time Limit → PC::Withdrawal of Resignation Before Acceptance,HKG::notice_period → PC::Payment Made in Lieu of Notice Period → PC::Award Pronounced After Expiry of Original Time Limit → PC::Withdrawal of Resignation Before Acceptance → PC::Section 2(d) of the Act → PC::Government Extended Time for Award → PC::High Court Found Payment Taxable as Income → PC::Court Found Award Valid Under General Clauses Act,"Sir 
My father worked in a co-op housing society as a guard  from the last 9-10 years.
In august month my father was on approved leave with application . but 3-4 days late due to illnesses . so society is not ready to continue to keep him on job as before .
Housing society terminates my father without notice and the secretary is saying you're not eligible for any gratuity  notice salary .
How will I get the full and final amount from This housing society?( Mumbai, Maharashtra )","my father was an employee of a company and was entitled under EPF scheme. He dies in Jan,2008. My mother received his PF benefit in 2011, but my mother fell in Cancer disease in 2011 and repeatedly suffered many years, due to this we could not submit Pension Claim in 10D form to EPFO as on date. My father had no UAN no then. My question is that will my mother is eligible to submit 10D to get Family Pension from EPFO now. because now we are in very much financial  crisis.( Murshidabad, West Bengal )","My father worked as driver in KPTCL on 1994  he worked 5 days only then he will not reported to duty because of    he is suffering from health issue and then one year back 29/05/2018 my father is died  so that  we are eligible for taking job from compassionate ground or not . my father no given to resignation letter to department( Shimoga, Karnataka )","Dear Client,The notice period starts once your letter of resignation has been accepted. After you have served your notice period you shall get a release letter from the concerned. After that your resignation is effective.Thank you","Under Indian employment law, resignation typically becomes effective upon the expiry of the notice period if the employment contract or applicable rules do not require acceptance by the employer. The acceptance of resignation is generally a formality unless the employment terms specify otherwise. In the absence of specific terms requiring acceptance, the resignation is effective immediately after the notice period ends, as per the general principles of contract law.

The user should review the employment contract or relevant service rules to determine if acceptance is explicitly required. If acceptance is not mandated, the resignation is effective post notice period. If acceptance is required, follow up with the competent authority to ensure formal acceptance.",2.053,62.6388,19.8636,3.7634,17.0599,19.112,2.3992,27.1794,5.5395,1.634,0.6554,21.1501,51.7118,52.8759,83.8309
164,"i need advice against the following: the company i was working with is employer stopped me from coming to office since 22nd sep 2022 and has also tried to make me forcefully write a resignation letter to which i denied.The duration of my work was 3 weeks has not paid my salary yet nor the termination letter and also speaks about deductions to my salary (was not mentioned in my interview( Bangalore, Karnataka )",HKG::ICA_73,HKG::ICA_73 → HKG::employment_bond → HKG::wages → HKG::Indian Contract Act 1872 → HKG::Q_864,"My father worked as driver in KPTCL on 1994  he worked 5 days only then he will not reported to duty because of    he is suffering from health issue and then one year back 29/05/2018 my father is died  so that  we are eligible for taking job from compassionate ground or not . my father no given to resignation letter to department( Shimoga, Karnataka )","Sir 
My father worked in a co-op housing society as a guard  from the last 9-10 years.
In august month my father was on approved leave with application . but 3-4 days late due to illnesses . so society is not ready to continue to keep him on job as before .
Housing society terminates my father without notice and the secretary is saying you're not eligible for any gratuity  notice salary .
How will I get the full and final amount from This housing society?( Mumbai, Maharashtra )","my father was an employee of a company and was entitled under EPF scheme. He dies in Jan,2008. My mother received his PF benefit in 2011, but my mother fell in Cancer disease in 2011 and repeatedly suffered many years, due to this we could not submit Pension Claim in 10D form to EPFO as on date. My father had no UAN no then. My question is that will my mother is eligible to submit 10D to get Family Pension from EPFO now. because now we are in very much financial  crisis.( Murshidabad, West Bengal )",You can file a complaint against the company and the senior for harassing you to resign and also for tarnishing your reputation without any proof.,"Under the Indian Contract Act, 1872, an employer cannot withhold wages without a valid reason. In your situation, the employer's failure to pay wages for the work period violates Section 73 of the Act, which deals with compensation for breach of contract. You are entitled to receive your salary for the work performed, and any deductions not previously agreed upon are unlawful.

You can file a complaint with the Labour Commissioner in Bangalore regarding non-payment of wages and coercion to resign. Additionally, consider sending a legal notice to your employer demanding payment of your due salary. If the issue remains unresolved, you may pursue legal action in the appropriate labor court.",3.9353,38.0857,19.8636,3.7634,17.0599,19.112,2.3992,27.1794,5.5395,1.634,0.6554,21.1501,51.7118,52.8759,83.8309
165,"What in case if company has decided to shut it's day operations, not night one and on Watsap they inform all of a sudden, and if pregnant employee mails for maternity benefit officially, her outlook password is changed after her maternity benefit and she is terminated on baseless reason of non-performance. Before her termination, she dropped mail for maternity. What steps she should take now..( Noida, Uttar Pradesh )",HKG::MBA_5,HKG::MBA_5 → HKG::maternity → HKG::Maternity Benefit Act 1961 → HKG::PROC_MATERNITY_CLAIM → PC::High Court Found Maternity Benefit Calculation Invalid,"Sir 
My father worked in a co-op housing society as a guard  from the last 9-10 years.
In august month my father was on approved leave with application . but 3-4 days late due to illnesses . so society is not ready to continue to keep him on job as before .
Housing society terminates my father without notice and the secretary is saying you're not eligible for any gratuity  notice salary .
How will I get the full and final amount from This housing society?( Mumbai, Maharashtra )","My father worked as driver in KPTCL on 1994  he worked 5 days only then he will not reported to duty because of    he is suffering from health issue and then one year back 29/05/2018 my father is died  so that  we are eligible for taking job from compassionate ground or not . my father no given to resignation letter to department( Shimoga, Karnataka )","my father was an employee of a company and was entitled under EPF scheme. He dies in Jan,2008. My mother received his PF benefit in 2011, but my mother fell in Cancer disease in 2011 and repeatedly suffered many years, due to this we could not submit Pension Claim in 10D form to EPFO as on date. My father had no UAN no then. My question is that will my mother is eligible to submit 10D to get Family Pension from EPFO now. because now we are in very much financial  crisis.( Murshidabad, West Bengal )","Send a legal notice to your employer citing Section 12 of Maternity Benefits Act, 1961. As per the Section the employer is not allowed to terminate you or deny you all the maternity benefits.  I hope the employer shall look int that.","The Maternity Benefit Act, 1961 protects the rights of pregnant employees, including the right to maternity leave and benefits. Terminating an employee due to pregnancy or maternity leave is unlawful under Section 12 of the Act. The employee can file a complaint with the labor commissioner or approach the High Court for relief, citing the illegal termination and violation of her maternity rights. She should gather all relevant evidence, including emails and messages, to support her claim. Additionally, she can seek reinstatement and compensation for wrongful termination.",3.3937,82.1525,19.8636,3.7634,17.0599,19.112,2.3992,27.1794,5.5395,1.634,0.6554,21.1501,51.7118,52.8759,83.8309
166,"I am physically handicapped persons.  My one way request transfer accepted to Vijayawada division of S.C.Railway.  But my parent railway i.r. Hubli division is not relieving that they don't have sufficient staff.  Pl advise me( Bellary, Karnataka )",HKG::PGA_7 → HKG::ATA_19,HKG::PGA_7 → HKG::ATA_19 → HKG::labour_court → HKG::PROC_GRATUITY_CLAIM → HKG::gratuity → HKG::Administrative Tribunals Act 1985,"Sir 
My father worked in a co-op housing society as a guard  from the last 9-10 years.
In august month my father was on approved leave with application . but 3-4 days late due to illnesses . so society is not ready to continue to keep him on job as before .
Housing society terminates my father without notice and the secretary is saying you're not eligible for any gratuity  notice salary .
How will I get the full and final amount from This housing society?( Mumbai, Maharashtra )","My father worked as driver in KPTCL on 1994  he worked 5 days only then he will not reported to duty because of    he is suffering from health issue and then one year back 29/05/2018 my father is died  so that  we are eligible for taking job from compassionate ground or not . my father no given to resignation letter to department( Shimoga, Karnataka )","my father was an employee of a company and was entitled under EPF scheme. He dies in Jan,2008. My mother received his PF benefit in 2011, but my mother fell in Cancer disease in 2011 and repeatedly suffered many years, due to this we could not submit Pension Claim in 10D form to EPFO as on date. My father had no UAN no then. My question is that will my mother is eligible to submit 10D to get Family Pension from EPFO now. because now we are in very much financial  crisis.( Murshidabad, West Bengal )","Dear Sir,You may approach concerned Service Tribunal and get appropriate orders.Please take PAID phone call with me through VIDHIKARYA and get more legal guidance.","Under the Persons with Disabilities (Equal Opportunities, Protection of Rights and Full Participation) Act, 1995, individuals with disabilities are entitled to certain benefits, including preferential treatment in employment matters. The refusal of the Hubli division to relieve you despite your transfer being accepted by the Vijayawada division may contravene this Act, particularly if it hinders your ability to work in a more accommodating environment. Legally, you can file a grievance with the Central Administrative Tribunal (CAT) citing discrimination under the Act. You should also formally request intervention from the Railway Board or the Ministry of Railways to expedite your transfer.",0.5444,42.909,19.8636,3.7634,17.0599,19.112,2.3992,27.1794,5.5395,1.634,0.6554,21.1501,51.7118,52.8759,83.8309
167,"Autonomous Organisation under Central Govt. not upgraded pay scale to Selection Grade pay, even after completion of specified period as per Recruitment and Promotion Rule of the Organisation. There is no justification or any reason for delaying this. Selection Grade was introduced in various Govt. Dept with a view to provide relief to the employees holding a post without promotional avenues to resolve the problem of stagnation. What shall I do, is there any legal remedies available to me.( Bangalore, Karnataka )",HKG::PGA_7 → HKG::ATA_19,HKG::PGA_7 → HKG::ATA_19 → HKG::labour_court → HKG::gratuity → HKG::PROC_GRATUITY_CLAIM → HKG::Administrative Tribunals Act 1985,"Sir 
My father worked in a co-op housing society as a guard  from the last 9-10 years.
In august month my father was on approved leave with application . but 3-4 days late due to illnesses . so society is not ready to continue to keep him on job as before .
Housing society terminates my father without notice and the secretary is saying you're not eligible for any gratuity  notice salary .
How will I get the full and final amount from This housing society?( Mumbai, Maharashtra )","My father worked as driver in KPTCL on 1994  he worked 5 days only then he will not reported to duty because of    he is suffering from health issue and then one year back 29/05/2018 my father is died  so that  we are eligible for taking job from compassionate ground or not . my father no given to resignation letter to department( Shimoga, Karnataka )","my father was an employee of a company and was entitled under EPF scheme. He dies in Jan,2008. My mother received his PF benefit in 2011, but my mother fell in Cancer disease in 2011 and repeatedly suffered many years, due to this we could not submit Pension Claim in 10D form to EPFO as on date. My father had no UAN no then. My question is that will my mother is eligible to submit 10D to get Family Pension from EPFO now. because now we are in very much financial  crisis.( Murshidabad, West Bengal )","Dear Sir,You may go to Service Tribunal or High Court. It is better to take into confidence more than 5 members who are in the similar situation.","The legal issue here is the failure of an autonomous organization under the Central Government to upgrade an employee's pay scale to Selection Grade pay, despite the completion of the specified period as per the organization's Recruitment and Promotion Rules. The applicable legal doctrine involves administrative law principles, specifically the doctrine of legitimate expectation, which may be invoked if the organization has established a consistent practice or policy of upgrading pay scales under similar circumstances.

The user can file a writ petition under Article 226 of the Constitution of India in the Karnataka High Court, challenging the organization's inaction as arbitrary and seeking a mandamus to enforce the pay scale upgrade. However, the user cannot demand an upgrade if the organization has a valid reason or if procedural requirements have not been met.

Next steps include gathering all relevant documents, such as the Recruitment and Promotion Rules and any correspondence with the organization, and consulting with a lawyer to draft the writ petition. Additionally, consider filing a representation with the organization, formally requesting the pay scale upgrade and stating the grounds for your claim.",0.6798,36.3447,19.8636,3.7634,17.0599,19.112,2.3992,27.1794,5.5395,1.634,0.6554,21.1501,51.7118,52.8759,83.8309
168,"Could you please share any citations, references/orders on salary in lieu of notice period should be paid on the discharged/terminated/last working day( Bangalore, Karnataka )",HKG::ICA_73,HKG::ICA_73 → HKG::wages → HKG::employment_bond → HKG::Indian Contract Act 1872 → HKG::Q_864,"Sir 
My father worked in a co-op housing society as a guard  from the last 9-10 years.
In august month my father was on approved leave with application . but 3-4 days late due to illnesses . so society is not ready to continue to keep him on job as before .
Housing society terminates my father without notice and the secretary is saying you're not eligible for any gratuity  notice salary .
How will I get the full and final amount from This housing society?( Mumbai, Maharashtra )","My father worked as driver in KPTCL on 1994  he worked 5 days only then he will not reported to duty because of    he is suffering from health issue and then one year back 29/05/2018 my father is died  so that  we are eligible for taking job from compassionate ground or not . my father no given to resignation letter to department( Shimoga, Karnataka )","my father was an employee of a company and was entitled under EPF scheme. He dies in Jan,2008. My mother received his PF benefit in 2011, but my mother fell in Cancer disease in 2011 and repeatedly suffered many years, due to this we could not submit Pension Claim in 10D form to EPFO as on date. My father had no UAN no then. My question is that will my mother is eligible to submit 10D to get Family Pension from EPFO now. because now we are in very much financial  crisis.( Murshidabad, West Bengal )","Dear Client,As desired citations/judgments on the subject matter are mentioned below. You may access the full version of the citation/judgments from the website of Indiankanoon.org.  1) Pramod Jha v. State of Bihar, (2003) 4 SCC 619 - the Supreme Court, 2) J.K. Cotton Spg. & Wvg. Mills Ltd. v. State of U.P., (1990) 4 SCC 27 - the Supreme Court. 3) A.N. Gupta vs Public Enterprises Selection Board ... on 8 May, 2003 - Delhi High Court. 4)  Sanjeev Ranjan vs U.O.I.Thru.Secy.Ministry Of Health ... on 12 September 2022 - Allahabad High Court.  Hope this may meet your purposes.","Under the Indian Contract Act, 1872, specifically Section 73, damages for breach of contract, including employment contracts, may include compensation for loss or damage caused by the breach. In employment scenarios, this often translates to the employer's obligation to pay salary in lieu of notice if the employment contract stipulates such a term. In Karnataka, the Karnataka Shops and Commercial Establishments Act, 1961, may also govern the terms of termination and notice period for certain employees.

The user can legally demand salary in lieu of notice if the employment contract or applicable labor laws require it. However, if the contract or law does not specify this obligation, the employer may not be legally bound to provide such payment. 

Next steps: Review the employment contract to confirm the notice period and any clauses regarding salary in lieu of notice. If the employer refuses to comply, consider filing a complaint with the labor commissioner or pursuing legal action for breach of contract.",0.4429,27.9909,19.8636,3.7634,17.0599,19.112,2.3992,27.1794,5.5395,1.634,0.6554,21.1501,51.7118,52.8759,83.8309
169,"have been recruited in 2017 at government autonomous institution against regular sanction position as initial 5 years deemed to be contract as that time institute bye laws not approved by ministry. However after 5 years as per appointment letter and approved bye laws they need to done assessment and confirm the position but administration didn't confirm the post as per advertisement and bye laws and extend the contract 6 months. I have asked the reason they told we don't have post on which you appointed. Please guide me the same for further take up the case. As I am taking all the benefits of regular employee like salary ltc etc. In new bye laws they converted the post into another post but they told me after 4 years of implementation of bye laws. Please suggest me what I do( Chandigarh, Chandigarh )",HKG::ICA_73,HKG::ICA_73 → HKG::employment_bond → HKG::wages → HKG::Indian Contract Act 1872 → HKG::Q_864,"My father worked as driver in KPTCL on 1994  he worked 5 days only then he will not reported to duty because of    he is suffering from health issue and then one year back 29/05/2018 my father is died  so that  we are eligible for taking job from compassionate ground or not . my father no given to resignation letter to department( Shimoga, Karnataka )","Sir 
My father worked in a co-op housing society as a guard  from the last 9-10 years.
In august month my father was on approved leave with application . but 3-4 days late due to illnesses . so society is not ready to continue to keep him on job as before .
Housing society terminates my father without notice and the secretary is saying you're not eligible for any gratuity  notice salary .
How will I get the full and final amount from This housing society?( Mumbai, Maharashtra )","my father was an employee of a company and was entitled under EPF scheme. He dies in Jan,2008. My mother received his PF benefit in 2011, but my mother fell in Cancer disease in 2011 and repeatedly suffered many years, due to this we could not submit Pension Claim in 10D form to EPFO as on date. My father had no UAN no then. My question is that will my mother is eligible to submit 10D to get Family Pension from EPFO now. because now we are in very much financial  crisis.( Murshidabad, West Bengal )","Dear client,Kindly look into the case Dr. Ransheel Kumar Upadhyay vs Union Of India And 6 Others on 12 October, 2020You have right and remedy in the bye laws.","The key legal issue is whether the institution's failure to confirm the position as per the appointment letter and approved bye-laws constitutes a breach of contract under the Indian Contract Act, 1872. Since you were recruited for a regular sanctioned position and the institution's bye-laws and your appointment letter indicated a transition to a permanent role after assessment, the administration's failure to honor this could be challenged as a breach of the implied terms of your employment contract. 

You can file a writ petition in the High Court of Punjab and Haryana under Article 226 of the Constitution of India, seeking a directive for the institution to regularize your position as per the original terms of employment. Additionally, gather all relevant documentation, including your appointment letter, correspondence with the administration, and any evidence of your eligibility for regularization, to support your case.",0.6934,45.5763,19.8636,3.7634,17.0599,19.112,2.3992,27.1794,5.5395,1.634,0.6554,21.1501,51.7118,52.8759,83.8309
170,"Hi, My ex employer has made mistakes while submitting the PF amount. Though the EPS applicability was Yes for me, but while submitting the PF amount, my employer has mistakenly not deposited anything in to the pension head for three years. Now they have submitted the revised document with the local PF office. Its been months. But every time i check the status of the same with the PF office by raising grievance in the EPF system, it is still not done. I am looking to withdraw my PF. But i am not able to do the same due to this mistake, I don't know what to to do expedite the same and withdraw my PF.( Bhubaneswar, Orissa )",HKG::EPF_6,HKG::EPF_6 → HKG::PROC_PF_COMPLAINT → HKG::Employees Provident Fund Act 1952 → HKG::provident_fund → HKG::Q_864,"My father worked as driver in KPTCL on 1994  he worked 5 days only then he will not reported to duty because of    he is suffering from health issue and then one year back 29/05/2018 my father is died  so that  we are eligible for taking job from compassionate ground or not . my father no given to resignation letter to department( Shimoga, Karnataka )","I study in an engineering college and now I am in my second year going to start 3rd year in september my college has not given any holidays after semester end examinations and starts the new semester right the next day. This has happened for 4 continuous semesters now . In the academic calendar 1 month holiday is given but now they are going back on their words . Many of my classmates are depressed especially people from hostels who have not gone home.and I don't know what action to take ,pls tell me( Mysore, Karnataka )","Sir 
My father worked in a co-op housing society as a guard  from the last 9-10 years.
In august month my father was on approved leave with application . but 3-4 days late due to illnesses . so society is not ready to continue to keep him on job as before .
Housing society terminates my father without notice and the secretary is saying you're not eligible for any gratuity  notice salary .
How will I get the full and final amount from This housing society?( Mumbai, Maharashtra )","Dear sir,PF  PROVIDENT FUNDHow to solve the two UAN problem?Note that each person should have only one UAN number (like PAN), hence if you have multiple UAN, itâs not allowed and creates problem in the EPF system, because is no proper track. Hence, as soon as you come to know that there are multiple UAN assigned to you, you should cancel one of the UAN (mostly the old UAN) or should try to deactivate one of themProcess to deactivate old UANStep #1 â The first step if that you should start the EPF transfer for all the EPFâs which are not under the latest UAN generated. This can be done using the OTCP portal of EPFO . I am not going in details here, but first you need to make sure all the old EPFâs are transferred and linked to the new UAN.Step #2 â In the next step, the EPFO system will automatically identify those UAN for which the EPF transfers have happened and completed. Once they find the idle UAN, they will automatically deactivate that UAN. You donât have to do anything here. This deactivation process will take place from time to time as per decision taken by EPFO. Once the deactivation happens, your old member id (your old EPF accounts) will be linked to new UAN.If you are already sure that your past UAN does not have the EPF linked to them, then you can mail your old UAN number along with recent UAN to your employer and to[emailÂ protected]. They will verify your UANâs status and deactivate the old UAN.How To Merge Two Uan EPF AccountsWhat is UAN?Universal Account Number (UAN) is a unique 12-digit number that is given to each member of the Employeesâ Provident Fund Organisation (EPFO). With the help of the UAN, PF members can easily manage their accounts. The Ministry of Employment and Labour under the guidance of the Government of India issues UAN to PF members. Irrespective of the organisation they work in, all Provided Fund (PF) information can be accessed in one place by PF members with the help of UAN.In earlier days, whenever an individual would join a new organization, he would be given a new PF account number. This made it difficult to keep a check on the updated PF balance. It was also difficult to track activities related to pay change and employees would find it challenging to check PF contribution against the updated pay. To tackle such issues, the UAN was introduced.UAN is a universal number that helps members to gather all the PF accounts linked to multiple IDs of various organizations in one place. By using UAN, the employee can withdraw and also transfer funds in the PF account.More Information on UANâ¢	The UAN is a unique number provided to all employees enrolled for PF benefit. This number is independent of employers and hence does not change even if an employee changes job.â¢	The employer can validate an employee by using his UAN in case KYC documents have been verified.â¢	Since the UAN facility is available online for all employees, no employer can deduct or hold off an employeeâs PF.â¢	An employee can validate the PF deposit made by the employer every month. He/she has to register as an EPF Member on the Portal by using the UAN provided.â¢	EPF passbook access is available through SMS. One can send EPFOHO UAN ENG to 7738299899 from the mobile number that has been registered with the EPFO.How to register the UAN?Here are a few easy steps to be followed for registering the UAN:â¢	Go to the EPF Member Portal.â¢	Click on âActivate UANââ¢	Enter all the information around UAN, such as member id, mobile number, Aadhaar, PAN, name, date of birth and e-mail idâ¢	Select âGet Authorization PINâ to fetch the PIN on the registered mobile numberâ¢	Provide this PIN for verifying the request.â¢	Set up a username and password on the UAN portal for future use.Common Reasons for Allotment of Two UANsIf an employee changes his job, a new EPF account is set up by the new organisation. All existing EPF accounts are auto-linked with the UAN of the employee. Hence, there are high chances that a new UAN is allotted to the employee at the time of moving between jobs. There could be multiple reasons for allotment of new UAN. Listed here are some of the common reasons:â¢	In case an employee has not disclosed his previous UAN â In case an employee changes his job, he must make sure to disclose his existing UAN and EPF account number (Member ID) to the new employer. In absence of disclosure of this information, the employer may open a fresh PF account along with a new UAN.â¢	Non-disclosure of âDate of Exitâ by the previous employer â During the process of EPF transfer to the new employer, the old employer must mention the date of exit in the ECR (Electronic Challan and Return). In case of the absence of this information promptly, the new organisation may allot a new UAN to the employee.Consequences of Holding Two UANsTwo active UANs is not permitted by law and is against the rules. A member must have only one UAN with all the EPF accounts linked to it. EPF accounts cannot be transferred among employees. However, an employee who has two UANs can request for his EPF account to be transferred from one UAN to another and ask his previous UAN to be closed. Thus, an EPF account linked with one UAN will have to be compulsorily transferred to another EPF account linked with a separate UAN.What Should an Employee Do?In recent years, there have been multiple cases of employees assigning different UANs (Universal Account Number) to employees. According to EPF rules, an individual should have only one UAN at any given point of time. The employeeâs EPF account must be linked to his UAN. In case he/she has been assigned two UANs, the previous one must be deactivated at the earliest.Two Methods to Merge Two UAN EPF AccountsEmployees who have been incorrectly allotted two UANs must get one of them deactivated (normally, the previous one). There are two ways of getting the UAN deactivated and the EPF account transferred to the correct and active UAN. Mentioned below are the two commonly used methods:Method 1â¢	Reach out to your employer or EPFO and report the issue at the earliestâ¢	You can write an email to[emailÂ protected]stating about your current and previous UANâ¢	EPFO will begin verification on the issue once it gets notified about the issueâ¢	Your previous UAN is then blocked and the existing UAN remains activeâ¢	After this, you have to submit a claim for transferring the EPF account (linked with the blocked UAN) to the new active account.This process can be time-consuming and the general resolution rate is said to be very low. Thus, EPFO has set up a new procedure which is expected to make things easier for a member. It will especially be helpful while merging two UANs and transferring EPF easily. Here is the new method which can be used by an employee with two UANs:Method 2â¢	After thorough identification, old UAN will be deactivated by EPFO once the transfer of the EPF to the new UAN is completeâ¢	Thus, the old UANs will be blocked automatically and an employeeâs previous member ID will be linked to the new or existing UANâ¢	SMS notification is sent for the deactivation to the employeeâs registered mobile numberâ¢	If the employee has been unable to activate his new UAN, he will be notified to activate it at the earliest to receive the status update of the accountâ¢	There could be instances where the employee gets PF arrears from the previous employer. In such situations, the arrear is credited to the new PF account which is linked with the new UAN.Advantages of UAN for EmployeesMinimum Employer Involvement in PF withdrawals:  With the presence of UAN, the employer involvement is significantly reduced since the PF accumulation from the old organization is auto-transferred to the new PF account after completion of KYC verification.No Need for Fund Transfer: An employee must furnish his UAN details and KYC to the new employer for transferring the old PF balance to the new PF account post verification.Manage via SMS Alerts: Employees will receive SMS as soon as a contribution is made by the employer towards PF. This is provided, the employee has registered on the UAN portal.How to use UAN for PF Transfer?The Employeesâ Provident Fund Organisation (EPFO) constantly takes several measures to make the operation of EPF accounts easier for both the employer and employees. To keep up with the technological advancements, EPFO is constantly striving towards streamlining of processes about online EPF. This is especially applicable to PF transfer and withdrawal of PF which are considered to be tedious and time-consuming processes.EPFO introduced Universal Account Number (UAN), which is the blanket number for multiple Member Ids given to an individual by various employers. UAN allows the linking of multiple EPF Accounts (Member Id) provided to a single EPF member. It offers a range of services such as dynamically updated UAN card, updated PF passbook including all transfer-in details, facility to link previous membersâ ID with present ID, monthly SMS regarding credit of contribution in PF account and facility for auto-triggering transfer request on change of employment.Till recently, PF transfer could be done online by going to the âOnline Transfer Claim Portalâ. However, with the introduction of UAN, the transfer process has been revised and shifted under the âunified portalâ. For online PF transfer, here are some of the important points to note:â¢	An EPF member must have activated his UAN on the UAN portal and the registered mobile number used for activation should be in an active state.â¢	The Bank account number and IFSC code of the employee's bank account must be updated against the UAN. Updated Aadhar number and PAN is not mandatory for PF transfer requests.â¢	The employer must approve the e-KYC for transfer to be executed.â¢	The previous/current employer must have digitally registered authorized signatories on EPFO portal.â¢	PF account number related to previous and current employment of an employee should be updated in EPFO database.â¢	Single transfer requests per member ID can be accepted.FAQs1. What if I have two UAN numbers? Does it impact my EPF balance or transfer in any way?Two different UAN numbers for one employee is not accepted and is against the rules. If you happen to change jobs and move between organizations, you must request for transfer of PF account at the earliest.2. What is the expected timeline for merging two EPF accounts?It normally takes around 20 days from the date of the request to transfer one EPF account to the other.3. Is Form 13 a prerequisite for UAN transfer?Employees working in the corporate sector are required to submit Form 13 for EPF transfer to their new PF account at the time of job change.4. How is Form 13 used?Form 13 is primarily used for the transfer of Provident Fund from one account to another. Employees have to submit this form to their employers, upon which, the latter have to verify and approve the details furnished.","Under the Employees Provident Fund Act 1952, employers are required to deposit contributions correctly, including to the Employees' Pension Scheme (EPS). The issue here is the employer's failure to deposit EPS contributions, which is affecting your ability to withdraw your provident fund. Legally, you can file a formal complaint with the Regional Provident Fund Commissioner under HKG::PROC_PF_COMPLAINT to expedite the correction process. Additionally, consider filing a Right to Information (RTI) application to obtain detailed status updates on your case. If these steps do not resolve the issue, approaching the Employee Provident Fund Appellate Tribunal may be necessary for further redress.",0.0,31.7201,19.8636,3.7634,17.0599,19.112,2.3992,27.1794,5.5395,1.634,0.6554,21.1501,51.7118,52.8759,83.8309
171,"Can I file a Writ of Certiorari at Calcutta High Court in Person against the Order of Officiating Chairperson and Member(A) of WBAT?  At present there is no judge in WBAT and no Division Bench. As a Petitioner in Person, I filed OA in WBAT.( Kolkata, West Bengal )",HKG::PGA_7 → HKG::ATA_19,HKG::PGA_7 → HKG::ATA_19 → HKG::labour_court → HKG::gratuity → HKG::PROC_GRATUITY_CLAIM → HKG::Administrative Tribunals Act 1985,"Sir 
My father worked in a co-op housing society as a guard  from the last 9-10 years.
In august month my father was on approved leave with application . but 3-4 days late due to illnesses . so society is not ready to continue to keep him on job as before .
Housing society terminates my father without notice and the secretary is saying you're not eligible for any gratuity  notice salary .
How will I get the full and final amount from This housing society?( Mumbai, Maharashtra )","My father worked as driver in KPTCL on 1994  he worked 5 days only then he will not reported to duty because of    he is suffering from health issue and then one year back 29/05/2018 my father is died  so that  we are eligible for taking job from compassionate ground or not . my father no given to resignation letter to department( Shimoga, Karnataka )","my father was an employee of a company and was entitled under EPF scheme. He dies in Jan,2008. My mother received his PF benefit in 2011, but my mother fell in Cancer disease in 2011 and repeatedly suffered many years, due to this we could not submit Pension Claim in 10D form to EPFO as on date. My father had no UAN no then. My question is that will my mother is eligible to submit 10D to get Family Pension from EPFO now. because now we are in very much financial  crisis.( Murshidabad, West Bengal )","Dear Client,The writ of certiorari can be applied by the parties aggrieved by a decision of a lower court or any other administrative body. The appellant who seeks the writ of certiorari must demonstrate that they have a direct and substantial interest in the case and that they have exhausted all available remedies within the lower courts before seeking review of a higher court.  A writ of certiorari is issued by the Supreme Court and High Court when a court, tribunal or officer has acted or passed an order without jurisdiction or in excess of judicial authority. If the order was against the principle of Natural Justice. If the order contains an error of judgment. The Supreme Court ruled that the certiorari can be issued even against administrative authorities affecting the rights of individuals. The procedure to file a writ of certiorari is similar to filing any writ petition which means, this writ can be filed either in the Supreme Court under Article 32 or in the High Court under Article 226 of the Constitution of India. A  writ of certiorari enables the higher courts to quash the decisions or orders of the lower courts or administrative bodies when they violate the principle of natural justice, make an error of law, or give conflicting decisions. By allowing the review of jurisdictional errors and errors of law, this writ upholds the principles of justice and ensures the proper interpretation and application of the law. Nothing prevents a person from filing a writ petition in the High Court in person. However, it would always be advisable to take legal advice before filing a writ petition in person.","A Writ of Certiorari can be filed at the Calcutta High Court to challenge the order of the West Bengal Administrative Tribunal (WBAT) when there is no available judge or Division Bench at the tribunal. Under Article 226 of the Constitution of India, the High Court has the power to issue writs to any person or authority, including in matters where there is a lack of an adequate remedy. Since you are acting as a Petitioner in Person, ensure that your petition clearly establishes the grounds for the writ, such as jurisdictional error or violation of natural justice. 

Next steps include drafting the writ petition with specific grounds and supporting documents, and filing it at the Calcutta High Court. Consider seeking assistance from the court’s legal aid services if needed to ensure proper procedural compliance.",3.7161,72.6326,19.8636,3.7634,17.0599,19.112,2.3992,27.1794,5.5395,1.634,0.6554,21.1501,51.7118,52.8759,83.8309
172,"Dear Team,

My previous employer has hold my 40 Days salary and refuse to provide reliving and experience Letter of 2.5 Years serving. I honestly work for company and gave outstanding result during my work tenure.

As per policy, the notice period was 2 Month or Notice pay. However, due to emergency and relocation i had to relieve in 30 days. which i had informed and approved in System as well as on Mail. Along with this i was ready to pay cost of my notice. Still they were forcing me to serve 2 month. Now they had blackmailed me that they will consider me as abscond. Kindly give guidance, what should i do?( Ahmedabad, Gujarat )",HKG::PGA_7 → HKG::ATA_19 → HKG::ICA_73,HKG::PGA_7 → HKG::ATA_19 → HKG::ICA_73 → HKG::Indian Contract Act 1872 → HKG::gratuity → HKG::PROC_GRATUITY_CLAIM → HKG::labour_court,"My father worked as driver in KPTCL on 1994  he worked 5 days only then he will not reported to duty because of    he is suffering from health issue and then one year back 29/05/2018 my father is died  so that  we are eligible for taking job from compassionate ground or not . my father no given to resignation letter to department( Shimoga, Karnataka )","Sir 
My father worked in a co-op housing society as a guard  from the last 9-10 years.
In august month my father was on approved leave with application . but 3-4 days late due to illnesses . so society is not ready to continue to keep him on job as before .
Housing society terminates my father without notice and the secretary is saying you're not eligible for any gratuity  notice salary .
How will I get the full and final amount from This housing society?( Mumbai, Maharashtra )","Namaste sir ,
I durgaprasad working as a grade 4 permanent govt employee in state government of andhrapradesh which is a non gazetted ... Sir iam b.tech graduate with good percentage and I cracked gate 2023 with 457 score ...I have a lot of chance in NIT college to pursue Mtech in my engineering stream ....
For that I asked my head of the department to permit to study.. and he said as per the cca and subordinate rules I have not permitted to study because  iam non gazetted post .. and also requested them to sanction loss of pay of my service for about 2year..for that they told me ,, u have no such option except the government allows to u to study with special G.O ,, that is a huge process and may not be my favour ...and now iam thinking to study my mtech and success in my career I would abscond from service without intimating them ...sir is it a good move?? Or else you please give suggestions how to study my mtech without losing my current govt job with loss of my pay ... Pls provide the suggestions..  is my contact number ..sir iam from poor family with big dreams to study and my job is very lower cadre even I have chances to go mtech my family problems strucking me  I don't want to loose my hard earned job for m tech and also I don't want to loose my hard earned prestigious Gate rank for IIT and NIts  for my low cadre job .I need both for safety purposes
Kindly provide best suggestion which is even favourable infront of courts also I mean as per legally correct one ..
Thank you sir and pls do needful( Srikakulam, Andhra Pradesh )","Dear Client,Your situation appears to involve victimization and unfair labor practices by the company. Upon tendering your resignation in accordance with the terms of the offer or appointment letter, the employer is generally not permitted to withhold relieving letters, experience certificates, or Full and Final (F & F) settlement dues without valid reasons, especially when there is a buy policy for the notice period.To address this, it is recommended to serve a legal notice expressing your objection to the arbitrary actions of the employer. If you fall under the category of a workman as defined in Section 2(s) of the Industrial Dispute Act, and your grievance remains unresolved, you can file a complaint with the office of the concerned Labour Commissioner. Simultaneously, you may file an application under Section 33C(2) of the Industrial Dispute Act before the relevant Labour Court, claiming your F & F settlement dues within one year from the date they became due.However, if you hold the position of Manager/Supervisor, you will need to file a civil suit in the Civil Court for appropriate relief. Consider reaching out to our legal team for paid services to ensure the proper resolution of the issue.","Under the Indian Contract Act, 1872, an employer cannot unilaterally withhold an employee's salary without legal justification, especially if the employee has offered to pay for the notice period shortfall. Since you have documented approval for a 30-day notice period via email and system records, this may support your claim that the employer agreed to your terms. You can file a complaint with the Labour Commissioner in Ahmedabad, as they can mediate disputes related to unpaid wages and employment terms.

Legally, the employer cannot label you as ""absconding"" if you have communicated and received approval for your early departure. Collect all relevant communications and documents as evidence. If the issue persists, consider filing a suit for recovery of dues in the appropriate labour court.",5.3198,59.5116,19.8636,3.7634,17.0599,19.112,2.3992,27.1794,5.5395,1.634,0.6554,21.1501,51.7118,52.8759,83.8309
173,"I have done bsc-it from eiilm University in jan11-dec11. When I applied for migration then University did not deposit any previous t.c. and migration of 12th. After this I used this migration in shobhit University for bsc-it migration. Is there any problem regarding migration?( Bundi, Rajasthan )",PC::Employee Resigned from Previous University → PC::Respondents Applied for Recruitment → PC::University Became Deemed University → PC::Employee Applied for Voluntary Retirement,PC::Employee Resigned from Previous University → PC::Respondents Applied for Recruitment → PC::University Became Deemed University → PC::Employee Applied for Voluntary Retirement → PC::Employee Completed 13 Years of Service → PC::Employee Worked Only 36 Days During Disputed Period → PC::Statute 61 6 v of Aligarh Muslim University → PC::Voluntary Retirement Scheme 2000,"Sir 
My father worked in a co-op housing society as a guard  from the last 9-10 years.
In august month my father was on approved leave with application . but 3-4 days late due to illnesses . so society is not ready to continue to keep him on job as before .
Housing society terminates my father without notice and the secretary is saying you're not eligible for any gratuity  notice salary .
How will I get the full and final amount from This housing society?( Mumbai, Maharashtra )","My father worked as driver in KPTCL on 1994  he worked 5 days only then he will not reported to duty because of    he is suffering from health issue and then one year back 29/05/2018 my father is died  so that  we are eligible for taking job from compassionate ground or not . my father no given to resignation letter to department( Shimoga, Karnataka )","my father was an employee of a company and was entitled under EPF scheme. He dies in Jan,2008. My mother received his PF benefit in 2011, but my mother fell in Cancer disease in 2011 and repeatedly suffered many years, due to this we could not submit Pension Claim in 10D form to EPFO as on date. My father had no UAN no then. My question is that will my mother is eligible to submit 10D to get Family Pension from EPFO now. because now we are in very much financial  crisis.( Murshidabad, West Bengal )","Dear Sir,There will be no problem.","The primary legal issue is whether the migration certificate from EIILM University used for admission to Shobhit University is valid, given the lack of deposit of previous transfer certificates. Under the UGC guidelines, universities must ensure that students provide authentic and complete documentation for admissions. If EIILM University did not require the previous T.C. and migration certificate, it might raise questions about the authenticity or completeness of your records.

Legally, you cannot use incomplete or improper documentation for university admissions, as it could lead to invalidation of your enrollment or degree. To rectify this, contact EIILM University to obtain the necessary documents or confirm the validity of the issued migration certificate. Additionally, consult Shobhit University to ensure your enrollment status is not jeopardized by any documentation issues.",0.2971,33.4821,19.8636,3.7634,17.0599,19.112,2.3992,27.1794,5.5395,1.634,0.6554,21.1501,51.7118,52.8759,83.8309
174,"There is an exam conducted by UPSC name ""Combined geoscientist examination."". Before 2021 there was a degree in notification mentioned named M.tech geological technology. After 2021 notification, the degree is removed. I have done M.tech geological technology just to appear in exam, Now what I can do. Before removing degree there was no prior notice to tell the degree will be removed or why it is removed.( Jaipur, Rajasthan )",PC::No Prior Notice or Hearing Before Termination → PC::Defendant Failed to Appear in Court → PC::No Prior Notice Given for Dismissal → PC::Right of Individual Employees to Appear in Proceedings,"PC::No Prior Notice or Hearing Before Termination → PC::Defendant Failed to Appear in Court → PC::No Prior Notice Given for Dismissal → PC::Right of Individual Employees to Appear in Proceedings → PC::Section 80 of the Bombay Industrial Relations Act, 1946 → PC::High Court Found Termination Arbitrary → PC::Guidelines for Evaluation of Examination Not Followed → PC::Ex-parte Decree Passed Against Defendant","Sir 
My father worked in a co-op housing society as a guard  from the last 9-10 years.
In august month my father was on approved leave with application . but 3-4 days late due to illnesses . so society is not ready to continue to keep him on job as before .
Housing society terminates my father without notice and the secretary is saying you're not eligible for any gratuity  notice salary .
How will I get the full and final amount from This housing society?( Mumbai, Maharashtra )","My father worked as driver in KPTCL on 1994  he worked 5 days only then he will not reported to duty because of    he is suffering from health issue and then one year back 29/05/2018 my father is died  so that  we are eligible for taking job from compassionate ground or not . my father no given to resignation letter to department( Shimoga, Karnataka )","my father was an employee of a company and was entitled under EPF scheme. He dies in Jan,2008. My mother received his PF benefit in 2011, but my mother fell in Cancer disease in 2011 and repeatedly suffered many years, due to this we could not submit Pension Claim in 10D form to EPFO as on date. My father had no UAN no then. My question is that will my mother is eligible to submit 10D to get Family Pension from EPFO now. because now we are in very much financial  crisis.( Murshidabad, West Bengal )","Dear Client,Inclusion or exclusion of any academic qualification for any exams is a prerogative of the concerned authority and such a modification is circulated through selected news agencies for wide circulation. A university degree is not treated as undervalued or derecognized for changing the criteria of eligibility conditions by the examining authority. So you need not be depressed. Your scope for application to jobs commensurate with your qualification is still exist and and try whenever such scope comes next.","The primary legal issue is whether the removal of the M.Tech Geological Technology degree from the eligibility criteria for the UPSC Combined Geoscientist Examination without prior notice constitutes a violation of procedural fairness. The principle of natural justice, which includes the right to prior notice and a fair hearing, may apply here. However, courts typically grant administrative bodies like UPSC broad discretion in setting eligibility criteria unless there is evidence of arbitrariness or discrimination.

You may consider filing a writ petition in the High Court challenging the change in eligibility criteria on grounds of arbitrariness, as seen in cases where courts have intervened when administrative decisions lacked transparency or fairness. Gather evidence showing reliance on the previous eligibility criteria and any adverse impacts due to the change. Consult with a lawyer to assess the strength of your case and to proceed with drafting the petition.",0.8874,47.4738,19.8636,3.7634,17.0599,19.112,2.3992,27.1794,5.5395,1.634,0.6554,21.1501,51.7118,52.8759,83.8309
175,"Sir,
My father has  BC (backward Class) certificate issued by Punjab .he used to live in Ferozpur Distt..But then in 1985 He Got Posted in Chandigarh In punjab Govt as employee... Now My entire family is living here in chandigarh since 1985... we the kids have got OBC certificate issued By SDM chandigarh ...My caste comes Both In central As well as Punjab State list............ Now I want to apply for a job At punjab public service commision.. under Punjab BC (punjab) Category........here They ask for domicile Certificate of punjab too......I want to know can I avail The reservation in punjab govt?.....My father is still in service with punjab govt at chandigarh.....I just have adhaar and pan card as residence proof......No one in the family has domicile certificate of Chandigarh......( Chandigarh, Chandigarh )",PC::Regularisation Certificate Issued by MCD → PC::Birth Certificate Issued by Municipal Corporation → PC::Caste Certificate Issued for Election → PC::Caste Certificate Issued After Election,PC::Regularisation Certificate Issued by MCD → PC::Birth Certificate Issued by Municipal Corporation → PC::Caste Certificate Issued for Election → PC::Caste Certificate Issued After Election → PC::Disputed Caste Status of Appellant → PC::Employee Terminated Based on Incorrect Date of Birth → PC::Articles 226 and 227 of the Constitution of India → PC::High Court Found Dismissal Invalid,"Sir 
My father worked in a co-op housing society as a guard  from the last 9-10 years.
In august month my father was on approved leave with application . but 3-4 days late due to illnesses . so society is not ready to continue to keep him on job as before .
Housing society terminates my father without notice and the secretary is saying you're not eligible for any gratuity  notice salary .
How will I get the full and final amount from This housing society?( Mumbai, Maharashtra )","My father worked as driver in KPTCL on 1994  he worked 5 days only then he will not reported to duty because of    he is suffering from health issue and then one year back 29/05/2018 my father is died  so that  we are eligible for taking job from compassionate ground or not . my father no given to resignation letter to department( Shimoga, Karnataka )","my father was an employee of a company and was entitled under EPF scheme. He dies in Jan,2008. My mother received his PF benefit in 2011, but my mother fell in Cancer disease in 2011 and repeatedly suffered many years, due to this we could not submit Pension Claim in 10D form to EPFO as on date. My father had no UAN no then. My question is that will my mother is eligible to submit 10D to get Family Pension from EPFO now. because now we are in very much financial  crisis.( Murshidabad, West Bengal )",Dear Sir/madamPlease visit DC/ SDM office and submit the ID and address proof along with the application ( kindly mention the purpose of the certificate as Job). They may issue the same in 7-10 working days.,"To avail reservation under the Punjab BC category for a job at the Punjab Public Service Commission, a domicile certificate from Punjab is required. According to the Punjab Government's domicile rules, you must establish a permanent residence in Punjab to be eligible for a domicile certificate. Since your family has been residing in Chandigarh since 1985, you may not qualify for a Punjab domicile certificate unless you can establish permanent residence in Punjab.

To proceed, consider relocating to Punjab to establish residency, or consult with the local authorities in Punjab about any specific provisions or exceptions that may apply to your situation. Additionally, review the Punjab Government's guidelines on domicile certificates for any recent changes or exceptions.",0.8561,46.647,19.8636,3.7634,17.0599,19.112,2.3992,27.1794,5.5395,1.634,0.6554,21.1501,51.7118,52.8759,83.8309
176,"Hi
I have sent a legal notice to my employer but no response from them.
Usually how long does an employer takes to settle payment.
If they didn't respond, how do I proceed further?

Thanks in advance( Bangalore, Karnataka )",HKG::PGA_7 → HKG::ATA_19,HKG::PGA_7 → HKG::ATA_19 → HKG::labour_court → HKG::PROC_GRATUITY_CLAIM → HKG::gratuity → HKG::Administrative Tribunals Act 1985,"Sir 
My father worked in a co-op housing society as a guard  from the last 9-10 years.
In august month my father was on approved leave with application . but 3-4 days late due to illnesses . so society is not ready to continue to keep him on job as before .
Housing society terminates my father without notice and the secretary is saying you're not eligible for any gratuity  notice salary .
How will I get the full and final amount from This housing society?( Mumbai, Maharashtra )","My father worked as driver in KPTCL on 1994  he worked 5 days only then he will not reported to duty because of    he is suffering from health issue and then one year back 29/05/2018 my father is died  so that  we are eligible for taking job from compassionate ground or not . my father no given to resignation letter to department( Shimoga, Karnataka )","my father was an employee of a company and was entitled under EPF scheme. He dies in Jan,2008. My mother received his PF benefit in 2011, but my mother fell in Cancer disease in 2011 and repeatedly suffered many years, due to this we could not submit Pension Claim in 10D form to EPFO as on date. My father had no UAN no then. My question is that will my mother is eligible to submit 10D to get Family Pension from EPFO now. because now we are in very much financial  crisis.( Murshidabad, West Bengal )","If you fall under the Industrial Disputes Act, you need to approach the Labour Court by filing a C. P. If you are a Govt. employee, you can file an O. A. If you don't fall under any of these, you have to file a civil Suit.","Under the Payment of Wages Act, 1936, an employer is required to pay wages within a specified time frame, typically within seven days after the end of the wage period. If your employer has not responded to your legal notice, you can file a complaint with the Labour Commissioner or approach the Labour Court for redress. You can also consider filing a suit for recovery of dues under the Industrial Disputes Act, 1947, if applicable. Gather all relevant documentation, such as employment contracts and proof of unpaid wages, to support your claim.",10.9179,53.7623,19.8636,3.7634,17.0599,19.112,2.3992,27.1794,5.5395,1.634,0.6554,21.1501,51.7118,52.8759,83.8309
177,"I'm contractual employee in PSU since 2013, for 3 years I was direct contractual employee thereafter they have third party outsourced & also reduce the salary 1/3 of the joining salary 2013. I have given my 8.5 years to this PSU what should I do now.( Delhi, Delhi )",HKG::ICA_73,HKG::ICA_73 → HKG::wages → HKG::Indian Contract Act 1872 → HKG::employment_bond → HKG::Q_864,"Sir 
My father worked in a co-op housing society as a guard  from the last 9-10 years.
In august month my father was on approved leave with application . but 3-4 days late due to illnesses . so society is not ready to continue to keep him on job as before .
Housing society terminates my father without notice and the secretary is saying you're not eligible for any gratuity  notice salary .
How will I get the full and final amount from This housing society?( Mumbai, Maharashtra )","My father worked as driver in KPTCL on 1994  he worked 5 days only then he will not reported to duty because of    he is suffering from health issue and then one year back 29/05/2018 my father is died  so that  we are eligible for taking job from compassionate ground or not . my father no given to resignation letter to department( Shimoga, Karnataka )","my father was an employee of a company and was entitled under EPF scheme. He dies in Jan,2008. My mother received his PF benefit in 2011, but my mother fell in Cancer disease in 2011 and repeatedly suffered many years, due to this we could not submit Pension Claim in 10D form to EPFO as on date. My father had no UAN no then. My question is that will my mother is eligible to submit 10D to get Family Pension from EPFO now. because now we are in very much financial  crisis.( Murshidabad, West Bengal )","A.Dear Sir,You have to approach Labor Court and it is better to approach through your labor Union if any. You may seek enhancement of salary and also may try for regularization of your services.I could have explained more if background is known to me.","The primary legal issue here is the reduction of salary and the change in employment terms due to outsourcing, which may involve a breach of contract or violation of labor laws. Under the Indian Contract Act, 1872, any unilateral change in contract terms, such as salary reduction, without mutual consent, can be contested. Furthermore, as per the Industrial Disputes Act, 1947, if you are classified as a ""workman,"" you may have grounds to challenge the reduction in salary and outsourcing if it amounts to unfair labor practice.

You can file a complaint with the labor commissioner or approach the Industrial Tribunal for redressal. Collect all employment records, including the original contract, salary slips, and any communication regarding the outsourcing decision, to support your case.",1.7415,65.7338,19.8636,3.7634,17.0599,19.112,2.3992,27.1794,5.5395,1.634,0.6554,21.1501,51.7118,52.8759,83.8309
178,"I was working a Pvt Ltd Company in New delhi From 30/09/2019 , company not paid me my salary from Month of Dec-19 to April-20 , when i asked him for pay overdue salary then he give me termination without any reason on mail in 15th March . the company give me time for 30th April, how many reminder i send to company HR Manager & CEO but they are not give me my period salary .  in Last meeting with Company CEO then he wants give me my salary till Feb-20 , he give me NOC for sign , but i tell him its not except , Company don't want give me my 5 months overdue salary, please suggest what can i do against this company.( Ghaziabad, Uttar Pradesh )",HKG::ICA_73,HKG::ICA_73 → HKG::employment_bond → HKG::wages → HKG::Indian Contract Act 1872 → HKG::Q_864,"My father worked as driver in KPTCL on 1994  he worked 5 days only then he will not reported to duty because of    he is suffering from health issue and then one year back 29/05/2018 my father is died  so that  we are eligible for taking job from compassionate ground or not . my father no given to resignation letter to department( Shimoga, Karnataka )","Sir 
My father worked in a co-op housing society as a guard  from the last 9-10 years.
In august month my father was on approved leave with application . but 3-4 days late due to illnesses . so society is not ready to continue to keep him on job as before .
Housing society terminates my father without notice and the secretary is saying you're not eligible for any gratuity  notice salary .
How will I get the full and final amount from This housing society?( Mumbai, Maharashtra )","my father was an employee of a company and was entitled under EPF scheme. He dies in Jan,2008. My mother received his PF benefit in 2011, but my mother fell in Cancer disease in 2011 and repeatedly suffered many years, due to this we could not submit Pension Claim in 10D form to EPFO as on date. My father had no UAN no then. My question is that will my mother is eligible to submit 10D to get Family Pension from EPFO now. because now we are in very much financial  crisis.( Murshidabad, West Bengal )",Dear SirGet issue a legal notice on the basis of central government. covid basis labor department circulars .,"The primary legal issue here is the non-payment of wages, which is governed by the Payment of Wages Act, 1936. Under this Act, an employee has the right to receive timely and full payment of wages for work performed. Since the company has failed to pay your wages from December 2019 to April 2020, you can file a complaint with the Labour Commissioner in Ghaziabad, Uttar Pradesh, to seek redressal.

You should document all communications with the company regarding your salary and termination. If the Labour Commissioner's intervention does not resolve the issue, you may consider filing a civil suit for recovery of dues. Additionally, signing a No Objection Certificate (NOC) without receiving full payment is not advisable, as it may waive your right to claim the remaining dues.",0.398,51.1357,19.8636,3.7634,17.0599,19.112,2.3992,27.1794,5.5395,1.634,0.6554,21.1501,51.7118,52.8759,83.8309
179,"company is telling me to resign &amp; get a two month notice period only for cross cutting 
company is limited company &amp; listed in stock market( Mumbai suburban, Maharashtra )",HKG::IDA_2A → HKG::ESI_73 → HKG::PGA_7 → HKG::ATA_19,HKG::IDA_2A → HKG::ESI_73 → HKG::PGA_7 → HKG::ATA_19 → HKG::labour_court → HKG::gratuity → HKG::PROC_GRATUITY_CLAIM → HKG::Administrative Tribunals Act 1985,"Sir 
My father worked in a co-op housing society as a guard  from the last 9-10 years.
In august month my father was on approved leave with application . but 3-4 days late due to illnesses . so society is not ready to continue to keep him on job as before .
Housing society terminates my father without notice and the secretary is saying you're not eligible for any gratuity  notice salary .
How will I get the full and final amount from This housing society?( Mumbai, Maharashtra )","My father worked as driver in KPTCL on 1994  he worked 5 days only then he will not reported to duty because of    he is suffering from health issue and then one year back 29/05/2018 my father is died  so that  we are eligible for taking job from compassionate ground or not . my father no given to resignation letter to department( Shimoga, Karnataka )","my father was an employee of a company and was entitled under EPF scheme. He dies in Jan,2008. My mother received his PF benefit in 2011, but my mother fell in Cancer disease in 2011 and repeatedly suffered many years, due to this we could not submit Pension Claim in 10D form to EPFO as on date. My father had no UAN no then. My question is that will my mother is eligible to submit 10D to get Family Pension from EPFO now. because now we are in very much financial  crisis.( Murshidabad, West Bengal )","Dear Client,If you joined the Company with an offer letter go through the conditions of said offer letter that govern the relationship between an employer and employee. In case there is a stipulation like either party can terminate the contract or job should serve 60 days notice period in lieu of notice pay. Then you need to serve 60 days notice period at the time of tendering your resignation to avail the settlement benefits and relieving letter from the Company.  If an employee is terminated by the Company it becomes a stigma that adversely affects the service career of the employee, So, normally, when your service is not required by the Company, they call the employee for submission of resignation following the notice period.","Under the Industrial Disputes Act, 1947, if the company is forcing you to resign, it may constitute constructive dismissal, which is illegal. You are not obligated to resign if you do not wish to, and the company cannot legally compel you to do so. If terminated, you may be entitled to severance pay and other benefits as per the terms of your employment contract and applicable labor laws.

Next steps: Document all communications with the company regarding the resignation request. Consider filing a complaint with the Labour Commissioner or seeking redress through the labour court if you face undue pressure to resign.",1.318,50.8348,19.8636,3.7634,17.0599,19.112,2.3992,27.1794,5.5395,1.634,0.6554,21.1501,51.7118,52.8759,83.8309
180,"DOES SOFTWARE COMPANIES REGISTERED UNDER MSME D CATEGORY INDUSTRIAL DISPUTE ACT OF PUNJAB DOES NOT APPLY( Rupnagar, Punjab )",HKG::ICA_73,HKG::ICA_73 → HKG::employment_bond → HKG::wages → HKG::Indian Contract Act 1872 → HKG::Q_864,"Sir 
My father worked in a co-op housing society as a guard  from the last 9-10 years.
In august month my father was on approved leave with application . but 3-4 days late due to illnesses . so society is not ready to continue to keep him on job as before .
Housing society terminates my father without notice and the secretary is saying you're not eligible for any gratuity  notice salary .
How will I get the full and final amount from This housing society?( Mumbai, Maharashtra )","My father worked as driver in KPTCL on 1994  he worked 5 days only then he will not reported to duty because of    he is suffering from health issue and then one year back 29/05/2018 my father is died  so that  we are eligible for taking job from compassionate ground or not . my father no given to resignation letter to department( Shimoga, Karnataka )","my father was an employee of a company and was entitled under EPF scheme. He dies in Jan,2008. My mother received his PF benefit in 2011, but my mother fell in Cancer disease in 2011 and repeatedly suffered many years, due to this we could not submit Pension Claim in 10D form to EPFO as on date. My father had no UAN no then. My question is that will my mother is eligible to submit 10D to get Family Pension from EPFO now. because now we are in very much financial  crisis.( Murshidabad, West Bengal )","Industrial Dispute Act applies to small level employees, whose salary below 15,000 p.m only. Most of the Software Developers will get above this, so You cannot file in Industrial Dispute Act, but you have other options to file a case.","The Industrial Disputes Act, 1947 applies to all industries, including software companies, unless specifically exempted by a state government notification. In Punjab, there is no blanket exemption for software companies under the Act. Therefore, software companies registered under MSME D category in Punjab are subject to the provisions of the Industrial Disputes Act, 1947.

The user can ensure compliance with the Act by addressing issues related to employment terms, dispute resolution, and retrenchment procedures as outlined in the Act. It is advisable to consult with a labor law expert to ensure that all employment practices align with the Act's requirements and to handle any disputes that arise in accordance with the legal framework.",1.2763,66.3599,19.8636,3.7634,17.0599,19.112,2.3992,27.1794,5.5395,1.634,0.6554,21.1501,51.7118,52.8759,83.8309
181,"I had appointed for group B regular post in Central govt dept with 2 years probation. After 10 and half month service I resigned from my service for some personal reasons. Within 90 days of my reliving I applied for withdrawal of my resignation. But the dept denied my request on the grounds that I was on probation hence can't withdraw my resignation. I want to file a case against them.( Chandigarh, Chandigarh )",PC::Employee Appointed on Probation → PC::Employee Resigned After 10 Years of Service → PC::Employee on Probation → PC::Request for Withdrawal of Re-engagement Denied,"PC::Employee Appointed on Probation → PC::Employee Resigned After 10 Years of Service → PC::Employee on Probation → PC::Request for Withdrawal of Re-engagement Denied → PC::Navy Act, 1957 → PC::Employee Received Warning for Defects → PC::Employee Discharged from Service → PC::High Court Found Discharge Violated Article 311(2)","Sir 
My father worked in a co-op housing society as a guard  from the last 9-10 years.
In august month my father was on approved leave with application . but 3-4 days late due to illnesses . so society is not ready to continue to keep him on job as before .
Housing society terminates my father without notice and the secretary is saying you're not eligible for any gratuity  notice salary .
How will I get the full and final amount from This housing society?( Mumbai, Maharashtra )","My father worked as driver in KPTCL on 1994  he worked 5 days only then he will not reported to duty because of    he is suffering from health issue and then one year back 29/05/2018 my father is died  so that  we are eligible for taking job from compassionate ground or not . my father no given to resignation letter to department( Shimoga, Karnataka )","my father was an employee of a company and was entitled under EPF scheme. He dies in Jan,2008. My mother received his PF benefit in 2011, but my mother fell in Cancer disease in 2011 and repeatedly suffered many years, due to this we could not submit Pension Claim in 10D form to EPFO as on date. My father had no UAN no then. My question is that will my mother is eligible to submit 10D to get Family Pension from EPFO now. because now we are in very much financial  crisis.( Murshidabad, West Bengal )","Dear Client,Employees can quit during the probation period, depending on company policies and their terms of employment. In the absence of a policy for the revocation, resignation once accepted cannot be revoked or withdrawn even if a probationer tenders his or her resignation during the probationary period.  Be informed that recruitment, promotion, transfer, placement, etc., are the prerogatives of the management/establishment, strictly followed based on an established HR policy. Only in case of deviation/discrimination/mala fide in the HR policy or rules, if it appears on the face of the record, the Tribunal(CAT) or High Court may entertain an appeal/petition challenging the well-established policy of the organization. Otherwise, a petition may be rejected at the stage of admission by the CAT or High Court for lack of merit. Hence, it is suggested to consult with an Advocate experienced in CAT/SAT matters for tailored advice to navigate the issue in the right way.","Under Indian law, an employee on probation does not have an absolute right to withdraw a resignation once it has been accepted by the employer. The key legal issue here is whether the department's refusal to allow withdrawal of resignation violates any statutory or constitutional provisions. The denial of withdrawal is generally permissible unless it violates principles of natural justice or any specific terms of employment.

The user can file a writ petition in the High Court under Article 226 of the Constitution of India, challenging the department's decision if it can be shown that the decision was arbitrary or violated principles of natural justice. However, if the terms of employment or any relevant service rules explicitly state that a probationer cannot withdraw a resignation once accepted, the court may uphold the department's decision.

Next steps include reviewing the specific terms of employment and any applicable service rules or departmental guidelines regarding resignation and withdrawal during probation. If grounds for arbitrariness or violation of rights are found, proceed with filing a writ petition in the High Court.",4.1985,70.7312,19.8636,3.7634,17.0599,19.112,2.3992,27.1794,5.5395,1.634,0.6554,21.1501,51.7118,52.8759,83.8309
182,"I have completed 5 days working (Mon-Fri), now my manager is asking me to do overtime on Saturday which i do not want to do. Moreover i am also not getting my week off swapped.

How to tackle this situation. Is there any legal answer for this which i can give if they force me?( Aligarh, Uttar Pradesh )",HKG::FA_59,"HKG::FA_59 → HKG::overtime → HKG::Factories Act 1948 → HKG::PROC_OVERTIME_CLAIM → PC::Factories Act, 1948","Sir 
My father worked in a co-op housing society as a guard  from the last 9-10 years.
In august month my father was on approved leave with application . but 3-4 days late due to illnesses . so society is not ready to continue to keep him on job as before .
Housing society terminates my father without notice and the secretary is saying you're not eligible for any gratuity  notice salary .
How will I get the full and final amount from This housing society?( Mumbai, Maharashtra )","My father worked as driver in KPTCL on 1994  he worked 5 days only then he will not reported to duty because of    he is suffering from health issue and then one year back 29/05/2018 my father is died  so that  we are eligible for taking job from compassionate ground or not . my father no given to resignation letter to department( Shimoga, Karnataka )","my father was an employee of a company and was entitled under EPF scheme. He dies in Jan,2008. My mother received his PF benefit in 2011, but my mother fell in Cancer disease in 2011 and repeatedly suffered many years, due to this we could not submit Pension Claim in 10D form to EPFO as on date. My father had no UAN no then. My question is that will my mother is eligible to submit 10D to get Family Pension from EPFO now. because now we are in very much financial  crisis.( Murshidabad, West Bengal )","HelloAs per the Factories Act 1948, every adult (a person who has completed 18 years of age) cannot work for more than 48 hours in a week and not more than 9 hours in a day. According to Section 51 of the Act, the spread over should not exceed 10-1/2 hours.If you manager is asking you to do more work then you could file a complaint against him the labour commissioner office.ThanksIf you find this advice helpful please rate.","Under the Factories Act, 1948, which applies to factories and certain establishments, employees cannot be compelled to work overtime without their consent. Additionally, Section 59 of the Act mandates that if overtime is worked, it must be compensated at twice the ordinary rate of wages. If your workplace qualifies under this Act, you cannot be forced to work overtime without agreement, and you are entitled to appropriate compensation if you do agree.

To address this situation, inform your manager that you are aware of your rights under the Factories Act, 1948, and that you do not consent to work overtime without proper compensation. If the issue persists, consider filing a complaint with the local labor commissioner or relevant authorities to ensure your rights are protected.",2.9735,57.9349,19.8636,3.7634,17.0599,19.112,2.3992,27.1794,5.5395,1.634,0.6554,21.1501,51.7118,52.8759,83.8309
183,"i resignd after performing duty for 356 days in last FY22-23. while variable pay not given to me on pro rata basis. while company pays variable pay to (1) employees who joins mid FY and continue (2) employees who switches job in mid of FY from company to other company of same business group (3) and retiring employees mid of FY. Employe say you are not eligible hence you will not be paid. they follow different rule for outgoing employee. Kindly advice( Gautam Buddha Nagar, Uttar Pradesh )",HKG::PGA_7 → HKG::ATA_19,HKG::PGA_7 → HKG::ATA_19 → HKG::labour_court → HKG::PROC_GRATUITY_CLAIM → HKG::gratuity → HKG::Administrative Tribunals Act 1985,"Namaste sir ,
I durgaprasad working as a grade 4 permanent govt employee in state government of andhrapradesh which is a non gazetted ... Sir iam b.tech graduate with good percentage and I cracked gate 2023 with 457 score ...I have a lot of chance in NIT college to pursue Mtech in my engineering stream ....
For that I asked my head of the department to permit to study.. and he said as per the cca and subordinate rules I have not permitted to study because  iam non gazetted post .. and also requested them to sanction loss of pay of my service for about 2year..for that they told me ,, u have no such option except the government allows to u to study with special G.O ,, that is a huge process and may not be my favour ...and now iam thinking to study my mtech and success in my career I would abscond from service without intimating them ...sir is it a good move?? Or else you please give suggestions how to study my mtech without losing my current govt job with loss of my pay ... Pls provide the suggestions..  is my contact number ..sir iam from poor family with big dreams to study and my job is very lower cadre even I have chances to go mtech my family problems strucking me  I don't want to loose my hard earned job for m tech and also I don't want to loose my hard earned prestigious Gate rank for IIT and NIts  for my low cadre job .I need both for safety purposes
Kindly provide best suggestion which is even favourable infront of courts also I mean as per legally correct one ..
Thank you sir and pls do needful( Srikakulam, Andhra Pradesh )","Sir 
My father worked in a co-op housing society as a guard  from the last 9-10 years.
In august month my father was on approved leave with application . but 3-4 days late due to illnesses . so society is not ready to continue to keep him on job as before .
Housing society terminates my father without notice and the secretary is saying you're not eligible for any gratuity  notice salary .
How will I get the full and final amount from This housing society?( Mumbai, Maharashtra )","My father worked as driver in KPTCL on 1994  he worked 5 days only then he will not reported to duty because of    he is suffering from health issue and then one year back 29/05/2018 my father is died  so that  we are eligible for taking job from compassionate ground or not . my father no given to resignation letter to department( Shimoga, Karnataka )","Dear Client,Any discrimination or discrepancy on the part of the employer in the governing rules applicable to the same set or category of employees amounted to unfair labour practices that deserve litigation to resolve. So, in the prevailing situation, if you are not holding the position of Manager/Supervisor but a workman as defined u/s.2(s) of the Industrial Dispute Act then after serving a legal notice to the Company, reach out to the office of the Labour Commissioner concerned for filing a complaint against the Company over alleged unfair labour practices before the Central Govt. Industrial Tribunal or State Industrial Tribunal depending upon the class/sector of establishment you belong to. Apart you can also file an application u/s.33C(2) of the I D Act before the concerned Labour Court claiming F & F settlement dues from your employer. Otherwise, you have to file a civil suit against the company for recovery of your dues and appropriate relief. In case you need any assistance in the matter of drafting the complaint or raising a dispute under I D Act before the Industrial Tribunal you may contact our legal team with the relevant papers.","The key legal issue here is whether the employer's refusal to pay variable pay on a pro-rata basis constitutes unfair treatment or breach of contract. Under the Payment of Bonus Act, 1965, and principles of equity, employees should be treated consistently unless there is a valid, documented policy justifying different treatment. If the company has a policy that discriminates against certain outgoing employees without a reasonable basis, it may be challenged.

The user can request a written explanation from the employer detailing the policy and the rationale for the differential treatment. If the response is unsatisfactory or not forthcoming, the user may consider filing a complaint with the local labor commissioner or pursuing a claim in the labor court for unfair labor practices.",1.4238,45.2454,19.8636,3.7634,17.0599,19.112,2.3992,27.1794,5.5395,1.634,0.6554,21.1501,51.7118,52.8759,83.8309
184,"I work in a co-operative society, and reside with my husband in a Govt Quarter. As a resident of our quarter got infected with covid, our house got sealed for 14 days. I have informed my organisation on time with all documents, but they deducted my salary for the quarantine period. 
I want to know, who to ask for compensation, my organisation or the Govt Company due to whom I got quarantined. and under which acts and sections( Midnapore, West Bengal )",HKG::PGA_7 → HKG::ATA_19 → HKG::ICA_73,HKG::PGA_7 → HKG::ATA_19 → HKG::ICA_73 → HKG::employment_bond → HKG::gratuity → HKG::PROC_GRATUITY_CLAIM → HKG::labour_court,"My father worked as driver in KPTCL on 1994  he worked 5 days only then he will not reported to duty because of    he is suffering from health issue and then one year back 29/05/2018 my father is died  so that  we are eligible for taking job from compassionate ground or not . my father no given to resignation letter to department( Shimoga, Karnataka )","Sir 
My father worked in a co-op housing society as a guard  from the last 9-10 years.
In august month my father was on approved leave with application . but 3-4 days late due to illnesses . so society is not ready to continue to keep him on job as before .
Housing society terminates my father without notice and the secretary is saying you're not eligible for any gratuity  notice salary .
How will I get the full and final amount from This housing society?( Mumbai, Maharashtra )","my father was an employee of a company and was entitled under EPF scheme. He dies in Jan,2008. My mother received his PF benefit in 2011, but my mother fell in Cancer disease in 2011 and repeatedly suffered many years, due to this we could not submit Pension Claim in 10D form to EPFO as on date. My father had no UAN no then. My question is that will my mother is eligible to submit 10D to get Family Pension from EPFO now. because now we are in very much financial  crisis.( Murshidabad, West Bengal )",You should approach Labour Commissioner of your local jurisdiction and seek relief against the Organization which has cut your salary as covid 19 is not man made or intentional disruption. Its beyond control of you.,"The primary legal issue is whether the salary deduction during quarantine was lawful. Under the West Bengal Shops and Establishments Act, employees are entitled to certain protections, but this act may not apply to cooperative societies unless they are considered commercial establishments. The organization is likely not obligated to compensate for quarantine unless there is a specific policy or agreement in place that covers such situations.

The government company is not liable for compensation as the quarantine order is a public health measure. The user can file a grievance with the cooperative society if there's an internal policy violation or consult the local labor court for further guidance on employment rights. Reviewing the employment contract for any clauses related to leave and quarantine is advisable.",0.8041,46.3647,19.8636,3.7634,17.0599,19.112,2.3992,27.1794,5.5395,1.634,0.6554,21.1501,51.7118,52.8759,83.8309
185,"hi all , i am working in a company where the notice period is 6 months , but i got an offer and the joining time is 2 months , how to deal with this situation . and my present employer is not at all willing to giving me the relieving letter.( Anantapur, Andhra Pradesh )",HKG::FA_79,HKG::FA_79 → HKG::Factories Act 1948 → HKG::leave → HKG::Q_901 → HKG::labour_court,"Sir 
My father worked in a co-op housing society as a guard  from the last 9-10 years.
In august month my father was on approved leave with application . but 3-4 days late due to illnesses . so society is not ready to continue to keep him on job as before .
Housing society terminates my father without notice and the secretary is saying you're not eligible for any gratuity  notice salary .
How will I get the full and final amount from This housing society?( Mumbai, Maharashtra )","My father worked as driver in KPTCL on 1994  he worked 5 days only then he will not reported to duty because of    he is suffering from health issue and then one year back 29/05/2018 my father is died  so that  we are eligible for taking job from compassionate ground or not . my father no given to resignation letter to department( Shimoga, Karnataka )","my father was an employee of a company and was entitled under EPF scheme. He dies in Jan,2008. My mother received his PF benefit in 2011, but my mother fell in Cancer disease in 2011 and repeatedly suffered many years, due to this we could not submit Pension Claim in 10D form to EPFO as on date. My father had no UAN no then. My question is that will my mother is eligible to submit 10D to get Family Pension from EPFO now. because now we are in very much financial  crisis.( Murshidabad, West Bengal )","Dear Client,6 month notice period is too long and the normal practice is to restrict the notice period to a maximum of 3 months only. The employment contract or corporate policy determines how long the notice period will last. The Indian Contract Act, however, stipulates that the notice period must be at least 30 days long. Depending on the employee's level, position, and seniority within the organization, this time frame may range from 30 to 90 days. It is totally unethical and unfair business practice to ask an employee for a six-month notice period for quitting a job. If you quit your job with written notice and serving less the required notice period, then the Company cannot take any adverse action against you for quitting the job without serving the notice period and cannot withhold your relieving letter outrightly because your resignation incurs no damage or loss to the Company. Section 27 of the Indian Contract Act,1872 prohibits any agreement in restraint of trade and profession. The law states that an agreement/contract will be illegal only if it restrains someone from exercising a lawful profession/ trade/ business. As per the mandate of Section 27, any terms and conditions of an agreement/contract that directly or indirectly compels the employee to serve the employer or puts a restriction on them joining the competitor or other employer is not valid. The employee has the right to resign from the employment even if he has agreed to serve the employer for a specific period of time. However, for any adverse reaction from the Company, reach out to an advocate for serving a legal notice to the Company and visit the office of the concerned Labour Commissioner for filing a complaint against the employer for unfair labour practice as defined u/s.2(r) of the I D Act  for redressal of your grievance against the Company","Under Indian contract law, the terms of your employment contract, including the notice period, are legally binding unless they are deemed unreasonable or unenforceable by a court. If your current employer is unwilling to negotiate the notice period, you may be liable for breach of contract if you leave early without mutual consent. However, you can attempt to negotiate a shorter notice period or offer to compensate the company for the remaining notice period as a settlement.

Next steps: Review your employment contract to understand any clauses related to breach of notice period and potential penalties. Consider discussing with your new employer the possibility of extending your joining date or compensating your current employer to facilitate an early release.",1.0806,71.3048,19.8636,3.7634,17.0599,19.112,2.3992,27.1794,5.5395,1.634,0.6554,21.1501,51.7118,52.8759,83.8309
186,"I woked for both the companies for 14days and left the 1st organisation and continued in 2nd for 2 years. When I apply the job in MNC's they are rejecting in the BGV. How to resolve this issue?( Hyderabad, Telangana )","PC::Conciliation Failed to Resolve Dispute → PC::Employees Continued in Service for Several Years → PC::Section 2 of the Companies Act, 1956 → PC::Section 10 of the Companies Act","PC::Conciliation Failed to Resolve Dispute → PC::Employees Continued in Service for Several Years → PC::Section 2 of the Companies Act, 1956 → PC::Section 10 of the Companies Act → PC::Resolution for Regular Appointment Passed by Panchayat → PC::Union Demanded Bonus for Multiple Years → PC::Appointment of Employees Disputed → PC::Company in Financial Distress","Sir 
My father worked in a co-op housing society as a guard  from the last 9-10 years.
In august month my father was on approved leave with application . but 3-4 days late due to illnesses . so society is not ready to continue to keep him on job as before .
Housing society terminates my father without notice and the secretary is saying you're not eligible for any gratuity  notice salary .
How will I get the full and final amount from This housing society?( Mumbai, Maharashtra )","My father worked as driver in KPTCL on 1994  he worked 5 days only then he will not reported to duty because of    he is suffering from health issue and then one year back 29/05/2018 my father is died  so that  we are eligible for taking job from compassionate ground or not . my father no given to resignation letter to department( Shimoga, Karnataka )","my father was an employee of a company and was entitled under EPF scheme. He dies in Jan,2008. My mother received his PF benefit in 2011, but my mother fell in Cancer disease in 2011 and repeatedly suffered many years, due to this we could not submit Pension Claim in 10D form to EPFO as on date. My father had no UAN no then. My question is that will my mother is eligible to submit 10D to get Family Pension from EPFO now. because now we are in very much financial  crisis.( Murshidabad, West Bengal )","Dear Client,Background verification is a process many organizations carry out in order to verify the information provided by the candidate during hiring that cover many areas, including employment history, education verification, license/certification check, criminal history, driving records, credit check, drug screening, social media activity, and identity. Criminal histories are a common reason apart from others for a failed background check. A candidate who has gone to jail because of violent or financial crimes signifies that further misconduct could arise in the workplace. Replying to a negative review shows that you're concerned that your customer had a bad experience, and you're taking action to make things right and ensure that never happens again. Responding to reviews instead of being neglectful builds trust. It affects your online reputation. Remember, it's not about defending yourself, but about addressing the problem and improving on it.","The primary legal issue here is the potential misrepresentation or incomplete disclosure of employment history during background verification (BGV). Under the Indian Contract Act, 1872, specifically Sections 17 and 18, misrepresentation or concealment of material facts can lead to consequences such as job offer withdrawal. Legally, you must ensure that all employment details are accurately disclosed to potential employers.

To resolve this issue, obtain a relieving letter or experience certificate from the first organization to clarify your employment history. Additionally, update your resume and job applications to accurately reflect your employment timeline. If discrepancies persist, consider discussing the situation with the HR departments of the MNCs to provide any necessary clarifications.",1.0695,35.2118,19.8636,3.7634,17.0599,19.112,2.3992,27.1794,5.5395,1.634,0.6554,21.1501,51.7118,52.8759,83.8309
187,"Sir I am a LIBRARIAN working in a sr. Sec. School (public school)Delhi. Taking classes 1 to 12 .but I am getting prt scale whereas a LIBRARIAN is entitled for tgt  grade my total tenure is 11 years in the same school how can I go legally to get my entitled grade.please advise.( North East Delhi, Delhi )",HKG::PGA_7 → HKG::ATA_19,HKG::PGA_7 → HKG::ATA_19 → HKG::labour_court → HKG::gratuity → HKG::PROC_GRATUITY_CLAIM → HKG::Administrative Tribunals Act 1985,"Sir 
My father worked in a co-op housing society as a guard  from the last 9-10 years.
In august month my father was on approved leave with application . but 3-4 days late due to illnesses . so society is not ready to continue to keep him on job as before .
Housing society terminates my father without notice and the secretary is saying you're not eligible for any gratuity  notice salary .
How will I get the full and final amount from This housing society?( Mumbai, Maharashtra )","My father worked as driver in KPTCL on 1994  he worked 5 days only then he will not reported to duty because of    he is suffering from health issue and then one year back 29/05/2018 my father is died  so that  we are eligible for taking job from compassionate ground or not . my father no given to resignation letter to department( Shimoga, Karnataka )","my father was an employee of a company and was entitled under EPF scheme. He dies in Jan,2008. My mother received his PF benefit in 2011, but my mother fell in Cancer disease in 2011 and repeatedly suffered many years, due to this we could not submit Pension Claim in 10D form to EPFO as on date. My father had no UAN no then. My question is that will my mother is eligible to submit 10D to get Family Pension from EPFO now. because now we are in very much financial  crisis.( Murshidabad, West Bengal )",First u have to give them notice after that u have to approach to the court regards Team TRUST CHAMBER'S OF LAW Delhi High court and District Court,"The primary legal issue is whether the librarian is entitled to a higher pay scale under the applicable employment laws or contractual terms. Under the Delhi School Education Act, 1973, and relevant rules, the pay scale for school employees, including librarians, is typically determined by the school's management in accordance with government guidelines. If the school has not adhered to these guidelines or if there is a discrepancy in the pay scale as per the contractual agreement, you may have grounds to challenge this.

You can file a complaint with the Directorate of Education, Delhi, for non-compliance with the prescribed pay scales. Additionally, consider filing a writ petition in the Delhi High Court if there is evidence of arbitrary or discriminatory practices in pay scale determination. Collect all employment-related documents, including your appointment letter and any communications regarding pay scales, to support your claim.",0.6457,42.5991,19.8636,3.7634,17.0599,19.112,2.3992,27.1794,5.5395,1.634,0.6554,21.1501,51.7118,52.8759,83.8309
188,"Hi, I have quit a company and resigned from a company by serving proper notice period. However, the employer orally refused to accept the resignation. I tried my best to relieve me and give me relieving letter. Later I left my job after sending an email that this is my last day of the job and I would be leaving and also sent handover documents.  I have no misconduct in the company and have not got any warning letter. It is just the employer is not ready to give me relieving letter saying that an employee cannot leave the company till they get another candidate.  Can I proceed to take legal action against the employer for not getting relieving letter?. They employer once told me that he will sue me for leaving the company. What to do to get relieving letter?( Belgaum, Karnataka )",HKG::FA_79 → HKG::PGA_4 → HKG::PGA_7 → HKG::EPF_6,HKG::FA_79 → HKG::PGA_4 → HKG::PGA_7 → HKG::EPF_6 → HKG::Employees Provident Fund Act 1952 → HKG::PROC_GRATUITY_CLAIM → HKG::gratuity → HKG::labour_court,"My father worked as driver in KPTCL on 1994  he worked 5 days only then he will not reported to duty because of    he is suffering from health issue and then one year back 29/05/2018 my father is died  so that  we are eligible for taking job from compassionate ground or not . my father no given to resignation letter to department( Shimoga, Karnataka )","Sir 
My father worked in a co-op housing society as a guard  from the last 9-10 years.
In august month my father was on approved leave with application . but 3-4 days late due to illnesses . so society is not ready to continue to keep him on job as before .
Housing society terminates my father without notice and the secretary is saying you're not eligible for any gratuity  notice salary .
How will I get the full and final amount from This housing society?( Mumbai, Maharashtra )","I study in an engineering college and now I am in my second year going to start 3rd year in september my college has not given any holidays after semester end examinations and starts the new semester right the next day. This has happened for 4 continuous semesters now . In the academic calendar 1 month holiday is given but now they are going back on their words . Many of my classmates are depressed especially people from hostels who have not gone home.and I don't know what action to take ,pls tell me( Mysore, Karnataka )","Dear Sir,You can get issue a legal notice on the basis of following judgment of SC and you will succeed.   Please give me Rank 5 if you feel my answer helped you=====================================================SC expounds: ""To resign is a Right of an Employee, cannot be forced to serve in case he is not willing"",November 28,2018:Supreme Court has declared in the judgment of the case âSanjay Jain v. National Aviation Company of India Ltd, through Division Bench consisting of Justice Arun Mishra and Justice Vineet Saran that,â To resign is a right of an employee who cannot be forced to serve in case he is not willing until and unless there is some stipulation in the rules or in the terms of appointment or disciplinary proceedings is pending or contemplated which is sought to be avoided by resigning from the services.âAnd based on this declaration, Apex Court has concluded that the Bombay High Court has erred in law in holding otherwise.The appellant was aggrieved by the judgment and order passed by the Bombay High Court on September 7, 2010, dismissing writ petition No. 1740/2010.The question involved has been whether the appellant ceased to be an employee of the respondent on October 1, 2006 as 30 daysâ period ended on that very day.The appellant joined the services of Air India Ltd. as Assistant Aircraft Engineer in Major Maintenance Division of Engineering Department with effect from September 1, 1992.As per the terms and conditions, stipulated in his appointment letter, he was required to serve Air India for a minimum period of five years. As on the date he  resigned, he had completed five years of service.The Certified Standing Orders framed under the Industrial Employment (Standing Orders) Act, 1946 as introduced in Air India Ltd. and as applicable to the establishment, required the employer to define the terms and the conditions of applicable to a workman and inform him of the same.The Certified Standing Order, deals with the condition under which an employee can tender his resignation. He is entitled to receive the certificate of service rendered at the time of cessation of his employment. The Certified Standing Order confers a right on the employer, under the Act of 1946, not to accept the resignation if at the relevant time of his resignation any disciplinary action is pending or is contemplated.The Court has pointed out that it is apparent from a bare reading of the provisions contained in Standing Order 18 of the Industrial Employment (Standing Orders) Act, 1946 that workman has a right to resign from the services by giving a notice of the period as prescribed under Standing Order 17 which provides termination of services by serving 30 days notice upon a permanent workman and seven days notice with respect to workman who is on probation and temporary workman by serving a 24 hours notice. Thus, for a permanent employee, a period of 30 days is provided to terminate or resign as is apparent on a conjoint reading of provisions of Standing Orders 17 and 18.In the Courtâs opinion, from a bare reading of the provisions contained in Standing Order 18, it is crystal clear that a permanent employee has a right to resign from the services by giving a notice of the period of 30 days as prescribed under Standing Order 17, and is entitled to obtain certificate from the employer for the period services have been rendered.Clause 2 of Standing Order 18 provides that in case resignation is submitted with immediate effect or at any time before expiry of notice period, acceptance is necessary. Acceptance of resignation is not required in case a notice has been given of 30 days. It would operative from and effective on the lapse of the period.It is right of a workman to serve an employer and to resign also by serving notice of 30 days. The bond to serve was only for five years as stipulated in his order of appointment. The period of bond to serve was admittedly over. There is no other Standing Order or Rule which puts a fetter on an employee to resign or confers power on the employer to reject a resignation.No disciplinary proceedings was pending or contemplated against an employee in the case, when he resigned. The resignation became effective after lapse of 30 days period. There was no power with the employer as per Standing Order 18 to reject such a resignation. Moreover, the bond period of five years service was already over.A case of voluntary retirement stands on a different footing than that of resignation. Voluntary retirement is with certain civil consequences of monetary benefits. It would depend upon the phraseology used in a particular provision whether prayer made for the resignation or for voluntary retirement is required to be accepted or it takes effect without acceptance.In the facts of the case, in the Standing Order 18, there is no provision for acceptance of resignation, notice is served for requisite period of 30 days, obviously, the appellant had the right to resign from the services.In view of enunciation of law and on consideration of the provisions contained in the Standing Order 18, in the facts and circumstances of the case, the Court has been of the opinion that appellant has rightly terminated the relationship by serving the requisite notice for resignation.The Court has held that in this case, there is no such requirement of acceptance by such an employee under the provisions of the Standing Order 18 read with 17. Thus, the decision in the case â Moti Ram v. Param Dev and Another â (1993) 2 SCC 725 paragraphs 16 and 18 ,heavily relied upon by the Respondentâs counsel , is not applicable ,as factual matrix in that case is different from this case.The Supreme Court has allowed the appeal and quashed the HCâs judgment and order and the order passed by the respondent- employer declining to accept the resignation. The benefits which may be available shall be paid to the appellant. Provident Fund with the prevailing rate of interest from time to time. The gratuity, if payable or any other benefit, shall be paid with interest at 6 pc per annum. Outstanding amount, if any, has been ordered to be paid within three months from the date of the judgment.","Under Indian employment law, if an employee has served the notice period as per the terms of their employment contract, the employer is generally obliged to provide a relieving letter. The refusal to issue a relieving letter without valid reason could be considered a breach of contract. The user can file a complaint with the local labor commissioner or approach the labor court for redress. It is advisable to gather all relevant documentation, including the resignation email and any correspondence with the employer, to support the claim. The employer's threat to sue for leaving is unlikely to hold if the contract terms were followed.",0.0004,58.0282,19.8636,3.7634,17.0599,19.112,2.3992,27.1794,5.5395,1.634,0.6554,21.1501,51.7118,52.8759,83.8309
189,"Sir, I have joined a Public Sector Bank on the basis of ex servicemen quota. Now can I avail the ex servicemen quota for any other govt job if the same is applied during my probation period in the PSB.( Karnal, Haryana )",PC::Ex-servicemen Filed Writ Petitions → PC::Ex-servicemen Included in Government Circular → PC::Purpose of Reservation for Ex-Servicemen → PC::Ex-Servicemen Appointed as Assistant District Attorneys,"PC::Ex-servicemen Filed Writ Petitions → PC::Ex-servicemen Included in Government Circular → PC::Purpose of Reservation for Ex-Servicemen → PC::Ex-Servicemen Appointed as Assistant District Attorneys → PC::Seniority Fixed Based on Military Service → PC::Ex-servicemen Re-employment in Central Civil Services and Posts Rules, 1979 → PC::Claim for One Rank One Pension → PC::Court Found Discriminatory Treatment Based on Retirement Date","Sir 
My father worked in a co-op housing society as a guard  from the last 9-10 years.
In august month my father was on approved leave with application . but 3-4 days late due to illnesses . so society is not ready to continue to keep him on job as before .
Housing society terminates my father without notice and the secretary is saying you're not eligible for any gratuity  notice salary .
How will I get the full and final amount from This housing society?( Mumbai, Maharashtra )","my father was an employee of a company and was entitled under EPF scheme. He dies in Jan,2008. My mother received his PF benefit in 2011, but my mother fell in Cancer disease in 2011 and repeatedly suffered many years, due to this we could not submit Pension Claim in 10D form to EPFO as on date. My father had no UAN no then. My question is that will my mother is eligible to submit 10D to get Family Pension from EPFO now. because now we are in very much financial  crisis.( Murshidabad, West Bengal )","My father worked as driver in KPTCL on 1994  he worked 5 days only then he will not reported to duty because of    he is suffering from health issue and then one year back 29/05/2018 my father is died  so that  we are eligible for taking job from compassionate ground or not . my father no given to resignation letter to department( Shimoga, Karnataka )","In my humble suggestion, you could do so provided the previous employer agrees to you for applying for new job.","Under the Ex-servicemen Re-employment in Central Civil Services and Posts Rules, 1979, ex-servicemen are entitled to reservation benefits for re-employment in government jobs. However, these benefits typically apply only once, meaning that if you have already availed the ex-servicemen quota for your current position in a Public Sector Bank (PSB), you generally cannot use it again for another government job. During your probation period, you remain bound by the terms of your current employment, which may include restrictions on applying for other jobs.

To proceed, review the specific terms of your employment contract with the PSB, particularly any clauses related to probation and job applications. If considering a new application, consult with the HR department of your current employer to understand any potential repercussions.",1.0441,47.8484,19.8636,3.7634,17.0599,19.112,2.3992,27.1794,5.5395,1.634,0.6554,21.1501,51.7118,52.8759,83.8309
190,"I Joined an organisation (college) in 2010, in 2016 they verbally tolled me that I have been transferred to the University and assigned all university work to me ( 2016 onwards). But At the time of my relieving in 2022, I was told that you were not transferred to the University and forced me to submit a registration letter of college (which I joined in 2010) and said you are part of University by 2019 only. 

1. Inspite of several requests the appointment letter of University not provided to me, HR denied straight forward. 
2. Gratuity was also not given to me of the duration 2010-2019.
3. At the time of relieving my salary was also deducted claiming that you were already provided relieving terms ( which were never shared with me)

Can I file a case for the claim of extra work assigned to me during the time period of 2016 to 2019?

Further, As Management Trustee and and Chairperson of the College(closed now) and University (working) is same, So I file a single or separate case against Management Trustee / chairperson of the college/ university?( Gurgaon, Haryana )",HKG::PGA_4 → HKG::PGA_7 → HKG::ICA_73,HKG::PGA_4 → HKG::PGA_7 → HKG::ICA_73 → HKG::employment_bond → HKG::PROC_GRATUITY_CLAIM → HKG::gratuity → HKG::labour_court,"Sir 
My father worked in a co-op housing society as a guard  from the last 9-10 years.
In august month my father was on approved leave with application . but 3-4 days late due to illnesses . so society is not ready to continue to keep him on job as before .
Housing society terminates my father without notice and the secretary is saying you're not eligible for any gratuity  notice salary .
How will I get the full and final amount from This housing society?( Mumbai, Maharashtra )","My father worked as driver in KPTCL on 1994  he worked 5 days only then he will not reported to duty because of    he is suffering from health issue and then one year back 29/05/2018 my father is died  so that  we are eligible for taking job from compassionate ground or not . my father no given to resignation letter to department( Shimoga, Karnataka )","my father was an employee of a company and was entitled under EPF scheme. He dies in Jan,2008. My mother received his PF benefit in 2011, but my mother fell in Cancer disease in 2011 and repeatedly suffered many years, due to this we could not submit Pension Claim in 10D form to EPFO as on date. My father had no UAN no then. My question is that will my mother is eligible to submit 10D to get Family Pension from EPFO now. because now we are in very much financial  crisis.( Murshidabad, West Bengal )","Dear Sir,You are having a liberty to file a case for getting money for extra work done by you and also gratuity.","Under the Payment of Gratuity Act, 1972, an employee is entitled to gratuity if they have completed five years of continuous service. Since you worked from 2010 to 2019, you are eligible for gratuity for that period. The denial of your appointment letter and the deduction of salary without proper documentation may constitute a breach of contract or employment terms.

You can file a complaint with the labour court for the recovery of unpaid gratuity and any salary deductions. Given the shared management between the college and university, you may file a single case against the management trustee or chairperson, citing the continuity of employment and the lack of clear transfer documentation. Collect all relevant documents, such as communication records and any available employment terms, to support your case.",0.8186,56.8977,19.8636,3.7634,17.0599,19.112,2.3992,27.1794,5.5395,1.634,0.6554,21.1501,51.7118,52.8759,83.8309
191,"My last company had given my experience letter to a person,who is currently working with the organization.
(As per the rule company gives it to a person whose name I will suggest in a mail and he/she must be currently working with organization. They dont give it directly to me as they issue it after 45 days of leaving company.) But she has misplaced it before I collected it from her. When I am requesting for duplicate or reissuance of it for my next company document verification, company is denying to reissue. What should I do?? I need a physical copy of it for my document verification.( Noida, Uttar Pradesh )",PC::Appellant Company is a Public Limited Company → HKG::PGA_7 → PC::Company Had a Factory with Named Occupier → PC::Respondent is a Handicapped Person,PC::Appellant Company is a Public Limited Company → HKG::PGA_7 → PC::Company Had a Factory with Named Occupier → PC::Respondent is a Handicapped Person → PC::Article 136 of the Constitution of India → PC::High Court Dismissed Review Application → HKG::gratuity → HKG::PROC_GRATUITY_CLAIM,"Sir 
My father worked in a co-op housing society as a guard  from the last 9-10 years.
In august month my father was on approved leave with application . but 3-4 days late due to illnesses . so society is not ready to continue to keep him on job as before .
Housing society terminates my father without notice and the secretary is saying you're not eligible for any gratuity  notice salary .
How will I get the full and final amount from This housing society?( Mumbai, Maharashtra )","my father was an employee of a company and was entitled under EPF scheme. He dies in Jan,2008. My mother received his PF benefit in 2011, but my mother fell in Cancer disease in 2011 and repeatedly suffered many years, due to this we could not submit Pension Claim in 10D form to EPFO as on date. My father had no UAN no then. My question is that will my mother is eligible to submit 10D to get Family Pension from EPFO now. because now we are in very much financial  crisis.( Murshidabad, West Bengal )","My father worked as driver in KPTCL on 1994  he worked 5 days only then he will not reported to duty because of    he is suffering from health issue and then one year back 29/05/2018 my father is died  so that  we are eligible for taking job from compassionate ground or not . my father no given to resignation letter to department( Shimoga, Karnataka )",This is most idiotic policy.the company have to send experience letter to your address.sending a proper legal notice will solve your problem.,"Under Indian labor law, an employer is generally obligated to provide an experience certificate upon termination of employment, as per the Industrial Employment (Standing Orders) Act, 1946. In this situation, the company’s refusal to reissue the certificate may be challenged if it is causing undue hardship. You can file a formal written request to the HR department citing the necessity of the document for future employment and referencing the company's policy on issuing experience letters. If the company still refuses, consider filing a complaint with the local labor commissioner or pursuing legal action for non-compliance with employment obligations.",1.0295,62.6016,19.8636,3.7634,17.0599,19.112,2.3992,27.1794,5.5395,1.634,0.6554,21.1501,51.7118,52.8759,83.8309
192,"In July 2024, my previous employer paid me a Performance Linked Incentive (PLI) for the year 2023-2024. The company's circular regarding this payment stated that ""the PLI would be recovered if an employee resigned within six months after the payment of PLI, before the acceptance of the resignation"". I resigned in 10th October 2024, after completing my Full and Final settlement. At that time, my employer did not mention or recover the PLI. I also received my relieving letter and experience certificate, indicating no outstanding obligations. However, on November 11, 2024, I received an email demanding repayment of the PLI. They are now threatening legal action if I do not comply. Given that I have fulfilled all commitments and received official documentation confirming my release, what should i do ?( Bangalore, Karnataka )",HKG::ICA_73,HKG::ICA_73 → HKG::employment_bond → HKG::Indian Contract Act 1872 → HKG::wages → HKG::Q_864,"Sir 
My father worked in a co-op housing society as a guard  from the last 9-10 years.
In august month my father was on approved leave with application . but 3-4 days late due to illnesses . so society is not ready to continue to keep him on job as before .
Housing society terminates my father without notice and the secretary is saying you're not eligible for any gratuity  notice salary .
How will I get the full and final amount from This housing society?( Mumbai, Maharashtra )","my father was an employee of a company and was entitled under EPF scheme. He dies in Jan,2008. My mother received his PF benefit in 2011, but my mother fell in Cancer disease in 2011 and repeatedly suffered many years, due to this we could not submit Pension Claim in 10D form to EPFO as on date. My father had no UAN no then. My question is that will my mother is eligible to submit 10D to get Family Pension from EPFO now. because now we are in very much financial  crisis.( Murshidabad, West Bengal )","My father worked as driver in KPTCL on 1994  he worked 5 days only then he will not reported to duty because of    he is suffering from health issue and then one year back 29/05/2018 my father is died  so that  we are eligible for taking job from compassionate ground or not . my father no given to resignation letter to department( Shimoga, Karnataka )","Dear client,Since you resigned after your Full and Final (F&F) settlement, received your relieving letter and experience certificate, and your employer did not recover the PLI at that stage, their demand for repayment now seems unjustified.Review the Terms of PLI Payment:Carefully check the company's circular on PLI recovery.Verify whether there was a clear, enforceable clause regarding recovery in case of resignation.Ensure that the ""six-month recovery clause"" applies before acceptance of resignation and not after F&F settlement.The delay in demanding the PLI repayment is significant. The demand came well after your resignation was accepted and your final settlement was completed.Estoppel"" Principle:In legal terms, you may be able to argue ""estoppel."" This principle states that if a party makes a representation (in this case, by providing a full and final settlement and relieving letter) that another party relies on to their detriment, the first party cannot later go back on that representation.""Waiver"" Argument:By not demanding the PLI during the full and final settlement, and by issuing a relieving letter with no dues, it can be argued that the company waived their right to collect the PLI.If the employer cleared all dues and issued a No Dues Certificate, they cannot legally demand repayment later.The relieving letter and experience certificate indicate that you have no further obligations.Section 27 of the Indian Contract Act, 1872 restricts post-employment restrictions unless specifically agreed upon.If there was no prior agreement signed by you stating recovery terms, their claim is weak.Employers cannot arbitrarily deduct or demand payment post-relieving unless there was an explicit, signed agreement.If they send a legal notice, consult a lawyer before responding.If they try to deduct from your last salary or hold other benefits, you can send a legal notice for unfair recovery.If they threaten, intimidate, or harass you, file a complaint under the IT Act and IPC for wrongful intimidation.","The key legal issue is whether the employer can enforce the recovery of the Performance Linked Incentive (PLI) after the employee has been fully settled and released. Under the Indian Contract Act, 1872, once a contract is fully executed and the parties have settled their obligations, subsequent claims may not be enforceable unless there was a clear and mutual mistake or fraud. Since you have received a full and final settlement, along with a relieving letter and experience certificate indicating no outstanding obligations, the employer's demand may not hold legal ground.

Legally, the employer cannot unilaterally alter the terms post-settlement without mutual consent. You should respond to the employer's email, referencing the full and final settlement and the documentation provided, asserting that there are no outstanding obligations. If the employer persists, consider sending a formal legal notice disputing their claim and consult with a local attorney to assess potential defenses should the matter escalate to legal proceedings.",5.6722,58.8546,19.8636,3.7634,17.0599,19.112,2.3992,27.1794,5.5395,1.634,0.6554,21.1501,51.7118,52.8759,83.8309
193,"I have signed 3 years of bond with a company on 500rs notarized stamp paper at the time of joining. After 10 moths of service including 3 months of notice period, i absconded the company.
Does the company can take any legal action?
Will it affect in any way for my next opportunity in abroad?( Pune, Maharashtra )",HKG::FA_79 → HKG::ICA_73 → HKG::ICA_74 → HKG::SRA_14,HKG::FA_79 → HKG::ICA_73 → HKG::ICA_74 → HKG::SRA_14 → HKG::PROC_EMPLOYMENT_BOND → HKG::Specific Relief Act 1963 → HKG::employment_bond → HKG::wages,"Sir 
My father worked in a co-op housing society as a guard  from the last 9-10 years.
In august month my father was on approved leave with application . but 3-4 days late due to illnesses . so society is not ready to continue to keep him on job as before .
Housing society terminates my father without notice and the secretary is saying you're not eligible for any gratuity  notice salary .
How will I get the full and final amount from This housing society?( Mumbai, Maharashtra )","My father worked as driver in KPTCL on 1994  he worked 5 days only then he will not reported to duty because of    he is suffering from health issue and then one year back 29/05/2018 my father is died  so that  we are eligible for taking job from compassionate ground or not . my father no given to resignation letter to department( Shimoga, Karnataka )","my father was an employee of a company and was entitled under EPF scheme. He dies in Jan,2008. My mother received his PF benefit in 2011, but my mother fell in Cancer disease in 2011 and repeatedly suffered many years, due to this we could not submit Pension Claim in 10D form to EPFO as on date. My father had no UAN no then. My question is that will my mother is eligible to submit 10D to get Family Pension from EPFO now. because now we are in very much financial  crisis.( Murshidabad, West Bengal )","Dear Client,When you tender your resignation and serve the notice period in terms of the contract of employment, then on the expiry of the notice period, the relationship between an employee and employer is severed/seized and your absence cannot be treated as unauthorized abandonment or absconding from service that does not invoke any disciplinary action or legal action against you even for breach of conditions of employment bond. The validity of Employment bonds can be challenged on the basis of Section 27 of the Indian Contract Act,1872 which prohibits any agreement in restraint of trade and profession. The law states that an agreement (employment bond) will be illegal only if it restrains someone from exercising a lawful profession/ trade/ business. As per the mandate of Section 27, any terms and conditions of an agreement that directly or indirectly compels the employee to serve the employer or puts a restriction on them joining the competitor or other employer is not valid. The employee has the right to resign from the employment even if he has agreed to the employment bond to serve the employer for a specific period of time. In the case where the employer is able to prove that the employee is joining the competitor to disclose the trade secret then the court may issue an injunction order restricting the employee from joining the competitor. The following are the requirements of a valid employment bond agreement. 1) The agreement must be signed by the parties with free consent. 2) The conditions stipulated must be reasonable and 3) The conditions imposed on the employee must be proved to be necessary to safeguard the interest of the employer. 4) The employment bond is to be executed on a stamp paper of appropriate value in order to be valid and enforceable. Further, Section 73 of the Contract Act makes provision for unliquidated damages (not stipulated in a contract), and Section 74 deals with liquidated damages (stipulated in a contract) and no compensation is attracted for mere breach of contract u/s.73. 74 of the Act unless such breach resulted in an actual loss or damage to the opposite party Employer. If the Company takes any legal action against you or serves any legal notice,  get in touch with a Corporate Lawyer experienced in the subject of service matters for guidance and steps.","The company may potentially take legal action against you for breaching the employment bond, which is governed by the Indian Contract Act, 1872. However, for the bond to be enforceable, it must be reasonable in terms of duration and compensation for training costs incurred by the employer. Indian courts have held that employment bonds should not be punitive, as seen in the case of ""Nokia India Pvt. Ltd. v. State of Haryana"" (2014).

You cannot legally ignore the bond if it is deemed reasonable and enforceable. It may affect future employment opportunities if the company pursues legal action and it appears on your record. Consider negotiating a settlement with the company to resolve the issue amicably and consult with a local attorney for guidance on the enforceability of the bond.",1.9164,64.5245,19.8636,3.7634,17.0599,19.112,2.3992,27.1794,5.5395,1.634,0.6554,21.1501,51.7118,52.8759,83.8309
194,"I hv done b.ed while doing a govt job. Now can i join a new state govt job where b.ed is must while hiding my previous state govt service. Will my new govt employer find out that i have done b.ed while i was in another govt job? Will it affect my new govt job? I will join the new department through proper resignation.( South 24 Parganas, West Bengal )",HKG::FA_79 → HKG::ATA_19,HKG::FA_79 → HKG::ATA_19 → HKG::labour_court → HKG::Administrative Tribunals Act 1985 → HKG::govt_service → HKG::Factories Act 1948,"Sir 
My father worked in a co-op housing society as a guard  from the last 9-10 years.
In august month my father was on approved leave with application . but 3-4 days late due to illnesses . so society is not ready to continue to keep him on job as before .
Housing society terminates my father without notice and the secretary is saying you're not eligible for any gratuity  notice salary .
How will I get the full and final amount from This housing society?( Mumbai, Maharashtra )","my father was an employee of a company and was entitled under EPF scheme. He dies in Jan,2008. My mother received his PF benefit in 2011, but my mother fell in Cancer disease in 2011 and repeatedly suffered many years, due to this we could not submit Pension Claim in 10D form to EPFO as on date. My father had no UAN no then. My question is that will my mother is eligible to submit 10D to get Family Pension from EPFO now. because now we are in very much financial  crisis.( Murshidabad, West Bengal )","My father worked as driver in KPTCL on 1994  he worked 5 days only then he will not reported to duty because of    he is suffering from health issue and then one year back 29/05/2018 my father is died  so that  we are eligible for taking job from compassionate ground or not . my father no given to resignation letter to department( Shimoga, Karnataka )","Dear Sir,It depends upon the working hours of your job and the working of hours of your B.Ed course. It is bounden duty of every Government servant to take prior permission to do B.Ed course or atleast inform his higher authorities if he had already joined the courts. There is a risk, please discuss with local Advocates.","Under the applicable rules, hiding previous government service when applying for a new government position can constitute a violation of service rules and potentially lead to disciplinary action or termination. The West Bengal Service Rules require full disclosure of past employment, and failure to do so may be considered misconduct. The new employer can verify past employment through background checks and service records.

Legally, you cannot hide your previous government employment. To proceed, ensure you resign properly from your current position, and disclose your previous employment when applying for the new job. Consult the West Bengal Service Rules or a legal expert for guidance on the resignation and application process.",1.0652,32.2008,19.8636,3.7634,17.0599,19.112,2.3992,27.1794,5.5395,1.634,0.6554,21.1501,51.7118,52.8759,83.8309
195,"I worked as an pg assistant teacher in chemistry in a government school from 20th August 2018 till 02.11.18,after that I tendered my resignation. In my resignation letter I have mentioned that I am resigning under compelling circumstances. My letter has reached my appointing authority through proper channel. He has accepted my resignation,  without  consulting me by either  verbal or written mode. Nor did he called me to meet him and I was not given any time  period for withdrawing my resignation. Now I have mentioned that I was forced to resign due to pressure from higher authority (compelling circumstances), not that I have given it as my self individual decision(on personal grounds, or got a new job). So what legal action can I take against my appointing authority for accepting my resignation,  without consulting me. I would like to mention 2 colleagues of mine also resigned  within 1 month period of time, after my resignation. One of them gave the same reason of mine during resignation. So can my resignation be accepted without hearing my opinion, without investigating the reasons for resigning under pressure, and without providing any time period to me for withdrawing my resignation. I would like to mention that the school got affiliation from the hs council for opening science section, using my name,  during my service period. So  they used my name and designation for their need and later when I left it was accepted. Can I go to court demanding that 3 months of my career was destroyed by the government and the government should pay damages for destroying 3months of my career.( Kolkata, West Bengal )",PC::Resignation Accepted Without Competent Authority → HKG::PGA_7 → HKG::PGA_4 → PC::Principal Not Appointing Authority,PC::Resignation Accepted Without Competent Authority → HKG::PGA_7 → HKG::PGA_4 → PC::Principal Not Appointing Authority → PC::Governing Body Has Power to Terminate → PC::Writ Petition Filed Against Termination → PC::High Court Ordered Reinstatement → PC::Respondent Entitled to Back Wages,"Sir 
My father worked in a co-op housing society as a guard  from the last 9-10 years.
In august month my father was on approved leave with application . but 3-4 days late due to illnesses . so society is not ready to continue to keep him on job as before .
Housing society terminates my father without notice and the secretary is saying you're not eligible for any gratuity  notice salary .
How will I get the full and final amount from This housing society?( Mumbai, Maharashtra )","My father worked as driver in KPTCL on 1994  he worked 5 days only then he will not reported to duty because of    he is suffering from health issue and then one year back 29/05/2018 my father is died  so that  we are eligible for taking job from compassionate ground or not . my father no given to resignation letter to department( Shimoga, Karnataka )","my father was an employee of a company and was entitled under EPF scheme. He dies in Jan,2008. My mother received his PF benefit in 2011, but my mother fell in Cancer disease in 2011 and repeatedly suffered many years, due to this we could not submit Pension Claim in 10D form to EPFO as on date. My father had no UAN no then. My question is that will my mother is eligible to submit 10D to get Family Pension from EPFO now. because now we are in very much financial  crisis.( Murshidabad, West Bengal )","Once you resigned in writing it is for management/appointing authority to take action as per the standard procedure,in Govt.there is no procedure to record the reason for resignation unlike in private/MNI to interview all the resigned persons.You have no action vest against the management,however you can keep the Govt., informed of your reasons for resignation & parting.","The primary legal issue is whether your resignation was accepted without proper authority or due process, which could be challenged under employment law principles. According to the legal reasoning chain, if a resignation is accepted without competent authority or without investigating claims of coercion, it may be contested. In your case, if the resignation was accepted without addressing the allegations of pressure and without allowing withdrawal, you may file a writ petition in the High Court challenging the resignation acceptance and seeking reinstatement or damages. 

You can argue that the resignation was not voluntary and was accepted without due process, referencing the precedent that requires a governing body to have the power to terminate. If successful, the court may order reinstatement and back wages. The next steps include consulting with a lawyer to prepare the writ petition and gathering evidence of coercion, such as testimonies from colleagues or documentation of pressure from higher authorities.",0.8287,50.314,19.8636,3.7634,17.0599,19.112,2.3992,27.1794,5.5395,1.634,0.6554,21.1501,51.7118,52.8759,83.8309
196,"I didn't get salary from 2 months from my company & now I am confused as my appointment letter says if we leave the organisation we have to pay 1 month salary. I don't understand whether it is possible to leave without giving them 1 month salary as they have not provided the salary of previous months.( Bangalore, Karnataka )",HKG::FA_79 → HKG::ICA_73,HKG::FA_79 → HKG::ICA_73 → HKG::employment_bond → HKG::Indian Contract Act 1872 → HKG::wages → HKG::Factories Act 1948,"Sir 
My father worked in a co-op housing society as a guard  from the last 9-10 years.
In august month my father was on approved leave with application . but 3-4 days late due to illnesses . so society is not ready to continue to keep him on job as before .
Housing society terminates my father without notice and the secretary is saying you're not eligible for any gratuity  notice salary .
How will I get the full and final amount from This housing society?( Mumbai, Maharashtra )","My father worked as driver in KPTCL on 1994  he worked 5 days only then he will not reported to duty because of    he is suffering from health issue and then one year back 29/05/2018 my father is died  so that  we are eligible for taking job from compassionate ground or not . my father no given to resignation letter to department( Shimoga, Karnataka )","my father was an employee of a company and was entitled under EPF scheme. He dies in Jan,2008. My mother received his PF benefit in 2011, but my mother fell in Cancer disease in 2011 and repeatedly suffered many years, due to this we could not submit Pension Claim in 10D form to EPFO as on date. My father had no UAN no then. My question is that will my mother is eligible to submit 10D to get Family Pension from EPFO now. because now we are in very much financial  crisis.( Murshidabad, West Bengal )","To give opinion,it is necessary to scrutinize the terms and conditions of your service rules as specified in your offer letter as well as joining letter as well as the default clause associated with it because as you have signed those documents so those are binding upon you as well as your employer.","Under the Indian Contract Act, 1872, an employment contract is enforceable, but the employer's failure to pay wages constitutes a breach. The Karnataka Shops and Establishments Act, 1961, mandates timely payment of wages, and non-payment can be contested. You are legally entitled to receive your due salary before any obligation to pay the notice period arises. 

You can file a complaint with the local labor commissioner or approach the labor court for recovery of unpaid wages. Consider sending a formal demand letter to your employer requesting payment of the outstanding salary before discussing any notice period obligations.",1.08,22.7847,19.8636,3.7634,17.0599,19.112,2.3992,27.1794,5.5395,1.634,0.6554,21.1501,51.7118,52.8759,83.8309
197,"Hello Sir,
If Employee have filled case for Gratuity in Labour court, after consecutive hearing decision declared in favor of employee (employer have never attend hearing inspite of several reminder by Labour court) and court have instructed for Sum of amount to be paid within 30 days of notice but company have not paid and after few months employee have filled and submit FORM-T for recovery, court have issue show caused notice to establishment to reply within 20days if they have filed any objection Or appeal. 

Now, All most 3 month over.. from show caused notice issued by Labour court.. 

1.What will be the steps of court? Is there any time line for Labour court to issue certificate as per Form-T? 

2.Is court accept any appeal Or objection after deadline from employer? 

3.What should employee have to do for real time update or getting amount of gratuity? 

4. Can Employee ask for Other Pending Wages ,Salary and Full & Final Settlement from Company ?

Thanks in advance ?( Ahmedabad, Gujarat )",HKG::PGA_4 → HKG::PGA_7 → HKG::ATA_19 → HKG::ICA_73,HKG::PGA_4 → HKG::PGA_7 → HKG::ATA_19 → HKG::ICA_73 → HKG::employment_bond → HKG::PROC_GRATUITY_CLAIM → HKG::labour_court → HKG::gratuity,"My father worked as driver in KPTCL on 1994  he worked 5 days only then he will not reported to duty because of    he is suffering from health issue and then one year back 29/05/2018 my father is died  so that  we are eligible for taking job from compassionate ground or not . my father no given to resignation letter to department( Shimoga, Karnataka )","I study in an engineering college and now I am in my second year going to start 3rd year in september my college has not given any holidays after semester end examinations and starts the new semester right the next day. This has happened for 4 continuous semesters now . In the academic calendar 1 month holiday is given but now they are going back on their words . Many of my classmates are depressed especially people from hostels who have not gone home.and I don't know what action to take ,pls tell me( Mysore, Karnataka )","Sir 
My father worked in a co-op housing society as a guard  from the last 9-10 years.
In august month my father was on approved leave with application . but 3-4 days late due to illnesses . so society is not ready to continue to keep him on job as before .
Housing society terminates my father without notice and the secretary is saying you're not eligible for any gratuity  notice salary .
How will I get the full and final amount from This housing society?( Mumbai, Maharashtra )","Dear Sir,You have to file execution petition as per the advise of your advocate or take second opinion by sharing all the documents in person.Rate me Five Star*","The Labour Court, after issuing a show cause notice and receiving no response from the employer, can proceed to issue a recovery certificate under Section 8 of the Payment of Gratuity Act, 1972, allowing the employee to recover the unpaid gratuity amount as arrears of land revenue. The court generally adheres to procedural timelines, but delays can occur; however, the employee can file a petition to expedite the process if necessary. The court may not accept an appeal or objection from the employer after the deadline unless a valid reason for the delay is provided and accepted by the court.

For real-time updates, the employee should maintain regular contact with the court's registry or their legal representative. Regarding other pending wages or settlements, the employee can file a separate claim under the applicable labor laws, such as the Industrial Disputes Act, 1947, or approach the appropriate labor authority for resolution.",0.3891,30.9305,19.8636,3.7634,17.0599,19.112,2.3992,27.1794,5.5395,1.634,0.6554,21.1501,51.7118,52.8759,83.8309
198,"Dear Sir,
I have been working in a PVT LTD company for 1.5 years. As I started working there, I just didn't like their policy, their rule, and their toxic working environment, so in 1.5 years of time, I had given 4 time resignations there but was unable to get signed since they always negotiate with me by giving promises they will change the particular rule or make the environment good for working, etc., and in that hope I just take back my resignation always.
Now I just got totally frustrated due to long working hours, irrelevant work, and fake pressure, and I just resigned this time by mail and stopped coming to the office from the next day. I had not served the notice period because one of my colleagues had given a resignation; they just insulted him and removed him from the office. I also know that my fate will be the same if I go there with resignation again, so I just resign by mail and leave the company. Now my employer is saying to me he will file a case on me since I had not served the notice period, and as I know him, this time he will file the case, so what should I do?( Thane, Maharashtra )",HKG::FA_79,HKG::FA_79 → HKG::Factories Act 1948 → HKG::leave → HKG::Q_159 → HKG::notice_period,"My father worked as driver in KPTCL on 1994  he worked 5 days only then he will not reported to duty because of    he is suffering from health issue and then one year back 29/05/2018 my father is died  so that  we are eligible for taking job from compassionate ground or not . my father no given to resignation letter to department( Shimoga, Karnataka )","Sir 
My father worked in a co-op housing society as a guard  from the last 9-10 years.
In august month my father was on approved leave with application . but 3-4 days late due to illnesses . so society is not ready to continue to keep him on job as before .
Housing society terminates my father without notice and the secretary is saying you're not eligible for any gratuity  notice salary .
How will I get the full and final amount from This housing society?( Mumbai, Maharashtra )","my father was an employee of a company and was entitled under EPF scheme. He dies in Jan,2008. My mother received his PF benefit in 2011, but my mother fell in Cancer disease in 2011 and repeatedly suffered many years, due to this we could not submit Pension Claim in 10D form to EPFO as on date. My father had no UAN no then. My question is that will my mother is eligible to submit 10D to get Family Pension from EPFO now. because now we are in very much financial  crisis.( Murshidabad, West Bengal )","Dear Sir,He cannot do anything against you. Mostly corporates threaten like that but never approach any Police station or Court to file any case. If you receive any legal notice or Court notice then approach Advocate who will defend you accordingly.","Under the Indian Contract Act, 1872, employment contracts are governed by the terms agreed upon by both parties, including notice periods. If the employment contract specifies a notice period, failure to serve it can be considered a breach of contract. The employer may seek damages for this breach, but they must prove actual loss incurred due to the breach.

The user should review their employment contract to understand the notice period clause and any penalties for not serving it. If a lawsuit is filed, the user can argue that the employer's conduct created a hostile work environment, potentially justifying the resignation without notice. Consulting with a local labor lawyer to negotiate a settlement with the employer or prepare a defense if litigation ensues is advisable.",0.8108,37.994,19.8636,3.7634,17.0599,19.112,2.3992,27.1794,5.5395,1.634,0.6554,21.1501,51.7118,52.8759,83.8309
199,"My payroll company was XXX, and the client company was YYY. I have the offer letter and the relieving letter from XXX company.

The client company only accepted written resignation letters; hence, I provided the written resignation letter to YYY on August 1, 2018. As per company rules, the salary should be on hold, but I received the July month salary on August 3, 2018.Â 

I became skeptical and sent intimation mail to the XXX company stating that ""I have provided the written resignation letter to YYY on August 1, 2018, and my last date of working will be August 31, 2018, including the 30-day notice period. This has been accepted by the Clinet manager name and client HR name and also informed Payroll Company YYY HR name. Please guide me if I need to inform anyone else and guide me through the relieving process."" I also attached the resignation letter copy to this mail.

For which I received an irrelevent reply from XXX company that ""you will get the relieving letter once the FNF is processed."".

I received the petrol conveyance on August 20, 2018. Once again, I raised a query to the XXX company on the same mail regarding why my conveyance is not on hold, for which I received no reply.

I was relieved on August 31, 2018. and joined another company on sept 3, 2018.Â 
I received the FNF settlement on April 8, 2019, after 8 months.

I received the resignation letter in mail from the YYY company HR on May 8, 2019. After 9 months of relieving. But the date was mentioned wrongly as September 11, 2018. I immediately mailed back that the date is wrong and I want it corrected with a copy of my resignation letter. for which the HR replied with the mail attachment from my reporting manager that the date of exit is September 11, 2018.

I immediately received a call from the YYY company HR stating that it was updated by my reporting manager, and you can contact him. I called my reporting manager, and he said he could not help as he had moved on to another company.Â 

This was my first job, and I didn't know what to do and left it untouched.

Now only it is creating problems for me in background verification. I reached out to the company with two proofs:
1. The intimation mail conversation with XXX company during the time of resignation.
2. The mail conversation with the YYY company HR stating the date is wrong in the receiving letter.

The YYY company is not ready to correct it. They have been mailing back and forth for two months without any conclusion.Â 

Kindly suggest to me how to get this corrected in the UAN portal and re-issue the relieving letter. It's been 4 years and 10 months now. Should I reach out to the labor court or criminal court for misrepresentation of date/data or document forgery?( Chennai, Tamil Nadu )",HKG::EPF_6 → HKG::ICA_73,HKG::EPF_6 → HKG::ICA_73 → HKG::employment_bond → HKG::PROC_PF_COMPLAINT → HKG::Indian Contract Act 1872 → HKG::Employees Provident Fund Act 1952,"I study in an engineering college and now I am in my second year going to start 3rd year in september my college has not given any holidays after semester end examinations and starts the new semester right the next day. This has happened for 4 continuous semesters now . In the academic calendar 1 month holiday is given but now they are going back on their words . Many of my classmates are depressed especially people from hostels who have not gone home.and I don't know what action to take ,pls tell me( Mysore, Karnataka )","Namaste sir ,
I durgaprasad working as a grade 4 permanent govt employee in state government of andhrapradesh which is a non gazetted ... Sir iam b.tech graduate with good percentage and I cracked gate 2023 with 457 score ...I have a lot of chance in NIT college to pursue Mtech in my engineering stream ....
For that I asked my head of the department to permit to study.. and he said as per the cca and subordinate rules I have not permitted to study because  iam non gazetted post .. and also requested them to sanction loss of pay of my service for about 2year..for that they told me ,, u have no such option except the government allows to u to study with special G.O ,, that is a huge process and may not be my favour ...and now iam thinking to study my mtech and success in my career I would abscond from service without intimating them ...sir is it a good move?? Or else you please give suggestions how to study my mtech without losing my current govt job with loss of my pay ... Pls provide the suggestions..  is my contact number ..sir iam from poor family with big dreams to study and my job is very lower cadre even I have chances to go mtech my family problems strucking me  I don't want to loose my hard earned job for m tech and also I don't want to loose my hard earned prestigious Gate rank for IIT and NIts  for my low cadre job .I need both for safety purposes
Kindly provide best suggestion which is even favourable infront of courts also I mean as per legally correct one ..
Thank you sir and pls do needful( Srikakulam, Andhra Pradesh )","My father worked as driver in KPTCL on 1994  he worked 5 days only then he will not reported to duty because of    he is suffering from health issue and then one year back 29/05/2018 my father is died  so that  we are eligible for taking job from compassionate ground or not . my father no given to resignation letter to department( Shimoga, Karnataka )","Dear Client,The overlapping in service in respect of previous and present establishment and any anomaly or discrepancy in EPF records in respect of a fund of any registered member is a ground for future dispute. When your EPF record shows an anomaly in the joining and exit date in both the XXX & YYY Company which is contradictory, then until and unless those anomalies are rectified by the concerned employers, PF records will show dual employment. A joint declaration form is used to correct Provident Fund (PF) member details. It is a combined form that the employee and employer sign and submit to the regional PF commissioner to update the wrong information entered in the employeesâ PF accounts. An EPF member should fill out the joint declaration form to correct details like fatherâs name, joining date, Exit date, etc., as these details will be verified against the Aadhaar. The EPF members or employees should physically submit the joint declaration form to the regional PF office with which the company or establishment is registered. An employee cannot update the service history. Only an employer can rectify the error in the employment record of the EPFO. So if an employee finds an error in the database, he should contact their present or previous employers and get it corrected. Further, Background verification(BGV) check is a process many organizations carry out to verify the information provided by the candidate during hiring. Verification of EPFO records through UAN is critical for conducting employee background checks because it allows employers to confirm that their employees are not using false or stolen identities to gain employment. In case of a negative background verification check an employer can even reject/terminate the employment of the candidate. In the given situation, to resolve the issue of overlapping in the P F records of both employers, you need to approach the office of the Regional P F Commissioner who is the competent authority to resolve any anomaly arising out of the date of appointment and date of discharge in EPF records. An individual can file a complaint using the EPF i-Grievance Management System (www. https://epfigms.gov.in/). Once you succeed in wiping out the stigma of dual employment from your EPF records with the cooperation of your previous and present employer, your scope of employment with other companies will be restored with clean employment records. In case of non-cooperation from both previous and current employers which amounted to unfair labour practice, you may bring the matter to the notice of the concerned Labour Commissioner or Asst. Labour Commissioner/LEO for a resolution in the matter.","The primary legal issue here is the misrepresentation of employment termination dates, which can impact employment records and background verification. Under the Indian Contract Act, 1872, and the Employees Provident Fund Act, 1952, accurate employment records must be maintained by employers. The user can file a complaint with the labor commissioner under the Industrial Disputes Act, 1947, for rectification of employment records. The user cannot pursue criminal charges for document forgery unless there is evidence of intent to deceive or fraud. As a next step, gather all relevant documentation and file a formal complaint with the labor commissioner to seek correction of the employment records and the UAN portal.",0.3133,50.9753,19.8636,3.7634,17.0599,19.112,2.3992,27.1794,5.5395,1.634,0.6554,21.1501,51.7118,52.8759,83.8309
200,"Hi sir,
My manager has told me that a written complaint is done against me that I am misbehaving the girl in office. So that why from tomorrow you can't come to office and taken the sin and key. I told them I have not done any such kind of things in office show me the complaint against me and who did it and what kind of misbehaving I have don. They not declared it to me.
Near about a month gown no reply of my mail no mail of complain detail not a single written or mail document given by company why they told me not to come to office and even salary and termination also.",HKG::ICA_73,HKG::ICA_73 → HKG::employment_bond → HKG::Indian Contract Act 1872 → HKG::wages → HKG::Q_864,"My father worked as driver in KPTCL on 1994  he worked 5 days only then he will not reported to duty because of    he is suffering from health issue and then one year back 29/05/2018 my father is died  so that  we are eligible for taking job from compassionate ground or not . my father no given to resignation letter to department( Shimoga, Karnataka )","Sir 
My father worked in a co-op housing society as a guard  from the last 9-10 years.
In august month my father was on approved leave with application . but 3-4 days late due to illnesses . so society is not ready to continue to keep him on job as before .
Housing society terminates my father without notice and the secretary is saying you're not eligible for any gratuity  notice salary .
How will I get the full and final amount from This housing society?( Mumbai, Maharashtra )","my father was an employee of a company and was entitled under EPF scheme. He dies in Jan,2008. My mother received his PF benefit in 2011, but my mother fell in Cancer disease in 2011 and repeatedly suffered many years, due to this we could not submit Pension Claim in 10D form to EPFO as on date. My father had no UAN no then. My question is that will my mother is eligible to submit 10D to get Family Pension from EPFO now. because now we are in very much financial  crisis.( Murshidabad, West Bengal )","Hello there,If you have actually not committed anything wrongful to any girl in your office or wherever. Then what are you waiting for ??? You have all the right to fight for your Self respect into the Court. Charge them for Defamation.","The primary legal issue is wrongful termination and potential defamation. Under the Indian Contract Act, 1872, an employer must adhere to the terms of the employment contract, which typically includes due process for termination, such as a written notice or an opportunity to respond to allegations. Without such due process, the termination may be considered unlawful.

You can legally request a copy of the complaint and any evidence against you, as well as a formal explanation for your termination. If the company fails to provide this, you may file a complaint with the labor commissioner or pursue a civil suit for wrongful termination and defamation. Next steps include documenting all communications with the company and consulting with a labor attorney to explore filing a formal grievance or lawsuit.",0.9014,45.337,19.8636,3.7634,17.0599,19.112,2.3992,27.1794,5.5395,1.634,0.6554,21.1501,51.7118,52.8759,83.8309
