sample_id,question,chain_q_orig,chain_q_extended,retrieved_q1,retrieved_q2,retrieved_q3,answer_ref,answer_pred,bleu4_sample,cosine_sim_sample,rouge1,rouge2,rougel,meteor,bleu4,bleu1,bleu2,bleu3,bleu_bp,chrf,cosine_sim,cosine_sim_med,bertscore
1,"If a fake porn of a girl has been shown and circulated to defame her then what could be the punushment for the person who tried to defame that girl?( Hooghly, West Bengal )",HKG::IEA_114B,HKG::IEA_114B → HKG::IEA → HKG::sexual_harassment → HKG::IEA_2 → HKG::IEA_145,"Sir a present municipal commissioner registered a contract Co. in his office to participate in works contract. . an elected councillor is a major partner in the company The company took many contract payments . They produced fake TDS tax remitted certificates and misappropriated tax revenue 38 lacs. HC ordered for recovery. Recovery was effected. FIR registered against the Co. But still present commissioner awarding contact to same Co. But no criminal action initiated against the commissioner. So many petition sent to higher officers. All are waste. Pl tell what's the procedure to get prosecution sanction against the commissioner sir( Vijayawada, Andhra Pradesh )",Hlo sir/mam..mujhe ye puchna hai ki kuch time phele mere sath kisi ne ladae rhi thi jismai mujhe bahut injury ayi thi or unke oper 308 lagi thi ...joki unlogo ney mana kr dea accept krne se.to mujhe summon aye hai witness ke lea to mujhe ye puchna tha ki mai kya kru ab ...plss suggest me mujhe court ke bare mai kuch knowlegde nae hai ...ab trial chalega to mai kya kru.is ap ke bare mai bhut suna hai pls reply me some good suggestion.,"Sir I've mads omplaint n  filed a WP  in 2018 against an assistant Commr commercial tax for his alleged activities in filing complain against a trader. ie he has shown less crime of forgery docs instead of huge.  ie 150 nos instead of 8. and made favour the accused n weakened the FIR. By this trader evaded 45 lakhs VAT. Only department action taken on him. 

As expected FIR is now dropped  by police  since non coop of AC the complainant. In these three yrs AG audit sent report that he has committed 17 crores revenue loss in his service period.  

Can I  withdraw my earlier WP n file a fresh WP to  take criminal action as well as department action?  I'm the root cause for AG Audit report.( Salem, Tamil Nadu )","Dear Client,Section 67B of the Information Technology Act, 2000, which, after amendment in 2008, criminalizes the publishing, transmitting, or causing the transmission of sexually explicit content. Once a violation of Sec.67B of I T Act, is reported to the Cyber Crime Cell, the matter is suo motto investigated by the authorities and the person may be called on for interrogation to access the source of such offensive posts on social networks and to find out the veracity of the facts from the related intermediaries or service providers. On investigation, if they find the person is in any way violating the provisions of the Act, they can be booked for committing the crime. Further, Section 66E of the Information Technology Act, 2000 deals with the transmission of photos of any personâs private area without his or her consent on social media, which is a criminal offence and the penalty is either three years in prison or a fine of not more than two lakh rupees, or both. On investigation, if the police find that the person is in any way violating the provisions of the Act, he can be booked for committing the crime under Section 66E of the Information Technology Act, 2000. Any person who feels their reputation has been damaged by defamatory statements or acts can sue for defamation under Section 356 of BNS, which replaced Section 499 of IPC. If a person is found guilty of criminal defamation, they can be sentenced to imprisonment for up to two years, a fine, or both under Section 500 of the IPC, replaced by Section 356(2) of the BNS. If required, consult with an Advocate to navigate the issues in the right way.","Under Indian law, circulating fake pornographic material to defame someone can be prosecuted under Section 67 of the Information Technology Act, 2000, which deals with publishing or transmitting obscene material in electronic form. Additionally, Section 500 of the Indian Penal Code addresses criminal defamation, which can result in imprisonment for up to two years, a fine, or both. The victim can file a complaint with the local police or cybercrime cell to initiate legal action.

The user can gather evidence of the circulation, such as screenshots or links, and file a First Information Report (FIR) with the police. It is crucial to act swiftly to prevent further dissemination and to ensure the evidence is preserved.",5.6547,77.1976,18.644,3.9559,16.4299,20.5111,3.2801,20.0199,4.4031,1.5684,1.0,27.1385,49.3219,48.9553,83.8938
2,"Respected Sir/Madam
                                 I am a 28 year old resident of Kolkata.My parents put me in a rehabilitation center against my will by calling the center  and making arrangements , on the 8th of March 2021,  5-6 men came to house and DRAGGED  me from there,SHOVED  me in an ambulance and drove me to the rehab.There I was asked asked to sign a consent form and upon refusing , two individuals including a counsellor of the rehab GRABBED my hand and took a thumb impression..While in the rehab I was forced to be BATHED FULLY NAKED  by ANOTHER  INMATE as I being a 28 year old was deemed incompetent to take proper baths by authorities . The counsellors and my parents  decided how long I would stay I HAD NO SAY WHATSOEVER. My question is .. how do I go about filing the lawsuit.( Kolkata, West Bengal )","PC::Death of Two Individuals → PC::Section 2(d) of the West Bengal Sales Tax Act, 1954 → HKG::CCS_ME → PC::Assault Resulted in Death of Two Individuals","PC::Death of Two Individuals → PC::Section 2(d) of the West Bengal Sales Tax Act, 1954 → HKG::CCS_ME → PC::Assault Resulted in Death of Two Individuals → PC::Eyewitness Testimony Lacked Credibility → PC::Medical Evidence Indicated Cutting Instrument Used → HKG::LIM_59 → HKG::LIM","Sir a present municipal commissioner registered a contract Co. in his office to participate in works contract. . an elected councillor is a major partner in the company The company took many contract payments . They produced fake TDS tax remitted certificates and misappropriated tax revenue 38 lacs. HC ordered for recovery. Recovery was effected. FIR registered against the Co. But still present commissioner awarding contact to same Co. But no criminal action initiated against the commissioner. So many petition sent to higher officers. All are waste. Pl tell what's the procedure to get prosecution sanction against the commissioner sir( Vijayawada, Andhra Pradesh )","Sir I've mads omplaint n  filed a WP  in 2018 against an assistant Commr commercial tax for his alleged activities in filing complain against a trader. ie he has shown less crime of forgery docs instead of huge.  ie 150 nos instead of 8. and made favour the accused n weakened the FIR. By this trader evaded 45 lakhs VAT. Only department action taken on him. 

As expected FIR is now dropped  by police  since non coop of AC the complainant. In these three yrs AG audit sent report that he has committed 17 crores revenue loss in his service period.  

Can I  withdraw my earlier WP n file a fresh WP to  take criminal action as well as department action?  I'm the root cause for AG Audit report.( Salem, Tamil Nadu )","Dear Sir, 

One of the nationalised bank lodged an FIR against me under IPC SEC 420 for cheating and fraud related to ATM transactions in the year 2015.

For your kind information, i and my two relatives made 50 + atm transactions using their two atm. And all the transactions was unsuccessful. After raising disputes, they reverse the amount for 30+ claims. But they refused to settle the claims for last few transactions and alleged me and my relatives that we falsely lodged complaints due to ATM malfunctions. The ATM machine is failed to provide valid journal log of the all these transactions and also not providing CCTV Footage.

I raised a complaint for two of the said unsettled transactions in banking ombudsman, RBI and RBI also made decisions in my favour and asked the bank to refund the amount due to lack of evidence and CCTV Footage. And bank also bound to refund the amount after the RBI Mumbai rejects their appeal.

I also submits a petition at the high court for quashing the FIR. But the concerned IO and public prosecutor urged the court that investigation is still pending and they need some time to complete the investigation. And for that reason, the high court dismissed my petition and ordered the concerned IO to start the investigation without further delay and complete the same as soon as possible. The said judgement was made almost two years ago.

So I cordially request you to look into the matter and give me some advice what can I do right now.

With regards,

S Dasgupta.( Guwahati, Assam )","Dear Client,According to the Mental Health Care Bill 2016,  no one else can forcefully admit anyone in a hospital if they are lucid and understand what is happening to them. Hence in your case please consult a lawyer near you and file a petition against your parents and the rehabilitation Centre for going against the law and treating you in a defamatory manner and in a way which makes you lose access to your basic fundamental rights.Thank you so much, I hope this answer helped you.","The primary legal issue here is unlawful confinement and potential assault. Under Indian law, forcibly confining an adult without their consent may constitute false imprisonment, which is a violation of their personal liberty under Article 21 of the Constitution of India. Additionally, forcing a thumb impression on a consent form without genuine consent could be considered forgery under Section 463 of the Indian Penal Code.

You can file a police complaint against the rehabilitation center and the individuals involved for unlawful confinement and assault. Additionally, consider filing a writ petition in the High Court seeking immediate release and compensation for the violation of your fundamental rights. Consulting with a local attorney to assist in drafting and filing these legal documents would be a prudent step.",2.3806,47.4744,18.644,3.9559,16.4299,20.5111,3.2801,20.0199,4.4031,1.5684,1.0,27.1385,49.3219,48.9553,83.8938
3,"If I do a cross case, can I share the proof I have (personal photos of the girl) with the police?because the police had already got me to delete the private photos of the girl..But I had some private photos kept which I did not tell the police..Today I have to do a cross case against the girl that the girl had implicated me in a false case..I have call recording and private photos for proof..I even tried to commit suicide because of that girl..I lost my job because of that girl. Lost respect. I don't understand anything.. I feel like committing suicide.what legal action can i take against the girl..please tell in details..help me..( Chhindwara, Madhya Pradesh )","PC::Respondent Convicted in Cross Case → HKG::MHA_115 → PC::Section 7 of the Police Act, 1861 → PC::Section 7 of the Police Act, 5 of 1861","PC::Respondent Convicted in Cross Case → HKG::MHA_115 → PC::Section 7 of the Police Act, 1861 → PC::Section 7 of the Police Act, 5 of 1861 → HKG::BTC_346 → HKG::BTC → HKG::EPF_AT_4 → HKG::labour_court","Sir a present municipal commissioner registered a contract Co. in his office to participate in works contract. . an elected councillor is a major partner in the company The company took many contract payments . They produced fake TDS tax remitted certificates and misappropriated tax revenue 38 lacs. HC ordered for recovery. Recovery was effected. FIR registered against the Co. But still present commissioner awarding contact to same Co. But no criminal action initiated against the commissioner. So many petition sent to higher officers. All are waste. Pl tell what's the procedure to get prosecution sanction against the commissioner sir( Vijayawada, Andhra Pradesh )","Sir I've mads omplaint n  filed a WP  in 2018 against an assistant Commr commercial tax for his alleged activities in filing complain against a trader. ie he has shown less crime of forgery docs instead of huge.  ie 150 nos instead of 8. and made favour the accused n weakened the FIR. By this trader evaded 45 lakhs VAT. Only department action taken on him. 

As expected FIR is now dropped  by police  since non coop of AC the complainant. In these three yrs AG audit sent report that he has committed 17 crores revenue loss in his service period.  

Can I  withdraw my earlier WP n file a fresh WP to  take criminal action as well as department action?  I'm the root cause for AG Audit report.( Salem, Tamil Nadu )","Shall i file objection in JMFC or approach to high court to quash police final report in 498a F.I.R ?
In 498a, 406 F.I.R last alleged incident of date 01.08.2020 after 2 year on 20.02.2022 F.I.R gets registered&nbsp;in different state&nbsp;till now police final report is not yet submitted , in term on evidence&nbsp;police will submit 2 -3 fake whatsup&nbsp;messges&nbsp;on year 2019.&nbsp;

IO told me he is going to submit charge sheet in few days.
The day IO submit final report in MM court ,&nbsp;shall i reach court and submit objection u/s 468(2)(c), now court is bared to take cognizance&nbsp;due to limitation act.also jurisdiction&nbsp;ground as per recent judgment of supreme court on dated 25.09.2024 KAILASHBEN MAHENDRABHAI PATEL c ?
shall i approach&nbsp;to delhi high court&nbsp; to quash on the judgment on A.Kaliyaperumal of madardh high court of 2024 on limitation groud&nbsp;?
can i go the delhi high to quash even after submission of final report in MM court( New Delhi, Delhi )","Dear Sir,You can get sympathy at the most by the Police and the Courts. It is advised to go to High Court by filing quashing petition instead of lodging a counter complaint against her and see that such false complaint be quashed and you may come out of false allegations.","Sharing private photos without consent can constitute an offense under Section 66E of the Information Technology Act, 2000, which penalizes the violation of privacy. Instead, focus on admissible evidence like call recordings, provided they were obtained legally. For filing a cross-case, gather evidence that supports your claim of false accusations and consult with a lawyer to draft a complaint under relevant sections, such as defamation (IPC Section 499) or criminal intimidation (IPC Section 506).

Do not share or threaten to share private photos, as this could lead to legal repercussions against you. File a complaint with the police or approach the court with the evidence you have, and consider seeking a restraining order if necessary. Additionally, seek support from mental health professionals to address feelings of distress.",0.8912,41.0013,18.644,3.9559,16.4299,20.5111,3.2801,20.0199,4.4031,1.5684,1.0,27.1385,49.3219,48.9553,83.8938
4,"Whom should i approach to curb the loudspeaker nuisance created by the vegetable vendors( Jhajjar, Haryana )",HKG::PGA_4 → HKG::PGA_7 → HKG::CCS_ME_3 → HKG::MEPS_17,HKG::PGA_4 → HKG::PGA_7 → HKG::CCS_ME_3 → HKG::MEPS_17 → HKG::provident_fund → HKG::labour_court → HKG::PROC_GRATUITY_CLAIM → HKG::CCS_ME,"Sir a present municipal commissioner registered a contract Co. in his office to participate in works contract. . an elected councillor is a major partner in the company The company took many contract payments . They produced fake TDS tax remitted certificates and misappropriated tax revenue 38 lacs. HC ordered for recovery. Recovery was effected. FIR registered against the Co. But still present commissioner awarding contact to same Co. But no criminal action initiated against the commissioner. So many petition sent to higher officers. All are waste. Pl tell what's the procedure to get prosecution sanction against the commissioner sir( Vijayawada, Andhra Pradesh )","Sir I've mads omplaint n  filed a WP  in 2018 against an assistant Commr commercial tax for his alleged activities in filing complain against a trader. ie he has shown less crime of forgery docs instead of huge.  ie 150 nos instead of 8. and made favour the accused n weakened the FIR. By this trader evaded 45 lakhs VAT. Only department action taken on him. 

As expected FIR is now dropped  by police  since non coop of AC the complainant. In these three yrs AG audit sent report that he has committed 17 crores revenue loss in his service period.  

Can I  withdraw my earlier WP n file a fresh WP to  take criminal action as well as department action?  I'm the root cause for AG Audit report.( Salem, Tamil Nadu )","Shall i file objection in JMFC or approach to high court to quash police final report in 498a F.I.R ?
In 498a, 406 F.I.R last alleged incident of date 01.08.2020 after 2 year on 20.02.2022 F.I.R gets registered&nbsp;in different state&nbsp;till now police final report is not yet submitted , in term on evidence&nbsp;police will submit 2 -3 fake whatsup&nbsp;messges&nbsp;on year 2019.&nbsp;

IO told me he is going to submit charge sheet in few days.
The day IO submit final report in MM court ,&nbsp;shall i reach court and submit objection u/s 468(2)(c), now court is bared to take cognizance&nbsp;due to limitation act.also jurisdiction&nbsp;ground as per recent judgment of supreme court on dated 25.09.2024 KAILASHBEN MAHENDRABHAI PATEL c ?
shall i approach&nbsp;to delhi high court&nbsp; to quash on the judgment on A.Kaliyaperumal of madardh high court of 2024 on limitation groud&nbsp;?
can i go the delhi high to quash even after submission of final report in MM court( New Delhi, Delhi )","Dear Client,To address the issue of loudspeaker nuisance created by vegetable vendors, you can take several steps. Initially, try to have a polite and direct conversation with the vendors, explaining the disturbance caused by the loudspeakers and requesting them to lower the volume. If this approach proves ineffective, you may contact the local municipal authorities or the respective municipal corporation office in your area, filing a complaint about the noise disturbance. Provide specific details such as the location, time, and duration of the disturbance to strengthen your case. Additionally, check if your locality has a designated noise control department or a local police station that handles noise-related complaints. They can guide you on the relevant local regulations and take appropriate action against the vendors if they are violating noise control norms. Documenting instances of disturbance with video or audio recordings can serve as supporting evidence. Consistent communication with the relevant authorities and adherence to established procedures will contribute to effectively curbing the loudspeaker nuisance created by the vegetable vendors in your vicinity.","The primary legal issue is noise pollution caused by the vegetable vendors using loudspeakers. Under the Noise Pollution (Regulation and Control) Rules, 2000, noise levels in residential areas should not exceed 55 dB during the day and 45 dB at night. You can file a complaint with the local police or the State Pollution Control Board, as they are responsible for enforcing these regulations. If the issue persists, consider filing a petition in the High Court under Article 226 of the Constitution of India, seeking a writ of mandamus to compel the authorities to act.",2.9475,74.0835,18.644,3.9559,16.4299,20.5111,3.2801,20.0199,4.4031,1.5684,1.0,27.1385,49.3219,48.9553,83.8938
5,"I have been accused wrongly in a suicide case. Section 306 in police Fir.
Our school guard is committed suicide & leave a note in which a comment with name is that i harassed & insulted him. But the true fact is that i communicate with him only 3 times that was normal talk like hi hello. He was working here from last 2 months. I was shocked when police told my name is in suicide note. Now what can i do please suggest?( Jaipur, Rajasthan )",PC::Section 306 IPC → PC::FIR Registered for Attempted Suicide → PC::Section 306 of the Code of Criminal Procedure → PC::High Court Convicted Under Section 306 IPC,PC::Section 306 IPC → PC::FIR Registered for Attempted Suicide → PC::Section 306 of the Code of Criminal Procedure → PC::High Court Convicted Under Section 306 IPC → HKG::LIM_133 → HKG::leave → HKG::EC_RULES_17 → HKG::EC_RULES,"Sir a present municipal commissioner registered a contract Co. in his office to participate in works contract. . an elected councillor is a major partner in the company The company took many contract payments . They produced fake TDS tax remitted certificates and misappropriated tax revenue 38 lacs. HC ordered for recovery. Recovery was effected. FIR registered against the Co. But still present commissioner awarding contact to same Co. But no criminal action initiated against the commissioner. So many petition sent to higher officers. All are waste. Pl tell what's the procedure to get prosecution sanction against the commissioner sir( Vijayawada, Andhra Pradesh )","Sir I've mads omplaint n  filed a WP  in 2018 against an assistant Commr commercial tax for his alleged activities in filing complain against a trader. ie he has shown less crime of forgery docs instead of huge.  ie 150 nos instead of 8. and made favour the accused n weakened the FIR. By this trader evaded 45 lakhs VAT. Only department action taken on him. 

As expected FIR is now dropped  by police  since non coop of AC the complainant. In these three yrs AG audit sent report that he has committed 17 crores revenue loss in his service period.  

Can I  withdraw my earlier WP n file a fresh WP to  take criminal action as well as department action?  I'm the root cause for AG Audit report.( Salem, Tamil Nadu )","Shall i file objection in JMFC or approach to high court to quash police final report in 498a F.I.R ?
In 498a, 406 F.I.R last alleged incident of date 01.08.2020 after 2 year on 20.02.2022 F.I.R gets registered&nbsp;in different state&nbsp;till now police final report is not yet submitted , in term on evidence&nbsp;police will submit 2 -3 fake whatsup&nbsp;messges&nbsp;on year 2019.&nbsp;

IO told me he is going to submit charge sheet in few days.
The day IO submit final report in MM court ,&nbsp;shall i reach court and submit objection u/s 468(2)(c), now court is bared to take cognizance&nbsp;due to limitation act.also jurisdiction&nbsp;ground as per recent judgment of supreme court on dated 25.09.2024 KAILASHBEN MAHENDRABHAI PATEL c ?
shall i approach&nbsp;to delhi high court&nbsp; to quash on the judgment on A.Kaliyaperumal of madardh high court of 2024 on limitation groud&nbsp;?
can i go the delhi high to quash even after submission of final report in MM court( New Delhi, Delhi )","Hi,You can apply for a bail in this case and later defend yourself during the trial.","Under Section 306 of the Indian Penal Code (IPC), abetment of suicide is a serious charge that requires proof of intentional instigation or aiding the commission of suicide. In your case, the mere mention of your name in the suicide note does not automatically establish guilt. You can file a petition under Section 482 of the Criminal Procedure Code (CrPC) in the High Court to quash the FIR, arguing that there is no prima facie evidence of abetment and that the allegations are baseless. Collect all evidence of your limited interactions with the deceased and any witnesses who can corroborate your version of events. Consult a lawyer to prepare your defense and represent you in court proceedings.",0.8078,37.6784,18.644,3.9559,16.4299,20.5111,3.2801,20.0199,4.4031,1.5684,1.0,27.1385,49.3219,48.9553,83.8938
6,"I unknowingly forwarded a fake message in what's app group regarding tenth class time table again with in 2 minutes I delted it for all by knowing that was fake . Will this come under criminal case( Chittoor, Andhra Pradesh )","PC::Section 34(a) of the Andhra Pradesh Excise Act → PC::Chinnaswamy v. State of Andhra Pradesh → PC::Andhra Pradesh General Sales Tax Act, 1957 → PC::Andhra Pradesh Education Act, 1982","PC::Section 34(a) of the Andhra Pradesh Excise Act → PC::Chinnaswamy v. State of Andhra Pradesh → PC::Andhra Pradesh General Sales Tax Act, 1957 → PC::Andhra Pradesh Education Act, 1982 → PC::Retrial Ordered for Appellants → PC::Writ Petition Filed Against Management Decision → HKG::BTC_4 → HKG::BTC","Sir a present municipal commissioner registered a contract Co. in his office to participate in works contract. . an elected councillor is a major partner in the company The company took many contract payments . They produced fake TDS tax remitted certificates and misappropriated tax revenue 38 lacs. HC ordered for recovery. Recovery was effected. FIR registered against the Co. But still present commissioner awarding contact to same Co. But no criminal action initiated against the commissioner. So many petition sent to higher officers. All are waste. Pl tell what's the procedure to get prosecution sanction against the commissioner sir( Vijayawada, Andhra Pradesh )","Sir I've mads omplaint n  filed a WP  in 2018 against an assistant Commr commercial tax for his alleged activities in filing complain against a trader. ie he has shown less crime of forgery docs instead of huge.  ie 150 nos instead of 8. and made favour the accused n weakened the FIR. By this trader evaded 45 lakhs VAT. Only department action taken on him. 

As expected FIR is now dropped  by police  since non coop of AC the complainant. In these three yrs AG audit sent report that he has committed 17 crores revenue loss in his service period.  

Can I  withdraw my earlier WP n file a fresh WP to  take criminal action as well as department action?  I'm the root cause for AG Audit report.( Salem, Tamil Nadu )","Shall i file objection in JMFC or approach to high court to quash police final report in 498a F.I.R ?
In 498a, 406 F.I.R last alleged incident of date 01.08.2020 after 2 year on 20.02.2022 F.I.R gets registered&nbsp;in different state&nbsp;till now police final report is not yet submitted , in term on evidence&nbsp;police will submit 2 -3 fake whatsup&nbsp;messges&nbsp;on year 2019.&nbsp;

IO told me he is going to submit charge sheet in few days.
The day IO submit final report in MM court ,&nbsp;shall i reach court and submit objection u/s 468(2)(c), now court is bared to take cognizance&nbsp;due to limitation act.also jurisdiction&nbsp;ground as per recent judgment of supreme court on dated 25.09.2024 KAILASHBEN MAHENDRABHAI PATEL c ?
shall i approach&nbsp;to delhi high court&nbsp; to quash on the judgment on A.Kaliyaperumal of madardh high court of 2024 on limitation groud&nbsp;?
can i go the delhi high to quash even after submission of final report in MM court( New Delhi, Delhi )",There is no mense rea that is guilt mind...it is no criminal act.,"Forwarding a fake message, even if deleted quickly, could potentially fall under the purview of Section 66D of the Information Technology Act, 2000, which penalizes cheating by personation using computer resources. However, since the message was deleted within two minutes and there was no intent to deceive or harm, it is unlikely to constitute a criminal offense. 

To address any concerns, ensure that no further dissemination occurred and monitor for any legal notices or complaints. If contacted by authorities, provide a clear account of the incident and demonstrate the prompt deletion of the message.",1.0119,27.4538,18.644,3.9559,16.4299,20.5111,3.2801,20.0199,4.4031,1.5684,1.0,27.1385,49.3219,48.9553,83.8938
7,"A member of Hsg Society died and two of three sons got the property transferred being nominees and sold it without knowledge of third brother living abroad. On his return to India he filed a civil  suit against the two brothers, the buyer and the Society and that makes sense but he filed a criminal case against new chairman and secretary who knew nothing about it. How can this be done?( Mumbai suburban, Maharashtra )",PC::Respondent Filed Civil Suit for Appointment → PC::Murder of Three Brothers → PC::Appellant Failed to Return to India After Studies → HKG::SOC_REG_29,PC::Respondent Filed Civil Suit for Appointment → PC::Murder of Three Brothers → PC::Appellant Failed to Return to India After Studies → HKG::SOC_REG_29 → HKG::SOC_REG → PC::Prosecution Alleged Unlawful Assembly → HKG::LIM_74 → HKG::LIM,"Sir a present municipal commissioner registered a contract Co. in his office to participate in works contract. . an elected councillor is a major partner in the company The company took many contract payments . They produced fake TDS tax remitted certificates and misappropriated tax revenue 38 lacs. HC ordered for recovery. Recovery was effected. FIR registered against the Co. But still present commissioner awarding contact to same Co. But no criminal action initiated against the commissioner. So many petition sent to higher officers. All are waste. Pl tell what's the procedure to get prosecution sanction against the commissioner sir( Vijayawada, Andhra Pradesh )","Sir I've mads omplaint n  filed a WP  in 2018 against an assistant Commr commercial tax for his alleged activities in filing complain against a trader. ie he has shown less crime of forgery docs instead of huge.  ie 150 nos instead of 8. and made favour the accused n weakened the FIR. By this trader evaded 45 lakhs VAT. Only department action taken on him. 

As expected FIR is now dropped  by police  since non coop of AC the complainant. In these three yrs AG audit sent report that he has committed 17 crores revenue loss in his service period.  

Can I  withdraw my earlier WP n file a fresh WP to  take criminal action as well as department action?  I'm the root cause for AG Audit report.( Salem, Tamil Nadu )","Shall i file objection in JMFC or approach to high court to quash police final report in 498a F.I.R ?
In 498a, 406 F.I.R last alleged incident of date 01.08.2020 after 2 year on 20.02.2022 F.I.R gets registered&nbsp;in different state&nbsp;till now police final report is not yet submitted , in term on evidence&nbsp;police will submit 2 -3 fake whatsup&nbsp;messges&nbsp;on year 2019.&nbsp;

IO told me he is going to submit charge sheet in few days.
The day IO submit final report in MM court ,&nbsp;shall i reach court and submit objection u/s 468(2)(c), now court is bared to take cognizance&nbsp;due to limitation act.also jurisdiction&nbsp;ground as per recent judgment of supreme court on dated 25.09.2024 KAILASHBEN MAHENDRABHAI PATEL c ?
shall i approach&nbsp;to delhi high court&nbsp; to quash on the judgment on A.Kaliyaperumal of madardh high court of 2024 on limitation groud&nbsp;?
can i go the delhi high to quash even after submission of final report in MM court( New Delhi, Delhi )","Dear Sir,Such and criminal case can be quashed by HC.","The primary legal issue is whether the criminal case against the new chairman and secretary of the housing society is tenable given their alleged lack of involvement or knowledge of the property transfer. Under Indian law, specifically the Indian Penal Code (IPC), criminal liability generally requires intent or knowledge of wrongdoing. If the chairman and secretary were not involved in the transaction or aware of any fraudulent activity, they likely cannot be held criminally liable.

The user can challenge the criminal proceedings against the chairman and secretary by filing a petition under Section 482 of the Criminal Procedure Code (CrPC) in the High Court to quash the proceedings, arguing lack of involvement or knowledge. The user cannot proceed with criminal charges against individuals who have no connection to the alleged crime without evidence of their participation or intent. As a next step, gather evidence demonstrating the chairman and secretary's lack of involvement and consult legal counsel to draft and file the petition for quashing the proceedings.",0.5571,49.9306,18.644,3.9559,16.4299,20.5111,3.2801,20.0199,4.4031,1.5684,1.0,27.1385,49.3219,48.9553,83.8938
8,"From the age of 26 i have been continiously caught and put in mental asylum..now the public are after me again..poisoning shopping complexes ..taxis..( Bangalore, Karnataka )",HKG::IDA_25F → HKG::IDA_25H → HKG::IDA_25N → HKG::IRC_64,HKG::IDA_25F → HKG::IDA_25H → HKG::IDA_25N → HKG::IRC_64 → HKG::retrenchment → HKG::Industrial Disputes Act 1947 → HKG::EPF_6 → HKG::provident_fund,"Sir a present municipal commissioner registered a contract Co. in his office to participate in works contract. . an elected councillor is a major partner in the company The company took many contract payments . They produced fake TDS tax remitted certificates and misappropriated tax revenue 38 lacs. HC ordered for recovery. Recovery was effected. FIR registered against the Co. But still present commissioner awarding contact to same Co. But no criminal action initiated against the commissioner. So many petition sent to higher officers. All are waste. Pl tell what's the procedure to get prosecution sanction against the commissioner sir( Vijayawada, Andhra Pradesh )","Sir I've mads omplaint n  filed a WP  in 2018 against an assistant Commr commercial tax for his alleged activities in filing complain against a trader. ie he has shown less crime of forgery docs instead of huge.  ie 150 nos instead of 8. and made favour the accused n weakened the FIR. By this trader evaded 45 lakhs VAT. Only department action taken on him. 

As expected FIR is now dropped  by police  since non coop of AC the complainant. In these three yrs AG audit sent report that he has committed 17 crores revenue loss in his service period.  

Can I  withdraw my earlier WP n file a fresh WP to  take criminal action as well as department action?  I'm the root cause for AG Audit report.( Salem, Tamil Nadu )","Shall i file objection in JMFC or approach to high court to quash police final report in 498a F.I.R ?
In 498a, 406 F.I.R last alleged incident of date 01.08.2020 after 2 year on 20.02.2022 F.I.R gets registered&nbsp;in different state&nbsp;till now police final report is not yet submitted , in term on evidence&nbsp;police will submit 2 -3 fake whatsup&nbsp;messges&nbsp;on year 2019.&nbsp;

IO told me he is going to submit charge sheet in few days.
The day IO submit final report in MM court ,&nbsp;shall i reach court and submit objection u/s 468(2)(c), now court is bared to take cognizance&nbsp;due to limitation act.also jurisdiction&nbsp;ground as per recent judgment of supreme court on dated 25.09.2024 KAILASHBEN MAHENDRABHAI PATEL c ?
shall i approach&nbsp;to delhi high court&nbsp; to quash on the judgment on A.Kaliyaperumal of madardh high court of 2024 on limitation groud&nbsp;?
can i go the delhi high to quash even after submission of final report in MM court( New Delhi, Delhi )",Agar aap ki mind conditions thik hai tab aap police me complaint file kare. Kyonki ab aap bilkul thik ho chuke hai. Agar koi bhi aap ko aane jane me koi problems kar raha hai vah aap ke constitutional right ka hanan kar raha hai. Kyon ki aap ko constitution sab sthan par ghumne ki anumati pardan karta. Koi aap ke adhikar ko nhi chhin sakta hai. Isliye aap ko un logo ko khilaf police me complaint file karni chahiye. Taki police unke khilaf proper action le sake.Please rate my answer,"If you believe you are being wrongfully institutionalized or targeted, you can file a writ petition in the High Court under Article 226 of the Constitution of India, seeking protection of your fundamental rights. The Mental Healthcare Act, 2017, provides that no person shall be admitted to a mental health establishment without their consent unless they are incapable of making an informed decision or pose a risk to themselves or others. You can challenge the legality of your previous admissions and seek an injunction against any further involuntary admissions without due process. Consult with a lawyer to gather evidence of any unlawful actions against you and prepare your petition.",0.4578,29.4464,18.644,3.9559,16.4299,20.5111,3.2801,20.0199,4.4031,1.5684,1.0,27.1385,49.3219,48.9553,83.8938
9,"Iam a railway employee. In 2014 one case is registered by my superior about preventing dooing duty by a native in railway gate. That time i was not in there. The incident was in night. My superior give my name as 4th witness . Still the day i didn't know that iam a witness. Now i got a sameness from court to reported as witness but i never seen the incident. Iam also going to tell this in court.  If there is any  problems by this?( Palakkad, Kerala )",PC::Death of Passenger in Railway Incident → PC::Altercation Preceded the Incident → PC::Appellant Objected to Examination as Witness → PC::Appellant No. 2 Not in Possession of Still,PC::Death of Passenger in Railway Incident → PC::Altercation Preceded the Incident → PC::Appellant Objected to Examination as Witness → PC::Appellant No. 2 Not in Possession of Still → PC::Conviction Under Prohibition Act → PC::Possession of Illicit Liquor Established → PC::Presumption Under Section 103 Considered → PC::Opportunity to Rebut Presumption Denied,"Sir a present municipal commissioner registered a contract Co. in his office to participate in works contract. . an elected councillor is a major partner in the company The company took many contract payments . They produced fake TDS tax remitted certificates and misappropriated tax revenue 38 lacs. HC ordered for recovery. Recovery was effected. FIR registered against the Co. But still present commissioner awarding contact to same Co. But no criminal action initiated against the commissioner. So many petition sent to higher officers. All are waste. Pl tell what's the procedure to get prosecution sanction against the commissioner sir( Vijayawada, Andhra Pradesh )","Sir I've mads omplaint n  filed a WP  in 2018 against an assistant Commr commercial tax for his alleged activities in filing complain against a trader. ie he has shown less crime of forgery docs instead of huge.  ie 150 nos instead of 8. and made favour the accused n weakened the FIR. By this trader evaded 45 lakhs VAT. Only department action taken on him. 

As expected FIR is now dropped  by police  since non coop of AC the complainant. In these three yrs AG audit sent report that he has committed 17 crores revenue loss in his service period.  

Can I  withdraw my earlier WP n file a fresh WP to  take criminal action as well as department action?  I'm the root cause for AG Audit report.( Salem, Tamil Nadu )","Shall i file objection in JMFC or approach to high court to quash police final report in 498a F.I.R ?
In 498a, 406 F.I.R last alleged incident of date 01.08.2020 after 2 year on 20.02.2022 F.I.R gets registered&nbsp;in different state&nbsp;till now police final report is not yet submitted , in term on evidence&nbsp;police will submit 2 -3 fake whatsup&nbsp;messges&nbsp;on year 2019.&nbsp;

IO told me he is going to submit charge sheet in few days.
The day IO submit final report in MM court ,&nbsp;shall i reach court and submit objection u/s 468(2)(c), now court is bared to take cognizance&nbsp;due to limitation act.also jurisdiction&nbsp;ground as per recent judgment of supreme court on dated 25.09.2024 KAILASHBEN MAHENDRABHAI PATEL c ?
shall i approach&nbsp;to delhi high court&nbsp; to quash on the judgment on A.Kaliyaperumal of madardh high court of 2024 on limitation groud&nbsp;?
can i go the delhi high to quash even after submission of final report in MM court( New Delhi, Delhi )","Yes,  you can share it with the court of law.","you are legally obligated to testify truthfully under oath. If you did not witness the incident, you should clearly state this fact in court. According to Section 191 of the Indian Penal Code, giving false evidence is a punishable offense, so it is crucial to maintain honesty in your testimony. You cannot refuse to testify, but you can clarify your lack of firsthand knowledge of the event. Attend the court as summoned and communicate your situation to the judge or the prosecutor before your testimony.",1.4229,29.5644,18.644,3.9559,16.4299,20.5111,3.2801,20.0199,4.4031,1.5684,1.0,27.1385,49.3219,48.9553,83.8938
10,"If the judgment is passed saying issue of NBW. I. How much time or days  the NB warrant gets issued( Mumbai, Maharashtra )",HKG::IEA_27 → HKG::LIM_133 → HKG::IEA_38 → HKG::SPE_5,HKG::IEA_27 → HKG::LIM_133 → HKG::IEA_38 → HKG::SPE_5 → HKG::SPE → HKG::leave → HKG::IEA → HKG::LIM,"Sir a present municipal commissioner registered a contract Co. in his office to participate in works contract. . an elected councillor is a major partner in the company The company took many contract payments . They produced fake TDS tax remitted certificates and misappropriated tax revenue 38 lacs. HC ordered for recovery. Recovery was effected. FIR registered against the Co. But still present commissioner awarding contact to same Co. But no criminal action initiated against the commissioner. So many petition sent to higher officers. All are waste. Pl tell what's the procedure to get prosecution sanction against the commissioner sir( Vijayawada, Andhra Pradesh )","Shall i file objection in JMFC or approach to high court to quash police final report in 498a F.I.R ?
In 498a, 406 F.I.R last alleged incident of date 01.08.2020 after 2 year on 20.02.2022 F.I.R gets registered&nbsp;in different state&nbsp;till now police final report is not yet submitted , in term on evidence&nbsp;police will submit 2 -3 fake whatsup&nbsp;messges&nbsp;on year 2019.&nbsp;

IO told me he is going to submit charge sheet in few days.
The day IO submit final report in MM court ,&nbsp;shall i reach court and submit objection u/s 468(2)(c), now court is bared to take cognizance&nbsp;due to limitation act.also jurisdiction&nbsp;ground as per recent judgment of supreme court on dated 25.09.2024 KAILASHBEN MAHENDRABHAI PATEL c ?
shall i approach&nbsp;to delhi high court&nbsp; to quash on the judgment on A.Kaliyaperumal of madardh high court of 2024 on limitation groud&nbsp;?
can i go the delhi high to quash even after submission of final report in MM court( New Delhi, Delhi )","Sir I've mads omplaint n  filed a WP  in 2018 against an assistant Commr commercial tax for his alleged activities in filing complain against a trader. ie he has shown less crime of forgery docs instead of huge.  ie 150 nos instead of 8. and made favour the accused n weakened the FIR. By this trader evaded 45 lakhs VAT. Only department action taken on him. 

As expected FIR is now dropped  by police  since non coop of AC the complainant. In these three yrs AG audit sent report that he has committed 17 crores revenue loss in his service period.  

Can I  withdraw my earlier WP n file a fresh WP to  take criminal action as well as department action?  I'm the root cause for AG Audit report.( Salem, Tamil Nadu )","Dear client,An NBW will stay in effect as long as it is not executed or periodically recalled; the magistrate must extend its validity in order for it to do so. Therefore, you must contact an attorney to request the issuance of an anticipatory bail against the Non-Bailable Warrant of Arrest from the relevant Court and to take additional actions for the recall of said NBW if one is issued in a case involving a cheque bounce.","Once a judgment is passed for the issuance of a Non-Bailable Warrant (NBW), it is typically issued immediately by the court. The warrant is directed to the police for execution, and there is no statutory waiting period before it is issued. Under Section 70 of the Code of Criminal Procedure, 1973, an NBW remains in force until it is executed or canceled by the court.

Legally, the subject of the NBW cannot ignore the warrant and must comply with it. The next steps involve either surrendering to the court or filing an application to recall or cancel the NBW, citing valid reasons for non-appearance. Engaging an attorney to expedite the process and ensure compliance with legal procedures is advisable.",3.2704,79.1897,18.644,3.9559,16.4299,20.5111,3.2801,20.0199,4.4031,1.5684,1.0,27.1385,49.3219,48.9553,83.8938
11,"i have filed a criminal case section 354d.506,509,446 in 2016. Now i want to withdraw it. Please advise the step. This lodged as STATE versus accused name in patiala house court.( New Delhi, Delhi )",HKG::MEPS_26 → HKG::MEPS_40 → HKG::PGA_7 → HKG::EPF_7D,HKG::MEPS_26 → HKG::MEPS_40 → HKG::PGA_7 → HKG::EPF_7D → HKG::labour_court → HKG::leave → HKG::MEPS → HKG::notice_period,"Sir a present municipal commissioner registered a contract Co. in his office to participate in works contract. . an elected councillor is a major partner in the company The company took many contract payments . They produced fake TDS tax remitted certificates and misappropriated tax revenue 38 lacs. HC ordered for recovery. Recovery was effected. FIR registered against the Co. But still present commissioner awarding contact to same Co. But no criminal action initiated against the commissioner. So many petition sent to higher officers. All are waste. Pl tell what's the procedure to get prosecution sanction against the commissioner sir( Vijayawada, Andhra Pradesh )","Sir I've mads omplaint n  filed a WP  in 2018 against an assistant Commr commercial tax for his alleged activities in filing complain against a trader. ie he has shown less crime of forgery docs instead of huge.  ie 150 nos instead of 8. and made favour the accused n weakened the FIR. By this trader evaded 45 lakhs VAT. Only department action taken on him. 

As expected FIR is now dropped  by police  since non coop of AC the complainant. In these three yrs AG audit sent report that he has committed 17 crores revenue loss in his service period.  

Can I  withdraw my earlier WP n file a fresh WP to  take criminal action as well as department action?  I'm the root cause for AG Audit report.( Salem, Tamil Nadu )","Shall i file objection in JMFC or approach to high court to quash police final report in 498a F.I.R ?
In 498a, 406 F.I.R last alleged incident of date 01.08.2020 after 2 year on 20.02.2022 F.I.R gets registered&nbsp;in different state&nbsp;till now police final report is not yet submitted , in term on evidence&nbsp;police will submit 2 -3 fake whatsup&nbsp;messges&nbsp;on year 2019.&nbsp;

IO told me he is going to submit charge sheet in few days.
The day IO submit final report in MM court ,&nbsp;shall i reach court and submit objection u/s 468(2)(c), now court is bared to take cognizance&nbsp;due to limitation act.also jurisdiction&nbsp;ground as per recent judgment of supreme court on dated 25.09.2024 KAILASHBEN MAHENDRABHAI PATEL c ?
shall i approach&nbsp;to delhi high court&nbsp; to quash on the judgment on A.Kaliyaperumal of madardh high court of 2024 on limitation groud&nbsp;?
can i go the delhi high to quash even after submission of final report in MM court( New Delhi, Delhi )","if any settlement has been arrived between you and the accused, then the FIR can be quashed,contact me for a detailed understanding","Under Indian law, once a criminal case is initiated by the State, the complainant cannot unilaterally withdraw it. Section 321 of the Criminal Procedure Code allows the Public Prosecutor to withdraw from prosecution with the consent of the court. You should approach the Public Prosecutor handling your case and express your desire to withdraw the complaint. If the Public Prosecutor agrees, they can file an application for withdrawal in the Patiala House Court, and the court will decide whether to grant permission.",1.13,51.2468,18.644,3.9559,16.4299,20.5111,3.2801,20.0199,4.4031,1.5684,1.0,27.1385,49.3219,48.9553,83.8938
12,"What should be done when opposite party is absent since starting in 498 , and 128( Beed, Maharashtra )",HKG::EPF_6 → HKG::EPF_AT_2 → HKG::CCS_ME_3 → HKG::CCS_ME_5,HKG::EPF_6 → HKG::EPF_AT_2 → HKG::CCS_ME_3 → HKG::CCS_ME_5 → HKG::leave → HKG::provident_fund → HKG::labour_court → HKG::gratuity,"Sir a present municipal commissioner registered a contract Co. in his office to participate in works contract. . an elected councillor is a major partner in the company The company took many contract payments . They produced fake TDS tax remitted certificates and misappropriated tax revenue 38 lacs. HC ordered for recovery. Recovery was effected. FIR registered against the Co. But still present commissioner awarding contact to same Co. But no criminal action initiated against the commissioner. So many petition sent to higher officers. All are waste. Pl tell what's the procedure to get prosecution sanction against the commissioner sir( Vijayawada, Andhra Pradesh )","Sir I've mads omplaint n  filed a WP  in 2018 against an assistant Commr commercial tax for his alleged activities in filing complain against a trader. ie he has shown less crime of forgery docs instead of huge.  ie 150 nos instead of 8. and made favour the accused n weakened the FIR. By this trader evaded 45 lakhs VAT. Only department action taken on him. 

As expected FIR is now dropped  by police  since non coop of AC the complainant. In these three yrs AG audit sent report that he has committed 17 crores revenue loss in his service period.  

Can I  withdraw my earlier WP n file a fresh WP to  take criminal action as well as department action?  I'm the root cause for AG Audit report.( Salem, Tamil Nadu )","Shall i file objection in JMFC or approach to high court to quash police final report in 498a F.I.R ?
In 498a, 406 F.I.R last alleged incident of date 01.08.2020 after 2 year on 20.02.2022 F.I.R gets registered&nbsp;in different state&nbsp;till now police final report is not yet submitted , in term on evidence&nbsp;police will submit 2 -3 fake whatsup&nbsp;messges&nbsp;on year 2019.&nbsp;

IO told me he is going to submit charge sheet in few days.
The day IO submit final report in MM court ,&nbsp;shall i reach court and submit objection u/s 468(2)(c), now court is bared to take cognizance&nbsp;due to limitation act.also jurisdiction&nbsp;ground as per recent judgment of supreme court on dated 25.09.2024 KAILASHBEN MAHENDRABHAI PATEL c ?
shall i approach&nbsp;to delhi high court&nbsp; to quash on the judgment on A.Kaliyaperumal of madardh high court of 2024 on limitation groud&nbsp;?
can i go the delhi high to quash even after submission of final report in MM court( New Delhi, Delhi )","Dear Client,If the Opposite party does not appear at the hearing of criminal prosecution initiated under Sec.12 of PWDV Act even on receipt of summon of the Court, then the Court can issue a non-bailable warrant against the O P","In a 498A case where the opposite party is absent, the court may proceed ex parte under Section 299 of the CrPC, allowing the trial to continue without the accused if they are deliberately avoiding court. Under Section 128 of the CrPC, if the party is absent in a maintenance case, the court can issue a warrant for recovery of the maintenance amount. Legally, you can request the court to proceed ex parte or seek an arrest warrant for non-compliance with maintenance orders.

Next steps: File an application in court requesting ex parte proceedings in the 498A case and enforcement of maintenance orders under Section 128. Consider engaging a process server or investigator to confirm the whereabouts of the opposite party, which may assist in further court actions.",1.6459,43.2257,18.644,3.9559,16.4299,20.5111,3.2801,20.0199,4.4031,1.5684,1.0,27.1385,49.3219,48.9553,83.8938
13,"On Which Grounds Can ChargeSheet be Quashed in High Court.
In My Case Complainant  is Already Dead.( West Delhi, Delhi )",HKG::PGA_7 → HKG::EPF_7D → HKG::ESI_55 → HKG::IRC_44,HKG::PGA_7 → HKG::EPF_7D → HKG::ESI_55 → HKG::IRC_44 → HKG::labour_court → HKG::gratuity → HKG::Employees State Insurance Act 1948 → HKG::PROC_GRATUITY_CLAIM,"Sir a present municipal commissioner registered a contract Co. in his office to participate in works contract. . an elected councillor is a major partner in the company The company took many contract payments . They produced fake TDS tax remitted certificates and misappropriated tax revenue 38 lacs. HC ordered for recovery. Recovery was effected. FIR registered against the Co. But still present commissioner awarding contact to same Co. But no criminal action initiated against the commissioner. So many petition sent to higher officers. All are waste. Pl tell what's the procedure to get prosecution sanction against the commissioner sir( Vijayawada, Andhra Pradesh )","Sir I've mads omplaint n  filed a WP  in 2018 against an assistant Commr commercial tax for his alleged activities in filing complain against a trader. ie he has shown less crime of forgery docs instead of huge.  ie 150 nos instead of 8. and made favour the accused n weakened the FIR. By this trader evaded 45 lakhs VAT. Only department action taken on him. 

As expected FIR is now dropped  by police  since non coop of AC the complainant. In these three yrs AG audit sent report that he has committed 17 crores revenue loss in his service period.  

Can I  withdraw my earlier WP n file a fresh WP to  take criminal action as well as department action?  I'm the root cause for AG Audit report.( Salem, Tamil Nadu )","Shall i file objection in JMFC or approach to high court to quash police final report in 498a F.I.R ?
In 498a, 406 F.I.R last alleged incident of date 01.08.2020 after 2 year on 20.02.2022 F.I.R gets registered&nbsp;in different state&nbsp;till now police final report is not yet submitted , in term on evidence&nbsp;police will submit 2 -3 fake whatsup&nbsp;messges&nbsp;on year 2019.&nbsp;

IO told me he is going to submit charge sheet in few days.
The day IO submit final report in MM court ,&nbsp;shall i reach court and submit objection u/s 468(2)(c), now court is bared to take cognizance&nbsp;due to limitation act.also jurisdiction&nbsp;ground as per recent judgment of supreme court on dated 25.09.2024 KAILASHBEN MAHENDRABHAI PATEL c ?
shall i approach&nbsp;to delhi high court&nbsp; to quash on the judgment on A.Kaliyaperumal of madardh high court of 2024 on limitation groud&nbsp;?
can i go the delhi high to quash even after submission of final report in MM court( New Delhi, Delhi )","Dear ClientIn India, a charge sheet can be quashed in the High Court under certain circumstancesIf the court does not have the appropriate jurisdiction to hear the case, it may be a valid reason for quashing the charge sheet. If it can be demonstrated that the charge sheet was filed with malicious intent or as a means of harassment, it could be a basis for seeking its quashing. : If the charge sheet violates the fundamental rights of the accused, such as the right to privacy or the right against self-incrimination, it could be a valid ground for seeking its quashing.","The High Court can quash a charge sheet under Section 482 of the Criminal Procedure Code if the proceedings are deemed to be an abuse of the process of law or if there is no prima facie case against the accused. In your situation, the death of the complainant could be a significant factor if the case heavily relies on the complainant's testimony, and there is insufficient evidence otherwise. However, the mere death of the complainant does not automatically lead to quashing; the court will consider the remaining evidence on record.

Next steps include filing a petition under Section 482 CrPC in the High Court, arguing that the continuation of proceedings would be unjust due to the lack of substantial evidence following the complainant's death. It is crucial to demonstrate that the charge sheet lacks merit and that proceeding with the case would result in a miscarriage of justice.",6.1532,53.0369,18.644,3.9559,16.4299,20.5111,3.2801,20.0199,4.4031,1.5684,1.0,27.1385,49.3219,48.9553,83.8938
14,"sir I am a victim of false 498a case, fir was registered in 8-9 sections but chargesheet in court presented with 2 sections, 498a and 406 and 6 bills of jewellery are in chargesheet. there is no other evidence in chargesheet and no recovery, only 6 bills of jewellery.
now my question is that can I present crpc 91 application in court and request the court to summon opposite party to bring their (income tax return, balance sheet) as they have alleged to spent 20 lacs cash in marriage.( Alwar, Rajasthan )",PC::Victim Identified in Court → PC::FIR Filed for IPC Sections 406 and 498-A → PC::Sections 406 and 420 of the Indian Penal Code → PC::Evidence of False Implication Presented,PC::Victim Identified in Court → PC::FIR Filed for IPC Sections 406 and 498-A → PC::Sections 406 and 420 of the Indian Penal Code → PC::Evidence of False Implication Presented → PC::Section 498-A of the Indian Penal Code → HKG::FIN_A_1952 → HKG::labour_court → PC::Section 406 of the Indian Penal Code,"Sir a present municipal commissioner registered a contract Co. in his office to participate in works contract. . an elected councillor is a major partner in the company The company took many contract payments . They produced fake TDS tax remitted certificates and misappropriated tax revenue 38 lacs. HC ordered for recovery. Recovery was effected. FIR registered against the Co. But still present commissioner awarding contact to same Co. But no criminal action initiated against the commissioner. So many petition sent to higher officers. All are waste. Pl tell what's the procedure to get prosecution sanction against the commissioner sir( Vijayawada, Andhra Pradesh )","Shall i file objection in JMFC or approach to high court to quash police final report in 498a F.I.R ?
In 498a, 406 F.I.R last alleged incident of date 01.08.2020 after 2 year on 20.02.2022 F.I.R gets registered&nbsp;in different state&nbsp;till now police final report is not yet submitted , in term on evidence&nbsp;police will submit 2 -3 fake whatsup&nbsp;messges&nbsp;on year 2019.&nbsp;

IO told me he is going to submit charge sheet in few days.
The day IO submit final report in MM court ,&nbsp;shall i reach court and submit objection u/s 468(2)(c), now court is bared to take cognizance&nbsp;due to limitation act.also jurisdiction&nbsp;ground as per recent judgment of supreme court on dated 25.09.2024 KAILASHBEN MAHENDRABHAI PATEL c ?
shall i approach&nbsp;to delhi high court&nbsp; to quash on the judgment on A.Kaliyaperumal of madardh high court of 2024 on limitation groud&nbsp;?
can i go the delhi high to quash even after submission of final report in MM court( New Delhi, Delhi )","Sir I've mads omplaint n  filed a WP  in 2018 against an assistant Commr commercial tax for his alleged activities in filing complain against a trader. ie he has shown less crime of forgery docs instead of huge.  ie 150 nos instead of 8. and made favour the accused n weakened the FIR. By this trader evaded 45 lakhs VAT. Only department action taken on him. 

As expected FIR is now dropped  by police  since non coop of AC the complainant. In these three yrs AG audit sent report that he has committed 17 crores revenue loss in his service period.  

Can I  withdraw my earlier WP n file a fresh WP to  take criminal action as well as department action?  I'm the root cause for AG Audit report.( Salem, Tamil Nadu )","Hi,Yes, you can make such an application.If the case is false, you can apply to the high Court to quash it under Section 482 CrPC.The person making such claims can be punished under Section 209 IPC.If you found this helpful, please rate us.","Under Section 91 of the CrPC, a court can summon documents if they are necessary or desirable for the case. In your situation, you can file an application under Section 91 requesting the court to summon the opposite party's financial documents, such as income tax returns and balance sheets, to substantiate or refute the claim of spending 20 lakhs in cash on the marriage. This can help demonstrate the implausibility of the alleged expenses if their financial records do not support such a claim. Ensure that your application clearly articulates the relevance of these documents to the charges under Sections 498-A and 406 of the IPC.",2.7232,46.9008,18.644,3.9559,16.4299,20.5111,3.2801,20.0199,4.4031,1.5684,1.0,27.1385,49.3219,48.9553,83.8938
15,"Sir/madam....i hav filed residence under dv, but nw my husb filed divorce...i wish to save my marriage n i hav 4yr old kid...Can i stay in a seperate residence tat belongs to my inlaws,evn if my husband gets divorce?( Chennai, Tamil Nadu )",HKG::IDA_12 → HKG::IRC_41 → HKG::IRC_42 → HKG::IRC_43,HKG::IDA_12 → HKG::IRC_41 → HKG::IRC_42 → HKG::IRC_43 → HKG::dispute_resolution → HKG::Industrial Disputes Act 1947 → HKG::IRC → HKG::IRC_62,"Sir a present municipal commissioner registered a contract Co. in his office to participate in works contract. . an elected councillor is a major partner in the company The company took many contract payments . They produced fake TDS tax remitted certificates and misappropriated tax revenue 38 lacs. HC ordered for recovery. Recovery was effected. FIR registered against the Co. But still present commissioner awarding contact to same Co. But no criminal action initiated against the commissioner. So many petition sent to higher officers. All are waste. Pl tell what's the procedure to get prosecution sanction against the commissioner sir( Vijayawada, Andhra Pradesh )","Sir I've mads omplaint n  filed a WP  in 2018 against an assistant Commr commercial tax for his alleged activities in filing complain against a trader. ie he has shown less crime of forgery docs instead of huge.  ie 150 nos instead of 8. and made favour the accused n weakened the FIR. By this trader evaded 45 lakhs VAT. Only department action taken on him. 

As expected FIR is now dropped  by police  since non coop of AC the complainant. In these three yrs AG audit sent report that he has committed 17 crores revenue loss in his service period.  

Can I  withdraw my earlier WP n file a fresh WP to  take criminal action as well as department action?  I'm the root cause for AG Audit report.( Salem, Tamil Nadu )","Shall i file objection in JMFC or approach to high court to quash police final report in 498a F.I.R ?
In 498a, 406 F.I.R last alleged incident of date 01.08.2020 after 2 year on 20.02.2022 F.I.R gets registered&nbsp;in different state&nbsp;till now police final report is not yet submitted , in term on evidence&nbsp;police will submit 2 -3 fake whatsup&nbsp;messges&nbsp;on year 2019.&nbsp;

IO told me he is going to submit charge sheet in few days.
The day IO submit final report in MM court ,&nbsp;shall i reach court and submit objection u/s 468(2)(c), now court is bared to take cognizance&nbsp;due to limitation act.also jurisdiction&nbsp;ground as per recent judgment of supreme court on dated 25.09.2024 KAILASHBEN MAHENDRABHAI PATEL c ?
shall i approach&nbsp;to delhi high court&nbsp; to quash on the judgment on A.Kaliyaperumal of madardh high court of 2024 on limitation groud&nbsp;?
can i go the delhi high to quash even after submission of final report in MM court( New Delhi, Delhi )","Dear Madam,After divorce such order may not survive but you may try for it.","Under the Domestic Violence Act, 2005, a woman has the right to reside in a shared household, which includes any property where she lived with her husband or in-laws. Even if your husband files for divorce, you can file for a residence order under Section 19 of the Act to secure your right to stay in the in-laws' property. However, if the property is solely owned by your in-laws and not considered a shared household, they may challenge your right to reside there.

You can file an application in the court handling the domestic violence case to ensure your right to reside is protected. Additionally, consider seeking mediation to address the divorce and explore possibilities for reconciliation.",0.4664,38.0709,18.644,3.9559,16.4299,20.5111,3.2801,20.0199,4.4031,1.5684,1.0,27.1385,49.3219,48.9553,83.8938
16,"I was offered 2 acres of land in jejuri by Mr Steven Menezes , I payed full amount plus registration charges 
But when I went for 7/12 the land is in dispute what do I do( Mumbai suburban, Maharashtra )",PC::Arbitration Agreement in Dispute → HKG::BTC_345 → PC::Partnership Firm Involved in Dispute → HKG::BTC_1894,PC::Arbitration Agreement in Dispute → HKG::BTC_345 → PC::Partnership Firm Involved in Dispute → HKG::BTC_1894 → HKG::BTC → HKG::FIN_A_39 → HKG::FIN_A → HKG::EC_RULES_75,"Sir a present municipal commissioner registered a contract Co. in his office to participate in works contract. . an elected councillor is a major partner in the company The company took many contract payments . They produced fake TDS tax remitted certificates and misappropriated tax revenue 38 lacs. HC ordered for recovery. Recovery was effected. FIR registered against the Co. But still present commissioner awarding contact to same Co. But no criminal action initiated against the commissioner. So many petition sent to higher officers. All are waste. Pl tell what's the procedure to get prosecution sanction against the commissioner sir( Vijayawada, Andhra Pradesh )","Shall i file objection in JMFC or approach to high court to quash police final report in 498a F.I.R ?
In 498a, 406 F.I.R last alleged incident of date 01.08.2020 after 2 year on 20.02.2022 F.I.R gets registered&nbsp;in different state&nbsp;till now police final report is not yet submitted , in term on evidence&nbsp;police will submit 2 -3 fake whatsup&nbsp;messges&nbsp;on year 2019.&nbsp;

IO told me he is going to submit charge sheet in few days.
The day IO submit final report in MM court ,&nbsp;shall i reach court and submit objection u/s 468(2)(c), now court is bared to take cognizance&nbsp;due to limitation act.also jurisdiction&nbsp;ground as per recent judgment of supreme court on dated 25.09.2024 KAILASHBEN MAHENDRABHAI PATEL c ?
shall i approach&nbsp;to delhi high court&nbsp; to quash on the judgment on A.Kaliyaperumal of madardh high court of 2024 on limitation groud&nbsp;?
can i go the delhi high to quash even after submission of final report in MM court( New Delhi, Delhi )","Sir I've mads omplaint n  filed a WP  in 2018 against an assistant Commr commercial tax for his alleged activities in filing complain against a trader. ie he has shown less crime of forgery docs instead of huge.  ie 150 nos instead of 8. and made favour the accused n weakened the FIR. By this trader evaded 45 lakhs VAT. Only department action taken on him. 

As expected FIR is now dropped  by police  since non coop of AC the complainant. In these three yrs AG audit sent report that he has committed 17 crores revenue loss in his service period.  

Can I  withdraw my earlier WP n file a fresh WP to  take criminal action as well as department action?  I'm the root cause for AG Audit report.( Salem, Tamil Nadu )","Dear Client,The 7/12 extract is an important document needed for various financial and legal transactions pertaining to the land and is maintained by the land revenue department of the State of Maharashtra and Gujarat. The 7/12 Document is prepared by the Talathi and signed by the Tahasildar. In the given scenario, serving a strong legal notice, you can file a criminal suit against the Seller for criminal breach of trust and cheating under Section 316 and Section 318 of the Bharatiya Nyaya Sanhita(BNS) seeking damages/compensation. Apart, you can also file a money recovery suit against the Seller. Hire an experienced Advocate to navigate the issue in the right way.","The primary legal issue here is the fraudulent misrepresentation or non-disclosure of the land's disputed status by Mr. Steven Menezes. Under the Transfer of Property Act, 1882, Section 55(1)(a), the seller is obligated to disclose any material defect in the property or title. You may file a suit for specific performance or cancellation of the sale deed under Section 31 of the Specific Relief Act, 1963, seeking a refund of the amount paid plus damages. Additionally, consider filing a criminal complaint for cheating under Section 420 of the Indian Penal Code. Consult the local sub-registrar to verify the land records and gather evidence of the dispute for your case.",2.9879,62.1583,18.644,3.9559,16.4299,20.5111,3.2801,20.0199,4.4031,1.5684,1.0,27.1385,49.3219,48.9553,83.8938
17,"My case is of Rs 156825, for which I had compromised with the party and appealed for queshing, but  denied high court for fir queshinh , now what should I do next?( Mumbai, Maharashtra )","PC::Investigation Ordered for FIR Against Appellants → PC::High Court Awarded Compensation of Rs.1,84,000 → PC::Employee Moved High Court for Appointment → PC::Political Rivalry Alleged as Motivation for FIR","PC::Investigation Ordered for FIR Against Appellants → PC::High Court Awarded Compensation of Rs.1,84,000 → PC::Employee Moved High Court for Appointment → PC::Political Rivalry Alleged as Motivation for FIR → HKG::BTC_201 → HKG::gratuity → HKG::provident_fund → HKG::LIM_133","Sir a present municipal commissioner registered a contract Co. in his office to participate in works contract. . an elected councillor is a major partner in the company The company took many contract payments . They produced fake TDS tax remitted certificates and misappropriated tax revenue 38 lacs. HC ordered for recovery. Recovery was effected. FIR registered against the Co. But still present commissioner awarding contact to same Co. But no criminal action initiated against the commissioner. So many petition sent to higher officers. All are waste. Pl tell what's the procedure to get prosecution sanction against the commissioner sir( Vijayawada, Andhra Pradesh )","Sir I've mads omplaint n  filed a WP  in 2018 against an assistant Commr commercial tax for his alleged activities in filing complain against a trader. ie he has shown less crime of forgery docs instead of huge.  ie 150 nos instead of 8. and made favour the accused n weakened the FIR. By this trader evaded 45 lakhs VAT. Only department action taken on him. 

As expected FIR is now dropped  by police  since non coop of AC the complainant. In these three yrs AG audit sent report that he has committed 17 crores revenue loss in his service period.  

Can I  withdraw my earlier WP n file a fresh WP to  take criminal action as well as department action?  I'm the root cause for AG Audit report.( Salem, Tamil Nadu )","Shall i file objection in JMFC or approach to high court to quash police final report in 498a F.I.R ?
In 498a, 406 F.I.R last alleged incident of date 01.08.2020 after 2 year on 20.02.2022 F.I.R gets registered&nbsp;in different state&nbsp;till now police final report is not yet submitted , in term on evidence&nbsp;police will submit 2 -3 fake whatsup&nbsp;messges&nbsp;on year 2019.&nbsp;

IO told me he is going to submit charge sheet in few days.
The day IO submit final report in MM court ,&nbsp;shall i reach court and submit objection u/s 468(2)(c), now court is bared to take cognizance&nbsp;due to limitation act.also jurisdiction&nbsp;ground as per recent judgment of supreme court on dated 25.09.2024 KAILASHBEN MAHENDRABHAI PATEL c ?
shall i approach&nbsp;to delhi high court&nbsp; to quash on the judgment on A.Kaliyaperumal of madardh high court of 2024 on limitation groud&nbsp;?
can i go the delhi high to quash even after submission of final report in MM court( New Delhi, Delhi )","Dear Client,When the case involves a compromise with the side of the opponent and the High Court denied the application to quash, it becomes essential to know the rationale behind such a decision. It is recommended to seek assistance from an attorney to provide more specific guidance and ensure the proper functioning in the legal field. That is why, if the decision of the High Court is not appropriate for You, You may file an appeal to the next higher court i.e., the Supreme Court. If unable to pay for it, free legal services can be sought under Legal Services Authorities Act, 1987 which is meant for the needy. Make sure to provide all witnesses and documents that support your position to avoid falling for traps. Free Legal Aid Act is related to the act regulating free legal services in India providing justice to the needy people economically.I hope this answer is sufficient to answer your query.","If the High Court has denied your request to quash the FIR despite a compromise, it indicates that the court did not find sufficient grounds under Section 482 of the CrPC to exercise its inherent powers. In such situations, you can consider filing a Special Leave Petition (SLP) before the Supreme Court of India, challenging the High Court's decision. Alternatively, you may explore the possibility of seeking discharge from the trial court if the case proceeds, by demonstrating that there is no prima facie case against you. Ensure that all compromise documents are well-documented and presented as evidence to support your case.",2.6558,54.5802,18.644,3.9559,16.4299,20.5111,3.2801,20.0199,4.4031,1.5684,1.0,27.1385,49.3219,48.9553,83.8938
18,"What ipc sections can be attracted against the daughter in law if she is harassing her in laws, hurting them, causing them mental agony, torturing them under IPC( East Delhi, Delhi )",PC::Accused Convicted Under IPC Sections → HKG::HAMA_19 → PC::Appellants Convicted Under IPC Sections → PC::FIR Filed Under IPC Sections,PC::Accused Convicted Under IPC Sections → HKG::HAMA_19 → PC::Appellants Convicted Under IPC Sections → PC::FIR Filed Under IPC Sections → PC::Writ Petition Filed to Quash FIR → PC::High Court Directed to Join Investigation → PC::Interim Protection Granted by High Court → HKG::LIM_133,"Sir a present municipal commissioner registered a contract Co. in his office to participate in works contract. . an elected councillor is a major partner in the company The company took many contract payments . They produced fake TDS tax remitted certificates and misappropriated tax revenue 38 lacs. HC ordered for recovery. Recovery was effected. FIR registered against the Co. But still present commissioner awarding contact to same Co. But no criminal action initiated against the commissioner. So many petition sent to higher officers. All are waste. Pl tell what's the procedure to get prosecution sanction against the commissioner sir( Vijayawada, Andhra Pradesh )","Sir I've mads omplaint n  filed a WP  in 2018 against an assistant Commr commercial tax for his alleged activities in filing complain against a trader. ie he has shown less crime of forgery docs instead of huge.  ie 150 nos instead of 8. and made favour the accused n weakened the FIR. By this trader evaded 45 lakhs VAT. Only department action taken on him. 

As expected FIR is now dropped  by police  since non coop of AC the complainant. In these three yrs AG audit sent report that he has committed 17 crores revenue loss in his service period.  

Can I  withdraw my earlier WP n file a fresh WP to  take criminal action as well as department action?  I'm the root cause for AG Audit report.( Salem, Tamil Nadu )","Shall i file objection in JMFC or approach to high court to quash police final report in 498a F.I.R ?
In 498a, 406 F.I.R last alleged incident of date 01.08.2020 after 2 year on 20.02.2022 F.I.R gets registered&nbsp;in different state&nbsp;till now police final report is not yet submitted , in term on evidence&nbsp;police will submit 2 -3 fake whatsup&nbsp;messges&nbsp;on year 2019.&nbsp;

IO told me he is going to submit charge sheet in few days.
The day IO submit final report in MM court ,&nbsp;shall i reach court and submit objection u/s 468(2)(c), now court is bared to take cognizance&nbsp;due to limitation act.also jurisdiction&nbsp;ground as per recent judgment of supreme court on dated 25.09.2024 KAILASHBEN MAHENDRABHAI PATEL c ?
shall i approach&nbsp;to delhi high court&nbsp; to quash on the judgment on A.Kaliyaperumal of madardh high court of 2024 on limitation groud&nbsp;?
can i go the delhi high to quash even after submission of final report in MM court( New Delhi, Delhi )","Dear client,If its a mental harassment you will immediately need to lodge a police compliant against her, send her a legal notice and then initiate legal proceedings against her.","Under the Indian Penal Code, if a daughter-in-law is harassing her in-laws, sections such as 498A (cruelty by husband or relatives of husband) and 323 (voluntarily causing hurt) could potentially be applicable, depending on the specific actions and evidence. Mental harassment and torture can also be addressed under section 506 (criminal intimidation) if threats are involved. 

To address this legally, the in-laws can file a complaint with the local police station detailing the incidents and evidence of harassment. They may also consider filing a petition under the Protection of Women from Domestic Violence Act, 2005, if applicable, which provides for protection orders and other reliefs. Legal counsel should be sought to ensure the correct sections are applied based on the facts of the case.",0.4583,54.9704,18.644,3.9559,16.4299,20.5111,3.2801,20.0199,4.4031,1.5684,1.0,27.1385,49.3219,48.9553,83.8938
19,"I want to appear ""In Person"" in my 482 application pending before Allahabad High Court by removing my existing Junior Lawyer but want to retain my designated Senior Advocate. Can I do this? If yes, how? Is it necessary to remove both Junior and Senior Lawyer if I want to appear ""In Person"" in my case? Alternatively, can I appear along with both Junior and Senior Lawyer in my case? If yes, what should be done for this?( Allahabad, Uttar Pradesh )",PC::Respondent Required to Appear Before Authority → PC::Appellant Failed to Appear for Hearing → PC::Appellant Required to Appear for Interrogation → PC::Section 9 Application Pending in High Court,PC::Respondent Required to Appear Before Authority → PC::Appellant Failed to Appear for Hearing → PC::Appellant Required to Appear for Interrogation → PC::Section 9 Application Pending in High Court → HKG::EC_RULES_3 → HKG::EC_RULES → HKG::LIM_122 → HKG::LIM,"Sir a present municipal commissioner registered a contract Co. in his office to participate in works contract. . an elected councillor is a major partner in the company The company took many contract payments . They produced fake TDS tax remitted certificates and misappropriated tax revenue 38 lacs. HC ordered for recovery. Recovery was effected. FIR registered against the Co. But still present commissioner awarding contact to same Co. But no criminal action initiated against the commissioner. So many petition sent to higher officers. All are waste. Pl tell what's the procedure to get prosecution sanction against the commissioner sir( Vijayawada, Andhra Pradesh )","Sir I've mads omplaint n  filed a WP  in 2018 against an assistant Commr commercial tax for his alleged activities in filing complain against a trader. ie he has shown less crime of forgery docs instead of huge.  ie 150 nos instead of 8. and made favour the accused n weakened the FIR. By this trader evaded 45 lakhs VAT. Only department action taken on him. 

As expected FIR is now dropped  by police  since non coop of AC the complainant. In these three yrs AG audit sent report that he has committed 17 crores revenue loss in his service period.  

Can I  withdraw my earlier WP n file a fresh WP to  take criminal action as well as department action?  I'm the root cause for AG Audit report.( Salem, Tamil Nadu )","Shall i file objection in JMFC or approach to high court to quash police final report in 498a F.I.R ?
In 498a, 406 F.I.R last alleged incident of date 01.08.2020 after 2 year on 20.02.2022 F.I.R gets registered&nbsp;in different state&nbsp;till now police final report is not yet submitted , in term on evidence&nbsp;police will submit 2 -3 fake whatsup&nbsp;messges&nbsp;on year 2019.&nbsp;

IO told me he is going to submit charge sheet in few days.
The day IO submit final report in MM court ,&nbsp;shall i reach court and submit objection u/s 468(2)(c), now court is bared to take cognizance&nbsp;due to limitation act.also jurisdiction&nbsp;ground as per recent judgment of supreme court on dated 25.09.2024 KAILASHBEN MAHENDRABHAI PATEL c ?
shall i approach&nbsp;to delhi high court&nbsp; to quash on the judgment on A.Kaliyaperumal of madardh high court of 2024 on limitation groud&nbsp;?
can i go the delhi high to quash even after submission of final report in MM court( New Delhi, Delhi )","Dear Client,Section 32 of the Advocate's Act 1961 states that the court may allow any person to appear before it even if he is not an Advocate. Therefore, one gets the statutory right to defend one's own case on appeal before the Court. In fact, with the leave of the Court, a non-advocate is still permitted to appear and represent his own case even without a local advocate. Accordingly, you can apply to the Court where the case is pending on the next date of hearing with a prayer to allow you to represent your own case.","Under the Code of Civil Procedure and the rules governing the conduct of cases in the Allahabad High Court, a litigant has the right to appear ""In Person"" in their case. You can remove your Junior Lawyer while retaining your Senior Advocate by filing a ""Vakalatnama"" revocation for the Junior Lawyer and informing the court of your intention to appear ""In Person."" It is not necessary to remove the Senior Advocate if you wish to appear ""In Person."" Alternatively, you can appear alongside both your Junior and Senior Lawyers by notifying the court of your intention to do so, ensuring that all representatives are properly recorded in the court's records. To proceed, file the necessary applications with the court clerk to update your representation status.",3.3758,62.2689,18.644,3.9559,16.4299,20.5111,3.2801,20.0199,4.4031,1.5684,1.0,27.1385,49.3219,48.9553,83.8938
20,"My driving licence criminal case any issue dl remark( Ramanagara, Karnataka )",PC::Tribunal Found Driving Licence Fake → PC::Driving Licence Found to Be Fake → PC::Renewal of Driving Licence Provisions Considered → PC::Owner Failed to Prove Valid Driving Licence,PC::Tribunal Found Driving Licence Fake → PC::Driving Licence Found to Be Fake → PC::Renewal of Driving Licence Provisions Considered → PC::Owner Failed to Prove Valid Driving Licence → PC::Insurer Directed to Pay Compensation → PC::High Court Enhanced Compensation Amount → PC::Section 166 of the Motor Vehicles Act → HKG::FIN_A_96D,"Sir a present municipal commissioner registered a contract Co. in his office to participate in works contract. . an elected councillor is a major partner in the company The company took many contract payments . They produced fake TDS tax remitted certificates and misappropriated tax revenue 38 lacs. HC ordered for recovery. Recovery was effected. FIR registered against the Co. But still present commissioner awarding contact to same Co. But no criminal action initiated against the commissioner. So many petition sent to higher officers. All are waste. Pl tell what's the procedure to get prosecution sanction against the commissioner sir( Vijayawada, Andhra Pradesh )","Sir I've mads omplaint n  filed a WP  in 2018 against an assistant Commr commercial tax for his alleged activities in filing complain against a trader. ie he has shown less crime of forgery docs instead of huge.  ie 150 nos instead of 8. and made favour the accused n weakened the FIR. By this trader evaded 45 lakhs VAT. Only department action taken on him. 

As expected FIR is now dropped  by police  since non coop of AC the complainant. In these three yrs AG audit sent report that he has committed 17 crores revenue loss in his service period.  

Can I  withdraw my earlier WP n file a fresh WP to  take criminal action as well as department action?  I'm the root cause for AG Audit report.( Salem, Tamil Nadu )","Shall i file objection in JMFC or approach to high court to quash police final report in 498a F.I.R ?
In 498a, 406 F.I.R last alleged incident of date 01.08.2020 after 2 year on 20.02.2022 F.I.R gets registered&nbsp;in different state&nbsp;till now police final report is not yet submitted , in term on evidence&nbsp;police will submit 2 -3 fake whatsup&nbsp;messges&nbsp;on year 2019.&nbsp;

IO told me he is going to submit charge sheet in few days.
The day IO submit final report in MM court ,&nbsp;shall i reach court and submit objection u/s 468(2)(c), now court is bared to take cognizance&nbsp;due to limitation act.also jurisdiction&nbsp;ground as per recent judgment of supreme court on dated 25.09.2024 KAILASHBEN MAHENDRABHAI PATEL c ?
shall i approach&nbsp;to delhi high court&nbsp; to quash on the judgment on A.Kaliyaperumal of madardh high court of 2024 on limitation groud&nbsp;?
can i go the delhi high to quash even after submission of final report in MM court( New Delhi, Delhi )","Dear client,The license holder, upon expiry of the suspension period, must make an application to the licensing authority that issued or last renewed the license. After the application is submitted to the licensing authority, the driver must undergo and pass a fresh test of competence to drive.","If your driving license has been found to be fake, this could potentially lead to criminal charges under relevant provisions of the Indian Penal Code, such as Section 420 for cheating and dishonestly inducing delivery of property, or Section 465 for forgery. Under Section 166 of the Motor Vehicles Act, an insurer may still be directed to pay compensation even if the license is found invalid, but this does not absolve criminal liability. You should immediately gather evidence to prove the validity of your license, if possible, or prepare a defense strategy to mitigate potential penalties.

Next steps include consulting with a criminal defense attorney to review the specifics of your case and prepare a defense. Additionally, consider filing a petition in the High Court if there are grounds to challenge the findings regarding the license's authenticity.",1.054,38.9784,18.644,3.9559,16.4299,20.5111,3.2801,20.0199,4.4031,1.5684,1.0,27.1385,49.3219,48.9553,83.8938
21,"My 85 years old grandmother is and living alone in the flat. We also stay sometimes wither. Also we have been fighting a court case against my the person who lured me to buy this and then have done a fraud of selling twice and showing the real owner of the house. Now it's been 3 years this person and family members keep harassing, threatening and use abuses language. Repeatedly I have lodged a complaint at the police station. Please do help in as he has threatened people who deliver vegetables to my house.( Mumbai, Maharashtra )",HKG::IEA_90 → PC::Police Personnel Took Court Officers to Police Station → PC::Family Members of Accused Involved → HKG::FIN_A_187,HKG::IEA_90 → PC::Police Personnel Took Court Officers to Police Station → PC::Family Members of Accused Involved → HKG::FIN_A_187 → HKG::FIN_A → HKG::FIN_A_129 → HKG::labour_court → HKG::FIN_A_15J,"Sir a present municipal commissioner registered a contract Co. in his office to participate in works contract. . an elected councillor is a major partner in the company The company took many contract payments . They produced fake TDS tax remitted certificates and misappropriated tax revenue 38 lacs. HC ordered for recovery. Recovery was effected. FIR registered against the Co. But still present commissioner awarding contact to same Co. But no criminal action initiated against the commissioner. So many petition sent to higher officers. All are waste. Pl tell what's the procedure to get prosecution sanction against the commissioner sir( Vijayawada, Andhra Pradesh )","Sir I've mads omplaint n  filed a WP  in 2018 against an assistant Commr commercial tax for his alleged activities in filing complain against a trader. ie he has shown less crime of forgery docs instead of huge.  ie 150 nos instead of 8. and made favour the accused n weakened the FIR. By this trader evaded 45 lakhs VAT. Only department action taken on him. 

As expected FIR is now dropped  by police  since non coop of AC the complainant. In these three yrs AG audit sent report that he has committed 17 crores revenue loss in his service period.  

Can I  withdraw my earlier WP n file a fresh WP to  take criminal action as well as department action?  I'm the root cause for AG Audit report.( Salem, Tamil Nadu )","Shall i file objection in JMFC or approach to high court to quash police final report in 498a F.I.R ?
In 498a, 406 F.I.R last alleged incident of date 01.08.2020 after 2 year on 20.02.2022 F.I.R gets registered&nbsp;in different state&nbsp;till now police final report is not yet submitted , in term on evidence&nbsp;police will submit 2 -3 fake whatsup&nbsp;messges&nbsp;on year 2019.&nbsp;

IO told me he is going to submit charge sheet in few days.
The day IO submit final report in MM court ,&nbsp;shall i reach court and submit objection u/s 468(2)(c), now court is bared to take cognizance&nbsp;due to limitation act.also jurisdiction&nbsp;ground as per recent judgment of supreme court on dated 25.09.2024 KAILASHBEN MAHENDRABHAI PATEL c ?
shall i approach&nbsp;to delhi high court&nbsp; to quash on the judgment on A.Kaliyaperumal of madardh high court of 2024 on limitation groud&nbsp;?
can i go the delhi high to quash even after submission of final report in MM court( New Delhi, Delhi )","Dear client,Here are a few routes that you may consider while dealing with neighbor harassment:1.     Gather evidence- You may take photos and videos of what your neighbor might be doing.2.     Call the police- You may call 100 and call the police on your neighbor. The police can arrive at their house and investigate the matter. In many cases, the police can also confiscate items that may cause harassment to you, if any.3.     Do not engage- As difficult as it is, do not engage with your neighbor. You do not want any sort of evidence that shows that you yelled at your neighbor or undertook violent measures. It is very difficult to stay calm in such situations and you may think of losing your calm in the moment but it is not going to work in your favor.4.     File a complaint against them- You can file a complaint against your neighbor. Even though it may not always mean that the police are going to investigate the matter at once, it is recorded proof of your complaint against them.5.     You may file for a restraining order- You can definitely file for a restraining order against your neighbor, especially in matters like trespass and stalking. It is a temporary order by the court that prohibits any person from undertaking a particular action. It also prohibits a person from approaching and contacting someone.6.     Try settling the matter amicably- It is always for the best if you can settle the matter amicably with your neighbor as a harassment suit can be expensive and time-consuming as well. This also protects you from having animosity with your neighbor and maintaining civil relations.","The primary legal issue here is harassment and threats, which can be addressed under Section 506 of the Indian Penal Code (IPC) for criminal intimidation. Given the ongoing harassment, consider filing a formal complaint with the local police under this section, emphasizing the threats and abusive behavior. If the police are unresponsive, approach the Magistrate’s Court under Section 156(3) CrPC to direct the police to investigate. Additionally, seek a restraining order or injunction from the civil court to prevent further harassment by the accused. Document all instances of harassment meticulously to strengthen your case.",0.677,55.0529,18.644,3.9559,16.4299,20.5111,3.2801,20.0199,4.4031,1.5684,1.0,27.1385,49.3219,48.9553,83.8938
22,"Hi we have worked with commqui technologies pvt ltd. the owner has not paid our dues for the month of february yet. he ignores our follow ups and answers whenever he wants . the owner said the client has denied paying commqui stating that we havnt worked for that month , however we did . everyday we are juggled by the owner yashesh sawalkar ( owner of commqui technologies and kalpatru site head Mr Imran . in all of this we have not recieved our salaries. please help us get our salaries. the company has sent us mail stating that we have been laid off and will be paid the dues of feb soon and now they claim that we never worked.( Mumbai, Maharashtra )",HKG::IDA_17B → HKG::EPF_12 → HKG::ESI_72 → HKG::ISM_12,HKG::IDA_17B → HKG::EPF_12 → HKG::ESI_72 → HKG::ISM_12 → HKG::ISM → HKG::Employees State Insurance Act 1948 → HKG::Industrial Disputes Act 1947 → HKG::wages,"Sir a present municipal commissioner registered a contract Co. in his office to participate in works contract. . an elected councillor is a major partner in the company The company took many contract payments . They produced fake TDS tax remitted certificates and misappropriated tax revenue 38 lacs. HC ordered for recovery. Recovery was effected. FIR registered against the Co. But still present commissioner awarding contact to same Co. But no criminal action initiated against the commissioner. So many petition sent to higher officers. All are waste. Pl tell what's the procedure to get prosecution sanction against the commissioner sir( Vijayawada, Andhra Pradesh )","Sir I've mads omplaint n  filed a WP  in 2018 against an assistant Commr commercial tax for his alleged activities in filing complain against a trader. ie he has shown less crime of forgery docs instead of huge.  ie 150 nos instead of 8. and made favour the accused n weakened the FIR. By this trader evaded 45 lakhs VAT. Only department action taken on him. 

As expected FIR is now dropped  by police  since non coop of AC the complainant. In these three yrs AG audit sent report that he has committed 17 crores revenue loss in his service period.  

Can I  withdraw my earlier WP n file a fresh WP to  take criminal action as well as department action?  I'm the root cause for AG Audit report.( Salem, Tamil Nadu )","Shall i file objection in JMFC or approach to high court to quash police final report in 498a F.I.R ?
In 498a, 406 F.I.R last alleged incident of date 01.08.2020 after 2 year on 20.02.2022 F.I.R gets registered&nbsp;in different state&nbsp;till now police final report is not yet submitted , in term on evidence&nbsp;police will submit 2 -3 fake whatsup&nbsp;messges&nbsp;on year 2019.&nbsp;

IO told me he is going to submit charge sheet in few days.
The day IO submit final report in MM court ,&nbsp;shall i reach court and submit objection u/s 468(2)(c), now court is bared to take cognizance&nbsp;due to limitation act.also jurisdiction&nbsp;ground as per recent judgment of supreme court on dated 25.09.2024 KAILASHBEN MAHENDRABHAI PATEL c ?
shall i approach&nbsp;to delhi high court&nbsp; to quash on the judgment on A.Kaliyaperumal of madardh high court of 2024 on limitation groud&nbsp;?
can i go the delhi high to quash even after submission of final report in MM court( New Delhi, Delhi )","Dear client,From the content of your query it appears that your employer is involved in unfair labour practice.Reach out to concerned office of Labour Commissioner with your appointment letter and all other relevant papers that prove your complaint or the office of concerned Chief Inspector, Shops and Establishments if your Company comes under the purview of them for redressal of your grievance ASAP.Wish you all the best.","The primary legal issue here is the non-payment of wages, which is governed by the Payment of Wages Act, 1936. Under this Act, an employer is obligated to pay wages on time and cannot withhold them without valid reasons. If the company claims you did not work, they must provide evidence to support this claim.

You can file a complaint with the Labour Commissioner in Mumbai, who can investigate the matter and order the employer to pay the due wages if your claim is valid. Additionally, you may consider filing a civil suit for recovery of dues in the appropriate court. Keep all communications and evidence of work performed to support your claim.",1.483,53.2156,18.644,3.9559,16.4299,20.5111,3.2801,20.0199,4.4031,1.5684,1.0,27.1385,49.3219,48.9553,83.8938
23,"No defence counsel permitted in GCM. Prosecution represented by qualified counsel( Jaipur, Rajasthan )",HKG::MEPS_26 → HKG::MEPS_40 → HKG::PGA_7 → HKG::EPF_7D,HKG::MEPS_26 → HKG::MEPS_40 → HKG::PGA_7 → HKG::EPF_7D → HKG::labour_court → HKG::leave → HKG::PROC_GRATUITY_CLAIM → HKG::MEPS,"Sir a present municipal commissioner registered a contract Co. in his office to participate in works contract. . an elected councillor is a major partner in the company The company took many contract payments . They produced fake TDS tax remitted certificates and misappropriated tax revenue 38 lacs. HC ordered for recovery. Recovery was effected. FIR registered against the Co. But still present commissioner awarding contact to same Co. But no criminal action initiated against the commissioner. So many petition sent to higher officers. All are waste. Pl tell what's the procedure to get prosecution sanction against the commissioner sir( Vijayawada, Andhra Pradesh )","Sir I've mads omplaint n  filed a WP  in 2018 against an assistant Commr commercial tax for his alleged activities in filing complain against a trader. ie he has shown less crime of forgery docs instead of huge.  ie 150 nos instead of 8. and made favour the accused n weakened the FIR. By this trader evaded 45 lakhs VAT. Only department action taken on him. 

As expected FIR is now dropped  by police  since non coop of AC the complainant. In these three yrs AG audit sent report that he has committed 17 crores revenue loss in his service period.  

Can I  withdraw my earlier WP n file a fresh WP to  take criminal action as well as department action?  I'm the root cause for AG Audit report.( Salem, Tamil Nadu )","Shall i file objection in JMFC or approach to high court to quash police final report in 498a F.I.R ?
In 498a, 406 F.I.R last alleged incident of date 01.08.2020 after 2 year on 20.02.2022 F.I.R gets registered&nbsp;in different state&nbsp;till now police final report is not yet submitted , in term on evidence&nbsp;police will submit 2 -3 fake whatsup&nbsp;messges&nbsp;on year 2019.&nbsp;

IO told me he is going to submit charge sheet in few days.
The day IO submit final report in MM court ,&nbsp;shall i reach court and submit objection u/s 468(2)(c), now court is bared to take cognizance&nbsp;due to limitation act.also jurisdiction&nbsp;ground as per recent judgment of supreme court on dated 25.09.2024 KAILASHBEN MAHENDRABHAI PATEL c ?
shall i approach&nbsp;to delhi high court&nbsp; to quash on the judgment on A.Kaliyaperumal of madardh high court of 2024 on limitation groud&nbsp;?
can i go the delhi high to quash even after submission of final report in MM court( New Delhi, Delhi )","Dear client,No person can force him to appear guilty or ask him to prove himself guilty against his will. The accused have the right to defence counsel in case of General court-martial when the accused may face bad conduct discharge.","The key legal issue is the denial of defense counsel in a General Court Martial (GCM), which raises concerns about fair trial rights under military law. Under the Army Act, 1950, specifically Section 129, an accused in a GCM is entitled to have a defense counsel, either appointed by the accused or detailed by the court. Denying this right could be a violation of procedural fairness and may be challenged.

The user can file a petition before the Armed Forces Tribunal under Section 14 of the Armed Forces Tribunal Act, 2007, seeking relief for the denial of defense counsel. Alternatively, an appeal can be made to the High Court under Article 226 of the Constitution of India for violation of fundamental rights.",1.2058,53.0328,18.644,3.9559,16.4299,20.5111,3.2801,20.0199,4.4031,1.5684,1.0,27.1385,49.3219,48.9553,83.8938
24,"I have joined in DAV Public School, Bistupur, Jamshedpur as a PGT Physics Teacher on 14th June, 2024 as per given offer letter (attached below) with the mentioned salary. But even after more than 80 days I have not been given any appointment letter or ID card from the school, salary is also not given as per mentioned salary. After joining of one month, principal maâam tried to provide me lower post, but I was not agreed with her because same post and salary had been offered from Odisha and I left that opportunity on the basis of this offer letter. On 3rd September, 2024 when I emailed to Principal maâam demanding my appointment letter, ID card and salary, she became aggressive and ousted me from the school without any written notice or explanation. Also I have been removed from all necessary Whatsapp groups of the school. Next day, on 4th September, 2024 I went to school on time (7:30AM), but guards were not permitting me to enter inside the school, saying that principal maâam and management is not giving me permission to enter into the school. I tried to contact to the other teachers and principal maâam, both by calling and messaging, but no reply has come from the school. I had been waiting there for 3 hours and then returned back to home. Again next day 5th September, 2024 (It was Teachersâ Day) I went to school as usual, but in front of the students and parents I was ousted me from the school gate again. I called to Bistupur Police Station helpline number to mention this issue, but they also behave aggressively and didnât do anything, saying that it is a public school and decision of allowing or not allowing inside the school is totally the choice of the principal (I have recorded the call also). Total incident is with me in video and audio recording format of those two days.

Then I have given one application mentioning these situations to Bistupur Police Station, but from them also no reply has come till today (24th September, 2024).

I have sent a legal notice mentioning all these to the Principal maâam, but no reply has come till now. I request you to do the needful as soon as possible so that I can continue my teaching profession in the same school with full efficiency. I am totally confused what to do now, as a teacher if my respect is outside the school gate then how a teacher can lead our society for betterment.

I need suggestions from you sir, what to do now?

Thanks and Regards.

1. Attendance register (for joining date)
2. Soft copy of id card from school 
3. Bank statement (for not giving proper salary)
4. Advertisement (for requirement of PGT physics teacher in 2024-25)
5. WhatsApp (removal from each group) 
6. Google map timeline (for getting the time of approach to the school on 4th and 5th September)
7. Offer letter of Bistupur.
8. Offer letter from Odisha.( Jamshedpur, Jharkhand )",HKG::SCST_A_19 → HKG::RPSR_2 → HKG::RPSR_3 → HKG::RPSR_156B,HKG::SCST_A_19 → HKG::RPSR_2 → HKG::RPSR_3 → HKG::RPSR_156B → HKG::RPSR → HKG::leave → HKG::probation → HKG::SCST_A,"Sir a present municipal commissioner registered a contract Co. in his office to participate in works contract. . an elected councillor is a major partner in the company The company took many contract payments . They produced fake TDS tax remitted certificates and misappropriated tax revenue 38 lacs. HC ordered for recovery. Recovery was effected. FIR registered against the Co. But still present commissioner awarding contact to same Co. But no criminal action initiated against the commissioner. So many petition sent to higher officers. All are waste. Pl tell what's the procedure to get prosecution sanction against the commissioner sir( Vijayawada, Andhra Pradesh )","Dear Sir, 

One of the nationalised bank lodged an FIR against me under IPC SEC 420 for cheating and fraud related to ATM transactions in the year 2015.

For your kind information, i and my two relatives made 50 + atm transactions using their two atm. And all the transactions was unsuccessful. After raising disputes, they reverse the amount for 30+ claims. But they refused to settle the claims for last few transactions and alleged me and my relatives that we falsely lodged complaints due to ATM malfunctions. The ATM machine is failed to provide valid journal log of the all these transactions and also not providing CCTV Footage.

I raised a complaint for two of the said unsettled transactions in banking ombudsman, RBI and RBI also made decisions in my favour and asked the bank to refund the amount due to lack of evidence and CCTV Footage. And bank also bound to refund the amount after the RBI Mumbai rejects their appeal.

I also submits a petition at the high court for quashing the FIR. But the concerned IO and public prosecutor urged the court that investigation is still pending and they need some time to complete the investigation. And for that reason, the high court dismissed my petition and ordered the concerned IO to start the investigation without further delay and complete the same as soon as possible. The said judgement was made almost two years ago.

So I cordially request you to look into the matter and give me some advice what can I do right now.

With regards,

S Dasgupta.( Guwahati, Assam )","Sir I've mads omplaint n  filed a WP  in 2018 against an assistant Commr commercial tax for his alleged activities in filing complain against a trader. ie he has shown less crime of forgery docs instead of huge.  ie 150 nos instead of 8. and made favour the accused n weakened the FIR. By this trader evaded 45 lakhs VAT. Only department action taken on him. 

As expected FIR is now dropped  by police  since non coop of AC the complainant. In these three yrs AG audit sent report that he has committed 17 crores revenue loss in his service period.  

Can I  withdraw my earlier WP n file a fresh WP to  take criminal action as well as department action?  I'm the root cause for AG Audit report.( Salem, Tamil Nadu )","Dear Madam,Such highhandedness is in practice In many of the public schools and the remedy lies if your approach the concerned government Higher educational Officers and the Ministry of education to teach them a lesson. But it may cost your bright future. Think twice before taking aggressive action against such rude Principal.","The primary legal issue is wrongful termination and breach of contract. Under Indian Contract Act, 1872, Section 73, a party suffering from a breach of contract can seek compensation for any loss or damage caused. You can file a civil suit against the school for breach of contract and wrongful termination, seeking damages for the loss of salary and mental distress. Additionally, you may file a writ petition in the High Court for reinstatement if your termination was without due process. Collect and preserve all evidence, such as your offer letter, communications, and recordings, to support your case.",1.152,41.5599,18.644,3.9559,16.4299,20.5111,3.2801,20.0199,4.4031,1.5684,1.0,27.1385,49.3219,48.9553,83.8938
25,"I have been in a relationship with a guy since last January. Our families also known to each other. But on 24th December he left from his place with his mother. Since then he has blocked me.. from all the sources and also my parents and friends contacts.His father has no idea about our matter. Before he left we had a argument and his mother interfered there and she even asked me to commit suicide. He promised me for marriage and did everything. What should i do?( Hooghly, West Bengal )",HKG::MHA_115 → PC::Parties Related to Each Other → PC::Witness Relationship with Deceased Considered → PC::Accused Promised Marriage,HKG::MHA_115 → PC::Parties Related to Each Other → PC::Witness Relationship with Deceased Considered → PC::Accused Promised Marriage → PC::Deceased Assaulted Over Dispute Regarding Bull → HKG::MHA → PC::Occurrence Took Place Nearly 25 Years Back → HKG::MHA_100,"Sir a present municipal commissioner registered a contract Co. in his office to participate in works contract. . an elected councillor is a major partner in the company The company took many contract payments . They produced fake TDS tax remitted certificates and misappropriated tax revenue 38 lacs. HC ordered for recovery. Recovery was effected. FIR registered against the Co. But still present commissioner awarding contact to same Co. But no criminal action initiated against the commissioner. So many petition sent to higher officers. All are waste. Pl tell what's the procedure to get prosecution sanction against the commissioner sir( Vijayawada, Andhra Pradesh )","Sir I've mads omplaint n  filed a WP  in 2018 against an assistant Commr commercial tax for his alleged activities in filing complain against a trader. ie he has shown less crime of forgery docs instead of huge.  ie 150 nos instead of 8. and made favour the accused n weakened the FIR. By this trader evaded 45 lakhs VAT. Only department action taken on him. 

As expected FIR is now dropped  by police  since non coop of AC the complainant. In these three yrs AG audit sent report that he has committed 17 crores revenue loss in his service period.  

Can I  withdraw my earlier WP n file a fresh WP to  take criminal action as well as department action?  I'm the root cause for AG Audit report.( Salem, Tamil Nadu )","Shall i file objection in JMFC or approach to high court to quash police final report in 498a F.I.R ?
In 498a, 406 F.I.R last alleged incident of date 01.08.2020 after 2 year on 20.02.2022 F.I.R gets registered&nbsp;in different state&nbsp;till now police final report is not yet submitted , in term on evidence&nbsp;police will submit 2 -3 fake whatsup&nbsp;messges&nbsp;on year 2019.&nbsp;

IO told me he is going to submit charge sheet in few days.
The day IO submit final report in MM court ,&nbsp;shall i reach court and submit objection u/s 468(2)(c), now court is bared to take cognizance&nbsp;due to limitation act.also jurisdiction&nbsp;ground as per recent judgment of supreme court on dated 25.09.2024 KAILASHBEN MAHENDRABHAI PATEL c ?
shall i approach&nbsp;to delhi high court&nbsp; to quash on the judgment on A.Kaliyaperumal of madardh high court of 2024 on limitation groud&nbsp;?
can i go the delhi high to quash even after submission of final report in MM court( New Delhi, Delhi )","Dear Madam,Since you were in a live in relationship presumably you know his whereabouts.There are two options.Option 1. Forget it. Start a fresh.Option 2. Fight it out. So that he will not spoil the life of another girl/lady.The choice is yours.Shanti Ranjan BeheraAdvocate","The primary legal issue here is a potential case of cheating under Section 415 of the Indian Penal Code (IPC) if the promise of marriage was made deceitfully to exploit or manipulate. However, mere breach of promise to marry, without more, typically does not constitute a criminal offense unless there is evidence of fraudulent intent from the beginning. The user may consider filing a police complaint alleging cheating if there is substantial evidence that the promise was made with no intention to marry.

The user cannot compel the individual to marry or take legal action based solely on the breakup unless there is evidence of fraud or coercion. The next steps include gathering any evidence of the promise and deceitful intent, such as messages or witnesses, and consulting with a local lawyer to evaluate the strength of a potential case. If the mother’s statement caused severe distress, a complaint for abetment to suicide under Section 306 IPC could be considered, but this requires strong evidence of intent to provoke suicide.",0.6377,23.8461,18.644,3.9559,16.4299,20.5111,3.2801,20.0199,4.4031,1.5684,1.0,27.1385,49.3219,48.9553,83.8938
26,"Please help sir, I am in a big trouble. Sir, a girl who was minor met me in a wedding. She sent me request on instagram and kept asking me to get into relationship. Initially, I was avoiding her but After a period, I also said yes but I didn't know her age at that time as she lied about it(Her actual age was16 then). So, then one day she asked me to pick her up and we roamed in my car. She wanted to stay the night with me in hotel. But, since my parents don't allow me to stay anywhere for the night, so I couldn't accept her proposal. Then she told me to drop at her some sister's place which I did. I later found out she was not informing her parents about the night out. So her parents somehow got my contact and suspected her to be with me. Her phone was off meanwhile. And, I did tell her parents about her whereabout. Her parents then found her the next day in a boys room( which earlier she told me to be her some sister's room). But, then the girl took U turn and blamed everything on me for raping her on the pretext of marriage and abandoning her on the road. The boy who she stayed with was released as she blamed me and told police that the boy saved and gave shelter for the night to her as she was abandoned on the road. I was sent to jail for 2 months in POCSO case and then got bail. Now, the scene is that she is asking me an iPhone to settle the case in court(she's ready to give a statement supporting me) . She is saying that she would convince her parents to settle the case after she gets the phone. I am willing to meet her demand but I can't trust her. Can you suggest something that I can get rid of the case even if I have to give her the iphone ( I have already bought it and it is with me ). How can I make sure that she will be doing what she is saying. Also, to be noted that she has already given her statement once against me in the court already. Can I somehow prove in the court that she is blackmailing me to get a phone to settle the fake case. Please, reply .( Guwahati, Assam )",HKG::IEA_114B → PC::Respondents Willing to Settle Disputed Interest → PC::Agreement to Settle Litigation → HKG::EC_RULES_68,HKG::IEA_114B → PC::Respondents Willing to Settle Disputed Interest → PC::Agreement to Settle Litigation → HKG::EC_RULES_68 → HKG::EC_RULES → HKG::FIN_A_39 → HKG::FIN_A → HKG::EPF_AT_4,"Sir a present municipal commissioner registered a contract Co. in his office to participate in works contract. . an elected councillor is a major partner in the company The company took many contract payments . They produced fake TDS tax remitted certificates and misappropriated tax revenue 38 lacs. HC ordered for recovery. Recovery was effected. FIR registered against the Co. But still present commissioner awarding contact to same Co. But no criminal action initiated against the commissioner. So many petition sent to higher officers. All are waste. Pl tell what's the procedure to get prosecution sanction against the commissioner sir( Vijayawada, Andhra Pradesh )","Sir I've mads omplaint n  filed a WP  in 2018 against an assistant Commr commercial tax for his alleged activities in filing complain against a trader. ie he has shown less crime of forgery docs instead of huge.  ie 150 nos instead of 8. and made favour the accused n weakened the FIR. By this trader evaded 45 lakhs VAT. Only department action taken on him. 

As expected FIR is now dropped  by police  since non coop of AC the complainant. In these three yrs AG audit sent report that he has committed 17 crores revenue loss in his service period.  

Can I  withdraw my earlier WP n file a fresh WP to  take criminal action as well as department action?  I'm the root cause for AG Audit report.( Salem, Tamil Nadu )","I have filed a CR case in the JM court few months back after 200 and filling major evidence part as document. But unfortunately Justice ordered for police inquiry report instead of having sufficiently enough evidence... and meanwhile police biased enough to avoid the inquiry. Criminals are creating hell for me moving free and dates are passing by.

In this situation is there any SECTION under which I can file a petition in the court to consider for ""provided document evidence"" verification or judicial inquiry instead of meaningless police inquiry? Please help.","Dear Sir,If any FIR is registered against you then you must challenge the same for quashing before High court. You must take the defense that you do not know the her age and all other allegations are false.","Offering a bribe, even in the form of an iPhone, to influence a witness's testimony is illegal under Section 7 of the Prevention of Corruption Act, 1988, and could lead to further criminal charges against you. Instead, focus on defending yourself in court by gathering evidence that demonstrates your innocence, such as any communications with the girl that could support your version of events. To address the false allegations, consider filing a complaint for extortion under Section 384 of the Indian Penal Code if you have evidence of her demands. Consult with your attorney to explore filing a petition for quashing the FIR under Section 482 of the Code of Criminal Procedure, citing the lack of evidence and potential malicious intent behind the charges.",1.1118,51.6339,18.644,3.9559,16.4299,20.5111,3.2801,20.0199,4.4031,1.5684,1.0,27.1385,49.3219,48.9553,83.8938
27,"Is it a domestic violence case? In sec. 498a Or 352( Kolkata, West Bengal )",HKG::PGA_7 → HKG::EPF_7D → HKG::ESI_55 → HKG::IRC_44,HKG::PGA_7 → HKG::EPF_7D → HKG::ESI_55 → HKG::IRC_44 → HKG::labour_court → HKG::PROC_GRATUITY_CLAIM → HKG::Payment of Gratuity Act 1972 → HKG::Employees State Insurance Act 1948,"Sir a present municipal commissioner registered a contract Co. in his office to participate in works contract. . an elected councillor is a major partner in the company The company took many contract payments . They produced fake TDS tax remitted certificates and misappropriated tax revenue 38 lacs. HC ordered for recovery. Recovery was effected. FIR registered against the Co. But still present commissioner awarding contact to same Co. But no criminal action initiated against the commissioner. So many petition sent to higher officers. All are waste. Pl tell what's the procedure to get prosecution sanction against the commissioner sir( Vijayawada, Andhra Pradesh )","Sir I've mads omplaint n  filed a WP  in 2018 against an assistant Commr commercial tax for his alleged activities in filing complain against a trader. ie he has shown less crime of forgery docs instead of huge.  ie 150 nos instead of 8. and made favour the accused n weakened the FIR. By this trader evaded 45 lakhs VAT. Only department action taken on him. 

As expected FIR is now dropped  by police  since non coop of AC the complainant. In these three yrs AG audit sent report that he has committed 17 crores revenue loss in his service period.  

Can I  withdraw my earlier WP n file a fresh WP to  take criminal action as well as department action?  I'm the root cause for AG Audit report.( Salem, Tamil Nadu )","Shall i file objection in JMFC or approach to high court to quash police final report in 498a F.I.R ?
In 498a, 406 F.I.R last alleged incident of date 01.08.2020 after 2 year on 20.02.2022 F.I.R gets registered&nbsp;in different state&nbsp;till now police final report is not yet submitted , in term on evidence&nbsp;police will submit 2 -3 fake whatsup&nbsp;messges&nbsp;on year 2019.&nbsp;

IO told me he is going to submit charge sheet in few days.
The day IO submit final report in MM court ,&nbsp;shall i reach court and submit objection u/s 468(2)(c), now court is bared to take cognizance&nbsp;due to limitation act.also jurisdiction&nbsp;ground as per recent judgment of supreme court on dated 25.09.2024 KAILASHBEN MAHENDRABHAI PATEL c ?
shall i approach&nbsp;to delhi high court&nbsp; to quash on the judgment on A.Kaliyaperumal of madardh high court of 2024 on limitation groud&nbsp;?
can i go the delhi high to quash even after submission of final report in MM court( New Delhi, Delhi )","Dear Client,Domestic violence in India is covered under several laws, primarily under the Protection of Women from Domestic Violence Act, 2005 (PWDVA), and the Indian Penal Code (IPC). Section 498A and Section 352 of the IPC address specific aspects of domestic violence.Understanding the Sections:Section 498A IPC:Objective: To protect married women from cruelty by their husbands and in-laws.Definition: It covers any willful conduct that is likely to drive a woman to suicide or cause grave injury to her life, limb, or health (whether mental or physical). It also includes harassment with the aim of coercing her or her relatives to meet any unlawful demand for property or valuable security.Punishment: Imprisonment for up to three years and a fine.Section 352 IPC:Objective: To address assault or use of criminal force otherwise than on grave provocation.Definition: It penalizes the act of assault or use of criminal force against any person without grave and sudden provocation by that person.Punishment: Imprisonment for up to three months, or a fine of up to five hundred rupees, or both.Determining the Applicability:Section 498A: If the case involves a married woman being subjected to cruelty by her husband or in-laws, particularly with respect to harassment for dowry or inflicting harm that could cause serious mental or physical trauma, then it falls under Section 498A.Section 352: If the situation involves an incident where assault or use of criminal force occurred without grave provocation but does not fit the specific criteria of cruelty in a matrimonial context as described in Section 498A, it might fall under Section 352.","Section 498A of the Indian Penal Code deals with cruelty by a husband or his relatives towards a woman, which is a criminal offense, while Section 352 deals with assault or use of criminal force otherwise than on grave provocation. If the issue involves cruelty by a husband or his relatives, it falls under Section 498A, which is specifically related to domestic violence. Section 352, on the other hand, would apply to general assault cases not specifically related to domestic violence.

To address your situation, determine whether the allegations pertain to cruelty by a husband or relatives (498A) or general assault (352). If it is a 498A case, you may need to gather evidence of cruelty and file a complaint with the police. If it's a 352 case, evidence of the assault or use of force should be collected to support the complaint.",8.2671,73.9052,18.644,3.9559,16.4299,20.5111,3.2801,20.0199,4.4031,1.5684,1.0,27.1385,49.3219,48.9553,83.8938
28,"Owner of a company has been arrested by the Telangana police under 420 a month ago but Haryana police took his custody today on production warrent by saying same case has been registered by us in Haryana and Telangana court has accepted their application of Production Warrent but the advocate of accused has told me that Telangana court has granted him bail ........but my sources saying accused is been taken on production warrent.....so that I am confused the accused got bail or not ?( Hyderabad, Telangana )",PC::Accused Has Criminal History → HKG::IEA_135 → PC::Accused Granted Bail by High Court → PC::Requirement of Production of Declaration Challenged,PC::Accused Has Criminal History → HKG::IEA_135 → PC::Accused Granted Bail by High Court → PC::Requirement of Production of Declaration Challenged → PC::Tribunal Held Provision Invalid but Directory → HKG::FIN_A_96D → HKG::FIN_A → HKG::FIN_A_156,"Sir a present municipal commissioner registered a contract Co. in his office to participate in works contract. . an elected councillor is a major partner in the company The company took many contract payments . They produced fake TDS tax remitted certificates and misappropriated tax revenue 38 lacs. HC ordered for recovery. Recovery was effected. FIR registered against the Co. But still present commissioner awarding contact to same Co. But no criminal action initiated against the commissioner. So many petition sent to higher officers. All are waste. Pl tell what's the procedure to get prosecution sanction against the commissioner sir( Vijayawada, Andhra Pradesh )","Sir I've mads omplaint n  filed a WP  in 2018 against an assistant Commr commercial tax for his alleged activities in filing complain against a trader. ie he has shown less crime of forgery docs instead of huge.  ie 150 nos instead of 8. and made favour the accused n weakened the FIR. By this trader evaded 45 lakhs VAT. Only department action taken on him. 

As expected FIR is now dropped  by police  since non coop of AC the complainant. In these three yrs AG audit sent report that he has committed 17 crores revenue loss in his service period.  

Can I  withdraw my earlier WP n file a fresh WP to  take criminal action as well as department action?  I'm the root cause for AG Audit report.( Salem, Tamil Nadu )","Shall i file objection in JMFC or approach to high court to quash police final report in 498a F.I.R ?
In 498a, 406 F.I.R last alleged incident of date 01.08.2020 after 2 year on 20.02.2022 F.I.R gets registered&nbsp;in different state&nbsp;till now police final report is not yet submitted , in term on evidence&nbsp;police will submit 2 -3 fake whatsup&nbsp;messges&nbsp;on year 2019.&nbsp;

IO told me he is going to submit charge sheet in few days.
The day IO submit final report in MM court ,&nbsp;shall i reach court and submit objection u/s 468(2)(c), now court is bared to take cognizance&nbsp;due to limitation act.also jurisdiction&nbsp;ground as per recent judgment of supreme court on dated 25.09.2024 KAILASHBEN MAHENDRABHAI PATEL c ?
shall i approach&nbsp;to delhi high court&nbsp; to quash on the judgment on A.Kaliyaperumal of madardh high court of 2024 on limitation groud&nbsp;?
can i go the delhi high to quash even after submission of final report in MM court( New Delhi, Delhi )",I am from Telangana.,"The accused may have been granted bail by the Telangana court, but the production warrant issued by the Haryana police allows them to take custody of the accused for a separate case registered in Haryana. Bail granted in one jurisdiction does not prevent another jurisdiction from executing a production warrant if there are pending charges. Under Section 267 of the CrPC, a court can issue a production warrant for an accused already in custody for different proceedings.

To clarify the accused's bail status, check the Telangana court's bail order for any conditions or limitations and verify if the Haryana case is separate and distinct. The accused's advocate should file a bail application in the Haryana jurisdiction if the accused is now in custody there.",0.3566,40.1438,18.644,3.9559,16.4299,20.5111,3.2801,20.0199,4.4031,1.5684,1.0,27.1385,49.3219,48.9553,83.8938
29,"Hi,
Recently we closed a case by compromise with my aunt's family and had give sketch of the parts given to them in the agriculture land to the court and my aunt's family got the sketch prepared by govt surveyor and got the lands transferred to their name. But now I found my aunt's family has forged my sign in the survey sketch document and got the sketch changed and it is not same as what we have agreed upon in court. I plan to lodge a police complaint for forgery but I have few questions here:
1. Will I be responsible for providing all required evidence after filing complaint.?
2. Will I be responsible for hiring a lawyer to fight this case in court or will a PP be appearing for me.?
3. If my aunt's family wants to compromise with us to withdraw the case will I be able to close the case?( Ramanagara, Karnataka )",HKG::BTC_126 → HKG::BTC_313 → HKG::BTC_254 → PC::Court Found Will to be Forged,HKG::BTC_126 → HKG::BTC_313 → HKG::BTC_254 → PC::Court Found Will to be Forged → PC::No Clear Finding on Appellants' Role in Execution → PC::Section 476 of the Criminal Procedure Code → HKG::EC_RULES_17 → HKG::EC_RULES,"Sir a present municipal commissioner registered a contract Co. in his office to participate in works contract. . an elected councillor is a major partner in the company The company took many contract payments . They produced fake TDS tax remitted certificates and misappropriated tax revenue 38 lacs. HC ordered for recovery. Recovery was effected. FIR registered against the Co. But still present commissioner awarding contact to same Co. But no criminal action initiated against the commissioner. So many petition sent to higher officers. All are waste. Pl tell what's the procedure to get prosecution sanction against the commissioner sir( Vijayawada, Andhra Pradesh )","Sir I've mads omplaint n  filed a WP  in 2018 against an assistant Commr commercial tax for his alleged activities in filing complain against a trader. ie he has shown less crime of forgery docs instead of huge.  ie 150 nos instead of 8. and made favour the accused n weakened the FIR. By this trader evaded 45 lakhs VAT. Only department action taken on him. 

As expected FIR is now dropped  by police  since non coop of AC the complainant. In these three yrs AG audit sent report that he has committed 17 crores revenue loss in his service period.  

Can I  withdraw my earlier WP n file a fresh WP to  take criminal action as well as department action?  I'm the root cause for AG Audit report.( Salem, Tamil Nadu )","Shall i file objection in JMFC or approach to high court to quash police final report in 498a F.I.R ?
In 498a, 406 F.I.R last alleged incident of date 01.08.2020 after 2 year on 20.02.2022 F.I.R gets registered&nbsp;in different state&nbsp;till now police final report is not yet submitted , in term on evidence&nbsp;police will submit 2 -3 fake whatsup&nbsp;messges&nbsp;on year 2019.&nbsp;

IO told me he is going to submit charge sheet in few days.
The day IO submit final report in MM court ,&nbsp;shall i reach court and submit objection u/s 468(2)(c), now court is bared to take cognizance&nbsp;due to limitation act.also jurisdiction&nbsp;ground as per recent judgment of supreme court on dated 25.09.2024 KAILASHBEN MAHENDRABHAI PATEL c ?
shall i approach&nbsp;to delhi high court&nbsp; to quash on the judgment on A.Kaliyaperumal of madardh high court of 2024 on limitation groud&nbsp;?
can i go the delhi high to quash even after submission of final report in MM court( New Delhi, Delhi )","Dear Sir,It is not so easy to convince the Police to register your complaint unless you get report from the private handwriting expert that forged signature of yourself was misused by your Aunt. Get such report and approach Police or file a private complaint.","Forgery is a criminal offense under Section 463 of the Indian Penal Code, and filing a police complaint is the correct first step. Once the complaint is lodged, the police will investigate, and it is their responsibility to gather evidence. You are not required to hire a lawyer for the investigation phase, as the Public Prosecutor will handle the prosecution if charges are filed. However, having a lawyer can help in navigating legal procedures and ensuring your interests are represented. If your aunt's family wishes to compromise, you can withdraw the complaint, but this generally requires court approval, especially if the case has progressed significantly.",0.6163,74.7156,18.644,3.9559,16.4299,20.5111,3.2801,20.0199,4.4031,1.5684,1.0,27.1385,49.3219,48.9553,83.8938
30,"FIR lodge under section 420/406. only against my brother. But in charge sheet police added section 174{A} , 120 (b) and chit fund act. Police apprehended my brother on 10 Oct 2017 and charge sheet filed on 13 Dec 2017 after 60 days and in main charge sheet no any witness mentioned name of his wife and my father. Antricipatary bail of Wife of my bother rejected on 28 feb 2018. She surrendered on 13 march 2018 and my father surrendered on 09 april 2018. Supplementary CS submitted by Police on 10 May 2018 just before completion of 60 days. Accordingly bail of 167(2) rejected. Thereafter 2 bail application application rejected by CMM and ASJ. Now bail application is in pending with high court in which IO submitted that more application is being received hence enquiry is pending therefore opposed bail application. All 03 pers are on Jail since mentioned above. Request intimate what I can do.( South West Delhi, Delhi )",HKG::ATA_19,HKG::ATA_19 → HKG::govt_service → HKG::labour_court → HKG::Administrative Tribunals Act 1985 → HKG::PROC_GOVT_SERVICE_DISPUTE,"Sir a present municipal commissioner registered a contract Co. in his office to participate in works contract. . an elected councillor is a major partner in the company The company took many contract payments . They produced fake TDS tax remitted certificates and misappropriated tax revenue 38 lacs. HC ordered for recovery. Recovery was effected. FIR registered against the Co. But still present commissioner awarding contact to same Co. But no criminal action initiated against the commissioner. So many petition sent to higher officers. All are waste. Pl tell what's the procedure to get prosecution sanction against the commissioner sir( Vijayawada, Andhra Pradesh )","Sir I've mads omplaint n  filed a WP  in 2018 against an assistant Commr commercial tax for his alleged activities in filing complain against a trader. ie he has shown less crime of forgery docs instead of huge.  ie 150 nos instead of 8. and made favour the accused n weakened the FIR. By this trader evaded 45 lakhs VAT. Only department action taken on him. 

As expected FIR is now dropped  by police  since non coop of AC the complainant. In these three yrs AG audit sent report that he has committed 17 crores revenue loss in his service period.  

Can I  withdraw my earlier WP n file a fresh WP to  take criminal action as well as department action?  I'm the root cause for AG Audit report.( Salem, Tamil Nadu )","Shall i file objection in JMFC or approach to high court to quash police final report in 498a F.I.R ?
In 498a, 406 F.I.R last alleged incident of date 01.08.2020 after 2 year on 20.02.2022 F.I.R gets registered&nbsp;in different state&nbsp;till now police final report is not yet submitted , in term on evidence&nbsp;police will submit 2 -3 fake whatsup&nbsp;messges&nbsp;on year 2019.&nbsp;

IO told me he is going to submit charge sheet in few days.
The day IO submit final report in MM court ,&nbsp;shall i reach court and submit objection u/s 468(2)(c), now court is bared to take cognizance&nbsp;due to limitation act.also jurisdiction&nbsp;ground as per recent judgment of supreme court on dated 25.09.2024 KAILASHBEN MAHENDRABHAI PATEL c ?
shall i approach&nbsp;to delhi high court&nbsp; to quash on the judgment on A.Kaliyaperumal of madardh high court of 2024 on limitation groud&nbsp;?
can i go the delhi high to quash even after submission of final report in MM court( New Delhi, Delhi )",Bail in such type of financial offences is granted by the higher courts.High court will grant Bail.,"The primary legal issue is the denial of bail under Section 167(2) CrPC and subsequent rejections by CMM and ASJ. Since the supplementary charge sheet was submitted within the statutory period, the right to default bail under Section 167(2) CrPC does not apply. Given that the bail application is pending in the High Court, focus should be on demonstrating that continued detention is unjustified, possibly due to lack of evidence or undue delay in trial.

You can argue for bail on grounds such as no direct evidence against the accused, or that further detention is not necessary for the investigation. Consider filing a detailed affidavit highlighting these points and any mitigating circumstances. Additionally, explore the possibility of filing a petition under Section 482 CrPC for quashing proceedings if you believe charges are baseless.",0.4124,59.5222,18.644,3.9559,16.4299,20.5111,3.2801,20.0199,4.4031,1.5684,1.0,27.1385,49.3219,48.9553,83.8938
31,"I want to go for FIR and Chargesheet quashing both in my 482 application pending before the Allahabad High Court after a stay of the same as the complaint belongs to repealed Section 66A of the Information Technology Act, 2000. However, these prayers were not specifically mentioned in my revision petition under 482 as it was dismissed by lower Courts. Can I pray the same in my final arguments or I should amend/add my prayer by an application in this regard separately in the High Court?( Allahabad, Uttar Pradesh )","PC::Revision Petition Dismissed by High Court → PC::Section 66A(2) of the Indian Income-tax Act → PC::High Court Dismissed Petition Under Section 482 CrPC → PC::Section 66A(2) of the Indian Income-tax Act, 1922","PC::Revision Petition Dismissed by High Court → PC::Section 66A(2) of the Indian Income-tax Act → PC::High Court Dismissed Petition Under Section 482 CrPC → PC::Section 66A(2) of the Indian Income-tax Act, 1922 → HKG::FIN_A_2 → HKG::FIN_A → HKG::LIM_133 → HKG::leave","Sir a present municipal commissioner registered a contract Co. in his office to participate in works contract. . an elected councillor is a major partner in the company The company took many contract payments . They produced fake TDS tax remitted certificates and misappropriated tax revenue 38 lacs. HC ordered for recovery. Recovery was effected. FIR registered against the Co. But still present commissioner awarding contact to same Co. But no criminal action initiated against the commissioner. So many petition sent to higher officers. All are waste. Pl tell what's the procedure to get prosecution sanction against the commissioner sir( Vijayawada, Andhra Pradesh )","Sir I've mads omplaint n  filed a WP  in 2018 against an assistant Commr commercial tax for his alleged activities in filing complain against a trader. ie he has shown less crime of forgery docs instead of huge.  ie 150 nos instead of 8. and made favour the accused n weakened the FIR. By this trader evaded 45 lakhs VAT. Only department action taken on him. 

As expected FIR is now dropped  by police  since non coop of AC the complainant. In these three yrs AG audit sent report that he has committed 17 crores revenue loss in his service period.  

Can I  withdraw my earlier WP n file a fresh WP to  take criminal action as well as department action?  I'm the root cause for AG Audit report.( Salem, Tamil Nadu )","Shall i file objection in JMFC or approach to high court to quash police final report in 498a F.I.R ?
In 498a, 406 F.I.R last alleged incident of date 01.08.2020 after 2 year on 20.02.2022 F.I.R gets registered&nbsp;in different state&nbsp;till now police final report is not yet submitted , in term on evidence&nbsp;police will submit 2 -3 fake whatsup&nbsp;messges&nbsp;on year 2019.&nbsp;

IO told me he is going to submit charge sheet in few days.
The day IO submit final report in MM court ,&nbsp;shall i reach court and submit objection u/s 468(2)(c), now court is bared to take cognizance&nbsp;due to limitation act.also jurisdiction&nbsp;ground as per recent judgment of supreme court on dated 25.09.2024 KAILASHBEN MAHENDRABHAI PATEL c ?
shall i approach&nbsp;to delhi high court&nbsp; to quash on the judgment on A.Kaliyaperumal of madardh high court of 2024 on limitation groud&nbsp;?
can i go the delhi high to quash even after submission of final report in MM court( New Delhi, Delhi )","Dear Client,In your final arguments before the Allahabad High Court, you can certainly bring up the issue of quashing the FIR and chargesheet based on the repealed Section 66A of the Information Technology Act, 2000. While it would have been ideal to explicitly mention these prayers in your initial petition, you can still address them during the final arguments. It's crucial to emphasize the legal grounds and provide reasoning for seeking quashing. If you feel the need to make it more formal, you may consider filing a separate application to amend or add these prayers, ensuring clarity and precision. Reference relevant sections of the Criminal Procedure Code (CrPC), such as Section 482, to support your request for quashing.Thankyou","In your situation, it is crucial to amend your Section 482 CrPC application to explicitly include the prayers for quashing the FIR and chargesheet related to the repealed Section 66A of the Information Technology Act, 2000. The Supreme Court in *Shreya Singhal v. Union of India* (2015) declared Section 66A unconstitutional, and any proceedings under this section are void. File an application to amend your existing petition before the Allahabad High Court to incorporate these specific prayers. This ensures that the High Court can address these issues directly during your final arguments.",18.7697,86.2208,18.644,3.9559,16.4299,20.5111,3.2801,20.0199,4.4031,1.5684,1.0,27.1385,49.3219,48.9553,83.8938
32,"Sir/madam.    I was caught in drink and drive 10 days before and police taken my RC and DL and told to pay 10000 fine through virtual court website. But if I put challan no or mobile no it is telling challan not exist. What I have to do and what is the time time limit for closing the challan pls tell the procedure of this case in chennai( Chennai, Tamil Nadu )",HKG::PGA_7 → HKG::EPF_7D → HKG::ESI_55 → HKG::IRC_44,HKG::PGA_7 → HKG::EPF_7D → HKG::ESI_55 → HKG::IRC_44 → HKG::labour_court → HKG::Employees State Insurance Act 1948 → HKG::PROC_GRATUITY_CLAIM → HKG::Payment of Gratuity Act 1972,"Sir a present municipal commissioner registered a contract Co. in his office to participate in works contract. . an elected councillor is a major partner in the company The company took many contract payments . They produced fake TDS tax remitted certificates and misappropriated tax revenue 38 lacs. HC ordered for recovery. Recovery was effected. FIR registered against the Co. But still present commissioner awarding contact to same Co. But no criminal action initiated against the commissioner. So many petition sent to higher officers. All are waste. Pl tell what's the procedure to get prosecution sanction against the commissioner sir( Vijayawada, Andhra Pradesh )","Sir I've mads omplaint n  filed a WP  in 2018 against an assistant Commr commercial tax for his alleged activities in filing complain against a trader. ie he has shown less crime of forgery docs instead of huge.  ie 150 nos instead of 8. and made favour the accused n weakened the FIR. By this trader evaded 45 lakhs VAT. Only department action taken on him. 

As expected FIR is now dropped  by police  since non coop of AC the complainant. In these three yrs AG audit sent report that he has committed 17 crores revenue loss in his service period.  

Can I  withdraw my earlier WP n file a fresh WP to  take criminal action as well as department action?  I'm the root cause for AG Audit report.( Salem, Tamil Nadu )","Shall i file objection in JMFC or approach to high court to quash police final report in 498a F.I.R ?
In 498a, 406 F.I.R last alleged incident of date 01.08.2020 after 2 year on 20.02.2022 F.I.R gets registered&nbsp;in different state&nbsp;till now police final report is not yet submitted , in term on evidence&nbsp;police will submit 2 -3 fake whatsup&nbsp;messges&nbsp;on year 2019.&nbsp;

IO told me he is going to submit charge sheet in few days.
The day IO submit final report in MM court ,&nbsp;shall i reach court and submit objection u/s 468(2)(c), now court is bared to take cognizance&nbsp;due to limitation act.also jurisdiction&nbsp;ground as per recent judgment of supreme court on dated 25.09.2024 KAILASHBEN MAHENDRABHAI PATEL c ?
shall i approach&nbsp;to delhi high court&nbsp; to quash on the judgment on A.Kaliyaperumal of madardh high court of 2024 on limitation groud&nbsp;?
can i go the delhi high to quash even after submission of final report in MM court( New Delhi, Delhi )",Dear SirYou may approach local advocate and get the fine the paid through him and there will be no consequence on your future career .Please give me RANK FIVE(5) if my answer  satisfies you,"Under the Motor Vehicles Act, 1988, driving under the influence is a punishable offense. If the challan is not showing up on the virtual court website, it could be due to a delay in processing. Legally, you must pay the fine to retrieve your RC and DL, as non-payment could lead to further penalties or legal action. 

First, visit the local traffic police station to confirm the status of your challan and ensure it has been correctly entered into the system. If the issue persists, contact the virtual court's helpline for assistance.",1.0565,35.884,18.644,3.9559,16.4299,20.5111,3.2801,20.0199,4.4031,1.5684,1.0,27.1385,49.3219,48.9553,83.8938
33,"I am Govt Group A officer and area police filed kalandra before SDM under sec 107 against false complaint by neighbour.  Kalandra was filed under sec 107 against both i. e.  Myself and neighbour.
Being a Govt officer there is no scope for me to breach the peace. 
Now can I file application under section 115 to dispense me from personal appearance due my occupancy to official assignments( North West Delhi, Delhi )",HKG::IDA_2A → HKG::ESI_73 → HKG::IDA_17B → HKG::EPF_12,HKG::IDA_2A → HKG::ESI_73 → HKG::IDA_17B → HKG::EPF_12 → HKG::Employees Provident Fund Act 1952 → HKG::esi → HKG::Industrial Disputes Act 1947 → HKG::Employees State Insurance Act 1948,"Sir a present municipal commissioner registered a contract Co. in his office to participate in works contract. . an elected councillor is a major partner in the company The company took many contract payments . They produced fake TDS tax remitted certificates and misappropriated tax revenue 38 lacs. HC ordered for recovery. Recovery was effected. FIR registered against the Co. But still present commissioner awarding contact to same Co. But no criminal action initiated against the commissioner. So many petition sent to higher officers. All are waste. Pl tell what's the procedure to get prosecution sanction against the commissioner sir( Vijayawada, Andhra Pradesh )","Sir I've mads omplaint n  filed a WP  in 2018 against an assistant Commr commercial tax for his alleged activities in filing complain against a trader. ie he has shown less crime of forgery docs instead of huge.  ie 150 nos instead of 8. and made favour the accused n weakened the FIR. By this trader evaded 45 lakhs VAT. Only department action taken on him. 

As expected FIR is now dropped  by police  since non coop of AC the complainant. In these three yrs AG audit sent report that he has committed 17 crores revenue loss in his service period.  

Can I  withdraw my earlier WP n file a fresh WP to  take criminal action as well as department action?  I'm the root cause for AG Audit report.( Salem, Tamil Nadu )","Dear Sir, 

One of the nationalised bank lodged an FIR against me under IPC SEC 420 for cheating and fraud related to ATM transactions in the year 2015.

For your kind information, i and my two relatives made 50 + atm transactions using their two atm. And all the transactions was unsuccessful. After raising disputes, they reverse the amount for 30+ claims. But they refused to settle the claims for last few transactions and alleged me and my relatives that we falsely lodged complaints due to ATM malfunctions. The ATM machine is failed to provide valid journal log of the all these transactions and also not providing CCTV Footage.

I raised a complaint for two of the said unsettled transactions in banking ombudsman, RBI and RBI also made decisions in my favour and asked the bank to refund the amount due to lack of evidence and CCTV Footage. And bank also bound to refund the amount after the RBI Mumbai rejects their appeal.

I also submits a petition at the high court for quashing the FIR. But the concerned IO and public prosecutor urged the court that investigation is still pending and they need some time to complete the investigation. And for that reason, the high court dismissed my petition and ordered the concerned IO to start the investigation without further delay and complete the same as soon as possible. The said judgement was made almost two years ago.

So I cordially request you to look into the matter and give me some advice what can I do right now.

With regards,

S Dasgupta.( Guwahati, Assam )","You can file the same. However, it is subject to acceptance.If accepted you shall not be brought to court and if not accepted you need to follow the orders of the court as a dutiful citizen.Thanks","Under Section 115 of the Code of Criminal Procedure, 1973, the Magistrate has the discretion to dispense with the personal attendance of any person against whom proceedings under Section 107 are initiated if the person is represented by a pleader. As a Government Group A officer, you can file an application requesting the Magistrate to dispense with your personal appearance due to official duties. Clearly state your reasons and provide any supporting documentation related to your official assignments. If granted, your legal representative can appear on your behalf. Ensure that your application is filed promptly to avoid any adverse orders due to non-appearance.",1.4977,42.2837,18.644,3.9559,16.4299,20.5111,3.2801,20.0199,4.4031,1.5684,1.0,27.1385,49.3219,48.9553,83.8938
34,"IPC 323,324,326 Fake FIR Registered on me Via Against Party After SSP investigation SP Crashed Fake FIR . How Can I File Case Against Party via Legal Process ?( Bathinda, Punjab )",HKG::PGA_7 → HKG::EPF_7D → HKG::ESI_55 → HKG::IRC_44,HKG::PGA_7 → HKG::EPF_7D → HKG::ESI_55 → HKG::IRC_44 → HKG::labour_court → HKG::PROC_GRATUITY_CLAIM → HKG::Employees State Insurance Act 1948 → HKG::gratuity,"Sir a present municipal commissioner registered a contract Co. in his office to participate in works contract. . an elected councillor is a major partner in the company The company took many contract payments . They produced fake TDS tax remitted certificates and misappropriated tax revenue 38 lacs. HC ordered for recovery. Recovery was effected. FIR registered against the Co. But still present commissioner awarding contact to same Co. But no criminal action initiated against the commissioner. So many petition sent to higher officers. All are waste. Pl tell what's the procedure to get prosecution sanction against the commissioner sir( Vijayawada, Andhra Pradesh )","Sir I've mads omplaint n  filed a WP  in 2018 against an assistant Commr commercial tax for his alleged activities in filing complain against a trader. ie he has shown less crime of forgery docs instead of huge.  ie 150 nos instead of 8. and made favour the accused n weakened the FIR. By this trader evaded 45 lakhs VAT. Only department action taken on him. 

As expected FIR is now dropped  by police  since non coop of AC the complainant. In these three yrs AG audit sent report that he has committed 17 crores revenue loss in his service period.  

Can I  withdraw my earlier WP n file a fresh WP to  take criminal action as well as department action?  I'm the root cause for AG Audit report.( Salem, Tamil Nadu )","Shall i file objection in JMFC or approach to high court to quash police final report in 498a F.I.R ?
In 498a, 406 F.I.R last alleged incident of date 01.08.2020 after 2 year on 20.02.2022 F.I.R gets registered&nbsp;in different state&nbsp;till now police final report is not yet submitted , in term on evidence&nbsp;police will submit 2 -3 fake whatsup&nbsp;messges&nbsp;on year 2019.&nbsp;

IO told me he is going to submit charge sheet in few days.
The day IO submit final report in MM court ,&nbsp;shall i reach court and submit objection u/s 468(2)(c), now court is bared to take cognizance&nbsp;due to limitation act.also jurisdiction&nbsp;ground as per recent judgment of supreme court on dated 25.09.2024 KAILASHBEN MAHENDRABHAI PATEL c ?
shall i approach&nbsp;to delhi high court&nbsp; to quash on the judgment on A.Kaliyaperumal of madardh high court of 2024 on limitation groud&nbsp;?
can i go the delhi high to quash even after submission of final report in MM court( New Delhi, Delhi )",Approach the hc for quashing of such FIR and thereafter proceed legally.Thanks,"Under Section 211 of the Indian Penal Code (IPC), filing a false charge with the intent to injure can be prosecuted. Since the FIR against you was found to be false by the SSP investigation, you can file a criminal complaint against the party for malicious prosecution. You can also consider filing a civil suit for damages due to defamation or any harm caused by the false FIR. To proceed, file a complaint with the local magistrate's court detailing the false allegations and the findings of the SSP investigation. Collect and present all relevant evidence to support your claim of malicious intent.",0.5205,45.9035,18.644,3.9559,16.4299,20.5111,3.2801,20.0199,4.4031,1.5684,1.0,27.1385,49.3219,48.9553,83.8938
35,"My wife is having illegal affairs and I have documents for that. She was in affair when she was carrying my child. Even the child birth was not normal. We had to take out the child under  emergency only. All the expense was bared by me only and none from her side visited my wife or our home. Now she ran away with my child. What should we do( Bangalore, Karnataka )",HKG::MBA_5 → HKG::MB_AMD_1 → HKG::MB_AMD_3 → HKG::ESI_50,HKG::MBA_5 → HKG::MB_AMD_1 → HKG::MB_AMD_3 → HKG::ESI_50 → HKG::Employees State Insurance Act 1948 → HKG::PROC_MATERNITY_CLAIM → HKG::MB_AMD → HKG::Maternity Benefit Act 1961,"Sir a present municipal commissioner registered a contract Co. in his office to participate in works contract. . an elected councillor is a major partner in the company The company took many contract payments . They produced fake TDS tax remitted certificates and misappropriated tax revenue 38 lacs. HC ordered for recovery. Recovery was effected. FIR registered against the Co. But still present commissioner awarding contact to same Co. But no criminal action initiated against the commissioner. So many petition sent to higher officers. All are waste. Pl tell what's the procedure to get prosecution sanction against the commissioner sir( Vijayawada, Andhra Pradesh )","Sir I've mads omplaint n  filed a WP  in 2018 against an assistant Commr commercial tax for his alleged activities in filing complain against a trader. ie he has shown less crime of forgery docs instead of huge.  ie 150 nos instead of 8. and made favour the accused n weakened the FIR. By this trader evaded 45 lakhs VAT. Only department action taken on him. 

As expected FIR is now dropped  by police  since non coop of AC the complainant. In these three yrs AG audit sent report that he has committed 17 crores revenue loss in his service period.  

Can I  withdraw my earlier WP n file a fresh WP to  take criminal action as well as department action?  I'm the root cause for AG Audit report.( Salem, Tamil Nadu )","Dear Sir, 

One of the nationalised bank lodged an FIR against me under IPC SEC 420 for cheating and fraud related to ATM transactions in the year 2015.

For your kind information, i and my two relatives made 50 + atm transactions using their two atm. And all the transactions was unsuccessful. After raising disputes, they reverse the amount for 30+ claims. But they refused to settle the claims for last few transactions and alleged me and my relatives that we falsely lodged complaints due to ATM malfunctions. The ATM machine is failed to provide valid journal log of the all these transactions and also not providing CCTV Footage.

I raised a complaint for two of the said unsettled transactions in banking ombudsman, RBI and RBI also made decisions in my favour and asked the bank to refund the amount due to lack of evidence and CCTV Footage. And bank also bound to refund the amount after the RBI Mumbai rejects their appeal.

I also submits a petition at the high court for quashing the FIR. But the concerned IO and public prosecutor urged the court that investigation is still pending and they need some time to complete the investigation. And for that reason, the high court dismissed my petition and ordered the concerned IO to start the investigation without further delay and complete the same as soon as possible. The said judgement was made almost two years ago.

So I cordially request you to look into the matter and give me some advice what can I do right now.

With regards,

S Dasgupta.( Guwahati, Assam )","Dear Sir,On the ground of adultery you may get Divorce if you are so interested. If you feel the child is not yours get DNA Test conducted and close the matter.","The primary legal issue here is child custody and potential marital misconduct. Under the Hindu Marriage Act, 1955, you may file for divorce on grounds of adultery (Section 13) and seek custody of your child under the Guardians and Wards Act, 1890, or the Hindu Minority and Guardianship Act, 1956. You can file a petition in the family court for custody, emphasizing the child's welfare as the paramount consideration. Additionally, if you believe your child is at risk, you can seek an interim custody order. Collect and preserve all evidence of the alleged affair and any other relevant documentation for the court proceedings.",1.4437,57.1973,18.644,3.9559,16.4299,20.5111,3.2801,20.0199,4.4031,1.5684,1.0,27.1385,49.3219,48.9553,83.8938
36,"We are healthcare workers. Yesterday we (5 people) were stopped by a police sergeant while on a yellow cab for overloading. We were in an emergency because we were called from the hospital from a luncheon because a patient of ours became critical. We requested him to let us go because a life was at stake but he started to yell and berate us, threatening to call the media upon us. There was some verbal altercation only. Then he held us up for about 40 minutes, which is serious in case of a medical emergency. Then he asked for â¹500 as a ""stop fine"" and said he was going to let us go with a verbal warning. He did not even make a documentation of the fine. I was pissed off at this and took a video of the situation (as far as I know is legal to take of a police officer in a public space) which angered him more and he took away my mobile and deleted the video himself. Thereafter he dragged us to the police station, berated us some more and then forced us to write an apology letter and took our names and addresses. What are the legal consequences and what can I do about this sergeant?( Uttar Dinajpur, West Bengal )",HKG::MEPS_26 → HKG::MEPS_40 → HKG::IDA_17B → HKG::EPF_12,HKG::MEPS_26 → HKG::MEPS_40 → HKG::IDA_17B → HKG::EPF_12 → HKG::Employees Provident Fund Act 1952 → HKG::Industrial Disputes Act 1947 → HKG::notice_period → HKG::leave,"Sir a present municipal commissioner registered a contract Co. in his office to participate in works contract. . an elected councillor is a major partner in the company The company took many contract payments . They produced fake TDS tax remitted certificates and misappropriated tax revenue 38 lacs. HC ordered for recovery. Recovery was effected. FIR registered against the Co. But still present commissioner awarding contact to same Co. But no criminal action initiated against the commissioner. So many petition sent to higher officers. All are waste. Pl tell what's the procedure to get prosecution sanction against the commissioner sir( Vijayawada, Andhra Pradesh )","Sir I've mads omplaint n  filed a WP  in 2018 against an assistant Commr commercial tax for his alleged activities in filing complain against a trader. ie he has shown less crime of forgery docs instead of huge.  ie 150 nos instead of 8. and made favour the accused n weakened the FIR. By this trader evaded 45 lakhs VAT. Only department action taken on him. 

As expected FIR is now dropped  by police  since non coop of AC the complainant. In these three yrs AG audit sent report that he has committed 17 crores revenue loss in his service period.  

Can I  withdraw my earlier WP n file a fresh WP to  take criminal action as well as department action?  I'm the root cause for AG Audit report.( Salem, Tamil Nadu )","Shall i file objection in JMFC or approach to high court to quash police final report in 498a F.I.R ?
In 498a, 406 F.I.R last alleged incident of date 01.08.2020 after 2 year on 20.02.2022 F.I.R gets registered&nbsp;in different state&nbsp;till now police final report is not yet submitted , in term on evidence&nbsp;police will submit 2 -3 fake whatsup&nbsp;messges&nbsp;on year 2019.&nbsp;

IO told me he is going to submit charge sheet in few days.
The day IO submit final report in MM court ,&nbsp;shall i reach court and submit objection u/s 468(2)(c), now court is bared to take cognizance&nbsp;due to limitation act.also jurisdiction&nbsp;ground as per recent judgment of supreme court on dated 25.09.2024 KAILASHBEN MAHENDRABHAI PATEL c ?
shall i approach&nbsp;to delhi high court&nbsp; to quash on the judgment on A.Kaliyaperumal of madardh high court of 2024 on limitation groud&nbsp;?
can i go the delhi high to quash even after submission of final report in MM court( New Delhi, Delhi )","Dear Client,You can proceed to take legal action in this regard and file a complain. Please reach out to the number on the website for more queries.","The sergeant's actions may constitute misconduct and abuse of power under the Indian Penal Code, particularly Sections 166 (Public servant disobeying law, with intent to cause injury to any person) and 341 (Wrongful restraint). The demand for a bribe and deletion of your video without consent are serious offenses under the Prevention of Corruption Act, 1988, and the right to privacy under Article 21 of the Indian Constitution. You can file a complaint against the sergeant with the Superintendent of Police or the State Human Rights Commission. Additionally, consider filing a Right to Information (RTI) request to obtain details of the incident and any records at the police station.",1.0961,36.8367,18.644,3.9559,16.4299,20.5111,3.2801,20.0199,4.4031,1.5684,1.0,27.1385,49.3219,48.9553,83.8938
37,"My father (government employee) was under an anti corruption enquiry when he passed away. After he passed away I was called to give a application that about what I know regarding his financials. 1.5 years later they told me that now they need my mother's application and when we got there they started enquiring us about things we did not know. What should I do in this scenario?( Rajkot, Gujarat )",HKG::EPF_6 → HKG::EPF_AT_2 → HKG::CCS_ME_3 → HKG::CCS_ME_5,HKG::EPF_6 → HKG::EPF_AT_2 → HKG::CCS_ME_3 → HKG::CCS_ME_5 → HKG::provident_fund → HKG::leave → HKG::labour_court → HKG::gratuity,"Sir a present municipal commissioner registered a contract Co. in his office to participate in works contract. . an elected councillor is a major partner in the company The company took many contract payments . They produced fake TDS tax remitted certificates and misappropriated tax revenue 38 lacs. HC ordered for recovery. Recovery was effected. FIR registered against the Co. But still present commissioner awarding contact to same Co. But no criminal action initiated against the commissioner. So many petition sent to higher officers. All are waste. Pl tell what's the procedure to get prosecution sanction against the commissioner sir( Vijayawada, Andhra Pradesh )","Sir I've mads omplaint n  filed a WP  in 2018 against an assistant Commr commercial tax for his alleged activities in filing complain against a trader. ie he has shown less crime of forgery docs instead of huge.  ie 150 nos instead of 8. and made favour the accused n weakened the FIR. By this trader evaded 45 lakhs VAT. Only department action taken on him. 

As expected FIR is now dropped  by police  since non coop of AC the complainant. In these three yrs AG audit sent report that he has committed 17 crores revenue loss in his service period.  

Can I  withdraw my earlier WP n file a fresh WP to  take criminal action as well as department action?  I'm the root cause for AG Audit report.( Salem, Tamil Nadu )","Dear Sir, 

One of the nationalised bank lodged an FIR against me under IPC SEC 420 for cheating and fraud related to ATM transactions in the year 2015.

For your kind information, i and my two relatives made 50 + atm transactions using their two atm. And all the transactions was unsuccessful. After raising disputes, they reverse the amount for 30+ claims. But they refused to settle the claims for last few transactions and alleged me and my relatives that we falsely lodged complaints due to ATM malfunctions. The ATM machine is failed to provide valid journal log of the all these transactions and also not providing CCTV Footage.

I raised a complaint for two of the said unsettled transactions in banking ombudsman, RBI and RBI also made decisions in my favour and asked the bank to refund the amount due to lack of evidence and CCTV Footage. And bank also bound to refund the amount after the RBI Mumbai rejects their appeal.

I also submits a petition at the high court for quashing the FIR. But the concerned IO and public prosecutor urged the court that investigation is still pending and they need some time to complete the investigation. And for that reason, the high court dismissed my petition and ordered the concerned IO to start the investigation without further delay and complete the same as soon as possible. The said judgement was made almost two years ago.

So I cordially request you to look into the matter and give me some advice what can I do right now.

With regards,

S Dasgupta.( Guwahati, Assam )","Dear Client,Here are some steps you can take:Consult an Attorney: It's advisable to consult with an attorney who specializes in legal matters related to government employees, anti-corruption inquiries, and administrative proceedings. An attorney can provide you with legal guidance and help protect your rights and interests.Request Clarity: If you are uncertain about the nature of the questions or the purpose of the inquiry, you can politely request clarification from the authorities conducting the inquiry. Understand the specific issues they are interested in and the relevance of your knowledge to the case.Avoid Speculation: It's essential not to speculate or provide information that you are not sure about. Stick to the facts and provide accurate and truthful responses to the best of your knowledge.Protect Your Interests: Your primary concern should be to protect your legal interests and those of your family. If you feel uncomfortable or believe that the inquiry is becoming intrusive or unjust, consult with your attorney on how best to proceed.Document Everything: Keep records of all communications, including any written requests, notices, or interactions with the authorities conducting the inquiry. These records can be valuable in case you need to challenge any actions or decisions.Maintain Confidentiality: Be cautious about discussing the inquiry with others, especially in a public or unsecured setting. It's generally best to keep such matters confidential to protect your interests.Follow Legal Procedures: Ensure that you follow any legal procedures and requirements as advised by your attorney. This may include providing responses in writing, attending hearings or meetings, or taking any other necessary steps as part of the inquiry.Legal Representation: Depending on the complexity of the case and the potential implications, you may consider having legal representation for your mother as well, especially if she is being questioned or required to provide information.Remember that each case is unique, and the course of action to take may vary based on the specific circumstances and legal advice you receive.Thank you.","Under the Prevention of Corruption Act, 1988, the investigation into your father's financials can continue even after his death if there are allegations of corruption. However, as a family member, you are not legally obligated to provide information you do not possess. You can submit a formal statement indicating your lack of knowledge regarding the financial matters in question. Consider consulting with a lawyer to ensure that any communication with the authorities is properly documented and to explore the possibility of closing the inquiry if no further evidence is available.",0.3116,47.463,18.644,3.9559,16.4299,20.5111,3.2801,20.0199,4.4031,1.5684,1.0,27.1385,49.3219,48.9553,83.8938
38,"10 years back my wifes father has cheated me taken my wife's and filed missing complaint
is there any law and order where i can raise a case against my wife's father for cheating,
is there any way where the judge to give order to police or commissioner to arrest my wife's father and find out where she is,( Thane, Maharashtra )",HKG::IDA_2A → HKG::ESI_73 → HKG::IDA_25F → HKG::IDA_25H,HKG::IDA_2A → HKG::ESI_73 → HKG::IDA_25F → HKG::IDA_25H → HKG::Industrial Disputes Act 1947 → HKG::esi → HKG::Employees State Insurance Act 1948 → HKG::PROC_ESI_CLAIM,"Sir a present municipal commissioner registered a contract Co. in his office to participate in works contract. . an elected councillor is a major partner in the company The company took many contract payments . They produced fake TDS tax remitted certificates and misappropriated tax revenue 38 lacs. HC ordered for recovery. Recovery was effected. FIR registered against the Co. But still present commissioner awarding contact to same Co. But no criminal action initiated against the commissioner. So many petition sent to higher officers. All are waste. Pl tell what's the procedure to get prosecution sanction against the commissioner sir( Vijayawada, Andhra Pradesh )","Sir I've mads omplaint n  filed a WP  in 2018 against an assistant Commr commercial tax for his alleged activities in filing complain against a trader. ie he has shown less crime of forgery docs instead of huge.  ie 150 nos instead of 8. and made favour the accused n weakened the FIR. By this trader evaded 45 lakhs VAT. Only department action taken on him. 

As expected FIR is now dropped  by police  since non coop of AC the complainant. In these three yrs AG audit sent report that he has committed 17 crores revenue loss in his service period.  

Can I  withdraw my earlier WP n file a fresh WP to  take criminal action as well as department action?  I'm the root cause for AG Audit report.( Salem, Tamil Nadu )","Shall i file objection in JMFC or approach to high court to quash police final report in 498a F.I.R ?
In 498a, 406 F.I.R last alleged incident of date 01.08.2020 after 2 year on 20.02.2022 F.I.R gets registered&nbsp;in different state&nbsp;till now police final report is not yet submitted , in term on evidence&nbsp;police will submit 2 -3 fake whatsup&nbsp;messges&nbsp;on year 2019.&nbsp;

IO told me he is going to submit charge sheet in few days.
The day IO submit final report in MM court ,&nbsp;shall i reach court and submit objection u/s 468(2)(c), now court is bared to take cognizance&nbsp;due to limitation act.also jurisdiction&nbsp;ground as per recent judgment of supreme court on dated 25.09.2024 KAILASHBEN MAHENDRABHAI PATEL c ?
shall i approach&nbsp;to delhi high court&nbsp; to quash on the judgment on A.Kaliyaperumal of madardh high court of 2024 on limitation groud&nbsp;?
can i go the delhi high to quash even after submission of final report in MM court( New Delhi, Delhi )","Hi,False claims can be punished under S.209 IPC. In addition, you can file a complaint against him for cheating and fraud under Sections 415 and 420 IPC.If you found this helpful, please rate us.","Under the Indian Penal Code, Section 420 addresses cheating and dishonestly inducing delivery of property. If your wife's father has indeed cheated you, you may file a complaint under this section. Additionally, if your wife is missing, you can file a habeas corpus petition in the High Court to compel the police to locate her and ensure her safety.

To proceed, gather any evidence of the alleged cheating and missing complaint filed by your wife's father. Then, file a police complaint or approach the court with a petition for legal action.",5.8272,46.3956,18.644,3.9559,16.4299,20.5111,3.2801,20.0199,4.4031,1.5684,1.0,27.1385,49.3219,48.9553,83.8938
39,"Hello sir 
2011 me mere bhai ke against 
Magistrate ke paas complaint case file hua
406 act lga unke upar 
2014 me case revoked ho gya
Lekin 2015 me hearing fir suru ho gyi

2019 me case ka status appearance se evidence stage me aa gya

2024 tak aise hi chalta tha
Lekin mere bhai ne November me hearing miss krdi
Or sayad next bhi
To warrent issue ho gya

Feb 2025 me wo arrest ho gya

March Tak bail nhi mili
Fir mili to usme 1 lakh ka personal bond
2 1 1 lakh ki guarantee ke sath
Jo mein kal nhi pa rha finance itna strong nhi h

Ab kya kru bail decision ko bhi 15 din ho gye h
Mera lawyer bhi bas aaj nhi kal kr rha h
Or sabse bdi problem ye h
Jo complaint hui thi wo 10000 ke liye hui thi
Or complaint krne wala 40000 ki demand krta h settlement pr
To guarantee itni jyada q
I am helpless and out of money( Ghaziabad, Uttar Pradesh )",PC::High Court Quashed Complaint Case → PC::Complaint Case Filed Against Accused → HKG::CCS_ME → PC::Appellant Required to Furnish Personal Bond,PC::High Court Quashed Complaint Case → PC::Complaint Case Filed Against Accused → HKG::CCS_ME → PC::Appellant Required to Furnish Personal Bond → PC::High Court Found No Prima Facie Case Against Respondent → HKG::EPF_AT_4 → HKG::labour_court → PC::High Court Set Aside Clubbing of Cases,"Sir a present municipal commissioner registered a contract Co. in his office to participate in works contract. . an elected councillor is a major partner in the company The company took many contract payments . They produced fake TDS tax remitted certificates and misappropriated tax revenue 38 lacs. HC ordered for recovery. Recovery was effected. FIR registered against the Co. But still present commissioner awarding contact to same Co. But no criminal action initiated against the commissioner. So many petition sent to higher officers. All are waste. Pl tell what's the procedure to get prosecution sanction against the commissioner sir( Vijayawada, Andhra Pradesh )","Sir I've mads omplaint n  filed a WP  in 2018 against an assistant Commr commercial tax for his alleged activities in filing complain against a trader. ie he has shown less crime of forgery docs instead of huge.  ie 150 nos instead of 8. and made favour the accused n weakened the FIR. By this trader evaded 45 lakhs VAT. Only department action taken on him. 

As expected FIR is now dropped  by police  since non coop of AC the complainant. In these three yrs AG audit sent report that he has committed 17 crores revenue loss in his service period.  

Can I  withdraw my earlier WP n file a fresh WP to  take criminal action as well as department action?  I'm the root cause for AG Audit report.( Salem, Tamil Nadu )","Shall i file objection in JMFC or approach to high court to quash police final report in 498a F.I.R ?
In 498a, 406 F.I.R last alleged incident of date 01.08.2020 after 2 year on 20.02.2022 F.I.R gets registered&nbsp;in different state&nbsp;till now police final report is not yet submitted , in term on evidence&nbsp;police will submit 2 -3 fake whatsup&nbsp;messges&nbsp;on year 2019.&nbsp;

IO told me he is going to submit charge sheet in few days.
The day IO submit final report in MM court ,&nbsp;shall i reach court and submit objection u/s 468(2)(c), now court is bared to take cognizance&nbsp;due to limitation act.also jurisdiction&nbsp;ground as per recent judgment of supreme court on dated 25.09.2024 KAILASHBEN MAHENDRABHAI PATEL c ?
shall i approach&nbsp;to delhi high court&nbsp; to quash on the judgment on A.Kaliyaperumal of madardh high court of 2024 on limitation groud&nbsp;?
can i go the delhi high to quash even after submission of final report in MM court( New Delhi, Delhi )","Dear Client,Section 406 of the Indian Penal Code (IPC) deals with the punishment for criminal breach of trust, which involves dishonestly misappropriating or converting property entrusted to someone, or using it in violation of a legal contract or direction. Under this section, whoever commits criminal breach of trust shall be punished with imprisonment of either description for a term which may extend to three years, or with a fine, or with both. It is a non-bailable offense, meaning an accused person cannot claim bail as a matter of right.  The offence is compoundable by the owner of the property in respect of which breach of trust has been committed, with the permission of the court. In the given scenario, when you are facing financial constraints/hardship to arrange the funds for the bail bond, you can discuss the matter with the complainant to resolve or settle the matter amicably and legally. Ask your counsel to mediate the matter with the opposite party to cope with the situation, which is a viable option in the given situation.","The primary legal issue is the high bail amount set for an offense under Section 406 IPC, which involves criminal breach of trust. Under the Code of Criminal Procedure, Section 437 allows for bail in non-bailable offenses, but the conditions should be reasonable and not excessive. You can file an application for modification of bail conditions in the same court or approach the High Court under Section 439 CrPC to seek a reduction in the personal bond and surety amount, citing financial incapacity and the disproportionate nature of the bail conditions relative to the alleged offense. Additionally, consider negotiating the settlement amount with the complainant, if feasible, to potentially resolve the matter outside of court.",3.6407,71.8084,18.644,3.9559,16.4299,20.5111,3.2801,20.0199,4.4031,1.5684,1.0,27.1385,49.3219,48.9553,83.8938
40,"My mobile phone is submitted in court I have filled return of property it was a gifted phone I don't have bill even my husband doesn't have bill now what is argument on exh_ready means( Mumbai City, Maharashtra )",HKG::SEEDS_20 → PC::High Court Directed Return of Vehicle → HKG::ESI_29 → HKG::SCST_A_7,HKG::SEEDS_20 → PC::High Court Directed Return of Vehicle → HKG::ESI_29 → HKG::SCST_A_7 → HKG::SCST_A → HKG::FIN_A_234F → HKG::FIN_A → HKG::Employees State Insurance Act 1948,"Sir a present municipal commissioner registered a contract Co. in his office to participate in works contract. . an elected councillor is a major partner in the company The company took many contract payments . They produced fake TDS tax remitted certificates and misappropriated tax revenue 38 lacs. HC ordered for recovery. Recovery was effected. FIR registered against the Co. But still present commissioner awarding contact to same Co. But no criminal action initiated against the commissioner. So many petition sent to higher officers. All are waste. Pl tell what's the procedure to get prosecution sanction against the commissioner sir( Vijayawada, Andhra Pradesh )","Sir I've mads omplaint n  filed a WP  in 2018 against an assistant Commr commercial tax for his alleged activities in filing complain against a trader. ie he has shown less crime of forgery docs instead of huge.  ie 150 nos instead of 8. and made favour the accused n weakened the FIR. By this trader evaded 45 lakhs VAT. Only department action taken on him. 

As expected FIR is now dropped  by police  since non coop of AC the complainant. In these three yrs AG audit sent report that he has committed 17 crores revenue loss in his service period.  

Can I  withdraw my earlier WP n file a fresh WP to  take criminal action as well as department action?  I'm the root cause for AG Audit report.( Salem, Tamil Nadu )","I have filed a CR case in the JM court few months back after 200 and filling major evidence part as document. But unfortunately Justice ordered for police inquiry report instead of having sufficiently enough evidence... and meanwhile police biased enough to avoid the inquiry. Criminals are creating hell for me moving free and dates are passing by.

In this situation is there any SECTION under which I can file a petition in the court to consider for ""provided document evidence"" verification or judicial inquiry instead of meaningless police inquiry? Please help.","Dear Client,The term âExhâ refers to an exhibit, which can be a document, an application, or any submission filed as physical or documentary evidence during criminal proceedings. The fact that the status has changed to âargument on Exh_readtâ means that the court is about to pass an order related to a specific exhibit or application that has been submitted in your case post-hearing of argument by the parties on the exhibits. It is suggested that you speak to your designated lawyer who is the advocate on record in the case.","The key legal issue is the return of property application for your mobile phone in court. Under Section 451 of the Code of Criminal Procedure, 1973, the court may order the return of property if it is satisfied that it is not necessary for the trial. Since you lack a purchase bill, argue that the phone is personal property and not subject to any dispute in the case, emphasizing its sentimental value as a gift.

You can request the court to consider any available evidence of ownership, such as affidavits or witness statements from your husband or others who can attest to the phone being a gift. If the court is convinced, it may order the release of the phone to you.",3.03,18.283,18.644,3.9559,16.4299,20.5111,3.2801,20.0199,4.4031,1.5684,1.0,27.1385,49.3219,48.9553,83.8938
41,"present case charge sheet lo undi but case pettina ammai court ki hajar avtledu case lounna person ki central university lo seat vachhindi ,how to solve this case emina document verification time lo problem aeity ela solve chesukoni join avvalii( Prakasam, Andhra Pradesh )",PC::Charge-Sheet Filed Against Appellant → PC::Charge-Sheet Filed Against Respondent → PC::Charge-Sheet Filed Against Accused → PC::Charge-Sheet Filed by Police,PC::Charge-Sheet Filed Against Appellant → PC::Charge-Sheet Filed Against Respondent → PC::Charge-Sheet Filed Against Accused → PC::Charge-Sheet Filed by Police → PC::Magistrate Took Cognizance of Offences → HKG::SPE_11 → HKG::SPE → PC::High Court Monitoring Process Ended,"Sir a present municipal commissioner registered a contract Co. in his office to participate in works contract. . an elected councillor is a major partner in the company The company took many contract payments . They produced fake TDS tax remitted certificates and misappropriated tax revenue 38 lacs. HC ordered for recovery. Recovery was effected. FIR registered against the Co. But still present commissioner awarding contact to same Co. But no criminal action initiated against the commissioner. So many petition sent to higher officers. All are waste. Pl tell what's the procedure to get prosecution sanction against the commissioner sir( Vijayawada, Andhra Pradesh )","Shall i file objection in JMFC or approach to high court to quash police final report in 498a F.I.R ?
In 498a, 406 F.I.R last alleged incident of date 01.08.2020 after 2 year on 20.02.2022 F.I.R gets registered&nbsp;in different state&nbsp;till now police final report is not yet submitted , in term on evidence&nbsp;police will submit 2 -3 fake whatsup&nbsp;messges&nbsp;on year 2019.&nbsp;

IO told me he is going to submit charge sheet in few days.
The day IO submit final report in MM court ,&nbsp;shall i reach court and submit objection u/s 468(2)(c), now court is bared to take cognizance&nbsp;due to limitation act.also jurisdiction&nbsp;ground as per recent judgment of supreme court on dated 25.09.2024 KAILASHBEN MAHENDRABHAI PATEL c ?
shall i approach&nbsp;to delhi high court&nbsp; to quash on the judgment on A.Kaliyaperumal of madardh high court of 2024 on limitation groud&nbsp;?
can i go the delhi high to quash even after submission of final report in MM court( New Delhi, Delhi )","Sir I've mads omplaint n  filed a WP  in 2018 against an assistant Commr commercial tax for his alleged activities in filing complain against a trader. ie he has shown less crime of forgery docs instead of huge.  ie 150 nos instead of 8. and made favour the accused n weakened the FIR. By this trader evaded 45 lakhs VAT. Only department action taken on him. 

As expected FIR is now dropped  by police  since non coop of AC the complainant. In these three yrs AG audit sent report that he has committed 17 crores revenue loss in his service period.  

Can I  withdraw my earlier WP n file a fresh WP to  take criminal action as well as department action?  I'm the root cause for AG Audit report.( Salem, Tamil Nadu )","A.Dear Sir,You have to approach High Court to remove your name from Rowdy sheeter and place before the Court all the necessary credentials to prove your innocence and also to prove that you have good conduct for all these years. Further, you can challenge POSCO case in High Court by filing quashing petition.","If the charge sheet has been filed but the complainant is not appearing in court, the accused can file an application under Section 256 of the CrPC for dismissal of the case due to non-appearance of the complainant. If the case is dismissed, it should not pose a problem during document verification for university admission. However, if the case is still pending, the accused should inform the university about the pending case and provide any documentation showing attempts to resolve it, such as court notices or applications filed. It is advisable to seek a stay or expedite the proceedings to ensure the case does not affect the admission process.",0.607,40.4745,18.644,3.9559,16.4299,20.5111,3.2801,20.0199,4.4031,1.5684,1.0,27.1385,49.3219,48.9553,83.8938
42,"A criminal case was registered against me . Its compromised in lok Adalat. I eligible for govt jobs .if  eligibleis it necessary to mention those details application .eg are you involved any criminal cases yes or no( Hyderabad, Telangana )",HKG::EPF_6 → HKG::EPF_AT_2 → HKG::CCS_ME_3 → HKG::CCS_ME_5,HKG::EPF_6 → HKG::EPF_AT_2 → HKG::CCS_ME_3 → HKG::CCS_ME_5 → HKG::CCS_ME → HKG::gratuity → HKG::leave → HKG::provident_fund,"Sir a present municipal commissioner registered a contract Co. in his office to participate in works contract. . an elected councillor is a major partner in the company The company took many contract payments . They produced fake TDS tax remitted certificates and misappropriated tax revenue 38 lacs. HC ordered for recovery. Recovery was effected. FIR registered against the Co. But still present commissioner awarding contact to same Co. But no criminal action initiated against the commissioner. So many petition sent to higher officers. All are waste. Pl tell what's the procedure to get prosecution sanction against the commissioner sir( Vijayawada, Andhra Pradesh )","Sir I've mads omplaint n  filed a WP  in 2018 against an assistant Commr commercial tax for his alleged activities in filing complain against a trader. ie he has shown less crime of forgery docs instead of huge.  ie 150 nos instead of 8. and made favour the accused n weakened the FIR. By this trader evaded 45 lakhs VAT. Only department action taken on him. 

As expected FIR is now dropped  by police  since non coop of AC the complainant. In these three yrs AG audit sent report that he has committed 17 crores revenue loss in his service period.  

Can I  withdraw my earlier WP n file a fresh WP to  take criminal action as well as department action?  I'm the root cause for AG Audit report.( Salem, Tamil Nadu )","Dear Sir, 

One of the nationalised bank lodged an FIR against me under IPC SEC 420 for cheating and fraud related to ATM transactions in the year 2015.

For your kind information, i and my two relatives made 50 + atm transactions using their two atm. And all the transactions was unsuccessful. After raising disputes, they reverse the amount for 30+ claims. But they refused to settle the claims for last few transactions and alleged me and my relatives that we falsely lodged complaints due to ATM malfunctions. The ATM machine is failed to provide valid journal log of the all these transactions and also not providing CCTV Footage.

I raised a complaint for two of the said unsettled transactions in banking ombudsman, RBI and RBI also made decisions in my favour and asked the bank to refund the amount due to lack of evidence and CCTV Footage. And bank also bound to refund the amount after the RBI Mumbai rejects their appeal.

I also submits a petition at the high court for quashing the FIR. But the concerned IO and public prosecutor urged the court that investigation is still pending and they need some time to complete the investigation. And for that reason, the high court dismissed my petition and ordered the concerned IO to start the investigation without further delay and complete the same as soon as possible. The said judgement was made almost two years ago.

So I cordially request you to look into the matter and give me some advice what can I do right now.

With regards,

S Dasgupta.( Guwahati, Assam )","Dear Client,If you are acquitted, and eligible for government jobs, you can mention that you were charged on a crime, however not convicted. You can request an expunction order from the court for complete removal of this particular record from the public eye.","If a criminal case has been compromised in a Lok Adalat, it is typically considered settled, but it may still be necessary to disclose it depending on the specific wording of the job application. Under Indian law, particularly Section 19 of the Legal Services Authorities Act, 1987, awards by Lok Adalat are deemed to be decrees of a civil court, and thus, the matter is resolved. However, if the application asks whether you have ever been involved in a criminal case, it is prudent to answer truthfully to avoid potential disqualification for nondisclosure. 

Verify the exact language of the application question regarding criminal history. If required, disclose the case and its resolution in Lok Adalat. Consider consulting with a legal advisor to ensure compliance with the specific requirements of the job application.",0.8242,49.5618,18.644,3.9559,16.4299,20.5111,3.2801,20.0199,4.4031,1.5684,1.0,27.1385,49.3219,48.9553,83.8938
43,"Society people parking and blocking entrance of my shop. The place is public in front of my shop. Can IPC 339 or any other section applicable to prevent them.( Mumbai suburban, Maharashtra )",PC::Third Proviso to Section 5(3)(a) Applicable → PC::Occupier Failed to Prevent Unauthorized Entry → PC::Recommendations Made to Prevent Future Incidents → PC::Petitioner Claimed Business Not a Shop,PC::Third Proviso to Section 5(3)(a) Applicable → PC::Occupier Failed to Prevent Unauthorized Entry → PC::Recommendations Made to Prevent Future Incidents → PC::Petitioner Claimed Business Not a Shop → PC::Employees State Insurance Act Applicable → HKG::MEPS_26 → HKG::MEPS → HKG::notice_period,"Sir a present municipal commissioner registered a contract Co. in his office to participate in works contract. . an elected councillor is a major partner in the company The company took many contract payments . They produced fake TDS tax remitted certificates and misappropriated tax revenue 38 lacs. HC ordered for recovery. Recovery was effected. FIR registered against the Co. But still present commissioner awarding contact to same Co. But no criminal action initiated against the commissioner. So many petition sent to higher officers. All are waste. Pl tell what's the procedure to get prosecution sanction against the commissioner sir( Vijayawada, Andhra Pradesh )","Sir I've mads omplaint n  filed a WP  in 2018 against an assistant Commr commercial tax for his alleged activities in filing complain against a trader. ie he has shown less crime of forgery docs instead of huge.  ie 150 nos instead of 8. and made favour the accused n weakened the FIR. By this trader evaded 45 lakhs VAT. Only department action taken on him. 

As expected FIR is now dropped  by police  since non coop of AC the complainant. In these three yrs AG audit sent report that he has committed 17 crores revenue loss in his service period.  

Can I  withdraw my earlier WP n file a fresh WP to  take criminal action as well as department action?  I'm the root cause for AG Audit report.( Salem, Tamil Nadu )","Shall i file objection in JMFC or approach to high court to quash police final report in 498a F.I.R ?
In 498a, 406 F.I.R last alleged incident of date 01.08.2020 after 2 year on 20.02.2022 F.I.R gets registered&nbsp;in different state&nbsp;till now police final report is not yet submitted , in term on evidence&nbsp;police will submit 2 -3 fake whatsup&nbsp;messges&nbsp;on year 2019.&nbsp;

IO told me he is going to submit charge sheet in few days.
The day IO submit final report in MM court ,&nbsp;shall i reach court and submit objection u/s 468(2)(c), now court is bared to take cognizance&nbsp;due to limitation act.also jurisdiction&nbsp;ground as per recent judgment of supreme court on dated 25.09.2024 KAILASHBEN MAHENDRABHAI PATEL c ?
shall i approach&nbsp;to delhi high court&nbsp; to quash on the judgment on A.Kaliyaperumal of madardh high court of 2024 on limitation groud&nbsp;?
can i go the delhi high to quash even after submission of final report in MM court( New Delhi, Delhi )",Hello. You can file for an injunction.,"Under Section 339 of the Indian Penal Code (IPC), wrongful restraint is defined as voluntarily obstructing any person so as to prevent that person from proceeding in any direction in which they have a right to proceed. If society members are blocking the entrance to your shop, it may constitute wrongful restraint, provided you can demonstrate that their actions are intentional and prevent access to your shop. You can file a police complaint citing Section 339 IPC to address this issue.

Additionally, you may consider approaching the local municipal authorities to ensure that public pathways are kept clear. As a next step, gather evidence such as photographs or videos of the obstruction and any communication with the society members, which will support your complaint.",1.7273,26.7536,18.644,3.9559,16.4299,20.5111,3.2801,20.0199,4.4031,1.5684,1.0,27.1385,49.3219,48.9553,83.8938
44,"My friend has got cheated by a person now he married to other girl but she is not listening she saying she want to stay with him only or else she lives alone after knowing that she is texting and calling to that person and and he forwarding that texts to her brother and her brother is mentally torchuring her she ran away from home also so many times even police also not helping becoz they are saying that she is contacting that person now they made house arrest and her family forcing her to agree to do marry to someone but she dont want she decided to live alone if she cant live with that person she want to marry him only even he is married is there any way, now her family is not giving privacy and freedom not sending outside she want to stay infront them only now what to do( Hyderabad, Telangana )",HKG::IEA_114B → PC::Promise to Marry Alleged by Victim → HKG::IEA_108 → HKG::RPSR_24,HKG::IEA_114B → PC::Promise to Marry Alleged by Victim → HKG::IEA_108 → HKG::RPSR_24 → HKG::RPSR → HKG::IEA → HKG::sexual_harassment → HKG::IEA_145,"Sir a present municipal commissioner registered a contract Co. in his office to participate in works contract. . an elected councillor is a major partner in the company The company took many contract payments . They produced fake TDS tax remitted certificates and misappropriated tax revenue 38 lacs. HC ordered for recovery. Recovery was effected. FIR registered against the Co. But still present commissioner awarding contact to same Co. But no criminal action initiated against the commissioner. So many petition sent to higher officers. All are waste. Pl tell what's the procedure to get prosecution sanction against the commissioner sir( Vijayawada, Andhra Pradesh )","Sir I've mads omplaint n  filed a WP  in 2018 against an assistant Commr commercial tax for his alleged activities in filing complain against a trader. ie he has shown less crime of forgery docs instead of huge.  ie 150 nos instead of 8. and made favour the accused n weakened the FIR. By this trader evaded 45 lakhs VAT. Only department action taken on him. 

As expected FIR is now dropped  by police  since non coop of AC the complainant. In these three yrs AG audit sent report that he has committed 17 crores revenue loss in his service period.  

Can I  withdraw my earlier WP n file a fresh WP to  take criminal action as well as department action?  I'm the root cause for AG Audit report.( Salem, Tamil Nadu )","Shall i file objection in JMFC or approach to high court to quash police final report in 498a F.I.R ?
In 498a, 406 F.I.R last alleged incident of date 01.08.2020 after 2 year on 20.02.2022 F.I.R gets registered&nbsp;in different state&nbsp;till now police final report is not yet submitted , in term on evidence&nbsp;police will submit 2 -3 fake whatsup&nbsp;messges&nbsp;on year 2019.&nbsp;

IO told me he is going to submit charge sheet in few days.
The day IO submit final report in MM court ,&nbsp;shall i reach court and submit objection u/s 468(2)(c), now court is bared to take cognizance&nbsp;due to limitation act.also jurisdiction&nbsp;ground as per recent judgment of supreme court on dated 25.09.2024 KAILASHBEN MAHENDRABHAI PATEL c ?
shall i approach&nbsp;to delhi high court&nbsp; to quash on the judgment on A.Kaliyaperumal of madardh high court of 2024 on limitation groud&nbsp;?
can i go the delhi high to quash even after submission of final report in MM court( New Delhi, Delhi )","Dear Sir,As your friend married so better to close the issue.Rate me Five Star *","The legal issue here involves potential unlawful confinement and violation of personal liberty. Under Article 21 of the Indian Constitution, every individual has the right to life and personal liberty, which includes the freedom to choose one’s partner and live independently. The family’s actions may constitute illegal confinement, which is a criminal offense under Section 340 of the Indian Penal Code (IPC).

Your friend can file a habeas corpus petition in the High Court to challenge her unlawful detention and seek her release. Additionally, she can approach the local police or a women's rights organization for assistance in ensuring her safety and freedom. If she wishes to live independently, she has the legal right to do so, and any attempt to force her into a marriage against her will is illegal.",0.4008,33.6046,18.644,3.9559,16.4299,20.5111,3.2801,20.0199,4.4031,1.5684,1.0,27.1385,49.3219,48.9553,83.8938
45,"Respected sir , 
I , Chirla Lakshmana Reddy S/o Chirla Brahma Reddy resident of Arthamuru  
In 2009 , The AP Government sanctioned us the free loan for House Repair. but the Loan Amount was taken by My dad's Elder Brother ( Chirla Atchi Reddy ) illegally. 
Also , my dad Committed Sucides in June 2020 in Visakhapatnam. Without intimating to any officials in Visakhapatnam, Mr. Chirla Atchi Reddy and his wife brought My dad's dead body to Arthamuru Secretly. Also we didn't get any things of my dad. All my dad things are kept aside by My dad elder Brothers family only. Sir. Aslo they are harrassing my family very family sir. 
What is the best way to get Justice Sir( East Godavari, Andhra Pradesh )","PC::Siddanki Ram Reddy v. State of Andhra Pradesh, 2010 7 SCC 697 → PC::Remaining Loan Amount to be Written Off → PC::Dead Body Found on Riverbed → PC::Appellants Seen Carrying Dead Body","PC::Siddanki Ram Reddy v. State of Andhra Pradesh, 2010 7 SCC 697 → PC::Remaining Loan Amount to be Written Off → PC::Dead Body Found on Riverbed → PC::Appellants Seen Carrying Dead Body → PC::Circumstantial Evidence Used for Conviction → PC::Last Seen Evidence Provided by Witnesses → PC::High Court Ordered Fresh Loan for New Truck → HKG::LIM_133","Sir a present municipal commissioner registered a contract Co. in his office to participate in works contract. . an elected councillor is a major partner in the company The company took many contract payments . They produced fake TDS tax remitted certificates and misappropriated tax revenue 38 lacs. HC ordered for recovery. Recovery was effected. FIR registered against the Co. But still present commissioner awarding contact to same Co. But no criminal action initiated against the commissioner. So many petition sent to higher officers. All are waste. Pl tell what's the procedure to get prosecution sanction against the commissioner sir( Vijayawada, Andhra Pradesh )","Sir I've mads omplaint n  filed a WP  in 2018 against an assistant Commr commercial tax for his alleged activities in filing complain against a trader. ie he has shown less crime of forgery docs instead of huge.  ie 150 nos instead of 8. and made favour the accused n weakened the FIR. By this trader evaded 45 lakhs VAT. Only department action taken on him. 

As expected FIR is now dropped  by police  since non coop of AC the complainant. In these three yrs AG audit sent report that he has committed 17 crores revenue loss in his service period.  

Can I  withdraw my earlier WP n file a fresh WP to  take criminal action as well as department action?  I'm the root cause for AG Audit report.( Salem, Tamil Nadu )","Shall i file objection in JMFC or approach to high court to quash police final report in 498a F.I.R ?
In 498a, 406 F.I.R last alleged incident of date 01.08.2020 after 2 year on 20.02.2022 F.I.R gets registered&nbsp;in different state&nbsp;till now police final report is not yet submitted , in term on evidence&nbsp;police will submit 2 -3 fake whatsup&nbsp;messges&nbsp;on year 2019.&nbsp;

IO told me he is going to submit charge sheet in few days.
The day IO submit final report in MM court ,&nbsp;shall i reach court and submit objection u/s 468(2)(c), now court is bared to take cognizance&nbsp;due to limitation act.also jurisdiction&nbsp;ground as per recent judgment of supreme court on dated 25.09.2024 KAILASHBEN MAHENDRABHAI PATEL c ?
shall i approach&nbsp;to delhi high court&nbsp; to quash on the judgment on A.Kaliyaperumal of madardh high court of 2024 on limitation groud&nbsp;?
can i go the delhi high to quash even after submission of final report in MM court( New Delhi, Delhi )","Dear Client,To claim for justice in a fatherâs death controversy, ensure that you prepare all your borrowing statements, a report of a fatherâs death, texting or calling your uncle, and your family members. The Indian Succession Act, 1925 may be of help if you want to claim your fatherâs property after his demise if he left no will behind him. If your uncle and his family were abusive and harassing towards you, report it to the police. Seek the services of a family lawyer as well as a property law expert to get advice on the legal procedures to follow and the possibility of filing a civil case.  Issue a legal notice to your uncle and his family to return properties belonging to your father and stop harassing you. In case the situation does not get solved in negotiation or even with the intervention of the police, then you need to file a civil case in court to seek recovery of your fatherâs property and an award of damages.I hope this advice is fruitful.","The primary legal issue is the potential illegal appropriation of a government-sanctioned loan and the suspicious circumstances surrounding your father's death and subsequent handling of his body. Under the Indian Penal Code, you may have grounds to file a police complaint for criminal breach of trust (Section 406 IPC) and possibly for offenses related to wrongful confinement or harassment (Sections 341, 506 IPC). Additionally, if you suspect foul play in your father's death, you can request a police investigation into the circumstances surrounding his death.

You can file a complaint with the local police station in East Godavari detailing the illegal appropriation of the loan and the suspicious handling of your father's death. If the police do not take action, you can approach the Magistrate under Section 156(3) CrPC to direct the police to investigate. Simultaneously, consider filing a civil suit to recover any property or belongings wrongfully withheld by your uncle.",2.9984,78.9971,18.644,3.9559,16.4299,20.5111,3.2801,20.0199,4.4031,1.5684,1.0,27.1385,49.3219,48.9553,83.8938
46,"I filed a complaint against my fiance last year, charges 306,307,376,377,etc.
An Fir was not lodged as the accuse and his family pleaded and begged like anything to withdraw the complaint. There was a lot of emotional drama and blackmailing.I had to compromise and we got married with family consent and understanding and promises of being there and the things abuse etc not being repeated.Post marriage everything changed. Family vanished,I was left all alone,so called husband moved to other City and forced me to come there.has been ill treating me, demeaning and torturing me mentally and emotionally now.what can I do?( Delhi, Delhi )",PC::Respondent Filed Complaint Against Appellants → PC::Charges of Consent and Connivance Dropped → HKG::CCS_ME → HKG::DPDP_6,PC::Respondent Filed Complaint Against Appellants → PC::Charges of Consent and Connivance Dropped → HKG::CCS_ME → HKG::DPDP_6 → HKG::DPDP → PC::Magistrate Dismissed Complaint → HKG::MHA_102 → HKG::MHA,"Sir a present municipal commissioner registered a contract Co. in his office to participate in works contract. . an elected councillor is a major partner in the company The company took many contract payments . They produced fake TDS tax remitted certificates and misappropriated tax revenue 38 lacs. HC ordered for recovery. Recovery was effected. FIR registered against the Co. But still present commissioner awarding contact to same Co. But no criminal action initiated against the commissioner. So many petition sent to higher officers. All are waste. Pl tell what's the procedure to get prosecution sanction against the commissioner sir( Vijayawada, Andhra Pradesh )","Sir I've mads omplaint n  filed a WP  in 2018 against an assistant Commr commercial tax for his alleged activities in filing complain against a trader. ie he has shown less crime of forgery docs instead of huge.  ie 150 nos instead of 8. and made favour the accused n weakened the FIR. By this trader evaded 45 lakhs VAT. Only department action taken on him. 

As expected FIR is now dropped  by police  since non coop of AC the complainant. In these three yrs AG audit sent report that he has committed 17 crores revenue loss in his service period.  

Can I  withdraw my earlier WP n file a fresh WP to  take criminal action as well as department action?  I'm the root cause for AG Audit report.( Salem, Tamil Nadu )","Shall i file objection in JMFC or approach to high court to quash police final report in 498a F.I.R ?
In 498a, 406 F.I.R last alleged incident of date 01.08.2020 after 2 year on 20.02.2022 F.I.R gets registered&nbsp;in different state&nbsp;till now police final report is not yet submitted , in term on evidence&nbsp;police will submit 2 -3 fake whatsup&nbsp;messges&nbsp;on year 2019.&nbsp;

IO told me he is going to submit charge sheet in few days.
The day IO submit final report in MM court ,&nbsp;shall i reach court and submit objection u/s 468(2)(c), now court is bared to take cognizance&nbsp;due to limitation act.also jurisdiction&nbsp;ground as per recent judgment of supreme court on dated 25.09.2024 KAILASHBEN MAHENDRABHAI PATEL c ?
shall i approach&nbsp;to delhi high court&nbsp; to quash on the judgment on A.Kaliyaperumal of madardh high court of 2024 on limitation groud&nbsp;?
can i go the delhi high to quash even after submission of final report in MM court( New Delhi, Delhi )","A.Dear Madam,Now you can file multiple cases as a wife under section 498(A) of IPC,  domestic violence case etc....","The legal issue involves potential domestic violence and breach of trust post-marriage. Under Section 498A of the Indian Penal Code, cruelty by a husband or his relatives is a criminal offense. Additionally, the Protection of Women from Domestic Violence Act, 2005, provides remedies for emotional and mental abuse.

You can file a complaint with the local police or a magistrate under Section 498A IPC and seek protection orders under the Domestic Violence Act. Consider filing for maintenance or other reliefs under Section 125 CrPC if financial support is needed. Consulting with a legal aid service or women's rights organization in Delhi can provide further assistance and support.",1.2049,56.9906,18.644,3.9559,16.4299,20.5111,3.2801,20.0199,4.4031,1.5684,1.0,27.1385,49.3219,48.9553,83.8938
47,"I have filed divorce petition against wife in 2020 before family court . In the same year of 2020, I have filed private complaint against wife and her parents  under section 156(3) for theft of golden ornaments and household material from locked house of mine before JMFC . In the year 2021, JMFC  ordered for registration of FIR under section 378, 379, 34  against wife and her parents and directed concerned police station for investigation. Thereafter, wife and parents moved application for quashing of FIR before High court. Thereafter, I have filed reply and objections against petition of quashing of FIR . This  Case in high court is pending.
Therefore, my question is if I withdraw divorce petition now  from family court and file restitution of conjugal rights petition in family court in the interest of future of kids , will that affect  my objections in high court for quashing of FIR against wife and parents? Please explain in detail.( Pune, Maharashtra )",PC::FIR Pending for Quashing → PC::Appellants Filed for Quashing FIR → PC::Application for Quashing Dismissed → PC::Writ Petition Filed in High Court,PC::FIR Pending for Quashing → PC::Appellants Filed for Quashing FIR → PC::Application for Quashing Dismissed → PC::Writ Petition Filed in High Court → HKG::LIM_133 → HKG::leave → HKG::LIM_122 → HKG::LIM,"Sir a present municipal commissioner registered a contract Co. in his office to participate in works contract. . an elected councillor is a major partner in the company The company took many contract payments . They produced fake TDS tax remitted certificates and misappropriated tax revenue 38 lacs. HC ordered for recovery. Recovery was effected. FIR registered against the Co. But still present commissioner awarding contact to same Co. But no criminal action initiated against the commissioner. So many petition sent to higher officers. All are waste. Pl tell what's the procedure to get prosecution sanction against the commissioner sir( Vijayawada, Andhra Pradesh )","Sir I've mads omplaint n  filed a WP  in 2018 against an assistant Commr commercial tax for his alleged activities in filing complain against a trader. ie he has shown less crime of forgery docs instead of huge.  ie 150 nos instead of 8. and made favour the accused n weakened the FIR. By this trader evaded 45 lakhs VAT. Only department action taken on him. 

As expected FIR is now dropped  by police  since non coop of AC the complainant. In these three yrs AG audit sent report that he has committed 17 crores revenue loss in his service period.  

Can I  withdraw my earlier WP n file a fresh WP to  take criminal action as well as department action?  I'm the root cause for AG Audit report.( Salem, Tamil Nadu )","Shall i file objection in JMFC or approach to high court to quash police final report in 498a F.I.R ?
In 498a, 406 F.I.R last alleged incident of date 01.08.2020 after 2 year on 20.02.2022 F.I.R gets registered&nbsp;in different state&nbsp;till now police final report is not yet submitted , in term on evidence&nbsp;police will submit 2 -3 fake whatsup&nbsp;messges&nbsp;on year 2019.&nbsp;

IO told me he is going to submit charge sheet in few days.
The day IO submit final report in MM court ,&nbsp;shall i reach court and submit objection u/s 468(2)(c), now court is bared to take cognizance&nbsp;due to limitation act.also jurisdiction&nbsp;ground as per recent judgment of supreme court on dated 25.09.2024 KAILASHBEN MAHENDRABHAI PATEL c ?
shall i approach&nbsp;to delhi high court&nbsp; to quash on the judgment on A.Kaliyaperumal of madardh high court of 2024 on limitation groud&nbsp;?
can i go the delhi high to quash even after submission of final report in MM court( New Delhi, Delhi )","Dear Sir,It doesn't effect your case in High Court.  It is a criminal case, unless u wish to withdraw then only it will have effect.","Withdrawing the divorce petition and filing for restitution of conjugal rights will not directly affect your objections to the quashing of the FIR pending in the High Court. The two proceedings are distinct: the divorce and restitution proceedings concern matrimonial issues, while the FIR involves criminal allegations under Sections 378, 379, and 34 of the Indian Penal Code. However, the High Court may consider the change in your matrimonial stance as a factor when assessing the nature and intent behind the criminal complaint.

Legally, you can proceed with withdrawing the divorce petition and filing for restitution without it impacting the criminal case directly. As a next step, ensure that your objections in the High Court clearly articulate the reasons for opposing the quashing, focusing on the merits of the criminal allegations independently of the matrimonial issues.",1.4514,43.3921,18.644,3.9559,16.4299,20.5111,3.2801,20.0199,4.4031,1.5684,1.0,27.1385,49.3219,48.9553,83.8938
48,"My bf utilized me physically in the name of love and pretext of mrge  and cheated me by flirting with some other girl. Now he broke up with me. When I told I will complaint, he told he will marry me but he will not stay with me after the mrge. Also he hav two elder bros. So he s saying he won't marry me until unless there bros r getting married and also he s saying I shud not contact him till his bros r getting married. I felt he agreed for mrge just to shut my mouth for time being. So I contacted his elder brother to convince him for register mrge... His entire family hav agreed for register mrge but my boyfrd s not agreeing for reg mrge as he s not interested to marry me. He told after his bros getting married only he will marry me... After few days my family contacted my bf regarding d mrge( my family doesn't know Dat we had physical relationship) .. My bf is saying he s not interested to marry me. And he will just marry me as we r threatening him. And he told after mrge he won't stay with me. I feel so much depressed for his cheating and utilizing me physically. Can I go legally for dis. Will the court accept it as a legal case?? Will I able to win in dis!? . I hav enuf proof of pictures calls chats etc. If he don't marry me, is dere any punishment for him for cheating me like dis??( Bangalore, Karnataka )",PC::Promise to Marry Alleged by Victim → HKG::BNS_318 → HKG::IPC_415 → PC::Appellant Convicted for Cheating,PC::Promise to Marry Alleged by Victim → HKG::BNS_318 → HKG::IPC_415 → PC::Appellant Convicted for Cheating → PC::Appellant Surrendered and Served 1 Year and 9 Months → PC::Sentence Already Undergone Meets Ends of Justice → HKG::IPC → HKG::BNS,"Sir a present municipal commissioner registered a contract Co. in his office to participate in works contract. . an elected councillor is a major partner in the company The company took many contract payments . They produced fake TDS tax remitted certificates and misappropriated tax revenue 38 lacs. HC ordered for recovery. Recovery was effected. FIR registered against the Co. But still present commissioner awarding contact to same Co. But no criminal action initiated against the commissioner. So many petition sent to higher officers. All are waste. Pl tell what's the procedure to get prosecution sanction against the commissioner sir( Vijayawada, Andhra Pradesh )","Sir I've mads omplaint n  filed a WP  in 2018 against an assistant Commr commercial tax for his alleged activities in filing complain against a trader. ie he has shown less crime of forgery docs instead of huge.  ie 150 nos instead of 8. and made favour the accused n weakened the FIR. By this trader evaded 45 lakhs VAT. Only department action taken on him. 

As expected FIR is now dropped  by police  since non coop of AC the complainant. In these three yrs AG audit sent report that he has committed 17 crores revenue loss in his service period.  

Can I  withdraw my earlier WP n file a fresh WP to  take criminal action as well as department action?  I'm the root cause for AG Audit report.( Salem, Tamil Nadu )","Shall i file objection in JMFC or approach to high court to quash police final report in 498a F.I.R ?
In 498a, 406 F.I.R last alleged incident of date 01.08.2020 after 2 year on 20.02.2022 F.I.R gets registered&nbsp;in different state&nbsp;till now police final report is not yet submitted , in term on evidence&nbsp;police will submit 2 -3 fake whatsup&nbsp;messges&nbsp;on year 2019.&nbsp;

IO told me he is going to submit charge sheet in few days.
The day IO submit final report in MM court ,&nbsp;shall i reach court and submit objection u/s 468(2)(c), now court is bared to take cognizance&nbsp;due to limitation act.also jurisdiction&nbsp;ground as per recent judgment of supreme court on dated 25.09.2024 KAILASHBEN MAHENDRABHAI PATEL c ?
shall i approach&nbsp;to delhi high court&nbsp; to quash on the judgment on A.Kaliyaperumal of madardh high court of 2024 on limitation groud&nbsp;?
can i go the delhi high to quash even after submission of final report in MM court( New Delhi, Delhi )","Ask him politely to marry you otherwise there are many ways you can file case against him and put him in lots of trouble. Its not required to build a relationship in that manner but when a person takes undue advantage of a relationship then one has to do all this. You should  tell him that as per law you can file a case of Rape against him for all this so, better to go for marriage and have  beautiful life ahead.","Under Section 415 of the Indian Penal Code (IPC), cheating involves deceiving someone to induce them to act to their detriment. Promising marriage to engage in physical relations and then reneging on that promise could be construed as cheating if the promise was made with no intention of fulfillment. However, courts require clear evidence of fraudulent intent at the time the promise was made.

In your situation, if you have evidence (pictures, calls, chats) indicating that your boyfriend never intended to marry you and used the promise deceitfully, you may file a complaint under Section 415 IPC for cheating. However, courts generally do not enforce personal relationships, and a promise to marry is typically not legally binding unless it can be shown as part of a fraudulent scheme.

Consider filing a complaint with the local police or a magistrate, presenting your evidence. Consulting with a local attorney who specializes in such cases can provide guidance on the likelihood of success based on the specifics of your evidence and situation.",1.5427,47.5644,18.644,3.9559,16.4299,20.5111,3.2801,20.0199,4.4031,1.5684,1.0,27.1385,49.3219,48.9553,83.8938
49,"My senior citizen father (79) and mother are second floor of a Delhi house. There is a court lawsuit related to probate currently going on. However the opposite party, who live on ground floor and first  floor of the same house, are building unauthorized construction on the property, despite the ongoing court case. On Monday when my father protested against the construction, my relative (40) pushed him violently and verbally threatened to kill my mother and father. I am quite scared of their safety, since I live and work in a different city and am unable to come to their aid immediately when such incidents happen. How can I protect my parents against such violence and threatening incidents?( South Delhi, Delhi )",PC::Government Directed to Construct First Floor → PC::Unauthorized Construction Allegation → PC::High Court Dismissed Writ Petition on Grounds of Unauthorized Construction → PC::Application Transferred to High Court of Delhi,PC::Government Directed to Construct First Floor → PC::Unauthorized Construction Allegation → PC::High Court Dismissed Writ Petition on Grounds of Unauthorized Construction → PC::Application Transferred to High Court of Delhi → HKG::EC_RULES_3 → HKG::wages → HKG::LIM_122 → HKG::LIM,"Sir a present municipal commissioner registered a contract Co. in his office to participate in works contract. . an elected councillor is a major partner in the company The company took many contract payments . They produced fake TDS tax remitted certificates and misappropriated tax revenue 38 lacs. HC ordered for recovery. Recovery was effected. FIR registered against the Co. But still present commissioner awarding contact to same Co. But no criminal action initiated against the commissioner. So many petition sent to higher officers. All are waste. Pl tell what's the procedure to get prosecution sanction against the commissioner sir( Vijayawada, Andhra Pradesh )","Sir I've mads omplaint n  filed a WP  in 2018 against an assistant Commr commercial tax for his alleged activities in filing complain against a trader. ie he has shown less crime of forgery docs instead of huge.  ie 150 nos instead of 8. and made favour the accused n weakened the FIR. By this trader evaded 45 lakhs VAT. Only department action taken on him. 

As expected FIR is now dropped  by police  since non coop of AC the complainant. In these three yrs AG audit sent report that he has committed 17 crores revenue loss in his service period.  

Can I  withdraw my earlier WP n file a fresh WP to  take criminal action as well as department action?  I'm the root cause for AG Audit report.( Salem, Tamil Nadu )","I have filed a CR case in the JM court few months back after 200 and filling major evidence part as document. But unfortunately Justice ordered for police inquiry report instead of having sufficiently enough evidence... and meanwhile police biased enough to avoid the inquiry. Criminals are creating hell for me moving free and dates are passing by.

In this situation is there any SECTION under which I can file a petition in the court to consider for ""provided document evidence"" verification or judicial inquiry instead of meaningless police inquiry? Please help.","Hello,At first, you should directly go to the nearest police station and file a complaint against the said incident","The primary legal issue is the unauthorized construction and the assault and threat made against your parents. Under Section 441 of the Indian Penal Code, trespass and unauthorized construction can be challenged, and under Sections 323 and 506, the physical assault and criminal intimidation can be addressed. Your parents can file a police complaint against the relative for assault and threats, requesting immediate protection. Additionally, they can approach the Delhi High Court seeking an injunction to halt the unauthorized construction, especially given the ongoing probate lawsuit. Consider contacting a local attorney to assist in filing these complaints and motions promptly.",1.8407,42.4204,18.644,3.9559,16.4299,20.5111,3.2801,20.0199,4.4031,1.5684,1.0,27.1385,49.3219,48.9553,83.8938
50,"Whatâs gonna be my fate in future? Iâm a google employee and my girlfriend has pressed charges . I was in jail for 3 months now got released and filed for dismissal. Yet Iâm confused and sacred abt my future. What is usually happens in this kinda of cases?? Itâs gonna be marriage or aqquaital? Pls guide me pls( Bangalore, Karnataka )",PC::Appellants Can Challenge Jurisdiction in Future Appeals → PC::Appellant Conduct in Jail Reported Satisfactory → PC::Under-Trial Prisoners Languishing in Jail → PC::Detenu Already in Jail Prior to Detention Order,PC::Appellants Can Challenge Jurisdiction in Future Appeals → PC::Appellant Conduct in Jail Reported Satisfactory → PC::Under-Trial Prisoners Languishing in Jail → PC::Detenu Already in Jail Prior to Detention Order → PC::High Court Found Civil Judge Had Jurisdiction → HKG::LIM_133 → HKG::leave → PC::Delay in Trial Process,"Sir a present municipal commissioner registered a contract Co. in his office to participate in works contract. . an elected councillor is a major partner in the company The company took many contract payments . They produced fake TDS tax remitted certificates and misappropriated tax revenue 38 lacs. HC ordered for recovery. Recovery was effected. FIR registered against the Co. But still present commissioner awarding contact to same Co. But no criminal action initiated against the commissioner. So many petition sent to higher officers. All are waste. Pl tell what's the procedure to get prosecution sanction against the commissioner sir( Vijayawada, Andhra Pradesh )","Sir I've mads omplaint n  filed a WP  in 2018 against an assistant Commr commercial tax for his alleged activities in filing complain against a trader. ie he has shown less crime of forgery docs instead of huge.  ie 150 nos instead of 8. and made favour the accused n weakened the FIR. By this trader evaded 45 lakhs VAT. Only department action taken on him. 

As expected FIR is now dropped  by police  since non coop of AC the complainant. In these three yrs AG audit sent report that he has committed 17 crores revenue loss in his service period.  

Can I  withdraw my earlier WP n file a fresh WP to  take criminal action as well as department action?  I'm the root cause for AG Audit report.( Salem, Tamil Nadu )","Shall i file objection in JMFC or approach to high court to quash police final report in 498a F.I.R ?
In 498a, 406 F.I.R last alleged incident of date 01.08.2020 after 2 year on 20.02.2022 F.I.R gets registered&nbsp;in different state&nbsp;till now police final report is not yet submitted , in term on evidence&nbsp;police will submit 2 -3 fake whatsup&nbsp;messges&nbsp;on year 2019.&nbsp;

IO told me he is going to submit charge sheet in few days.
The day IO submit final report in MM court ,&nbsp;shall i reach court and submit objection u/s 468(2)(c), now court is bared to take cognizance&nbsp;due to limitation act.also jurisdiction&nbsp;ground as per recent judgment of supreme court on dated 25.09.2024 KAILASHBEN MAHENDRABHAI PATEL c ?
shall i approach&nbsp;to delhi high court&nbsp; to quash on the judgment on A.Kaliyaperumal of madardh high court of 2024 on limitation groud&nbsp;?
can i go the delhi high to quash even after submission of final report in MM court( New Delhi, Delhi )","You should go for quashing of FIR in the concerned High Court, where offences under various sections have been leveled against you.","The most critical legal point is the potential for dismissal or acquittal based on the evidence and charges against you. If the charges lack substantial evidence or were filed with malicious intent, you can seek dismissal under Section 482 of the CrPC by approaching the High Court. It is crucial to work closely with your attorney to assess the strength of the evidence against you and explore the possibility of quashing the FIR or charges.

You cannot legally force a marriage as a resolution to criminal charges; the focus should be on the legal process and ensuring a fair trial. Next steps include continuing to gather evidence supporting your defense and maintaining regular communication with your legal counsel to strategize the best course of action.",1.6404,45.6101,18.644,3.9559,16.4299,20.5111,3.2801,20.0199,4.4031,1.5684,1.0,27.1385,49.3219,48.9553,83.8938
51,"Can resident of Gujarat play International lottery online?
Is it prohibited under FOREIGN EXCHANGE MANAGEMENT ACT.?","PC::Section 19 of the Foreign Exchange Management Act, 1999 → PC::Penalty Imposed Under Foreign Exchange Act → HKG::FIN_A_1989 → PC::State of Gujarat Filed Appeal Against Decree","PC::Section 19 of the Foreign Exchange Management Act, 1999 → PC::Penalty Imposed Under Foreign Exchange Act → HKG::FIN_A_1989 → PC::State of Gujarat Filed Appeal Against Decree → HKG::FIN_A_165 → HKG::labour_court → HKG::FIN_A → HKG::BTC_4","Sir a present municipal commissioner registered a contract Co. in his office to participate in works contract. . an elected councillor is a major partner in the company The company took many contract payments . They produced fake TDS tax remitted certificates and misappropriated tax revenue 38 lacs. HC ordered for recovery. Recovery was effected. FIR registered against the Co. But still present commissioner awarding contact to same Co. But no criminal action initiated against the commissioner. So many petition sent to higher officers. All are waste. Pl tell what's the procedure to get prosecution sanction against the commissioner sir( Vijayawada, Andhra Pradesh )","Shall i file objection in JMFC or approach to high court to quash police final report in 498a F.I.R ?
In 498a, 406 F.I.R last alleged incident of date 01.08.2020 after 2 year on 20.02.2022 F.I.R gets registered&nbsp;in different state&nbsp;till now police final report is not yet submitted , in term on evidence&nbsp;police will submit 2 -3 fake whatsup&nbsp;messges&nbsp;on year 2019.&nbsp;

IO told me he is going to submit charge sheet in few days.
The day IO submit final report in MM court ,&nbsp;shall i reach court and submit objection u/s 468(2)(c), now court is bared to take cognizance&nbsp;due to limitation act.also jurisdiction&nbsp;ground as per recent judgment of supreme court on dated 25.09.2024 KAILASHBEN MAHENDRABHAI PATEL c ?
shall i approach&nbsp;to delhi high court&nbsp; to quash on the judgment on A.Kaliyaperumal of madardh high court of 2024 on limitation groud&nbsp;?
can i go the delhi high to quash even after submission of final report in MM court( New Delhi, Delhi )","Sir I've mads omplaint n  filed a WP  in 2018 against an assistant Commr commercial tax for his alleged activities in filing complain against a trader. ie he has shown less crime of forgery docs instead of huge.  ie 150 nos instead of 8. and made favour the accused n weakened the FIR. By this trader evaded 45 lakhs VAT. Only department action taken on him. 

As expected FIR is now dropped  by police  since non coop of AC the complainant. In these three yrs AG audit sent report that he has committed 17 crores revenue loss in his service period.  

Can I  withdraw my earlier WP n file a fresh WP to  take criminal action as well as department action?  I'm the root cause for AG Audit report.( Salem, Tamil Nadu )",Yes.,"Under the Foreign Exchange Management Act, 1999, engaging in foreign lotteries may be restricted due to regulations on foreign exchange transactions. Specifically, Section 19 of the Act governs the prohibition and penalties related to foreign exchange and foreign securities transactions, which could apply to international lottery participation if it involves sending money abroad. Residents of India, including those in Gujarat, must ensure that any participation in international lotteries complies with FEMA regulations and does not involve unauthorized foreign exchange transactions.

Residents can legally participate in international lotteries if they use funds from a permissible source under FEMA and adhere to any Reserve Bank of India guidelines. It is advisable to consult with a legal expert or financial advisor to ensure compliance with FEMA provisions. Additionally, checking with the Reserve Bank of India for any specific notifications or guidelines related to international lottery participation is recommended.",0.2259,1.4622,18.644,3.9559,16.4299,20.5111,3.2801,20.0199,4.4031,1.5684,1.0,27.1385,49.3219,48.9553,83.8938
52,"Hi - I am tenant staying in One of the apartment in gottigere , Bangalore . Last night I had a beer bottle in my car and I kept the empty bottle in the parking basement . There was no dustbin . So I kept it in one corner of the basement . CCTV captured this and they are imposing penalty on me . Which I am ready to pay because I made the mistake . But they are asking me to pay 10,000 for this . Should I pay such high amount ? Also they made this video Viral in the society what's app group where there are 200 members the the group . Now every one in the society are calling me and saying this is shameful act . People are making comments like I am a criminal . I think the society association should have talked to me personally and ask for penalty . But they put the video in what's app group . Isn't it a defamation ? Now I need to leave this society because of this . Please advice",HKG::SOC_REG_4B → HKG::SOC_REG_23 → HKG::SOC_REG_12E → HKG::BOCW_12,HKG::SOC_REG_4B → HKG::SOC_REG_23 → HKG::SOC_REG_12E → HKG::BOCW_12 → HKG::BOCW → HKG::SOC_REG → HKG::SOC_REG_22 → HKG::BOCW_2,"Sir a present municipal commissioner registered a contract Co. in his office to participate in works contract. . an elected councillor is a major partner in the company The company took many contract payments . They produced fake TDS tax remitted certificates and misappropriated tax revenue 38 lacs. HC ordered for recovery. Recovery was effected. FIR registered against the Co. But still present commissioner awarding contact to same Co. But no criminal action initiated against the commissioner. So many petition sent to higher officers. All are waste. Pl tell what's the procedure to get prosecution sanction against the commissioner sir( Vijayawada, Andhra Pradesh )","Sir I've mads omplaint n  filed a WP  in 2018 against an assistant Commr commercial tax for his alleged activities in filing complain against a trader. ie he has shown less crime of forgery docs instead of huge.  ie 150 nos instead of 8. and made favour the accused n weakened the FIR. By this trader evaded 45 lakhs VAT. Only department action taken on him. 

As expected FIR is now dropped  by police  since non coop of AC the complainant. In these three yrs AG audit sent report that he has committed 17 crores revenue loss in his service period.  

Can I  withdraw my earlier WP n file a fresh WP to  take criminal action as well as department action?  I'm the root cause for AG Audit report.( Salem, Tamil Nadu )","The guy is a lawyer n 28 year old and I m 19 ... We met each other last year April 2023 since he used to work near by my place in a bank aswell .. I went there to make my account n often used to meet each other due to banking works n we got connected with each other since I was really lonely and had no one to share my feelings to i used to go n share my feelings my problem to him .. like my past trauma that I was sexually assaulted by my dad... Which was years back n i still think of that n get anxiety about it . So we got connected and we started got physical too though we didn't had sex.... Thn I got admission in my college as a fresher and I had to go there to study n we didn't contact or text much .. during Durga Puja we got holiday and I came back n i realise my feelings slowly faded for him he asked me if he wanted to go further i didn't wanted to hurt him so i agreed to him when I went back after holidays we stoped contacting each other for 2 months so I thought the thing between us is over so I went in a relationship with other guy .. this winter break when I came back he saw me n started calling me n messaging me .. I got offended n I tried clearing him n told I don't want to stay in the relationship.. now he is acting up all crazy like a mental person .. threatening me to come home , kill me n dad or whoever is in my life ... Threatening me to harm me .. telling me to behave with him the same way like we used to which I don't want at all .. he yells n screams at me .. use different different Galis ... Calls me randi n whatever idk .. he is not leaving me at all n i m getting affected mentally .. I don't want my parents getting involved since I had shared him abt my dad n he is the only one with me right now .. he is threatening to kills my friends too .. day before yesterday I told him we will clear it out so I went to his office we tried doing it but he was giving me gali n all I told I don't want to be in relationship and be as a friend to him n settle it out clearly but he is not trying to understand.. he called me in his room to talk personally because mostly costomers keeps on coming in the office n will distract us so i agreed but when he took me in his room he tried kissing me which i denied.. tried touching me which i denied too .. when he didn't got what he wanted he just stood up opened his pants n started to masturbate .. I got really scared n started to cryy .. idk what to do .. yesterday he threatened me to come to my house late night ... And I m still scared idk what to doo.. today im going to his office again idk what will happen .. I just need help can someone help me idk what to do .. please help me I don't want my family to get involved in this help me( Siliguri, West Bengal )",Just ignore the demand and write a reply letter with acknowledgement stating that whatever below Rs. 300/- only you can pay. Lets see what happens .,"The public dissemination of the video without your consent could constitute defamation if it harms your reputation unjustly, as per the principles of defamation under the Indian Penal Code, Section 499. The penalty amount of ₹10,000 seems excessive for littering, and you may negotiate with the association for a reasonable penalty or challenge it if it is not stipulated in any agreement or society bylaws. 

You can send a legal notice to the society association demanding the removal of the video from public platforms and an apology for the defamation. If negotiations fail, consider filing a civil suit for defamation and seek injunctive relief to prevent further distribution of the video.",0.5212,30.8058,18.644,3.9559,16.4299,20.5111,3.2801,20.0199,4.4031,1.5684,1.0,27.1385,49.3219,48.9553,83.8938
53,"If fIR is registered under sec 420,467,471,120b
For forging of wasiyat(will) and using it in nagar nigam office and civil suit is also pending regarding that wasiya(will).. i have following questions 
1) if the accused refused to give the ORIGINAL WILL FOR FSL investigation then what should police do??
2)If the accused said the he has lost the original will?but not FIR has loged for finding the original will
3)powers of I.O in the case( Barabanki, Uttar Pradesh )",PC::Civil Suit Pending Regarding Publication Issues → HKG::BTC_94 → PC::High Court Refused to Quash FIR → PC::FIR Registered Under Section 307 IPC,PC::Civil Suit Pending Regarding Publication Issues → HKG::BTC_94 → PC::High Court Refused to Quash FIR → PC::FIR Registered Under Section 307 IPC → PC::Accused Acquitted of Murder Charge → PC::Section 304 Part-II of the Indian Penal Code → HKG::FIN_A_1952 → HKG::labour_court,"Sir a present municipal commissioner registered a contract Co. in his office to participate in works contract. . an elected councillor is a major partner in the company The company took many contract payments . They produced fake TDS tax remitted certificates and misappropriated tax revenue 38 lacs. HC ordered for recovery. Recovery was effected. FIR registered against the Co. But still present commissioner awarding contact to same Co. But no criminal action initiated against the commissioner. So many petition sent to higher officers. All are waste. Pl tell what's the procedure to get prosecution sanction against the commissioner sir( Vijayawada, Andhra Pradesh )","Sir I've mads omplaint n  filed a WP  in 2018 against an assistant Commr commercial tax for his alleged activities in filing complain against a trader. ie he has shown less crime of forgery docs instead of huge.  ie 150 nos instead of 8. and made favour the accused n weakened the FIR. By this trader evaded 45 lakhs VAT. Only department action taken on him. 

As expected FIR is now dropped  by police  since non coop of AC the complainant. In these three yrs AG audit sent report that he has committed 17 crores revenue loss in his service period.  

Can I  withdraw my earlier WP n file a fresh WP to  take criminal action as well as department action?  I'm the root cause for AG Audit report.( Salem, Tamil Nadu )","Shall i file objection in JMFC or approach to high court to quash police final report in 498a F.I.R ?
In 498a, 406 F.I.R last alleged incident of date 01.08.2020 after 2 year on 20.02.2022 F.I.R gets registered&nbsp;in different state&nbsp;till now police final report is not yet submitted , in term on evidence&nbsp;police will submit 2 -3 fake whatsup&nbsp;messges&nbsp;on year 2019.&nbsp;

IO told me he is going to submit charge sheet in few days.
The day IO submit final report in MM court ,&nbsp;shall i reach court and submit objection u/s 468(2)(c), now court is bared to take cognizance&nbsp;due to limitation act.also jurisdiction&nbsp;ground as per recent judgment of supreme court on dated 25.09.2024 KAILASHBEN MAHENDRABHAI PATEL c ?
shall i approach&nbsp;to delhi high court&nbsp; to quash on the judgment on A.Kaliyaperumal of madardh high court of 2024 on limitation groud&nbsp;?
can i go the delhi high to quash even after submission of final report in MM court( New Delhi, Delhi )","Dear client,If the accused refuses to provide the original will for forensic examination, the I.O. can seek court orders under Section 91 of the CrPC to compel the accused to produce the document. The I.O. can also gather evidence from other sources, such as witness testimonies or related documents, and document the refusal to use as evidence in court. If the accused claims to have lost the will, the I.O. should investigate the claim, look for the will through other sources, and might consider filing a complaint for the missing document if there is suspicion of obstruction.The I.O. has several powers under the CrPC, including the ability to investigate the case, search and seize evidence, arrest individuals involved, examine witnesses, and file charge sheets. These powers allow the I.O. to conduct a thorough investigation and ensure that necessary evidence is collected, even if there are obstacles such as the accusedâs refusal to produce documents or claims of lost evidence. Hope this answer will help you","Under Section 91 of the Code of Criminal Procedure, 1973, the Investigating Officer (I.O.) has the authority to issue a summons or written order to produce any document or thing necessary for the investigation. If the accused claims to have lost the original will, the I.O. can seek a court order to compel the accused to produce any secondary evidence or explanation regarding the loss. Additionally, the I.O. can investigate further to determine the authenticity of the will using available evidence and witness testimonies.

The police can also file an application in court to obtain a search warrant if they suspect the original will is being concealed. In the absence of the original, the I.O. should focus on gathering circumstantial and documentary evidence to support the charges under Sections 420, 467, 471, and 120B of the Indian Penal Code.",21.9705,73.4849,18.644,3.9559,16.4299,20.5111,3.2801,20.0199,4.4031,1.5684,1.0,27.1385,49.3219,48.9553,83.8938
54,"whether defamation case can be filed both under civil and criminal law( Chennai, Tamil Nadu )",HKG::IDA_12 → HKG::IRC_41 → HKG::IRC_42 → HKG::IRC_43,HKG::IDA_12 → HKG::IRC_41 → HKG::IRC_42 → HKG::IRC_43 → HKG::dispute_resolution → HKG::Industrial Disputes Act 1947 → HKG::IRC → HKG::IRC_18,"Sir a present municipal commissioner registered a contract Co. in his office to participate in works contract. . an elected councillor is a major partner in the company The company took many contract payments . They produced fake TDS tax remitted certificates and misappropriated tax revenue 38 lacs. HC ordered for recovery. Recovery was effected. FIR registered against the Co. But still present commissioner awarding contact to same Co. But no criminal action initiated against the commissioner. So many petition sent to higher officers. All are waste. Pl tell what's the procedure to get prosecution sanction against the commissioner sir( Vijayawada, Andhra Pradesh )","Shall i file objection in JMFC or approach to high court to quash police final report in 498a F.I.R ?
In 498a, 406 F.I.R last alleged incident of date 01.08.2020 after 2 year on 20.02.2022 F.I.R gets registered&nbsp;in different state&nbsp;till now police final report is not yet submitted , in term on evidence&nbsp;police will submit 2 -3 fake whatsup&nbsp;messges&nbsp;on year 2019.&nbsp;

IO told me he is going to submit charge sheet in few days.
The day IO submit final report in MM court ,&nbsp;shall i reach court and submit objection u/s 468(2)(c), now court is bared to take cognizance&nbsp;due to limitation act.also jurisdiction&nbsp;ground as per recent judgment of supreme court on dated 25.09.2024 KAILASHBEN MAHENDRABHAI PATEL c ?
shall i approach&nbsp;to delhi high court&nbsp; to quash on the judgment on A.Kaliyaperumal of madardh high court of 2024 on limitation groud&nbsp;?
can i go the delhi high to quash even after submission of final report in MM court( New Delhi, Delhi )","Sir I've mads omplaint n  filed a WP  in 2018 against an assistant Commr commercial tax for his alleged activities in filing complain against a trader. ie he has shown less crime of forgery docs instead of huge.  ie 150 nos instead of 8. and made favour the accused n weakened the FIR. By this trader evaded 45 lakhs VAT. Only department action taken on him. 

As expected FIR is now dropped  by police  since non coop of AC the complainant. In these three yrs AG audit sent report that he has committed 17 crores revenue loss in his service period.  

Can I  withdraw my earlier WP n file a fresh WP to  take criminal action as well as department action?  I'm the root cause for AG Audit report.( Salem, Tamil Nadu )","Dear Client,A person aggrieved by defamation has a right to proceed both in the civil Court as well as in the criminal Court. He can take either one or the other or both courses. Law does not debar him from enforcing civil and criminal rights at the same time. In India, defamation is categorized as either criminal or civil, and both types are covered by the Indian Penal Code (IPC) and the Code of Civil Procedure (CPC). In Civil Defamation, a person who is defamed can move the competent Court having pecuniary jurisdiction and seek damages in the form of monetary compensation. Under Section 19 of the Civil Procedure Code (CPC), a civil suit can be filed either where the Defendant resides or where the Defamatory statement was made/published. A defamation of a criminal nature has been codified under Sections 499 and 500 of the Indian Penal Code 1860 and to file a criminal suit under this Section, a person must have made an imputation about another person with either an intention, knowledge, or reason to believe that such an imputation will harm the reputation of the said person. Under criminal defamation, individuals can be charged with an offense punishable by imprisonment for two years or a fine. As per the Limitation Act, there is a limitation period of one year for filing a civil defamation suit and the limitation to file a criminal defamation complaint is 3 years from the period of knowledge of offense.","Yes, a defamation case can be filed both under civil and criminal law in India. Under civil law, a defamation suit can be filed for damages under the Law of Torts. Criminal defamation is addressed under Section 499 and punishable under Section 500 of the Indian Penal Code, 1860. The user can file a civil suit for compensation in the appropriate civil court and simultaneously initiate criminal proceedings by filing a complaint with the magistrate. Ensure evidence of the defamatory statement and its impact is well-documented for both proceedings.",2.5532,78.1633,18.644,3.9559,16.4299,20.5111,3.2801,20.0199,4.4031,1.5684,1.0,27.1385,49.3219,48.9553,83.8938
55,"Is there any written Rule/Procedure, etc. exists in Allahabad High Courts that have made it mandatory for respondents in Application under 482 of Cr.P.C. to file their counter affidavits within a certain time frame after receipt of court notice? If yes, please mention it.( Allahabad, Uttar Pradesh )",HKG::ATA_19,HKG::ATA_19 → HKG::labour_court → HKG::govt_service → HKG::PROC_GOVT_SERVICE_DISPUTE → HKG::Administrative Tribunals Act 1985,"Sir a present municipal commissioner registered a contract Co. in his office to participate in works contract. . an elected councillor is a major partner in the company The company took many contract payments . They produced fake TDS tax remitted certificates and misappropriated tax revenue 38 lacs. HC ordered for recovery. Recovery was effected. FIR registered against the Co. But still present commissioner awarding contact to same Co. But no criminal action initiated against the commissioner. So many petition sent to higher officers. All are waste. Pl tell what's the procedure to get prosecution sanction against the commissioner sir( Vijayawada, Andhra Pradesh )","Shall i file objection in JMFC or approach to high court to quash police final report in 498a F.I.R ?
In 498a, 406 F.I.R last alleged incident of date 01.08.2020 after 2 year on 20.02.2022 F.I.R gets registered&nbsp;in different state&nbsp;till now police final report is not yet submitted , in term on evidence&nbsp;police will submit 2 -3 fake whatsup&nbsp;messges&nbsp;on year 2019.&nbsp;

IO told me he is going to submit charge sheet in few days.
The day IO submit final report in MM court ,&nbsp;shall i reach court and submit objection u/s 468(2)(c), now court is bared to take cognizance&nbsp;due to limitation act.also jurisdiction&nbsp;ground as per recent judgment of supreme court on dated 25.09.2024 KAILASHBEN MAHENDRABHAI PATEL c ?
shall i approach&nbsp;to delhi high court&nbsp; to quash on the judgment on A.Kaliyaperumal of madardh high court of 2024 on limitation groud&nbsp;?
can i go the delhi high to quash even after submission of final report in MM court( New Delhi, Delhi )","Sir I've mads omplaint n  filed a WP  in 2018 against an assistant Commr commercial tax for his alleged activities in filing complain against a trader. ie he has shown less crime of forgery docs instead of huge.  ie 150 nos instead of 8. and made favour the accused n weakened the FIR. By this trader evaded 45 lakhs VAT. Only department action taken on him. 

As expected FIR is now dropped  by police  since non coop of AC the complainant. In these three yrs AG audit sent report that he has committed 17 crores revenue loss in his service period.  

Can I  withdraw my earlier WP n file a fresh WP to  take criminal action as well as department action?  I'm the root cause for AG Audit report.( Salem, Tamil Nadu )","Dear Sir,It seems no Court has prescribed outer limit to file counter and it is at the discretion of the Honâble High Court and take such counter not filed and on merits your petition may be decided.","The Allahabad High Court Rules do not specifically mandate a fixed time frame for respondents to file counter affidavits in applications under Section 482 of the Cr.P.C. However, the court generally expects respondents to file their replies within a reasonable time to ensure the expeditious disposal of cases. The court may issue specific directions regarding timelines in individual cases. 

If a respondent delays filing a counter affidavit, the petitioner can request the court to proceed ex parte or seek directions for an expedited filing. The petitioner should monitor the case status and be prepared to make such requests during hearings.",2.1722,60.6063,18.644,3.9559,16.4299,20.5111,3.2801,20.0199,4.4031,1.5684,1.0,27.1385,49.3219,48.9553,83.8938
56,"Hi Team,
I have to ask some question I found one person who did two marriage both girls he took money and first wife not divorce. First marriage he did told anything about marriage single person got married and second girls also he found from matrimony site and got married. For second marriage he involved parents. afer marriage also he took new number and registered matrimony site and talking to dovorced girls. all thing we found and have proof about his first marriage and matrimony regirsted ID. He is trapping girls and taking money in the name of business. Paying interest to them. How many years punishment he will get, If we complaint aggainst him.( Nagpur, Maharashtra )",PC::Appellant Took Money for Training but Did Not Attend → PC::Accident Involved Marriage Party → HKG::IEA_122 → PC::Accused Promised Marriage,PC::Appellant Took Money for Training but Did Not Attend → PC::Accident Involved Marriage Party → HKG::IEA_122 → PC::Accused Promised Marriage → PC::Leave Sanctioned but Appellant Absent from Duties → HKG::IEA → PC::Deceased Traveling as Barati → PC::Driver Charged with Negligence,"Sir a present municipal commissioner registered a contract Co. in his office to participate in works contract. . an elected councillor is a major partner in the company The company took many contract payments . They produced fake TDS tax remitted certificates and misappropriated tax revenue 38 lacs. HC ordered for recovery. Recovery was effected. FIR registered against the Co. But still present commissioner awarding contact to same Co. But no criminal action initiated against the commissioner. So many petition sent to higher officers. All are waste. Pl tell what's the procedure to get prosecution sanction against the commissioner sir( Vijayawada, Andhra Pradesh )","Sir I've mads omplaint n  filed a WP  in 2018 against an assistant Commr commercial tax for his alleged activities in filing complain against a trader. ie he has shown less crime of forgery docs instead of huge.  ie 150 nos instead of 8. and made favour the accused n weakened the FIR. By this trader evaded 45 lakhs VAT. Only department action taken on him. 

As expected FIR is now dropped  by police  since non coop of AC the complainant. In these three yrs AG audit sent report that he has committed 17 crores revenue loss in his service period.  

Can I  withdraw my earlier WP n file a fresh WP to  take criminal action as well as department action?  I'm the root cause for AG Audit report.( Salem, Tamil Nadu )","Shall i file objection in JMFC or approach to high court to quash police final report in 498a F.I.R ?
In 498a, 406 F.I.R last alleged incident of date 01.08.2020 after 2 year on 20.02.2022 F.I.R gets registered&nbsp;in different state&nbsp;till now police final report is not yet submitted , in term on evidence&nbsp;police will submit 2 -3 fake whatsup&nbsp;messges&nbsp;on year 2019.&nbsp;

IO told me he is going to submit charge sheet in few days.
The day IO submit final report in MM court ,&nbsp;shall i reach court and submit objection u/s 468(2)(c), now court is bared to take cognizance&nbsp;due to limitation act.also jurisdiction&nbsp;ground as per recent judgment of supreme court on dated 25.09.2024 KAILASHBEN MAHENDRABHAI PATEL c ?
shall i approach&nbsp;to delhi high court&nbsp; to quash on the judgment on A.Kaliyaperumal of madardh high court of 2024 on limitation groud&nbsp;?
can i go the delhi high to quash even after submission of final report in MM court( New Delhi, Delhi )","Dearlegal consequences for the offense of bigamy (marrying someone while already legally married to another person) can include imprisonment and/or a fine, as per the Indian Penal Code (IPC) under Section 494 and Section 495. The severity of the punishment can vary based on the specific circumstances of the case and the evidence presented.Section 494 of the Indian Penal Code deals with the offense of bigamy and prescribes punishment for individuals who marry again during the lifetime of their spouse. The punishment can extend to imprisonment for up to 7 years and a fine. Additionally, Section 495 deals with the offense of marrying again during the lifetime of the former husband or wife, which can result in a punishment of up to 7 years of imprisonment and a fine.","The legal issue here is bigamy, which is a criminal offense under Section 494 of the Indian Penal Code (IPC). Bigamy is punishable with imprisonment of up to seven years, and the person may also be liable to a fine. Additionally, if he is taking money fraudulently, charges of cheating under Section 420 IPC may also be applicable, which carries a punishment of up to seven years and a fine.

The user can file a police complaint against the individual for bigamy and cheating, providing all the evidence of the first marriage, financial transactions, and matrimony site activities. It is crucial to gather and present all documentary evidence, such as marriage certificates, financial records, and communications, to support the allegations. The user cannot take any unlawful action against the individual; all actions must be through legal channels.",16.6077,80.6561,18.644,3.9559,16.4299,20.5111,3.2801,20.0199,4.4031,1.5684,1.0,27.1385,49.3219,48.9553,83.8938
57,"Is it sufficient only oral complaint of a complainant for proceed to appoint Witness 1 and 2 and to action of raid also? If yes, please specify rule.( Kolhapur, Maharashtra )",HKG::PGA_4 → HKG::PGA_7 → HKG::CCS_ME_3 → HKG::MEPS_17,HKG::PGA_4 → HKG::PGA_7 → HKG::CCS_ME_3 → HKG::MEPS_17 → HKG::provident_fund → HKG::gratuity → HKG::labour_court → HKG::PROC_GRATUITY_CLAIM,"Sir a present municipal commissioner registered a contract Co. in his office to participate in works contract. . an elected councillor is a major partner in the company The company took many contract payments . They produced fake TDS tax remitted certificates and misappropriated tax revenue 38 lacs. HC ordered for recovery. Recovery was effected. FIR registered against the Co. But still present commissioner awarding contact to same Co. But no criminal action initiated against the commissioner. So many petition sent to higher officers. All are waste. Pl tell what's the procedure to get prosecution sanction against the commissioner sir( Vijayawada, Andhra Pradesh )","Sir I've mads omplaint n  filed a WP  in 2018 against an assistant Commr commercial tax for his alleged activities in filing complain against a trader. ie he has shown less crime of forgery docs instead of huge.  ie 150 nos instead of 8. and made favour the accused n weakened the FIR. By this trader evaded 45 lakhs VAT. Only department action taken on him. 

As expected FIR is now dropped  by police  since non coop of AC the complainant. In these three yrs AG audit sent report that he has committed 17 crores revenue loss in his service period.  

Can I  withdraw my earlier WP n file a fresh WP to  take criminal action as well as department action?  I'm the root cause for AG Audit report.( Salem, Tamil Nadu )","Shall i file objection in JMFC or approach to high court to quash police final report in 498a F.I.R ?
In 498a, 406 F.I.R last alleged incident of date 01.08.2020 after 2 year on 20.02.2022 F.I.R gets registered&nbsp;in different state&nbsp;till now police final report is not yet submitted , in term on evidence&nbsp;police will submit 2 -3 fake whatsup&nbsp;messges&nbsp;on year 2019.&nbsp;

IO told me he is going to submit charge sheet in few days.
The day IO submit final report in MM court ,&nbsp;shall i reach court and submit objection u/s 468(2)(c), now court is bared to take cognizance&nbsp;due to limitation act.also jurisdiction&nbsp;ground as per recent judgment of supreme court on dated 25.09.2024 KAILASHBEN MAHENDRABHAI PATEL c ?
shall i approach&nbsp;to delhi high court&nbsp; to quash on the judgment on A.Kaliyaperumal of madardh high court of 2024 on limitation groud&nbsp;?
can i go the delhi high to quash even after submission of final report in MM court( New Delhi, Delhi )","Hi,Please state complete facts of the case or consult a lawyer in this regard.","Under Indian law, an oral complaint can be sufficient to initiate an investigation, including appointing witnesses and conducting a raid, if the complaint provides credible information about the commission of a cognizable offense. According to Section 154 of the Code of Criminal Procedure, 1973, the police are required to register an FIR based on such information and can proceed with necessary investigative actions. However, the police must have reasonable grounds to believe that an offense has been committed to justify a raid.

The complainant should ensure that the oral complaint is detailed and credible to prompt police action. If the police do not act on the complaint, the complainant can file a petition under Section 156(3) CrPC before a magistrate to direct the police to investigate.",0.6374,42.4613,18.644,3.9559,16.4299,20.5111,3.2801,20.0199,4.4031,1.5684,1.0,27.1385,49.3219,48.9553,83.8938
58,Hello sir case is little different like others. I am a astrologer and I gave numbers according to ASTROLOGY to my friend for  playing. He plays online and goes in loss due to his own fault. Now he is saying that he played on borrowed money and the owner wants there money Back.and he is making pressure on me. What should I do :(,HKG::MEPS_26 → HKG::MEPS_40,HKG::MEPS_26 → HKG::MEPS_40 → HKG::leave → HKG::notice_period → HKG::MEPS → HKG::retrenchment,"Sir a present municipal commissioner registered a contract Co. in his office to participate in works contract. . an elected councillor is a major partner in the company The company took many contract payments . They produced fake TDS tax remitted certificates and misappropriated tax revenue 38 lacs. HC ordered for recovery. Recovery was effected. FIR registered against the Co. But still present commissioner awarding contact to same Co. But no criminal action initiated against the commissioner. So many petition sent to higher officers. All are waste. Pl tell what's the procedure to get prosecution sanction against the commissioner sir( Vijayawada, Andhra Pradesh )","Sir I've mads omplaint n  filed a WP  in 2018 against an assistant Commr commercial tax for his alleged activities in filing complain against a trader. ie he has shown less crime of forgery docs instead of huge.  ie 150 nos instead of 8. and made favour the accused n weakened the FIR. By this trader evaded 45 lakhs VAT. Only department action taken on him. 

As expected FIR is now dropped  by police  since non coop of AC the complainant. In these three yrs AG audit sent report that he has committed 17 crores revenue loss in his service period.  

Can I  withdraw my earlier WP n file a fresh WP to  take criminal action as well as department action?  I'm the root cause for AG Audit report.( Salem, Tamil Nadu )","Shall i file objection in JMFC or approach to high court to quash police final report in 498a F.I.R ?
In 498a, 406 F.I.R last alleged incident of date 01.08.2020 after 2 year on 20.02.2022 F.I.R gets registered&nbsp;in different state&nbsp;till now police final report is not yet submitted , in term on evidence&nbsp;police will submit 2 -3 fake whatsup&nbsp;messges&nbsp;on year 2019.&nbsp;

IO told me he is going to submit charge sheet in few days.
The day IO submit final report in MM court ,&nbsp;shall i reach court and submit objection u/s 468(2)(c), now court is bared to take cognizance&nbsp;due to limitation act.also jurisdiction&nbsp;ground as per recent judgment of supreme court on dated 25.09.2024 KAILASHBEN MAHENDRABHAI PATEL c ?
shall i approach&nbsp;to delhi high court&nbsp; to quash on the judgment on A.Kaliyaperumal of madardh high court of 2024 on limitation groud&nbsp;?
can i go the delhi high to quash even after submission of final report in MM court( New Delhi, Delhi )",48,"The key legal issue here is liability for financial loss due to advice given in a non-professional capacity. Under contract law, unless there was a formal agreement or misrepresentation, you are generally not liable for your friend's losses incurred from gambling based on your astrology advice. You cannot be held responsible for debts your friend incurred unless you explicitly agreed to be liable for them.

Legally, you should inform your friend that his financial obligations are solely his responsibility. If he continues to pressure you, consider sending a formal notice stating your non-involvement in his financial decisions. If the situation escalates, you may need to seek legal protection against harassment or defamation.",0.0,4.4055,18.644,3.9559,16.4299,20.5111,3.2801,20.0199,4.4031,1.5684,1.0,27.1385,49.3219,48.9553,83.8938
59,"A wife and her two children were abandoned by a husband . The wife and her two children created his death certificate and got some property to her name. The guy filed a complaint against her.how can the wife and kids get a clean chit here ?( Davanagere, Karnataka )",PC::Death of Wife and Daughter Alleged → PC::Respondent Filed Complaint Against Appellants → PC::Claimants are Wife and Daughters of Deceased → PC::Wife Burned by Husband,PC::Death of Wife and Daughter Alleged → PC::Respondent Filed Complaint Against Appellants → PC::Claimants are Wife and Daughters of Deceased → PC::Wife Burned by Husband → PC::Dying Declaration Considered → PC::Magistrate Dismissed Complaint → HKG::MHA_102 → HKG::MHA,"Sir a present municipal commissioner registered a contract Co. in his office to participate in works contract. . an elected councillor is a major partner in the company The company took many contract payments . They produced fake TDS tax remitted certificates and misappropriated tax revenue 38 lacs. HC ordered for recovery. Recovery was effected. FIR registered against the Co. But still present commissioner awarding contact to same Co. But no criminal action initiated against the commissioner. So many petition sent to higher officers. All are waste. Pl tell what's the procedure to get prosecution sanction against the commissioner sir( Vijayawada, Andhra Pradesh )","Sir I've mads omplaint n  filed a WP  in 2018 against an assistant Commr commercial tax for his alleged activities in filing complain against a trader. ie he has shown less crime of forgery docs instead of huge.  ie 150 nos instead of 8. and made favour the accused n weakened the FIR. By this trader evaded 45 lakhs VAT. Only department action taken on him. 

As expected FIR is now dropped  by police  since non coop of AC the complainant. In these three yrs AG audit sent report that he has committed 17 crores revenue loss in his service period.  

Can I  withdraw my earlier WP n file a fresh WP to  take criminal action as well as department action?  I'm the root cause for AG Audit report.( Salem, Tamil Nadu )","Shall i file objection in JMFC or approach to high court to quash police final report in 498a F.I.R ?
In 498a, 406 F.I.R last alleged incident of date 01.08.2020 after 2 year on 20.02.2022 F.I.R gets registered&nbsp;in different state&nbsp;till now police final report is not yet submitted , in term on evidence&nbsp;police will submit 2 -3 fake whatsup&nbsp;messges&nbsp;on year 2019.&nbsp;

IO told me he is going to submit charge sheet in few days.
The day IO submit final report in MM court ,&nbsp;shall i reach court and submit objection u/s 468(2)(c), now court is bared to take cognizance&nbsp;due to limitation act.also jurisdiction&nbsp;ground as per recent judgment of supreme court on dated 25.09.2024 KAILASHBEN MAHENDRABHAI PATEL c ?
shall i approach&nbsp;to delhi high court&nbsp; to quash on the judgment on A.Kaliyaperumal of madardh high court of 2024 on limitation groud&nbsp;?
can i go the delhi high to quash even after submission of final report in MM court( New Delhi, Delhi )","Dear Client,Since the wife has made a fake death certificate to obtain property unlawfully and has performed a fraud, the husband is well within his rights to file a complaint against the wife.Thank you so much I hope this answer helped you.","Creating a false death certificate constitutes forgery under Section 463 of the Indian Penal Code, 1860, which is a criminal offense. The wife and children cannot legally obtain a ""clean chit"" if they have committed forgery unless they can demonstrate that the act was done without fraudulent intent or under duress. They may consider approaching the court to explain their circumstances and seek leniency, potentially arguing any mitigating factors.

Next steps include consulting with a criminal defense attorney to prepare a defense strategy and possibly negotiating with the complainant for an out-of-court settlement if permissible. Additionally, they should be prepared to contest the allegations by providing evidence or testimony that may mitigate their culpability.",0.9917,63.2476,18.644,3.9559,16.4299,20.5111,3.2801,20.0199,4.4031,1.5684,1.0,27.1385,49.3219,48.9553,83.8938
60,"What is police station bail and what will effect in future ?( Bangalore, Karnataka )",HKG::EPF_6 → HKG::EPF_AT_2 → HKG::CCS_ME_3 → HKG::CCS_ME_5,HKG::EPF_6 → HKG::EPF_AT_2 → HKG::CCS_ME_3 → HKG::CCS_ME_5 → HKG::leave → HKG::labour_court → HKG::gratuity → HKG::provident_fund,"Sir a present municipal commissioner registered a contract Co. in his office to participate in works contract. . an elected councillor is a major partner in the company The company took many contract payments . They produced fake TDS tax remitted certificates and misappropriated tax revenue 38 lacs. HC ordered for recovery. Recovery was effected. FIR registered against the Co. But still present commissioner awarding contact to same Co. But no criminal action initiated against the commissioner. So many petition sent to higher officers. All are waste. Pl tell what's the procedure to get prosecution sanction against the commissioner sir( Vijayawada, Andhra Pradesh )","Sir I've mads omplaint n  filed a WP  in 2018 against an assistant Commr commercial tax for his alleged activities in filing complain against a trader. ie he has shown less crime of forgery docs instead of huge.  ie 150 nos instead of 8. and made favour the accused n weakened the FIR. By this trader evaded 45 lakhs VAT. Only department action taken on him. 

As expected FIR is now dropped  by police  since non coop of AC the complainant. In these three yrs AG audit sent report that he has committed 17 crores revenue loss in his service period.  

Can I  withdraw my earlier WP n file a fresh WP to  take criminal action as well as department action?  I'm the root cause for AG Audit report.( Salem, Tamil Nadu )","Shall i file objection in JMFC or approach to high court to quash police final report in 498a F.I.R ?
In 498a, 406 F.I.R last alleged incident of date 01.08.2020 after 2 year on 20.02.2022 F.I.R gets registered&nbsp;in different state&nbsp;till now police final report is not yet submitted , in term on evidence&nbsp;police will submit 2 -3 fake whatsup&nbsp;messges&nbsp;on year 2019.&nbsp;

IO told me he is going to submit charge sheet in few days.
The day IO submit final report in MM court ,&nbsp;shall i reach court and submit objection u/s 468(2)(c), now court is bared to take cognizance&nbsp;due to limitation act.also jurisdiction&nbsp;ground as per recent judgment of supreme court on dated 25.09.2024 KAILASHBEN MAHENDRABHAI PATEL c ?
shall i approach&nbsp;to delhi high court&nbsp; to quash on the judgment on A.Kaliyaperumal of madardh high court of 2024 on limitation groud&nbsp;?
can i go the delhi high to quash even after submission of final report in MM court( New Delhi, Delhi )","Dear Sir,In case of bailable offence police will take bail bound on a format and you have to sign it.","Police station bail, also known as station bail, is a form of bail granted by the police at the station level, typically for bailable offenses under the Code of Criminal Procedure, 1973. It allows an accused to be released from custody without having to appear before a magistrate, provided they furnish the required surety or bond. This type of bail does not typically affect one's future unless the accused fails to comply with the conditions of bail, which could lead to stricter scrutiny or denial of bail in future proceedings.

The accused must ensure compliance with all bail conditions and attend all required court hearings. If any conditions are violated, the bail can be revoked, and the accused may face additional legal consequences. To maintain compliance, regularly check in with legal counsel and adhere to all legal obligations related to the case.",0.4043,57.3883,18.644,3.9559,16.4299,20.5111,3.2801,20.0199,4.4031,1.5684,1.0,27.1385,49.3219,48.9553,83.8938
61,"How much time it takes for the police to expunge/dispose the case in police station if complainant is ready to give her statement/consent and affidavit mentioning she does not want this case to go any further investigation etc.

Already, FIR lodged, NBW issued, accused in HC for Anticipatory Bail.
But now complainant ready to finish the case.( Kochi, Kerala )",PC::Anticipatory Bail Granted → PC::FIR Lodged Against Appellant → PC::Bail Granted to Accused in Murder Case → PC::Police Personnel Took Court Officers to Police Station,PC::Anticipatory Bail Granted → PC::FIR Lodged Against Appellant → PC::Bail Granted to Accused in Murder Case → PC::Police Personnel Took Court Officers to Police Station → HKG::RPSR_6 → HKG::labour_court → PC::High Court Order Set Aside → HKG::LIM_133,"Sir a present municipal commissioner registered a contract Co. in his office to participate in works contract. . an elected councillor is a major partner in the company The company took many contract payments . They produced fake TDS tax remitted certificates and misappropriated tax revenue 38 lacs. HC ordered for recovery. Recovery was effected. FIR registered against the Co. But still present commissioner awarding contact to same Co. But no criminal action initiated against the commissioner. So many petition sent to higher officers. All are waste. Pl tell what's the procedure to get prosecution sanction against the commissioner sir( Vijayawada, Andhra Pradesh )","Sir I've mads omplaint n  filed a WP  in 2018 against an assistant Commr commercial tax for his alleged activities in filing complain against a trader. ie he has shown less crime of forgery docs instead of huge.  ie 150 nos instead of 8. and made favour the accused n weakened the FIR. By this trader evaded 45 lakhs VAT. Only department action taken on him. 

As expected FIR is now dropped  by police  since non coop of AC the complainant. In these three yrs AG audit sent report that he has committed 17 crores revenue loss in his service period.  

Can I  withdraw my earlier WP n file a fresh WP to  take criminal action as well as department action?  I'm the root cause for AG Audit report.( Salem, Tamil Nadu )","Shall i file objection in JMFC or approach to high court to quash police final report in 498a F.I.R ?
In 498a, 406 F.I.R last alleged incident of date 01.08.2020 after 2 year on 20.02.2022 F.I.R gets registered&nbsp;in different state&nbsp;till now police final report is not yet submitted , in term on evidence&nbsp;police will submit 2 -3 fake whatsup&nbsp;messges&nbsp;on year 2019.&nbsp;

IO told me he is going to submit charge sheet in few days.
The day IO submit final report in MM court ,&nbsp;shall i reach court and submit objection u/s 468(2)(c), now court is bared to take cognizance&nbsp;due to limitation act.also jurisdiction&nbsp;ground as per recent judgment of supreme court on dated 25.09.2024 KAILASHBEN MAHENDRABHAI PATEL c ?
shall i approach&nbsp;to delhi high court&nbsp; to quash on the judgment on A.Kaliyaperumal of madardh high court of 2024 on limitation groud&nbsp;?
can i go the delhi high to quash even after submission of final report in MM court( New Delhi, Delhi )",Quash such FIR u/s 482 CrPC in the High Court.,"Once an FIR is lodged, the police are obligated to investigate the matter under Section 156 of the CrPC. However, if the complainant is willing to retract their complaint, they can provide a statement to the police and submit an affidavit indicating their desire to withdraw the complaint, which may expedite the closure of the case. The police may then file a closure report under Section 173 of the CrPC, stating that no further investigation is warranted. The complainant should also appear before the Magistrate to confirm their statement, as the court's approval is necessary to formally close the case. It is important to note that the final decision to dispose of the case rests with the court, not the police.",0.3802,40.4343,18.644,3.9559,16.4299,20.5111,3.2801,20.0199,4.4031,1.5684,1.0,27.1385,49.3219,48.9553,83.8938
62,"I was cheated by a guy for a online game big money payment..He told he will refund money but didnt return..So I complained to cyber crime and they took action and freezed/blocked his all bank accounts(around 3) to which I paid money.. Even after complaint he was threatening me like do wtever u want etc..Later after few days he started pleading that pls take back compliant , I'm poor,u did mistake and gave all reasons..He told he will give back my money somehow. I didn't want to go ahead with full investigation since it would take long time if at all my money is recovered and police said they recovered very little amount..Also I dint want to go to courts and spending lot again...So I decided to take back complaint and complaint was closed..When closing complaint police told this is like a false complaint but we are letting you go dont do it next time and case was closed..I asked that fraud guy to pay my money in installments at least but he says I will die ,i have no option etc..So now I stopped messaging completely and all blocked his number from 10 days.. The most important things is still his bank accounts are not unblocked by police..I'm expecting he will come back to me one day, so I have decided that let him pay my full money first, then he will have to contact the police to unblock his bank accounts..I don't want to involve in this.. My queries are
1) Case is closed from my end. But account unblocking not yet done..In case if I get my money back should I ask the culprit to approach police and unblock his account? I don't want to run behind police helping culprits again.Let culprits do it themselves? Is this better option?
2) I guess the culprit is locked/struck from all sides.If at all he commits suicide or anything will I be in trouble ?
3) I have not harassed him in anyway .. I even took back complaint which nobody will do and given time to pay in installments also..Still in anyway i will be in trouble?( Bangalore, Karnataka )",HKG::MEPS_26 → HKG::MEPS_40 → HKG::EC_RULES_35 → HKG::EPF_AT_22,HKG::MEPS_26 → HKG::MEPS_40 → HKG::EC_RULES_35 → HKG::EPF_AT_22 → HKG::labour_court → HKG::leave → HKG::MEPS → HKG::notice_period,"Sir a present municipal commissioner registered a contract Co. in his office to participate in works contract. . an elected councillor is a major partner in the company The company took many contract payments . They produced fake TDS tax remitted certificates and misappropriated tax revenue 38 lacs. HC ordered for recovery. Recovery was effected. FIR registered against the Co. But still present commissioner awarding contact to same Co. But no criminal action initiated against the commissioner. So many petition sent to higher officers. All are waste. Pl tell what's the procedure to get prosecution sanction against the commissioner sir( Vijayawada, Andhra Pradesh )","Sir I've mads omplaint n  filed a WP  in 2018 against an assistant Commr commercial tax for his alleged activities in filing complain against a trader. ie he has shown less crime of forgery docs instead of huge.  ie 150 nos instead of 8. and made favour the accused n weakened the FIR. By this trader evaded 45 lakhs VAT. Only department action taken on him. 

As expected FIR is now dropped  by police  since non coop of AC the complainant. In these three yrs AG audit sent report that he has committed 17 crores revenue loss in his service period.  

Can I  withdraw my earlier WP n file a fresh WP to  take criminal action as well as department action?  I'm the root cause for AG Audit report.( Salem, Tamil Nadu )","Shall i file objection in JMFC or approach to high court to quash police final report in 498a F.I.R ?
In 498a, 406 F.I.R last alleged incident of date 01.08.2020 after 2 year on 20.02.2022 F.I.R gets registered&nbsp;in different state&nbsp;till now police final report is not yet submitted , in term on evidence&nbsp;police will submit 2 -3 fake whatsup&nbsp;messges&nbsp;on year 2019.&nbsp;

IO told me he is going to submit charge sheet in few days.
The day IO submit final report in MM court ,&nbsp;shall i reach court and submit objection u/s 468(2)(c), now court is bared to take cognizance&nbsp;due to limitation act.also jurisdiction&nbsp;ground as per recent judgment of supreme court on dated 25.09.2024 KAILASHBEN MAHENDRABHAI PATEL c ?
shall i approach&nbsp;to delhi high court&nbsp; to quash on the judgment on A.Kaliyaperumal of madardh high court of 2024 on limitation groud&nbsp;?
can i go the delhi high to quash even after submission of final report in MM court( New Delhi, Delhi )","Why yo have to go to police/ Let him take take the pain of doing all this.No you will not as he has committed the crime and you might be called as a witness, that's itNo you will not be in trouble but if police calls you for anything then you need to get in touch with a good criminal lawyer.","1) Since the case has been closed and you have withdrawn your complaint, you are not obligated to assist the culprit in unblocking his bank accounts. It is within the rights of the account holder to approach the police or the relevant authority to request the unblocking of his accounts. This is a reasonable course of action, as you are not required to facilitate his dealings with the police.

2) If the individual commits suicide, you generally would not be held liable unless there is evidence of harassment or abetment on your part, as per Section 306 of the Indian Penal Code. Given your description of the situation, it appears you have not engaged in any such conduct.

3) Based on your actions of withdrawing the complaint and not engaging further, you are unlikely to face legal trouble. However, it is advisable to document all interactions and communications with the individual to protect yourself from any potential claims of harassment or coercion in the future.",0.9168,42.8697,18.644,3.9559,16.4299,20.5111,3.2801,20.0199,4.4031,1.5684,1.0,27.1385,49.3219,48.9553,83.8938
63,"I am a new resident of mira road and have been booked under ipc 279 and 184. The situation - i was trying to take a u turn which passed few blocks when the police caught. They told me you have to pay fine at the police station and over there file a fir directly. Till date I have already paid 2500 rupees to the sub inspector they have not given a single piece of paper / receipt of anything. And have take my driving license. This happened on 12th April and about 2 months now. I keep visiting the police station but they say Kal ao hojayga.( Thane, Maharashtra )","PC::Police Personnel Took Court Officers to Police Station → PC::Section 7 of the Police Act, 1861 → PC::Section 7 of the Police Act, 5 of 1861 → PC::Section 42 of the Police Act, 1861","PC::Police Personnel Took Court Officers to Police Station → PC::Section 7 of the Police Act, 1861 → PC::Section 7 of the Police Act, 5 of 1861 → PC::Section 42 of the Police Act, 1861 → HKG::BTC_326 → HKG::provident_fund → HKG::BTC_346 → HKG::BTC","Sir a present municipal commissioner registered a contract Co. in his office to participate in works contract. . an elected councillor is a major partner in the company The company took many contract payments . They produced fake TDS tax remitted certificates and misappropriated tax revenue 38 lacs. HC ordered for recovery. Recovery was effected. FIR registered against the Co. But still present commissioner awarding contact to same Co. But no criminal action initiated against the commissioner. So many petition sent to higher officers. All are waste. Pl tell what's the procedure to get prosecution sanction against the commissioner sir( Vijayawada, Andhra Pradesh )","Sir I've mads omplaint n  filed a WP  in 2018 against an assistant Commr commercial tax for his alleged activities in filing complain against a trader. ie he has shown less crime of forgery docs instead of huge.  ie 150 nos instead of 8. and made favour the accused n weakened the FIR. By this trader evaded 45 lakhs VAT. Only department action taken on him. 

As expected FIR is now dropped  by police  since non coop of AC the complainant. In these three yrs AG audit sent report that he has committed 17 crores revenue loss in his service period.  

Can I  withdraw my earlier WP n file a fresh WP to  take criminal action as well as department action?  I'm the root cause for AG Audit report.( Salem, Tamil Nadu )","Shall i file objection in JMFC or approach to high court to quash police final report in 498a F.I.R ?
In 498a, 406 F.I.R last alleged incident of date 01.08.2020 after 2 year on 20.02.2022 F.I.R gets registered&nbsp;in different state&nbsp;till now police final report is not yet submitted , in term on evidence&nbsp;police will submit 2 -3 fake whatsup&nbsp;messges&nbsp;on year 2019.&nbsp;

IO told me he is going to submit charge sheet in few days.
The day IO submit final report in MM court ,&nbsp;shall i reach court and submit objection u/s 468(2)(c), now court is bared to take cognizance&nbsp;due to limitation act.also jurisdiction&nbsp;ground as per recent judgment of supreme court on dated 25.09.2024 KAILASHBEN MAHENDRABHAI PATEL c ?
shall i approach&nbsp;to delhi high court&nbsp; to quash on the judgment on A.Kaliyaperumal of madardh high court of 2024 on limitation groud&nbsp;?
can i go the delhi high to quash even after submission of final report in MM court( New Delhi, Delhi )",Aap kisi advocate ko appointed kar sakte hai. Or court se is dispute ko solved kar sakte hai.,"Under Section 279 of the Indian Penal Code (IPC), rash driving on a public way is a criminal offense, while Section 184 of the Motor Vehicles Act pertains to driving dangerously. The police's failure to provide a receipt for the fine and retain your driving license without due process is improper. Legally, you can file a complaint with the higher police authorities or the Superintendent of Police for misconduct and demand the return of your driving license. Additionally, you can approach the local Magistrate's Court to address the wrongful retention of your license and seek redress for any undue harassment.",0.4289,16.305,18.644,3.9559,16.4299,20.5111,3.2801,20.0199,4.4031,1.5684,1.0,27.1385,49.3219,48.9553,83.8938
64,"What to do if a witness refuses to give a statement in a case( Chhindwara, Madhya Pradesh )",HKG::ESI_2 → HKG::ESI_2A → HKG::ESI_10 → HKG::ESI_20,HKG::ESI_2 → HKG::ESI_2A → HKG::ESI_10 → HKG::ESI_20 → HKG::esi → HKG::Employees State Insurance Act 1948 → HKG::Q_914 → HKG::EC_RULES_3,"Sir a present municipal commissioner registered a contract Co. in his office to participate in works contract. . an elected councillor is a major partner in the company The company took many contract payments . They produced fake TDS tax remitted certificates and misappropriated tax revenue 38 lacs. HC ordered for recovery. Recovery was effected. FIR registered against the Co. But still present commissioner awarding contact to same Co. But no criminal action initiated against the commissioner. So many petition sent to higher officers. All are waste. Pl tell what's the procedure to get prosecution sanction against the commissioner sir( Vijayawada, Andhra Pradesh )","Shall i file objection in JMFC or approach to high court to quash police final report in 498a F.I.R ?
In 498a, 406 F.I.R last alleged incident of date 01.08.2020 after 2 year on 20.02.2022 F.I.R gets registered&nbsp;in different state&nbsp;till now police final report is not yet submitted , in term on evidence&nbsp;police will submit 2 -3 fake whatsup&nbsp;messges&nbsp;on year 2019.&nbsp;

IO told me he is going to submit charge sheet in few days.
The day IO submit final report in MM court ,&nbsp;shall i reach court and submit objection u/s 468(2)(c), now court is bared to take cognizance&nbsp;due to limitation act.also jurisdiction&nbsp;ground as per recent judgment of supreme court on dated 25.09.2024 KAILASHBEN MAHENDRABHAI PATEL c ?
shall i approach&nbsp;to delhi high court&nbsp; to quash on the judgment on A.Kaliyaperumal of madardh high court of 2024 on limitation groud&nbsp;?
can i go the delhi high to quash even after submission of final report in MM court( New Delhi, Delhi )","Sir I've mads omplaint n  filed a WP  in 2018 against an assistant Commr commercial tax for his alleged activities in filing complain against a trader. ie he has shown less crime of forgery docs instead of huge.  ie 150 nos instead of 8. and made favour the accused n weakened the FIR. By this trader evaded 45 lakhs VAT. Only department action taken on him. 

As expected FIR is now dropped  by police  since non coop of AC the complainant. In these three yrs AG audit sent report that he has committed 17 crores revenue loss in his service period.  

Can I  withdraw my earlier WP n file a fresh WP to  take criminal action as well as department action?  I'm the root cause for AG Audit report.( Salem, Tamil Nadu )","Hi client,Once a person receives a summon to be a witness in any of the matter before the court he/ she cannot deny the same. Once denied the person will be charged with contempt of court and  a warrant can be issued for  arrest.There are specific vital grounds where a witness may not attend a case-1.Death2.Hospitalized3.Somebody in the family is dead/ illetc.Thanks and RegardsSimi Paul","Under Indian law, a witness can be compelled to give a statement if they have been summoned by the court. Under Section 160 of the Code of Criminal Procedure, 1973, the police have the authority to require the attendance of a person who appears to be acquainted with the facts of a case. If a witness refuses to cooperate, the court can issue a summons under Section 61 CrPC, compelling them to appear and provide testimony.

If the witness continues to refuse, they may face legal consequences, including contempt of court. The next step would be to inform the court of the witness's refusal, so that appropriate legal measures can be taken to ensure their compliance.",2.738,71.4615,18.644,3.9559,16.4299,20.5111,3.2801,20.0199,4.4031,1.5684,1.0,27.1385,49.3219,48.9553,83.8938
65,"I have a friend she and I are friends since 2 months in new year I visited her home to wish her and she invited me for dinner with her parents, I ate dinner her father and her mother was also there and then I came back home nothing happened I just talked with her parents wished them new year and came back home I have fear that they can do false case against me of harassment and sexually and all the fake cases to earn money from me, let me clear you nothing happened she is my classmate we only talk class related talks on college she invited me for dinner that's all but I felt bad for going at her house and having dinner because I am afraid of false cases going these days( Ranchi, Jharkhand )",HKG::ESI_2 → HKG::ESI_2A → HKG::ESI_10 → HKG::ESI_20,HKG::ESI_2 → HKG::ESI_2A → HKG::ESI_10 → HKG::ESI_20 → HKG::esi → HKG::Employees State Insurance Act 1948 → HKG::ESI_51D → HKG::ESI_14,"Sir a present municipal commissioner registered a contract Co. in his office to participate in works contract. . an elected councillor is a major partner in the company The company took many contract payments . They produced fake TDS tax remitted certificates and misappropriated tax revenue 38 lacs. HC ordered for recovery. Recovery was effected. FIR registered against the Co. But still present commissioner awarding contact to same Co. But no criminal action initiated against the commissioner. So many petition sent to higher officers. All are waste. Pl tell what's the procedure to get prosecution sanction against the commissioner sir( Vijayawada, Andhra Pradesh )","Sir I've mads omplaint n  filed a WP  in 2018 against an assistant Commr commercial tax for his alleged activities in filing complain against a trader. ie he has shown less crime of forgery docs instead of huge.  ie 150 nos instead of 8. and made favour the accused n weakened the FIR. By this trader evaded 45 lakhs VAT. Only department action taken on him. 

As expected FIR is now dropped  by police  since non coop of AC the complainant. In these three yrs AG audit sent report that he has committed 17 crores revenue loss in his service period.  

Can I  withdraw my earlier WP n file a fresh WP to  take criminal action as well as department action?  I'm the root cause for AG Audit report.( Salem, Tamil Nadu )","Shall i file objection in JMFC or approach to high court to quash police final report in 498a F.I.R ?
In 498a, 406 F.I.R last alleged incident of date 01.08.2020 after 2 year on 20.02.2022 F.I.R gets registered&nbsp;in different state&nbsp;till now police final report is not yet submitted , in term on evidence&nbsp;police will submit 2 -3 fake whatsup&nbsp;messges&nbsp;on year 2019.&nbsp;

IO told me he is going to submit charge sheet in few days.
The day IO submit final report in MM court ,&nbsp;shall i reach court and submit objection u/s 468(2)(c), now court is bared to take cognizance&nbsp;due to limitation act.also jurisdiction&nbsp;ground as per recent judgment of supreme court on dated 25.09.2024 KAILASHBEN MAHENDRABHAI PATEL c ?
shall i approach&nbsp;to delhi high court&nbsp; to quash on the judgment on A.Kaliyaperumal of madardh high court of 2024 on limitation groud&nbsp;?
can i go the delhi high to quash even after submission of final report in MM court( New Delhi, Delhi )","Dear Sir,If any FIR was registered which is false then you have every right to approach High Court for staying and quashing of such baseless FIR.","The primary legal issue here is the fear of being falsely accused of harassment or sexual misconduct. Under Indian law, false accusations can be contested, and malicious prosecution is a recognized tort. If a false case is filed, the accused can file a counter-complaint under Section 211 of the Indian Penal Code, which deals with false charges.

Legally, one cannot prevent someone from filing a false case, but one can gather evidence to defend against such accusations. Keep records of all communications and interactions with your friend and her family. If a false case arises, consult a lawyer immediately to challenge the allegations and consider filing a defamation suit if the accusations are baseless.",0.5131,34.4172,18.644,3.9559,16.4299,20.5111,3.2801,20.0199,4.4031,1.5684,1.0,27.1385,49.3219,48.9553,83.8938
66,"One of my friends(ST) got into altercation with a muslim and scolded him couple of bad words and that muslim is threatening to give a police complaint ... what is the process regarding this and should my friend worry ?( Hyderabad, Telangana )",HKG::IDA_2A → HKG::ESI_73 → HKG::IDA_25F → HKG::IDA_25H,HKG::IDA_2A → HKG::ESI_73 → HKG::IDA_25F → HKG::IDA_25H → HKG::Industrial Disputes Act 1947 → HKG::esi → HKG::Employees State Insurance Act 1948 → HKG::PROC_ESI_CLAIM,"Sir a present municipal commissioner registered a contract Co. in his office to participate in works contract. . an elected councillor is a major partner in the company The company took many contract payments . They produced fake TDS tax remitted certificates and misappropriated tax revenue 38 lacs. HC ordered for recovery. Recovery was effected. FIR registered against the Co. But still present commissioner awarding contact to same Co. But no criminal action initiated against the commissioner. So many petition sent to higher officers. All are waste. Pl tell what's the procedure to get prosecution sanction against the commissioner sir( Vijayawada, Andhra Pradesh )","Sir I've mads omplaint n  filed a WP  in 2018 against an assistant Commr commercial tax for his alleged activities in filing complain against a trader. ie he has shown less crime of forgery docs instead of huge.  ie 150 nos instead of 8. and made favour the accused n weakened the FIR. By this trader evaded 45 lakhs VAT. Only department action taken on him. 

As expected FIR is now dropped  by police  since non coop of AC the complainant. In these three yrs AG audit sent report that he has committed 17 crores revenue loss in his service period.  

Can I  withdraw my earlier WP n file a fresh WP to  take criminal action as well as department action?  I'm the root cause for AG Audit report.( Salem, Tamil Nadu )","Dear Sir, 

One of the nationalised bank lodged an FIR against me under IPC SEC 420 for cheating and fraud related to ATM transactions in the year 2015.

For your kind information, i and my two relatives made 50 + atm transactions using their two atm. And all the transactions was unsuccessful. After raising disputes, they reverse the amount for 30+ claims. But they refused to settle the claims for last few transactions and alleged me and my relatives that we falsely lodged complaints due to ATM malfunctions. The ATM machine is failed to provide valid journal log of the all these transactions and also not providing CCTV Footage.

I raised a complaint for two of the said unsettled transactions in banking ombudsman, RBI and RBI also made decisions in my favour and asked the bank to refund the amount due to lack of evidence and CCTV Footage. And bank also bound to refund the amount after the RBI Mumbai rejects their appeal.

I also submits a petition at the high court for quashing the FIR. But the concerned IO and public prosecutor urged the court that investigation is still pending and they need some time to complete the investigation. And for that reason, the high court dismissed my petition and ordered the concerned IO to start the investigation without further delay and complete the same as soon as possible. The said judgement was made almost two years ago.

So I cordially request you to look into the matter and give me some advice what can I do right now.

With regards,

S Dasgupta.( Guwahati, Assam )","Dear Sir,You need not bother since law will take its course. However, ask your friend to lodge counter complaint saying that the other party used abusive words touching the caste of your friend which is more serious.","The legal issue at hand involves potential charges under Section 153A of the Indian Penal Code (IPC), which criminalizes promoting enmity between different groups on grounds of religion. Your friend should be cautious, as using derogatory language in an altercation can lead to allegations of hate speech or communal tension. 

Legally, your friend cannot use derogatory language that could incite communal disharmony. However, if the situation was a minor altercation without any intent to promote enmity, it may not meet the threshold for criminal charges under Section 153A IPC. 

Next steps: Your friend should consider apologizing and resolving the matter amicably to avoid escalation. If a complaint is filed, consult a lawyer immediately to prepare a defense, potentially arguing lack of intent or the minor nature of the incident.",1.566,72.2692,18.644,3.9559,16.4299,20.5111,3.2801,20.0199,4.4031,1.5684,1.0,27.1385,49.3219,48.9553,83.8938
67,"What is uncertified copy in cross examination and why is it requires?( Bharatpur, Rajasthan )",PC::Delay in Cross Examination of Witness → HKG::IEA_146 → HKG::IEA_137 → PC::Respondent Convicted in Cross Case,PC::Delay in Cross Examination of Witness → HKG::IEA_146 → HKG::IEA_137 → PC::Respondent Convicted in Cross Case → HKG::EPF_AT_4 → HKG::labour_court → PC::Witness Unable to Attend Due to Illness → HKG::RPSR_26,"Sir a present municipal commissioner registered a contract Co. in his office to participate in works contract. . an elected councillor is a major partner in the company The company took many contract payments . They produced fake TDS tax remitted certificates and misappropriated tax revenue 38 lacs. HC ordered for recovery. Recovery was effected. FIR registered against the Co. But still present commissioner awarding contact to same Co. But no criminal action initiated against the commissioner. So many petition sent to higher officers. All are waste. Pl tell what's the procedure to get prosecution sanction against the commissioner sir( Vijayawada, Andhra Pradesh )","Sir I've mads omplaint n  filed a WP  in 2018 against an assistant Commr commercial tax for his alleged activities in filing complain against a trader. ie he has shown less crime of forgery docs instead of huge.  ie 150 nos instead of 8. and made favour the accused n weakened the FIR. By this trader evaded 45 lakhs VAT. Only department action taken on him. 

As expected FIR is now dropped  by police  since non coop of AC the complainant. In these three yrs AG audit sent report that he has committed 17 crores revenue loss in his service period.  

Can I  withdraw my earlier WP n file a fresh WP to  take criminal action as well as department action?  I'm the root cause for AG Audit report.( Salem, Tamil Nadu )","Shall i file objection in JMFC or approach to high court to quash police final report in 498a F.I.R ?
In 498a, 406 F.I.R last alleged incident of date 01.08.2020 after 2 year on 20.02.2022 F.I.R gets registered&nbsp;in different state&nbsp;till now police final report is not yet submitted , in term on evidence&nbsp;police will submit 2 -3 fake whatsup&nbsp;messges&nbsp;on year 2019.&nbsp;

IO told me he is going to submit charge sheet in few days.
The day IO submit final report in MM court ,&nbsp;shall i reach court and submit objection u/s 468(2)(c), now court is bared to take cognizance&nbsp;due to limitation act.also jurisdiction&nbsp;ground as per recent judgment of supreme court on dated 25.09.2024 KAILASHBEN MAHENDRABHAI PATEL c ?
shall i approach&nbsp;to delhi high court&nbsp; to quash on the judgment on A.Kaliyaperumal of madardh high court of 2024 on limitation groud&nbsp;?
can i go the delhi high to quash even after submission of final report in MM court( New Delhi, Delhi )","Hello,Uncertified copy means an unofficial copy of a registered vital record which is not printed on security paper and which does not contain any authentication by the issuing jurisdiction.","In cross-examination, an uncertified copy refers to a document that has not been authenticated or certified as a true copy of the original by a competent authority. Under the Indian Evidence Act, 1872, particularly Sections 63 and 65, secondary evidence, like uncertified copies, is generally not admissible unless specific conditions are met, such as the original being lost or inaccessible. 

The user cannot rely on uncertified copies as evidence unless they can prove the necessity under the exceptions provided by the law. To proceed, the user should obtain certified copies of the documents they wish to use in cross-examination. Additionally, they should be prepared to explain the relevance and necessity of using secondary evidence if certified copies are unavailable.",1.0402,59.7858,18.644,3.9559,16.4299,20.5111,3.2801,20.0199,4.4031,1.5684,1.0,27.1385,49.3219,48.9553,83.8938
68,"Informing about the extra marital affairs of a husband to his wife is comes under blackmailing?( Amritsar, Punjab )",HKG::PGA_7 → HKG::EPF_7D → HKG::ESI_55 → HKG::IRC_44,HKG::PGA_7 → HKG::EPF_7D → HKG::ESI_55 → HKG::IRC_44 → HKG::labour_court → HKG::gratuity → HKG::Employees State Insurance Act 1948 → HKG::PROC_GRATUITY_CLAIM,"Sir a present municipal commissioner registered a contract Co. in his office to participate in works contract. . an elected councillor is a major partner in the company The company took many contract payments . They produced fake TDS tax remitted certificates and misappropriated tax revenue 38 lacs. HC ordered for recovery. Recovery was effected. FIR registered against the Co. But still present commissioner awarding contact to same Co. But no criminal action initiated against the commissioner. So many petition sent to higher officers. All are waste. Pl tell what's the procedure to get prosecution sanction against the commissioner sir( Vijayawada, Andhra Pradesh )","Sir I've mads omplaint n  filed a WP  in 2018 against an assistant Commr commercial tax for his alleged activities in filing complain against a trader. ie he has shown less crime of forgery docs instead of huge.  ie 150 nos instead of 8. and made favour the accused n weakened the FIR. By this trader evaded 45 lakhs VAT. Only department action taken on him. 

As expected FIR is now dropped  by police  since non coop of AC the complainant. In these three yrs AG audit sent report that he has committed 17 crores revenue loss in his service period.  

Can I  withdraw my earlier WP n file a fresh WP to  take criminal action as well as department action?  I'm the root cause for AG Audit report.( Salem, Tamil Nadu )","Dear Sir, 

One of the nationalised bank lodged an FIR against me under IPC SEC 420 for cheating and fraud related to ATM transactions in the year 2015.

For your kind information, i and my two relatives made 50 + atm transactions using their two atm. And all the transactions was unsuccessful. After raising disputes, they reverse the amount for 30+ claims. But they refused to settle the claims for last few transactions and alleged me and my relatives that we falsely lodged complaints due to ATM malfunctions. The ATM machine is failed to provide valid journal log of the all these transactions and also not providing CCTV Footage.

I raised a complaint for two of the said unsettled transactions in banking ombudsman, RBI and RBI also made decisions in my favour and asked the bank to refund the amount due to lack of evidence and CCTV Footage. And bank also bound to refund the amount after the RBI Mumbai rejects their appeal.

I also submits a petition at the high court for quashing the FIR. But the concerned IO and public prosecutor urged the court that investigation is still pending and they need some time to complete the investigation. And for that reason, the high court dismissed my petition and ordered the concerned IO to start the investigation without further delay and complete the same as soon as possible. The said judgement was made almost two years ago.

So I cordially request you to look into the matter and give me some advice what can I do right now.

With regards,

S Dasgupta.( Guwahati, Assam )","Hello Sir,If someone is threatening the husband that he will tell his(husband) wife that he is having extramarital affair and asking for money or some favors by saying that he will not disclose his secrets then it is a blackmailing.","Informing a wife about her husband's extramarital affairs does not inherently constitute blackmail unless there is a demand for money, property, or some other form of coercion involved. Under Section 503 of the Indian Penal Code, blackmail is defined as threatening someone with harm to compel them to act against their will. Simply conveying information without any threat or demand does not meet this legal definition. However, if the information is used to threaten or coerce the husband or wife, it could potentially be considered blackmail. If facing such a situation, consider documenting all communications and consult with legal counsel to ensure actions remain within legal boundaries.",1.5452,78.8118,18.644,3.9559,16.4299,20.5111,3.2801,20.0199,4.4031,1.5684,1.0,27.1385,49.3219,48.9553,83.8938
69,"Hi
What is the procedure to make settlement in 420 case.
There are 3 people named in FIR. I am in different state.all have come to consensus to compromise. No chargesheet is filed yet.What is the procedure to do settlement from here.can I execute compromise deed without visiting that state.please explain( Jaipur, Rajasthan )",HKG::PGA_7 → HKG::EPF_7D → HKG::ESI_55 → HKG::IRC_44,HKG::PGA_7 → HKG::EPF_7D → HKG::ESI_55 → HKG::IRC_44 → HKG::labour_court → HKG::Employees State Insurance Act 1948 → HKG::PROC_GRATUITY_CLAIM → HKG::gratuity,"Sir a present municipal commissioner registered a contract Co. in his office to participate in works contract. . an elected councillor is a major partner in the company The company took many contract payments . They produced fake TDS tax remitted certificates and misappropriated tax revenue 38 lacs. HC ordered for recovery. Recovery was effected. FIR registered against the Co. But still present commissioner awarding contact to same Co. But no criminal action initiated against the commissioner. So many petition sent to higher officers. All are waste. Pl tell what's the procedure to get prosecution sanction against the commissioner sir( Vijayawada, Andhra Pradesh )","Sir I've mads omplaint n  filed a WP  in 2018 against an assistant Commr commercial tax for his alleged activities in filing complain against a trader. ie he has shown less crime of forgery docs instead of huge.  ie 150 nos instead of 8. and made favour the accused n weakened the FIR. By this trader evaded 45 lakhs VAT. Only department action taken on him. 

As expected FIR is now dropped  by police  since non coop of AC the complainant. In these three yrs AG audit sent report that he has committed 17 crores revenue loss in his service period.  

Can I  withdraw my earlier WP n file a fresh WP to  take criminal action as well as department action?  I'm the root cause for AG Audit report.( Salem, Tamil Nadu )","Shall i file objection in JMFC or approach to high court to quash police final report in 498a F.I.R ?
In 498a, 406 F.I.R last alleged incident of date 01.08.2020 after 2 year on 20.02.2022 F.I.R gets registered&nbsp;in different state&nbsp;till now police final report is not yet submitted , in term on evidence&nbsp;police will submit 2 -3 fake whatsup&nbsp;messges&nbsp;on year 2019.&nbsp;

IO told me he is going to submit charge sheet in few days.
The day IO submit final report in MM court ,&nbsp;shall i reach court and submit objection u/s 468(2)(c), now court is bared to take cognizance&nbsp;due to limitation act.also jurisdiction&nbsp;ground as per recent judgment of supreme court on dated 25.09.2024 KAILASHBEN MAHENDRABHAI PATEL c ?
shall i approach&nbsp;to delhi high court&nbsp; to quash on the judgment on A.Kaliyaperumal of madardh high court of 2024 on limitation groud&nbsp;?
can i go the delhi high to quash even after submission of final report in MM court( New Delhi, Delhi )","Along with settlement, the FIR will have to be be quashed by the High CourtSo you will have to visit the jurisdictional High Court","In a Section 420 IPC case (cheating), the parties can pursue a compromise, but it requires court approval since it is a non-compoundable offense. The compromise deed can be executed without visiting the state by using digital means or sending notarized documents, but all parties must agree to the terms. Once the deed is prepared, file a petition under Section 482 of the CrPC in the High Court to quash the FIR based on the compromise. Ensure that all parties, including the complainant, are willing to present the compromise before the court. The High Court has the discretion to quash the proceedings if it deems the compromise genuine and in the interest of justice.",1.2471,47.4452,18.644,3.9559,16.4299,20.5111,3.2801,20.0199,4.4031,1.5684,1.0,27.1385,49.3219,48.9553,83.8938
70,"sir, earthsquare phase-i developer pvt limited director sell a plot and handed over fake  registry to us it find when documents puts for mutation process  builder not return my money( Agra, Uttar Pradesh )","PC::Money Handed Over to Appellant → PC::Driver Arrested and Handed Over to Wildlife Authority → PC::Section 12 of the Uttar Pradesh Trade Tax Act, 1948 → PC::Section 11 of the Uttar Pradesh Trade Tax Act, 1948","PC::Money Handed Over to Appellant → PC::Driver Arrested and Handed Over to Wildlife Authority → PC::Section 12 of the Uttar Pradesh Trade Tax Act, 1948 → PC::Section 11 of the Uttar Pradesh Trade Tax Act, 1948 → HKG::FIN_A_160 → HKG::FIN_A → HKG::SOC_REG_12C → HKG::SOC_REG","Sir a present municipal commissioner registered a contract Co. in his office to participate in works contract. . an elected councillor is a major partner in the company The company took many contract payments . They produced fake TDS tax remitted certificates and misappropriated tax revenue 38 lacs. HC ordered for recovery. Recovery was effected. FIR registered against the Co. But still present commissioner awarding contact to same Co. But no criminal action initiated against the commissioner. So many petition sent to higher officers. All are waste. Pl tell what's the procedure to get prosecution sanction against the commissioner sir( Vijayawada, Andhra Pradesh )","Sir I've mads omplaint n  filed a WP  in 2018 against an assistant Commr commercial tax for his alleged activities in filing complain against a trader. ie he has shown less crime of forgery docs instead of huge.  ie 150 nos instead of 8. and made favour the accused n weakened the FIR. By this trader evaded 45 lakhs VAT. Only department action taken on him. 

As expected FIR is now dropped  by police  since non coop of AC the complainant. In these three yrs AG audit sent report that he has committed 17 crores revenue loss in his service period.  

Can I  withdraw my earlier WP n file a fresh WP to  take criminal action as well as department action?  I'm the root cause for AG Audit report.( Salem, Tamil Nadu )","Shall i file objection in JMFC or approach to high court to quash police final report in 498a F.I.R ?
In 498a, 406 F.I.R last alleged incident of date 01.08.2020 after 2 year on 20.02.2022 F.I.R gets registered&nbsp;in different state&nbsp;till now police final report is not yet submitted , in term on evidence&nbsp;police will submit 2 -3 fake whatsup&nbsp;messges&nbsp;on year 2019.&nbsp;

IO told me he is going to submit charge sheet in few days.
The day IO submit final report in MM court ,&nbsp;shall i reach court and submit objection u/s 468(2)(c), now court is bared to take cognizance&nbsp;due to limitation act.also jurisdiction&nbsp;ground as per recent judgment of supreme court on dated 25.09.2024 KAILASHBEN MAHENDRABHAI PATEL c ?
shall i approach&nbsp;to delhi high court&nbsp; to quash on the judgment on A.Kaliyaperumal of madardh high court of 2024 on limitation groud&nbsp;?
can i go the delhi high to quash even after submission of final report in MM court( New Delhi, Delhi )",Dear ClientYou can complaint to the Real Estate Regulating Authority for this issueHope it helps.,"The sale of a plot with a fake registry constitutes fraud under Section 420 of the Indian Penal Code, 1860, which deals with cheating and dishonestly inducing delivery of property. You can file a criminal complaint against the director of Earthsquare Phase-I Developer Pvt. Ltd. for fraud and cheating. Additionally, you may pursue a civil suit for recovery of the money paid under the Specific Relief Act, 1963, seeking either the return of your money or specific performance if applicable. It is advisable to gather all relevant documents and evidence before proceeding to file a complaint with the local police or magistrate.",0.4963,37.7116,18.644,3.9559,16.4299,20.5111,3.2801,20.0199,4.4031,1.5684,1.0,27.1385,49.3219,48.9553,83.8938
71,"Violation of fundamental rights:-
Entire village Boycotted Rajaka(dhobi) community for not washing their clothes and choosing another profession, in srikakulam district of Andhra pradesh.
There was a proclamation issued by sarpanch by beat of tom-tom.. and hence shopkeepers, villagers showed discrimination towards those people and stopped selling goods and helping them...can we approach courts for this matter as these issues are occurring in every villages to minority castes..( East Godavari, Andhra Pradesh )",PC::Violation of Fundamental Rights Established → PC::Chinnaswamy v. State of Andhra Pradesh → PC::Petitioner Claims Violation of Fundamental Rights → PC::Petitioner Alleged Violation of Fundamental Rights,PC::Violation of Fundamental Rights Established → PC::Chinnaswamy v. State of Andhra Pradesh → PC::Petitioner Claims Violation of Fundamental Rights → PC::Petitioner Alleged Violation of Fundamental Rights → PC::Article 16 of the Constitution of India → PC::Undertrial Prisoner Subjected to Humiliation → PC::Article 19 of the Constitution of India → HKG::LIM_104,"Sir a present municipal commissioner registered a contract Co. in his office to participate in works contract. . an elected councillor is a major partner in the company The company took many contract payments . They produced fake TDS tax remitted certificates and misappropriated tax revenue 38 lacs. HC ordered for recovery. Recovery was effected. FIR registered against the Co. But still present commissioner awarding contact to same Co. But no criminal action initiated against the commissioner. So many petition sent to higher officers. All are waste. Pl tell what's the procedure to get prosecution sanction against the commissioner sir( Vijayawada, Andhra Pradesh )","Sir I've mads omplaint n  filed a WP  in 2018 against an assistant Commr commercial tax for his alleged activities in filing complain against a trader. ie he has shown less crime of forgery docs instead of huge.  ie 150 nos instead of 8. and made favour the accused n weakened the FIR. By this trader evaded 45 lakhs VAT. Only department action taken on him. 

As expected FIR is now dropped  by police  since non coop of AC the complainant. In these three yrs AG audit sent report that he has committed 17 crores revenue loss in his service period.  

Can I  withdraw my earlier WP n file a fresh WP to  take criminal action as well as department action?  I'm the root cause for AG Audit report.( Salem, Tamil Nadu )","Shall i file objection in JMFC or approach to high court to quash police final report in 498a F.I.R ?
In 498a, 406 F.I.R last alleged incident of date 01.08.2020 after 2 year on 20.02.2022 F.I.R gets registered&nbsp;in different state&nbsp;till now police final report is not yet submitted , in term on evidence&nbsp;police will submit 2 -3 fake whatsup&nbsp;messges&nbsp;on year 2019.&nbsp;

IO told me he is going to submit charge sheet in few days.
The day IO submit final report in MM court ,&nbsp;shall i reach court and submit objection u/s 468(2)(c), now court is bared to take cognizance&nbsp;due to limitation act.also jurisdiction&nbsp;ground as per recent judgment of supreme court on dated 25.09.2024 KAILASHBEN MAHENDRABHAI PATEL c ?
shall i approach&nbsp;to delhi high court&nbsp; to quash on the judgment on A.Kaliyaperumal of madardh high court of 2024 on limitation groud&nbsp;?
can i go the delhi high to quash even after submission of final report in MM court( New Delhi, Delhi )","Respected sir/ma'am,You can file a writ petition in the Supreme Court or the High Court for violation of right to life, right against discrimination and right to equality.","The situation described constitutes a violation of fundamental rights under Article 15 of the Constitution of India, which prohibits discrimination on grounds of religion, race, caste, sex, or place of birth. The actions of the sarpanch and villagers could also be challenged under Article 21, which guarantees the right to life and personal liberty, as the boycott affects the livelihood of the Rajaka community. Legal recourse can be sought by filing a writ petition in the High Court under Article 226, seeking directions to prevent discrimination and ensure protection of fundamental rights.

Concrete next steps include gathering evidence of the boycott and discrimination, such as witness statements or recordings of the proclamation. Then, consult with a lawyer to draft and file a writ petition in the High Court to seek immediate relief and protection for the affected community.",5.4805,49.5419,18.644,3.9559,16.4299,20.5111,3.2801,20.0199,4.4031,1.5684,1.0,27.1385,49.3219,48.9553,83.8938
72,"Ake banda dusre ke bike se ja raha hai aur uske bike ka accident  ho jaye jisme usme usko bhi serious chote lage aur samne wale insan bhi serious injury ho jaye to

1. bike owner per kya case hoga 
2. Jo bike chala raha tha uspe konsa case hoga( Garhwa, Jharkhand )",HKG::PGA_7 → HKG::EPF_7D → HKG::ESI_55 → HKG::IRC_44,HKG::PGA_7 → HKG::EPF_7D → HKG::ESI_55 → HKG::IRC_44 → HKG::labour_court → HKG::PROC_GRATUITY_CLAIM → HKG::Employees State Insurance Act 1948 → HKG::gratuity,"Sir a present municipal commissioner registered a contract Co. in his office to participate in works contract. . an elected councillor is a major partner in the company The company took many contract payments . They produced fake TDS tax remitted certificates and misappropriated tax revenue 38 lacs. HC ordered for recovery. Recovery was effected. FIR registered against the Co. But still present commissioner awarding contact to same Co. But no criminal action initiated against the commissioner. So many petition sent to higher officers. All are waste. Pl tell what's the procedure to get prosecution sanction against the commissioner sir( Vijayawada, Andhra Pradesh )","Sir I've mads omplaint n  filed a WP  in 2018 against an assistant Commr commercial tax for his alleged activities in filing complain against a trader. ie he has shown less crime of forgery docs instead of huge.  ie 150 nos instead of 8. and made favour the accused n weakened the FIR. By this trader evaded 45 lakhs VAT. Only department action taken on him. 

As expected FIR is now dropped  by police  since non coop of AC the complainant. In these three yrs AG audit sent report that he has committed 17 crores revenue loss in his service period.  

Can I  withdraw my earlier WP n file a fresh WP to  take criminal action as well as department action?  I'm the root cause for AG Audit report.( Salem, Tamil Nadu )","Shall i file objection in JMFC or approach to high court to quash police final report in 498a F.I.R ?
In 498a, 406 F.I.R last alleged incident of date 01.08.2020 after 2 year on 20.02.2022 F.I.R gets registered&nbsp;in different state&nbsp;till now police final report is not yet submitted , in term on evidence&nbsp;police will submit 2 -3 fake whatsup&nbsp;messges&nbsp;on year 2019.&nbsp;

IO told me he is going to submit charge sheet in few days.
The day IO submit final report in MM court ,&nbsp;shall i reach court and submit objection u/s 468(2)(c), now court is bared to take cognizance&nbsp;due to limitation act.also jurisdiction&nbsp;ground as per recent judgment of supreme court on dated 25.09.2024 KAILASHBEN MAHENDRABHAI PATEL c ?
shall i approach&nbsp;to delhi high court&nbsp; to quash on the judgment on A.Kaliyaperumal of madardh high court of 2024 on limitation groud&nbsp;?
can i go the delhi high to quash even after submission of final report in MM court( New Delhi, Delhi )","Dear Client,In the hit-and-run case, police filed an FIR on both the persons involved in a road accident under Sec. 279 of IPC(now Section 281 of BNS) for rash and negligent driving and Section 337 of IPC (now Section 125 of BNS)  for causing hurt to any person. Both offenses are cognizable and bailable offence and triable by a Magistrate. On appeal, bail can be provided by the police officer who has custody of the offender or by the court. To obtain bail, a bail bond needs to be executed, with or without the presence of sureties.   In motor accident cases both the owner and driver of the vehicle are liable to face prosecution proceedings initiated before the Motor Accident Claim Tribunal once an FIR is lodged in the police station in hit and run case and the legal heirs of the deceased victim and the injured persons apply to the Tribunal under Section 166 of the Motor Vehicle Act, 1988 within six months of the occurrence of the accident.  Section 164 of the Motor Vehicles Act, 1988 (as amended in 2019) states that the owner of the motor vehicle or the authorized insurer shall be liable to pay compensation of five lakh rupees in case of death or two and a half lakh rupees in case of grievous hurt to the legal heirs or the victim, as the case may be. The claimant is not required to prove that the death or grievous hurt was due to any wrongful act or neglect of the owner or any other person. In this context, the judgment passed by the Calcutta High Court in the case of Senjuti Roy (Nee Sengupta) VS New India Assurance Co. Ltd. and the judgment passed by the Rajasthan High Court in the case of Ganesh Bairwa VS Ramphool Bairwa may be referred. Given the complexity of the motor accident case as stated in the query that involves delayed registration of the vehicle, driving a vehicle on the road without insurance and other vital documents, absconding of a vehicle in hit and run case, contradictory statements of the witnesses and finally the investigation report of the police, the Tribunal may pass an order for payment of compensation to the claimant against the defaulted parties. Fine as a penalty is imposed only if there is a criminal prosecution. You have to establish the fact before the Court denying that you were not driving the vehicle rashly and that the accident arose not on account of your negligence. You have to take the defense that in spite of cautious driving you met with an accident. Unless you plead guilty generally fine is not imposed. The maximum fine for both offences is around Rs.1500. under Section 279 and 337 IPC if you are ready to plead guilty then the court will impose the fine and close the case but it is better if you can engage the service of an Advocate to navigate the issue in the right way. You may like to contest the case but the court case will drag you for years and you may have to waste your time, energy, and money on litigation as well as lawyer fees which may be ten times the amount that you may pay as a fine, hence better pay the fine amount, which appears to be very minimum and come out of this crisis.","The person riding the bike (the rider) could be charged under Section 279 of the Indian Penal Code (IPC) for rash and negligent driving if it is determined that the accident was due to his negligence. Additionally, if the accident caused serious injuries, charges under Section 338 IPC for causing grievous hurt by act endangering life or personal safety of others may also apply. The bike owner may not face criminal charges unless it is proven that he knowingly allowed an unlicensed or incompetent person to ride the bike, which could involve liability under the Motor Vehicles Act.

The rider should immediately consult with a lawyer to understand the charges and prepare a defense. The bike owner should verify the rider's license and insurance details to mitigate potential civil liabilities.",0.4305,59.1031,18.644,3.9559,16.4299,20.5111,3.2801,20.0199,4.4031,1.5684,1.0,27.1385,49.3219,48.9553,83.8938
73,"Hi,

I have visited an astrologer couple of months ago, recently found out that the gems sold by him is worth 10k for which i paid approx 1.5 lakhs( Mumbai City, Maharashtra )",PC::Property Sold by Official Receiver → PC::Offence Committed Long Ago → PC::Payment of Rs.6.50 Lakhs Not Made → HKG::BTC_232,PC::Property Sold by Official Receiver → PC::Offence Committed Long Ago → PC::Payment of Rs.6.50 Lakhs Not Made → HKG::BTC_232 → HKG::provident_fund → PC::Appellant Found Guilty of Offence → PC::Sentence Reduced on Appeal → HKG::FIN_A_153C,"Sir a present municipal commissioner registered a contract Co. in his office to participate in works contract. . an elected councillor is a major partner in the company The company took many contract payments . They produced fake TDS tax remitted certificates and misappropriated tax revenue 38 lacs. HC ordered for recovery. Recovery was effected. FIR registered against the Co. But still present commissioner awarding contact to same Co. But no criminal action initiated against the commissioner. So many petition sent to higher officers. All are waste. Pl tell what's the procedure to get prosecution sanction against the commissioner sir( Vijayawada, Andhra Pradesh )","Sir I've mads omplaint n  filed a WP  in 2018 against an assistant Commr commercial tax for his alleged activities in filing complain against a trader. ie he has shown less crime of forgery docs instead of huge.  ie 150 nos instead of 8. and made favour the accused n weakened the FIR. By this trader evaded 45 lakhs VAT. Only department action taken on him. 

As expected FIR is now dropped  by police  since non coop of AC the complainant. In these three yrs AG audit sent report that he has committed 17 crores revenue loss in his service period.  

Can I  withdraw my earlier WP n file a fresh WP to  take criminal action as well as department action?  I'm the root cause for AG Audit report.( Salem, Tamil Nadu )","Shall i file objection in JMFC or approach to high court to quash police final report in 498a F.I.R ?
In 498a, 406 F.I.R last alleged incident of date 01.08.2020 after 2 year on 20.02.2022 F.I.R gets registered&nbsp;in different state&nbsp;till now police final report is not yet submitted , in term on evidence&nbsp;police will submit 2 -3 fake whatsup&nbsp;messges&nbsp;on year 2019.&nbsp;

IO told me he is going to submit charge sheet in few days.
The day IO submit final report in MM court ,&nbsp;shall i reach court and submit objection u/s 468(2)(c), now court is bared to take cognizance&nbsp;due to limitation act.also jurisdiction&nbsp;ground as per recent judgment of supreme court on dated 25.09.2024 KAILASHBEN MAHENDRABHAI PATEL c ?
shall i approach&nbsp;to delhi high court&nbsp; to quash on the judgment on A.Kaliyaperumal of madardh high court of 2024 on limitation groud&nbsp;?
can i go the delhi high to quash even after submission of final report in MM court( New Delhi, Delhi )","Dear Sir,You may lodge a police complaint and also file a civil suit and get back your amount.Please take PAID phone call with me through VIDHIKARYA and get more legal guidance.","The legal issue involves potential fraud under Section 420 of the Indian Penal Code, which addresses cheating and dishonestly inducing delivery of property. The astrologer may have committed an offense by misrepresenting the value of the gems to induce a higher payment.

You can file a police complaint alleging fraud and misrepresentation. Gather all evidence of the transaction, including receipts, communication, and any expert valuation of the gems to support your claim. If the police do not take action, consider approaching a magistrate to file a private complaint under Section 200 of the CrPC.",2.1595,49.215,18.644,3.9559,16.4299,20.5111,3.2801,20.0199,4.4031,1.5684,1.0,27.1385,49.3219,48.9553,83.8938
74,"Calendar case registered against the person who is working in Abroad. He canât receive the Summon if served. What will be the implications.( Thiruvallur, Tamil Nadu )",HKG::IDA_17B → HKG::EPF_12 → HKG::ESI_72 → HKG::ISM_12,HKG::IDA_17B → HKG::EPF_12 → HKG::ESI_72 → HKG::ISM_12 → HKG::ISM → HKG::Employees State Insurance Act 1948 → HKG::Industrial Disputes Act 1947 → HKG::Employees Provident Fund Act 1952,"Sir a present municipal commissioner registered a contract Co. in his office to participate in works contract. . an elected councillor is a major partner in the company The company took many contract payments . They produced fake TDS tax remitted certificates and misappropriated tax revenue 38 lacs. HC ordered for recovery. Recovery was effected. FIR registered against the Co. But still present commissioner awarding contact to same Co. But no criminal action initiated against the commissioner. So many petition sent to higher officers. All are waste. Pl tell what's the procedure to get prosecution sanction against the commissioner sir( Vijayawada, Andhra Pradesh )","Sir I've mads omplaint n  filed a WP  in 2018 against an assistant Commr commercial tax for his alleged activities in filing complain against a trader. ie he has shown less crime of forgery docs instead of huge.  ie 150 nos instead of 8. and made favour the accused n weakened the FIR. By this trader evaded 45 lakhs VAT. Only department action taken on him. 

As expected FIR is now dropped  by police  since non coop of AC the complainant. In these three yrs AG audit sent report that he has committed 17 crores revenue loss in his service period.  

Can I  withdraw my earlier WP n file a fresh WP to  take criminal action as well as department action?  I'm the root cause for AG Audit report.( Salem, Tamil Nadu )","Shall i file objection in JMFC or approach to high court to quash police final report in 498a F.I.R ?
In 498a, 406 F.I.R last alleged incident of date 01.08.2020 after 2 year on 20.02.2022 F.I.R gets registered&nbsp;in different state&nbsp;till now police final report is not yet submitted , in term on evidence&nbsp;police will submit 2 -3 fake whatsup&nbsp;messges&nbsp;on year 2019.&nbsp;

IO told me he is going to submit charge sheet in few days.
The day IO submit final report in MM court ,&nbsp;shall i reach court and submit objection u/s 468(2)(c), now court is bared to take cognizance&nbsp;due to limitation act.also jurisdiction&nbsp;ground as per recent judgment of supreme court on dated 25.09.2024 KAILASHBEN MAHENDRABHAI PATEL c ?
shall i approach&nbsp;to delhi high court&nbsp; to quash on the judgment on A.Kaliyaperumal of madardh high court of 2024 on limitation groud&nbsp;?
can i go the delhi high to quash even after submission of final report in MM court( New Delhi, Delhi )","Dear client,A âcalendarâ is the court's term for the schedule of cases appearing in court on a particular day. This may consist of civil cases in civil courts and criminal cases in criminal courts. If a calendar case is registered against a person working abroad and they cannot receive the summons, the case can proceed in their absence, potentially resulting in an ex parte decision or the issuance of a non-bailable warrant. The court might also seek international legal assistance for the enforcement of orders. The individual has legal rights to challenge the process, including requesting an adjournment, filing a petition to quash the proceedings, or arguing jurisdictional issues.To handle the situation, the person or their legal representative should inform the Indian court of their inability to receive the summons and provide documentation of their employment abroad. Seeking legal advice from an expert in international law is crucial for managing the case, including potential actions like requesting a delay, challenging the case, or coordinating with legal resources in India. Engaging a local lawyer for representation and addressing jurisdictional concerns are essential steps in ensuring that the person's legal rights are protected. Hope our prompt support in this matter would be greatly appreciated.","Failure to receive a summons due to being abroad can lead to the court proceeding ex parte, meaning the case may continue without the defendant's presence, potentially resulting in an adverse judgment. Under Section 105 of the Code of Criminal Procedure, 1973, the court may issue a warrant for service outside India through the Ministry of External Affairs. The defendant should appoint a legal representative in India to receive the summons on their behalf and ensure timely communication with the court. It is advisable to file an application under Section 317 CrPC to seek exemption from personal appearance due to being abroad.",3.4811,68.6781,18.644,3.9559,16.4299,20.5111,3.2801,20.0199,4.4031,1.5684,1.0,27.1385,49.3219,48.9553,83.8938
75,"Is there any way out apart form marriage against the ipc 376( Mumbai suburban, Maharashtra )",PC::Section 34 of the IPC → PC::Section 304 of the IPC → PC::Section 302 of the IPC → PC::Section 326 of the IPC,PC::Section 34 of the IPC → PC::Section 304 of the IPC → PC::Section 302 of the IPC → PC::Section 326 of the IPC → HKG::DSEA_147 → HKG::leave → HKG::labour_court → HKG::retrenchment,"Sir a present municipal commissioner registered a contract Co. in his office to participate in works contract. . an elected councillor is a major partner in the company The company took many contract payments . They produced fake TDS tax remitted certificates and misappropriated tax revenue 38 lacs. HC ordered for recovery. Recovery was effected. FIR registered against the Co. But still present commissioner awarding contact to same Co. But no criminal action initiated against the commissioner. So many petition sent to higher officers. All are waste. Pl tell what's the procedure to get prosecution sanction against the commissioner sir( Vijayawada, Andhra Pradesh )","Sir I've mads omplaint n  filed a WP  in 2018 against an assistant Commr commercial tax for his alleged activities in filing complain against a trader. ie he has shown less crime of forgery docs instead of huge.  ie 150 nos instead of 8. and made favour the accused n weakened the FIR. By this trader evaded 45 lakhs VAT. Only department action taken on him. 

As expected FIR is now dropped  by police  since non coop of AC the complainant. In these three yrs AG audit sent report that he has committed 17 crores revenue loss in his service period.  

Can I  withdraw my earlier WP n file a fresh WP to  take criminal action as well as department action?  I'm the root cause for AG Audit report.( Salem, Tamil Nadu )","Shall i file objection in JMFC or approach to high court to quash police final report in 498a F.I.R ?
In 498a, 406 F.I.R last alleged incident of date 01.08.2020 after 2 year on 20.02.2022 F.I.R gets registered&nbsp;in different state&nbsp;till now police final report is not yet submitted , in term on evidence&nbsp;police will submit 2 -3 fake whatsup&nbsp;messges&nbsp;on year 2019.&nbsp;

IO told me he is going to submit charge sheet in few days.
The day IO submit final report in MM court ,&nbsp;shall i reach court and submit objection u/s 468(2)(c), now court is bared to take cognizance&nbsp;due to limitation act.also jurisdiction&nbsp;ground as per recent judgment of supreme court on dated 25.09.2024 KAILASHBEN MAHENDRABHAI PATEL c ?
shall i approach&nbsp;to delhi high court&nbsp; to quash on the judgment on A.Kaliyaperumal of madardh high court of 2024 on limitation groud&nbsp;?
can i go the delhi high to quash even after submission of final report in MM court( New Delhi, Delhi )",Not clear the issue please,"Under Section 376 of the Indian Penal Code (IPC), rape is a serious criminal offense, and marriage to the victim does not negate the criminal liability of the accused. The Supreme Court of India has consistently held that marriage cannot be used as a means to escape prosecution for rape. Legally, the accused cannot avoid prosecution by marrying the victim.

The accused can explore legal defenses available under the IPC, such as proving consensual relations if applicable, but this depends on the specific facts and circumstances of the case. Consulting with a criminal defense attorney to evaluate the evidence and formulate a defense strategy is advisable. Additionally, filing for anticipatory bail under Section 438 of the CrPC can be considered to avoid arrest during the investigation.",0.2553,9.1492,18.644,3.9559,16.4299,20.5111,3.2801,20.0199,4.4031,1.5684,1.0,27.1385,49.3219,48.9553,83.8938
76,"There is case of my family member where a lady teacher accussed the teacher for misbehavior. And then she sent the written complaint to principle . To enquire on above matter the committee was formed. One of the committee member asked the teacher to go and enquire in class about the accussed behavior with girl student.  
My question is : is this right way to publically announce the name of the accussed and ask students if he has done anything wrong with the students .( Pune, Maharashtra )",HKG::IDA_17B → HKG::EPF_12 → HKG::ESI_72 → HKG::ISM_12,HKG::IDA_17B → HKG::EPF_12 → HKG::ESI_72 → HKG::ISM_12 → HKG::ISM → HKG::Employees State Insurance Act 1948 → HKG::Industrial Disputes Act 1947 → HKG::wages,"Sir a present municipal commissioner registered a contract Co. in his office to participate in works contract. . an elected councillor is a major partner in the company The company took many contract payments . They produced fake TDS tax remitted certificates and misappropriated tax revenue 38 lacs. HC ordered for recovery. Recovery was effected. FIR registered against the Co. But still present commissioner awarding contact to same Co. But no criminal action initiated against the commissioner. So many petition sent to higher officers. All are waste. Pl tell what's the procedure to get prosecution sanction against the commissioner sir( Vijayawada, Andhra Pradesh )","Dear Sir, 

One of the nationalised bank lodged an FIR against me under IPC SEC 420 for cheating and fraud related to ATM transactions in the year 2015.

For your kind information, i and my two relatives made 50 + atm transactions using their two atm. And all the transactions was unsuccessful. After raising disputes, they reverse the amount for 30+ claims. But they refused to settle the claims for last few transactions and alleged me and my relatives that we falsely lodged complaints due to ATM malfunctions. The ATM machine is failed to provide valid journal log of the all these transactions and also not providing CCTV Footage.

I raised a complaint for two of the said unsettled transactions in banking ombudsman, RBI and RBI also made decisions in my favour and asked the bank to refund the amount due to lack of evidence and CCTV Footage. And bank also bound to refund the amount after the RBI Mumbai rejects their appeal.

I also submits a petition at the high court for quashing the FIR. But the concerned IO and public prosecutor urged the court that investigation is still pending and they need some time to complete the investigation. And for that reason, the high court dismissed my petition and ordered the concerned IO to start the investigation without further delay and complete the same as soon as possible. The said judgement was made almost two years ago.

So I cordially request you to look into the matter and give me some advice what can I do right now.

With regards,

S Dasgupta.( Guwahati, Assam )","Sir I've mads omplaint n  filed a WP  in 2018 against an assistant Commr commercial tax for his alleged activities in filing complain against a trader. ie he has shown less crime of forgery docs instead of huge.  ie 150 nos instead of 8. and made favour the accused n weakened the FIR. By this trader evaded 45 lakhs VAT. Only department action taken on him. 

As expected FIR is now dropped  by police  since non coop of AC the complainant. In these three yrs AG audit sent report that he has committed 17 crores revenue loss in his service period.  

Can I  withdraw my earlier WP n file a fresh WP to  take criminal action as well as department action?  I'm the root cause for AG Audit report.( Salem, Tamil Nadu )","Dear ClientIt is not appropriate to publicly announce the name of the accused and ask students if he has done anything wrong with them. This can be harmful to the accused's reputation and can create a hostile and intimidating environment for the students. Instead, any investigation should be conducted in a confidential and professional manner.","Publicly announcing the name of an accused teacher and inquiring about their behavior with students may violate principles of confidentiality and fairness, particularly under the principles of natural justice, which include the right to a fair hearing and the right to privacy. In India, the Vishaka Guidelines and subsequent legislation like the Sexual Harassment of Women at Workplace (Prevention, Prohibition and Redressal) Act, 2013, emphasize maintaining confidentiality during inquiries into allegations of misconduct.

The committee should conduct its investigation discreetly, ensuring the accused's rights are respected while gathering necessary information. The teacher can file a complaint with the school management or relevant educational authority if the process appears biased or unfair. Additionally, if the teacher believes their rights have been violated, they may consider seeking legal recourse through a writ petition in the High Court under Article 226 of the Constitution of India.",1.7212,57.7884,18.644,3.9559,16.4299,20.5111,3.2801,20.0199,4.4031,1.5684,1.0,27.1385,49.3219,48.9553,83.8938
77,"Respected Sir,
My friend hang himself May 2017, but case not registered . I have file RTI and got some document from Police and Government Hospital. But now , I dont have a money to file pettion . Can i get the permanent lawyer to fight the case without any charge.( Ghaziabad, Uttar Pradesh )","PC::High Court Restored Suit to File → PC::Authority to File Complaint Challenged → PC::Section 12 of the Uttar Pradesh Trade Tax Act, 1948 → PC::Section 11 of the Uttar Pradesh Trade Tax Act, 1948","PC::High Court Restored Suit to File → PC::Authority to File Complaint Challenged → PC::Section 12 of the Uttar Pradesh Trade Tax Act, 1948 → PC::Section 11 of the Uttar Pradesh Trade Tax Act, 1948 → HKG::FIN_A_160 → HKG::FIN_A → HKG::SOC_REG_12C → HKG::SOC_REG","Sir a present municipal commissioner registered a contract Co. in his office to participate in works contract. . an elected councillor is a major partner in the company The company took many contract payments . They produced fake TDS tax remitted certificates and misappropriated tax revenue 38 lacs. HC ordered for recovery. Recovery was effected. FIR registered against the Co. But still present commissioner awarding contact to same Co. But no criminal action initiated against the commissioner. So many petition sent to higher officers. All are waste. Pl tell what's the procedure to get prosecution sanction against the commissioner sir( Vijayawada, Andhra Pradesh )","Sir I've mads omplaint n  filed a WP  in 2018 against an assistant Commr commercial tax for his alleged activities in filing complain against a trader. ie he has shown less crime of forgery docs instead of huge.  ie 150 nos instead of 8. and made favour the accused n weakened the FIR. By this trader evaded 45 lakhs VAT. Only department action taken on him. 

As expected FIR is now dropped  by police  since non coop of AC the complainant. In these three yrs AG audit sent report that he has committed 17 crores revenue loss in his service period.  

Can I  withdraw my earlier WP n file a fresh WP to  take criminal action as well as department action?  I'm the root cause for AG Audit report.( Salem, Tamil Nadu )","Shall i file objection in JMFC or approach to high court to quash police final report in 498a F.I.R ?
In 498a, 406 F.I.R last alleged incident of date 01.08.2020 after 2 year on 20.02.2022 F.I.R gets registered&nbsp;in different state&nbsp;till now police final report is not yet submitted , in term on evidence&nbsp;police will submit 2 -3 fake whatsup&nbsp;messges&nbsp;on year 2019.&nbsp;

IO told me he is going to submit charge sheet in few days.
The day IO submit final report in MM court ,&nbsp;shall i reach court and submit objection u/s 468(2)(c), now court is bared to take cognizance&nbsp;due to limitation act.also jurisdiction&nbsp;ground as per recent judgment of supreme court on dated 25.09.2024 KAILASHBEN MAHENDRABHAI PATEL c ?
shall i approach&nbsp;to delhi high court&nbsp; to quash on the judgment on A.Kaliyaperumal of madardh high court of 2024 on limitation groud&nbsp;?
can i go the delhi high to quash even after submission of final report in MM court( New Delhi, Delhi )","Dear Client,You can avail free legal services under Section 12 of the Legal Services Authority Act, if you meet the criteria under the said section. Further, you can approach the District Legal Services Authority or the State Legal Services Authority and seek for free legal services. The authorities would be able to provide you with a counsel and appropriate legal assistance in the matter.Hope it helps.Thank you.","Under Section 12 of the Legal Services Authorities Act, 1987, individuals who cannot afford legal representation may be eligible for free legal aid. This includes people whose annual income falls below a certain threshold, as specified by the state government. In Uttar Pradesh, you can approach the District Legal Services Authority (DLSA) in Ghaziabad to request a lawyer to assist with your friend's case at no charge. Gather all relevant documents, including the RTI responses, and submit an application detailing your financial situation and the need for legal assistance.",16.335,63.5131,18.644,3.9559,16.4299,20.5111,3.2801,20.0199,4.4031,1.5684,1.0,27.1385,49.3219,48.9553,83.8938
78,"We raised a case through court 144/107 then will we be called by the court or not( Dhubri, Assam )","PC::Article 144 of the Constitution → PC::Section 144-B of the Income Tax Act, 1961 → HKG::LIM_100 → PC::Section 107(2) of CPC","PC::Article 144 of the Constitution → PC::Section 144-B of the Income Tax Act, 1961 → HKG::LIM_100 → PC::Section 107(2) of CPC → HKG::FIN_A_29 → HKG::FIN_A → HKG::PGA_4 → HKG::PROC_GRATUITY_CLAIM","Sir a present municipal commissioner registered a contract Co. in his office to participate in works contract. . an elected councillor is a major partner in the company The company took many contract payments . They produced fake TDS tax remitted certificates and misappropriated tax revenue 38 lacs. HC ordered for recovery. Recovery was effected. FIR registered against the Co. But still present commissioner awarding contact to same Co. But no criminal action initiated against the commissioner. So many petition sent to higher officers. All are waste. Pl tell what's the procedure to get prosecution sanction against the commissioner sir( Vijayawada, Andhra Pradesh )","Sir I've mads omplaint n  filed a WP  in 2018 against an assistant Commr commercial tax for his alleged activities in filing complain against a trader. ie he has shown less crime of forgery docs instead of huge.  ie 150 nos instead of 8. and made favour the accused n weakened the FIR. By this trader evaded 45 lakhs VAT. Only department action taken on him. 

As expected FIR is now dropped  by police  since non coop of AC the complainant. In these three yrs AG audit sent report that he has committed 17 crores revenue loss in his service period.  

Can I  withdraw my earlier WP n file a fresh WP to  take criminal action as well as department action?  I'm the root cause for AG Audit report.( Salem, Tamil Nadu )","Shall i file objection in JMFC or approach to high court to quash police final report in 498a F.I.R ?
In 498a, 406 F.I.R last alleged incident of date 01.08.2020 after 2 year on 20.02.2022 F.I.R gets registered&nbsp;in different state&nbsp;till now police final report is not yet submitted , in term on evidence&nbsp;police will submit 2 -3 fake whatsup&nbsp;messges&nbsp;on year 2019.&nbsp;

IO told me he is going to submit charge sheet in few days.
The day IO submit final report in MM court ,&nbsp;shall i reach court and submit objection u/s 468(2)(c), now court is bared to take cognizance&nbsp;due to limitation act.also jurisdiction&nbsp;ground as per recent judgment of supreme court on dated 25.09.2024 KAILASHBEN MAHENDRABHAI PATEL c ?
shall i approach&nbsp;to delhi high court&nbsp; to quash on the judgment on A.Kaliyaperumal of madardh high court of 2024 on limitation groud&nbsp;?
can i go the delhi high to quash even after submission of final report in MM court( New Delhi, Delhi )","Dear Client,Once a complaint under Sec,144 Cr. PC and Sec.107 of IPC filed before the Court of Executive Magistrate, the Court will send notice fixing a date of hearing of the case to both plaintiffs and defendants. If required, the Magistrate can take Cognizance is taken at the initial stage when the Magistrate applies his judicial mind to the facts mentioned in a complaint or to a police report or upon information received from any other person that an offense has been committed.","Under Section 144 of the Code of Criminal Procedure (CrPC), the court can issue orders in urgent cases of nuisance or apprehended danger. If you have initiated proceedings under Section 144/107 CrPC, the court may summon you to present your case, especially if you are the applicant or a party to the proceedings. The court will evaluate the necessity of the order based on the evidence and arguments presented.

You should be prepared to attend court hearings and provide any evidence or testimony required to support your application. It is advisable to keep track of any notices or summons from the court and consult your legal representative for guidance on presenting your case effectively.",1.7732,53.7725,18.644,3.9559,16.4299,20.5111,3.2801,20.0199,4.4031,1.5684,1.0,27.1385,49.3219,48.9553,83.8938
79,"It happened two years ago during covid time I was working at a nbfc.Unfortunately i was laid off from my job during covid as my company was doing cost cutting.One day I met my childhood friend at a bank.He promised me if i pay him 270000 rupees he would manage to get a contractual job at a state govt office.I gave him this money in 6 installments.He did not help me get this job and now he is not returning my money.What to do?( Jalpaiguri, West Bengal )","PC::Respondent Agreed to Pay Tax in Installments → HKG::GST_143 → PC::Section 2(d) of the West Bengal Sales Tax Act, 1954 → HKG::IDA_25C","PC::Respondent Agreed to Pay Tax in Installments → HKG::GST_143 → PC::Section 2(d) of the West Bengal Sales Tax Act, 1954 → HKG::IDA_25C → HKG::Industrial Disputes Act 1947 → HKG::GST → HKG::EPF_AT_4 → HKG::labour_court","Sir a present municipal commissioner registered a contract Co. in his office to participate in works contract. . an elected councillor is a major partner in the company The company took many contract payments . They produced fake TDS tax remitted certificates and misappropriated tax revenue 38 lacs. HC ordered for recovery. Recovery was effected. FIR registered against the Co. But still present commissioner awarding contact to same Co. But no criminal action initiated against the commissioner. So many petition sent to higher officers. All are waste. Pl tell what's the procedure to get prosecution sanction against the commissioner sir( Vijayawada, Andhra Pradesh )","Shall i file objection in JMFC or approach to high court to quash police final report in 498a F.I.R ?
In 498a, 406 F.I.R last alleged incident of date 01.08.2020 after 2 year on 20.02.2022 F.I.R gets registered&nbsp;in different state&nbsp;till now police final report is not yet submitted , in term on evidence&nbsp;police will submit 2 -3 fake whatsup&nbsp;messges&nbsp;on year 2019.&nbsp;

IO told me he is going to submit charge sheet in few days.
The day IO submit final report in MM court ,&nbsp;shall i reach court and submit objection u/s 468(2)(c), now court is bared to take cognizance&nbsp;due to limitation act.also jurisdiction&nbsp;ground as per recent judgment of supreme court on dated 25.09.2024 KAILASHBEN MAHENDRABHAI PATEL c ?
shall i approach&nbsp;to delhi high court&nbsp; to quash on the judgment on A.Kaliyaperumal of madardh high court of 2024 on limitation groud&nbsp;?
can i go the delhi high to quash even after submission of final report in MM court( New Delhi, Delhi )","Sir I've mads omplaint n  filed a WP  in 2018 against an assistant Commr commercial tax for his alleged activities in filing complain against a trader. ie he has shown less crime of forgery docs instead of huge.  ie 150 nos instead of 8. and made favour the accused n weakened the FIR. By this trader evaded 45 lakhs VAT. Only department action taken on him. 

As expected FIR is now dropped  by police  since non coop of AC the complainant. In these three yrs AG audit sent report that he has committed 17 crores revenue loss in his service period.  

Can I  withdraw my earlier WP n file a fresh WP to  take criminal action as well as department action?  I'm the root cause for AG Audit report.( Salem, Tamil Nadu )","Dear Sir,Nicely you may get a postdated cheque/s so that you can file cheque bounce case. Giving such amount for favoring you illegally is an offence. If your friend does similar things to others then go to the Police and get register criminal case.",The situation involves potential fraud and breach of trust under Indian Penal Code (IPC) Sections 420 (cheating) and 406 (criminal breach of trust). The user can file a police complaint against the friend for cheating and not fulfilling the promise of securing a job. It is crucial to gather evidence such as payment receipts or any communication that supports the claim of the promise made and the money exchanged. Next steps include filing a First Information Report (FIR) at the local police station and considering a civil suit for recovery of the amount paid.,1.1381,53.405,18.644,3.9559,16.4299,20.5111,3.2801,20.0199,4.4031,1.5684,1.0,27.1385,49.3219,48.9553,83.8938
80,"Sir/Madam, 
One of my father's friend (say X) has used my father's bank account for some transactions. Those transactions were from my father's friend's girlfriend (say Y) who later realized that she has been cheated by X. Y registered a case against my X and my father under sections 376 and 420. My father had been in police custody for 1 week and in judicial custody since past 30 days. My father is not aware of the purpose for which Y transferred money to his account. My father transferred all the money he received from Y to X account immediately on the same day he received (Except 10k out of total 10Lakhs, my father asked X to adjust 10k for some urgent needs and he asked to cut 10k from the money sent my Y and transfer remaining to his account). My father is 50+, diabetic and has BP and migraine, but we don't have any medical documents to prove that. We have bail hearing next week. What are the chances of getting bail in this case? Please advice.( Thane, Maharashtra )",PC::Husband Died in Judicial Custody → HKG::EC_RULES_68 → PC::Failure to Account for Profits → HKG::BTC_262,PC::Husband Died in Judicial Custody → HKG::EC_RULES_68 → PC::Failure to Account for Profits → HKG::BTC_262 → HKG::BTC → HKG::EC_RULES → PC::Death Due to Wrong Diagnosis → PC::Criminal Negligence Found Against Prison Officials,"Sir a present municipal commissioner registered a contract Co. in his office to participate in works contract. . an elected councillor is a major partner in the company The company took many contract payments . They produced fake TDS tax remitted certificates and misappropriated tax revenue 38 lacs. HC ordered for recovery. Recovery was effected. FIR registered against the Co. But still present commissioner awarding contact to same Co. But no criminal action initiated against the commissioner. So many petition sent to higher officers. All are waste. Pl tell what's the procedure to get prosecution sanction against the commissioner sir( Vijayawada, Andhra Pradesh )","Dear Sir, 

One of the nationalised bank lodged an FIR against me under IPC SEC 420 for cheating and fraud related to ATM transactions in the year 2015.

For your kind information, i and my two relatives made 50 + atm transactions using their two atm. And all the transactions was unsuccessful. After raising disputes, they reverse the amount for 30+ claims. But they refused to settle the claims for last few transactions and alleged me and my relatives that we falsely lodged complaints due to ATM malfunctions. The ATM machine is failed to provide valid journal log of the all these transactions and also not providing CCTV Footage.

I raised a complaint for two of the said unsettled transactions in banking ombudsman, RBI and RBI also made decisions in my favour and asked the bank to refund the amount due to lack of evidence and CCTV Footage. And bank also bound to refund the amount after the RBI Mumbai rejects their appeal.

I also submits a petition at the high court for quashing the FIR. But the concerned IO and public prosecutor urged the court that investigation is still pending and they need some time to complete the investigation. And for that reason, the high court dismissed my petition and ordered the concerned IO to start the investigation without further delay and complete the same as soon as possible. The said judgement was made almost two years ago.

So I cordially request you to look into the matter and give me some advice what can I do right now.

With regards,

S Dasgupta.( Guwahati, Assam )","Sir I've mads omplaint n  filed a WP  in 2018 against an assistant Commr commercial tax for his alleged activities in filing complain against a trader. ie he has shown less crime of forgery docs instead of huge.  ie 150 nos instead of 8. and made favour the accused n weakened the FIR. By this trader evaded 45 lakhs VAT. Only department action taken on him. 

As expected FIR is now dropped  by police  since non coop of AC the complainant. In these three yrs AG audit sent report that he has committed 17 crores revenue loss in his service period.  

Can I  withdraw my earlier WP n file a fresh WP to  take criminal action as well as department action?  I'm the root cause for AG Audit report.( Salem, Tamil Nadu )","Dear Client,Since 420 is a Non-bailable offense it is the discretion of the court to grant bail. But the same can be granted if the court feels satisfied the accused shall not escape and will attend the proceedings and be present before the police when called upon. You can apply for bail citing the medical condition of your father. But you will need proof to get bail. so, gather all the medical reports you have. If the court is satisfied it may grant bail, and please clarify whether 376 is of  IPC or any other Act.Thank you","The primary legal issue involves your father's alleged involvement in offenses under IPC Sections 376 (rape) and 420 (cheating). Given that your father acted as an intermediary without knowledge of the fraudulent intent, it is crucial to emphasize this lack of mens rea (criminal intent) during the bail hearing. Under Section 437 of the CrPC, bail can be granted if the accused is not likely to commit any offense while on bail, and considering his health conditions, this can be a compelling argument for bail. 

Your father should gather any available evidence that demonstrates his lack of knowledge about the fraudulent nature of the transactions, such as communication records with X. Additionally, medical records should be obtained to substantiate his health conditions, which can be presented to the court to argue for bail on humanitarian grounds.",5.9679,67.46,18.644,3.9559,16.4299,20.5111,3.2801,20.0199,4.4031,1.5684,1.0,27.1385,49.3219,48.9553,83.8938
81,"Criminal appeal dismissed in session court against acquittal of all accused in 498crpc order by MM district court.can appeal be filed in Delhi high court, time period?( North Delhi, Delhi )",PC::Acquittal of All Accused → PC::High Court Dismissed Appeal Against Acquittal → PC::High Court Dismissed Criminal Appeal → PC::Appeal Dismissed in Default,PC::Acquittal of All Accused → PC::High Court Dismissed Appeal Against Acquittal → PC::High Court Dismissed Criminal Appeal → PC::Appeal Dismissed in Default → PC::Application for Restoration Dismissed → HKG::EC_RULES_3 → HKG::EC_RULES → HKG::LIM_122,"Sir a present municipal commissioner registered a contract Co. in his office to participate in works contract. . an elected councillor is a major partner in the company The company took many contract payments . They produced fake TDS tax remitted certificates and misappropriated tax revenue 38 lacs. HC ordered for recovery. Recovery was effected. FIR registered against the Co. But still present commissioner awarding contact to same Co. But no criminal action initiated against the commissioner. So many petition sent to higher officers. All are waste. Pl tell what's the procedure to get prosecution sanction against the commissioner sir( Vijayawada, Andhra Pradesh )","Sir I've mads omplaint n  filed a WP  in 2018 against an assistant Commr commercial tax for his alleged activities in filing complain against a trader. ie he has shown less crime of forgery docs instead of huge.  ie 150 nos instead of 8. and made favour the accused n weakened the FIR. By this trader evaded 45 lakhs VAT. Only department action taken on him. 

As expected FIR is now dropped  by police  since non coop of AC the complainant. In these three yrs AG audit sent report that he has committed 17 crores revenue loss in his service period.  

Can I  withdraw my earlier WP n file a fresh WP to  take criminal action as well as department action?  I'm the root cause for AG Audit report.( Salem, Tamil Nadu )","Shall i file objection in JMFC or approach to high court to quash police final report in 498a F.I.R ?
In 498a, 406 F.I.R last alleged incident of date 01.08.2020 after 2 year on 20.02.2022 F.I.R gets registered&nbsp;in different state&nbsp;till now police final report is not yet submitted , in term on evidence&nbsp;police will submit 2 -3 fake whatsup&nbsp;messges&nbsp;on year 2019.&nbsp;

IO told me he is going to submit charge sheet in few days.
The day IO submit final report in MM court ,&nbsp;shall i reach court and submit objection u/s 468(2)(c), now court is bared to take cognizance&nbsp;due to limitation act.also jurisdiction&nbsp;ground as per recent judgment of supreme court on dated 25.09.2024 KAILASHBEN MAHENDRABHAI PATEL c ?
shall i approach&nbsp;to delhi high court&nbsp; to quash on the judgment on A.Kaliyaperumal of madardh high court of 2024 on limitation groud&nbsp;?
can i go the delhi high to quash even after submission of final report in MM court( New Delhi, Delhi )","Dear client,Section 378(5) of the CrPC provides a time limit for approaching the High Court against an order of acquittal under Section 378(4). In a case where the complainant is a public servant, the time limit is 6 months. In all other cases, the time limit is 60 days from the date of order of acquittal.","An appeal against an acquittal order by the Sessions Court can be filed in the Delhi High Court under Section 378(4) of the CrPC. The time period to file such an appeal is 60 days from the date of the order of acquittal. It is essential to demonstrate that the acquittal was not justified based on the evidence presented. The appellant must file a special leave petition to obtain permission to appeal. The next steps would be to prepare the appeal documents and file them within the stipulated time frame, ensuring all necessary grounds and evidence are included.",16.1604,69.5548,18.644,3.9559,16.4299,20.5111,3.2801,20.0199,4.4031,1.5684,1.0,27.1385,49.3219,48.9553,83.8938
82,"A person payed me 900rs for i thing that i supposed to send him online and i have to move out of the town suddenly because of the circumstances and was not having any cntact wid him for few days and in these days he lodged a fir and got my paytm accnt having 40k in it blocked when i came back and told him the situation he agreed and i payed him his money back immediately and he agreed to take his complain back and he tried really well to take it back but the officer who lodged a complain went out of the city and situation changed thn i again went outsode fr 15 days and after i came back and asked him abut the comolain he said he will take 50% of the amunt which is blocked i e 20k as his frnds suggested him what shuld i do knw and that 900rs complain can be sended at my home or will i face any trouble in future please clarify( Jaipur, Rajasthan )",HKG::EC_RULES_68 → HKG::GST_154 → HKG::BTC_332 → HKG::EC_RULES_69,HKG::EC_RULES_68 → HKG::GST_154 → HKG::BTC_332 → HKG::EC_RULES_69 → HKG::EC_RULES → HKG::GST → HKG::BTC → HKG::wages,"Sir a present municipal commissioner registered a contract Co. in his office to participate in works contract. . an elected councillor is a major partner in the company The company took many contract payments . They produced fake TDS tax remitted certificates and misappropriated tax revenue 38 lacs. HC ordered for recovery. Recovery was effected. FIR registered against the Co. But still present commissioner awarding contact to same Co. But no criminal action initiated against the commissioner. So many petition sent to higher officers. All are waste. Pl tell what's the procedure to get prosecution sanction against the commissioner sir( Vijayawada, Andhra Pradesh )","Sir I've mads omplaint n  filed a WP  in 2018 against an assistant Commr commercial tax for his alleged activities in filing complain against a trader. ie he has shown less crime of forgery docs instead of huge.  ie 150 nos instead of 8. and made favour the accused n weakened the FIR. By this trader evaded 45 lakhs VAT. Only department action taken on him. 

As expected FIR is now dropped  by police  since non coop of AC the complainant. In these three yrs AG audit sent report that he has committed 17 crores revenue loss in his service period.  

Can I  withdraw my earlier WP n file a fresh WP to  take criminal action as well as department action?  I'm the root cause for AG Audit report.( Salem, Tamil Nadu )","The guy is a lawyer n 28 year old and I m 19 ... We met each other last year April 2023 since he used to work near by my place in a bank aswell .. I went there to make my account n often used to meet each other due to banking works n we got connected with each other since I was really lonely and had no one to share my feelings to i used to go n share my feelings my problem to him .. like my past trauma that I was sexually assaulted by my dad... Which was years back n i still think of that n get anxiety about it . So we got connected and we started got physical too though we didn't had sex.... Thn I got admission in my college as a fresher and I had to go there to study n we didn't contact or text much .. during Durga Puja we got holiday and I came back n i realise my feelings slowly faded for him he asked me if he wanted to go further i didn't wanted to hurt him so i agreed to him when I went back after holidays we stoped contacting each other for 2 months so I thought the thing between us is over so I went in a relationship with other guy .. this winter break when I came back he saw me n started calling me n messaging me .. I got offended n I tried clearing him n told I don't want to stay in the relationship.. now he is acting up all crazy like a mental person .. threatening me to come home , kill me n dad or whoever is in my life ... Threatening me to harm me .. telling me to behave with him the same way like we used to which I don't want at all .. he yells n screams at me .. use different different Galis ... Calls me randi n whatever idk .. he is not leaving me at all n i m getting affected mentally .. I don't want my parents getting involved since I had shared him abt my dad n he is the only one with me right now .. he is threatening to kills my friends too .. day before yesterday I told him we will clear it out so I went to his office we tried doing it but he was giving me gali n all I told I don't want to be in relationship and be as a friend to him n settle it out clearly but he is not trying to understand.. he called me in his room to talk personally because mostly costomers keeps on coming in the office n will distract us so i agreed but when he took me in his room he tried kissing me which i denied.. tried touching me which i denied too .. when he didn't got what he wanted he just stood up opened his pants n started to masturbate .. I got really scared n started to cryy .. idk what to do .. yesterday he threatened me to come to my house late night ... And I m still scared idk what to doo.. today im going to his office again idk what will happen .. I just need help can someone help me idk what to do .. please help me I don't want my family to get involved in this help me( Siliguri, West Bengal )",Send him a legal notice.,"The primary legal issue here is extortion under Section 383 of the Indian Penal Code (IPC), as the person is demanding Rs. 20,000 to withdraw the complaint. Extortion involves putting a person in fear of injury to induce them to deliver property or valuable security. The user cannot legally be forced to pay more than the original Rs. 900 owed.

The user should document all communications with the complainant regarding the demand for additional money. If the complainant persists, the user can file a counter-complaint for extortion with the police. Additionally, the user should approach the police station where the FIR was lodged to explain the situation and seek to have the FIR quashed, especially since the original amount has been repaid.",0.346,33.7504,18.644,3.9559,16.4299,20.5111,3.2801,20.0199,4.4031,1.5684,1.0,27.1385,49.3219,48.9553,83.8938
83,"I am an 18 yr old btech 1st yr student and my teacher asked me to stand up and asked the reason for missing the previous class to which I said that I was having a headache hence I could not attend the class to which he asked me to leave and so I left then he came out in the corridor and asked me to lean down in front of him and he was going to hit me but he stopped then I leaned down on my knees in front of the entire class and he said now tell me and after that he went inside and I went home..are teachers allowed to humiliate students in the name of punishment .if not what legal action can I take against the teacher.( Asansol, West Bengal )",HKG::EPF_6 → HKG::EPF_AT_2 → HKG::CCS_ME_3 → HKG::CCS_ME_5,HKG::EPF_6 → HKG::EPF_AT_2 → HKG::CCS_ME_3 → HKG::CCS_ME_5 → HKG::provident_fund → HKG::labour_court → HKG::leave → HKG::gratuity,"Sir a present municipal commissioner registered a contract Co. in his office to participate in works contract. . an elected councillor is a major partner in the company The company took many contract payments . They produced fake TDS tax remitted certificates and misappropriated tax revenue 38 lacs. HC ordered for recovery. Recovery was effected. FIR registered against the Co. But still present commissioner awarding contact to same Co. But no criminal action initiated against the commissioner. So many petition sent to higher officers. All are waste. Pl tell what's the procedure to get prosecution sanction against the commissioner sir( Vijayawada, Andhra Pradesh )","Sir I've mads omplaint n  filed a WP  in 2018 against an assistant Commr commercial tax for his alleged activities in filing complain against a trader. ie he has shown less crime of forgery docs instead of huge.  ie 150 nos instead of 8. and made favour the accused n weakened the FIR. By this trader evaded 45 lakhs VAT. Only department action taken on him. 

As expected FIR is now dropped  by police  since non coop of AC the complainant. In these three yrs AG audit sent report that he has committed 17 crores revenue loss in his service period.  

Can I  withdraw my earlier WP n file a fresh WP to  take criminal action as well as department action?  I'm the root cause for AG Audit report.( Salem, Tamil Nadu )","Dear Sir, 

One of the nationalised bank lodged an FIR against me under IPC SEC 420 for cheating and fraud related to ATM transactions in the year 2015.

For your kind information, i and my two relatives made 50 + atm transactions using their two atm. And all the transactions was unsuccessful. After raising disputes, they reverse the amount for 30+ claims. But they refused to settle the claims for last few transactions and alleged me and my relatives that we falsely lodged complaints due to ATM malfunctions. The ATM machine is failed to provide valid journal log of the all these transactions and also not providing CCTV Footage.

I raised a complaint for two of the said unsettled transactions in banking ombudsman, RBI and RBI also made decisions in my favour and asked the bank to refund the amount due to lack of evidence and CCTV Footage. And bank also bound to refund the amount after the RBI Mumbai rejects their appeal.

I also submits a petition at the high court for quashing the FIR. But the concerned IO and public prosecutor urged the court that investigation is still pending and they need some time to complete the investigation. And for that reason, the high court dismissed my petition and ordered the concerned IO to start the investigation without further delay and complete the same as soon as possible. The said judgement was made almost two years ago.

So I cordially request you to look into the matter and give me some advice what can I do right now.

With regards,

S Dasgupta.( Guwahati, Assam )","Dear Student,Who is that rascal to scold the grown up boy like you. You can take action against him and force him to pay compensation and he has to resign the job. Collect the evidence and share to me. I will issue  a legal notice to him and teach him a lesson.","Teachers are not legally permitted to humiliate students, as it can constitute mental harassment and violate the student's right to dignity under Article 21 of the Indian Constitution. In this situation, you may file a complaint with the school administration or the District Education Officer, detailing the incident. If the issue is not resolved, consider filing a complaint with the State Commission for Protection of Child Rights or approaching the police to file a report under relevant sections of the Indian Penal Code, such as Section 506 for criminal intimidation. Ensure you document any evidence or witness statements to support your claim.",0.6828,50.9038,18.644,3.9559,16.4299,20.5111,3.2801,20.0199,4.4031,1.5684,1.0,27.1385,49.3219,48.9553,83.8938
84,"My wife filed a FIR against me two weeks back with 498a section, but now she is ready to take it back. Do I have to still take a anticipatory bail from court even if she is ready to come to police station and give her statement to take the FIR back? Will the police still arrest me saying as a part of there process? Please advice.( Pune, Maharashtra )",HKG::PGA_7 → HKG::EPF_7D → HKG::ESI_55 → HKG::IRC_44,HKG::PGA_7 → HKG::EPF_7D → HKG::ESI_55 → HKG::IRC_44 → HKG::labour_court → HKG::gratuity → HKG::Employees State Insurance Act 1948 → HKG::PROC_GRATUITY_CLAIM,"Sir a present municipal commissioner registered a contract Co. in his office to participate in works contract. . an elected councillor is a major partner in the company The company took many contract payments . They produced fake TDS tax remitted certificates and misappropriated tax revenue 38 lacs. HC ordered for recovery. Recovery was effected. FIR registered against the Co. But still present commissioner awarding contact to same Co. But no criminal action initiated against the commissioner. So many petition sent to higher officers. All are waste. Pl tell what's the procedure to get prosecution sanction against the commissioner sir( Vijayawada, Andhra Pradesh )","Sir I've mads omplaint n  filed a WP  in 2018 against an assistant Commr commercial tax for his alleged activities in filing complain against a trader. ie he has shown less crime of forgery docs instead of huge.  ie 150 nos instead of 8. and made favour the accused n weakened the FIR. By this trader evaded 45 lakhs VAT. Only department action taken on him. 

As expected FIR is now dropped  by police  since non coop of AC the complainant. In these three yrs AG audit sent report that he has committed 17 crores revenue loss in his service period.  

Can I  withdraw my earlier WP n file a fresh WP to  take criminal action as well as department action?  I'm the root cause for AG Audit report.( Salem, Tamil Nadu )","Shall i file objection in JMFC or approach to high court to quash police final report in 498a F.I.R ?
In 498a, 406 F.I.R last alleged incident of date 01.08.2020 after 2 year on 20.02.2022 F.I.R gets registered&nbsp;in different state&nbsp;till now police final report is not yet submitted , in term on evidence&nbsp;police will submit 2 -3 fake whatsup&nbsp;messges&nbsp;on year 2019.&nbsp;

IO told me he is going to submit charge sheet in few days.
The day IO submit final report in MM court ,&nbsp;shall i reach court and submit objection u/s 468(2)(c), now court is bared to take cognizance&nbsp;due to limitation act.also jurisdiction&nbsp;ground as per recent judgment of supreme court on dated 25.09.2024 KAILASHBEN MAHENDRABHAI PATEL c ?
shall i approach&nbsp;to delhi high court&nbsp; to quash on the judgment on A.Kaliyaperumal of madardh high court of 2024 on limitation groud&nbsp;?
can i go the delhi high to quash even after submission of final report in MM court( New Delhi, Delhi )","Hi client,An FIR once lodged cannot be taken back from the police station. You need to go the court to quash it. It is always better to apply for bail, to avoid risk.","Anticipatory bail is advisable even if your wife is willing to withdraw the FIR under Section 498A of the IPC, as the police may still proceed with the investigation and arrest. The withdrawal of an FIR is not automatic and requires court approval, as the offense under Section 498A is non-compoundable. You can apply for anticipatory bail under Section 438 of the CrPC to prevent arrest during the pendency of the withdrawal process. Coordinate with your wife to file an affidavit in court expressing her intention to withdraw the complaint, and simultaneously pursue the anticipatory bail application.",1.594,55.0114,18.644,3.9559,16.4299,20.5111,3.2801,20.0199,4.4031,1.5684,1.0,27.1385,49.3219,48.9553,83.8938
85,"What is the process when a person is already in jail and another case was registered against him in another state during that period?( Mumbai City, Maharashtra )",PC::Detenu Already in Jail Prior to Detention Order → PC::FIR Registered Against Respondent → PC::Appellant Conduct in Jail Reported Satisfactory → PC::Claim Rejected by Jail and Army Authorities,PC::Detenu Already in Jail Prior to Detention Order → PC::FIR Registered Against Respondent → PC::Appellant Conduct in Jail Reported Satisfactory → PC::Claim Rejected by Jail and Army Authorities → PC::Section 428 of the Code of Criminal Procedure → HKG::EC_RULES_17 → HKG::EC_RULES → HKG::SOC_REG_22,"Sir a present municipal commissioner registered a contract Co. in his office to participate in works contract. . an elected councillor is a major partner in the company The company took many contract payments . They produced fake TDS tax remitted certificates and misappropriated tax revenue 38 lacs. HC ordered for recovery. Recovery was effected. FIR registered against the Co. But still present commissioner awarding contact to same Co. But no criminal action initiated against the commissioner. So many petition sent to higher officers. All are waste. Pl tell what's the procedure to get prosecution sanction against the commissioner sir( Vijayawada, Andhra Pradesh )","Shall i file objection in JMFC or approach to high court to quash police final report in 498a F.I.R ?
In 498a, 406 F.I.R last alleged incident of date 01.08.2020 after 2 year on 20.02.2022 F.I.R gets registered&nbsp;in different state&nbsp;till now police final report is not yet submitted , in term on evidence&nbsp;police will submit 2 -3 fake whatsup&nbsp;messges&nbsp;on year 2019.&nbsp;

IO told me he is going to submit charge sheet in few days.
The day IO submit final report in MM court ,&nbsp;shall i reach court and submit objection u/s 468(2)(c), now court is bared to take cognizance&nbsp;due to limitation act.also jurisdiction&nbsp;ground as per recent judgment of supreme court on dated 25.09.2024 KAILASHBEN MAHENDRABHAI PATEL c ?
shall i approach&nbsp;to delhi high court&nbsp; to quash on the judgment on A.Kaliyaperumal of madardh high court of 2024 on limitation groud&nbsp;?
can i go the delhi high to quash even after submission of final report in MM court( New Delhi, Delhi )","Sir I've mads omplaint n  filed a WP  in 2018 against an assistant Commr commercial tax for his alleged activities in filing complain against a trader. ie he has shown less crime of forgery docs instead of huge.  ie 150 nos instead of 8. and made favour the accused n weakened the FIR. By this trader evaded 45 lakhs VAT. Only department action taken on him. 

As expected FIR is now dropped  by police  since non coop of AC the complainant. In these three yrs AG audit sent report that he has committed 17 crores revenue loss in his service period.  

Can I  withdraw my earlier WP n file a fresh WP to  take criminal action as well as department action?  I'm the root cause for AG Audit report.( Salem, Tamil Nadu )",Dear ClientThe process is that the second case will go on in that court and it will be recorded that the accused is already in jail for another case. whenever the presence of the accused is required in the second court the court will send a notice to the prison for the same.,"When a person is already in jail and another case is registered against them in a different state, the legal issue primarily involves the transfer and coordination of custody between jurisdictions. Under Section 267 of the Code of Criminal Procedure, the court in the new jurisdiction can issue a production warrant to have the accused brought before it for proceedings related to the new case. The accused cannot be transferred without such a warrant, ensuring due process is followed.

The accused should ensure their legal representation is informed about the new case to coordinate any necessary legal actions, such as applying for bail or challenging the warrant. It is also advisable to communicate with the authorities in both jurisdictions to facilitate any required appearances or proceedings.",3.9175,65.792,18.644,3.9559,16.4299,20.5111,3.2801,20.0199,4.4031,1.5684,1.0,27.1385,49.3219,48.9553,83.8938
86,"A fir file against me case under 506,406,420. This FIR is fake against me. No transaction is given in my account. Please remove my name against this.( Varanasi, Uttar Pradesh )",HKG::ATA_19,HKG::ATA_19 → HKG::labour_court → HKG::govt_service → HKG::Administrative Tribunals Act 1985 → HKG::PROC_GOVT_SERVICE_DISPUTE,"Sir a present municipal commissioner registered a contract Co. in his office to participate in works contract. . an elected councillor is a major partner in the company The company took many contract payments . They produced fake TDS tax remitted certificates and misappropriated tax revenue 38 lacs. HC ordered for recovery. Recovery was effected. FIR registered against the Co. But still present commissioner awarding contact to same Co. But no criminal action initiated against the commissioner. So many petition sent to higher officers. All are waste. Pl tell what's the procedure to get prosecution sanction against the commissioner sir( Vijayawada, Andhra Pradesh )","Sir I've mads omplaint n  filed a WP  in 2018 against an assistant Commr commercial tax for his alleged activities in filing complain against a trader. ie he has shown less crime of forgery docs instead of huge.  ie 150 nos instead of 8. and made favour the accused n weakened the FIR. By this trader evaded 45 lakhs VAT. Only department action taken on him. 

As expected FIR is now dropped  by police  since non coop of AC the complainant. In these three yrs AG audit sent report that he has committed 17 crores revenue loss in his service period.  

Can I  withdraw my earlier WP n file a fresh WP to  take criminal action as well as department action?  I'm the root cause for AG Audit report.( Salem, Tamil Nadu )","Shall i file objection in JMFC or approach to high court to quash police final report in 498a F.I.R ?
In 498a, 406 F.I.R last alleged incident of date 01.08.2020 after 2 year on 20.02.2022 F.I.R gets registered&nbsp;in different state&nbsp;till now police final report is not yet submitted , in term on evidence&nbsp;police will submit 2 -3 fake whatsup&nbsp;messges&nbsp;on year 2019.&nbsp;

IO told me he is going to submit charge sheet in few days.
The day IO submit final report in MM court ,&nbsp;shall i reach court and submit objection u/s 468(2)(c), now court is bared to take cognizance&nbsp;due to limitation act.also jurisdiction&nbsp;ground as per recent judgment of supreme court on dated 25.09.2024 KAILASHBEN MAHENDRABHAI PATEL c ?
shall i approach&nbsp;to delhi high court&nbsp; to quash on the judgment on A.Kaliyaperumal of madardh high court of 2024 on limitation groud&nbsp;?
can i go the delhi high to quash even after submission of final report in MM court( New Delhi, Delhi )","Dear client,First Go to the police station where the FIR was lodged and ask for a copy of it. You are entitled to this document to review the charges made against you.You may approach the same police station to file a formal complaint against the person who made the false FIR. In your complaint, you should clearly outline the reasons why the FIR is false and request that an investigation be carried out.Another course of action is to file a petition in the High Court under Section 482 of the Criminal Procedure Code (CrPC) to get the FIR dismissed if it is determined to be false and no real offense has been committed. You will need the help of an advocate for this legal process. Hope this answer will help you.","Under Sections 482 of the CrPC, the High Court has the power to quash an FIR if it is proven to be frivolous or malicious. In your case, since you claim the FIR under Sections 506, 406, and 420 IPC is fake and no transactions are linked to your account, you can file a petition in the Allahabad High Court to quash the FIR. It is crucial to gather and present evidence showing the lack of any financial transactions or intent to deceive, which are essential elements for offenses under Sections 406 and 420. Additionally, you may argue that the allegations under Section 506 lack basis if no credible threats were made. Consult a lawyer to draft and file the petition, ensuring all relevant evidence is included.",7.8954,54.6407,18.644,3.9559,16.4299,20.5111,3.2801,20.0199,4.4031,1.5684,1.0,27.1385,49.3219,48.9553,83.8938
87,"Sir I'm Mohammad Javed from Visakhapatnam, Sir i have paid 150000 to Europe job consultancy in Hyderabad 10 months ago on March 2024 they said in 2 months we will be in Belarus, from March they giving me dates,  after 7 months on September she said the Belarus visa was rejected, and they applying for Georgia country and again made 2 months late after i asked my money and passport to return she returned my passport through courier to my home and said my money will return in 1 month from December they again giving me date by date whenever i call madam and her husband both saying they will return my money soon  just giving again dates only. Sir i have all proofs of chatting, call recording conversation, phonepe which i paid money to them. I was full of in debt with two kids sir, financiers are coming to my home and always shouting to return they money back even now i'm not able to pay they interest also. please help me im from Andhra Pradesh and they are from Telangana don't know what to do where to complaint.( Visakhapatnam, Andhra Pradesh )","HKG::GST_46 → PC::Section 34(a) of the Andhra Pradesh Excise Act → PC::Chinnaswamy v. State of Andhra Pradesh → PC::Section 8 of the Andhra Pradesh General Sales Tax Act, 1957","HKG::GST_46 → PC::Section 34(a) of the Andhra Pradesh Excise Act → PC::Chinnaswamy v. State of Andhra Pradesh → PC::Section 8 of the Andhra Pradesh General Sales Tax Act, 1957 → HKG::BTC_347 → HKG::BTC → HKG::GST → HKG::BTC_331","Sir a present municipal commissioner registered a contract Co. in his office to participate in works contract. . an elected councillor is a major partner in the company The company took many contract payments . They produced fake TDS tax remitted certificates and misappropriated tax revenue 38 lacs. HC ordered for recovery. Recovery was effected. FIR registered against the Co. But still present commissioner awarding contact to same Co. But no criminal action initiated against the commissioner. So many petition sent to higher officers. All are waste. Pl tell what's the procedure to get prosecution sanction against the commissioner sir( Vijayawada, Andhra Pradesh )","Sir I've mads omplaint n  filed a WP  in 2018 against an assistant Commr commercial tax for his alleged activities in filing complain against a trader. ie he has shown less crime of forgery docs instead of huge.  ie 150 nos instead of 8. and made favour the accused n weakened the FIR. By this trader evaded 45 lakhs VAT. Only department action taken on him. 

As expected FIR is now dropped  by police  since non coop of AC the complainant. In these three yrs AG audit sent report that he has committed 17 crores revenue loss in his service period.  

Can I  withdraw my earlier WP n file a fresh WP to  take criminal action as well as department action?  I'm the root cause for AG Audit report.( Salem, Tamil Nadu )","Shall i file objection in JMFC or approach to high court to quash police final report in 498a F.I.R ?
In 498a, 406 F.I.R last alleged incident of date 01.08.2020 after 2 year on 20.02.2022 F.I.R gets registered&nbsp;in different state&nbsp;till now police final report is not yet submitted , in term on evidence&nbsp;police will submit 2 -3 fake whatsup&nbsp;messges&nbsp;on year 2019.&nbsp;

IO told me he is going to submit charge sheet in few days.
The day IO submit final report in MM court ,&nbsp;shall i reach court and submit objection u/s 468(2)(c), now court is bared to take cognizance&nbsp;due to limitation act.also jurisdiction&nbsp;ground as per recent judgment of supreme court on dated 25.09.2024 KAILASHBEN MAHENDRABHAI PATEL c ?
shall i approach&nbsp;to delhi high court&nbsp; to quash on the judgment on A.Kaliyaperumal of madardh high court of 2024 on limitation groud&nbsp;?
can i go the delhi high to quash even after submission of final report in MM court( New Delhi, Delhi )","Dear Sir,You may lodge a complaint with Police. Then also get issue a legal notice and try to file a civil suit for recovery. Normally, the Corporates are afraid of litigations. They may settle the matter amicably if you adopt as above.","The primary legal issue is potential fraud and breach of contract by the job consultancy. Under Section 420 of the Indian Penal Code, cheating and dishonestly inducing delivery of property is a criminal offense. File a police complaint in Visakhapatnam against the consultancy for fraud. Additionally, consider filing a complaint with the consumer forum for deficiency in service under the Consumer Protection Act, 2019. Gather all evidence, including chat records, call recordings, and payment proofs, to support your claims.",2.3329,47.7322,18.644,3.9559,16.4299,20.5111,3.2801,20.0199,4.4031,1.5684,1.0,27.1385,49.3219,48.9553,83.8938
88,"My wife has filed wrong DVC case 3 years back. In the affedevit she has falsely mentioned that she has no means of earning and obtained maintenance order from the court. I approached her company and obtained her experience letter.

Question:
1. Do we need to file a separate 193 ipc case against my wife in the lower court or can we give a 193 ipc petition to the same DVC case court.

2. What is the time limit or limitation for filing 193 ipc in the lower court. Since it is a criminal case I think there will be no time limit. Please confirm.( Hyderabad, Telangana )",HKG::ESI_2 → HKG::ESI_2A → HKG::ESI_10 → HKG::ESI_20,HKG::ESI_2 → HKG::ESI_2A → HKG::ESI_10 → HKG::ESI_20 → HKG::esi → HKG::Employees State Insurance Act 1948 → HKG::Q_400 → HKG::ESI_49,"Sir a present municipal commissioner registered a contract Co. in his office to participate in works contract. . an elected councillor is a major partner in the company The company took many contract payments . They produced fake TDS tax remitted certificates and misappropriated tax revenue 38 lacs. HC ordered for recovery. Recovery was effected. FIR registered against the Co. But still present commissioner awarding contact to same Co. But no criminal action initiated against the commissioner. So many petition sent to higher officers. All are waste. Pl tell what's the procedure to get prosecution sanction against the commissioner sir( Vijayawada, Andhra Pradesh )","Sir I've mads omplaint n  filed a WP  in 2018 against an assistant Commr commercial tax for his alleged activities in filing complain against a trader. ie he has shown less crime of forgery docs instead of huge.  ie 150 nos instead of 8. and made favour the accused n weakened the FIR. By this trader evaded 45 lakhs VAT. Only department action taken on him. 

As expected FIR is now dropped  by police  since non coop of AC the complainant. In these three yrs AG audit sent report that he has committed 17 crores revenue loss in his service period.  

Can I  withdraw my earlier WP n file a fresh WP to  take criminal action as well as department action?  I'm the root cause for AG Audit report.( Salem, Tamil Nadu )","Dear Sir, 

One of the nationalised bank lodged an FIR against me under IPC SEC 420 for cheating and fraud related to ATM transactions in the year 2015.

For your kind information, i and my two relatives made 50 + atm transactions using their two atm. And all the transactions was unsuccessful. After raising disputes, they reverse the amount for 30+ claims. But they refused to settle the claims for last few transactions and alleged me and my relatives that we falsely lodged complaints due to ATM malfunctions. The ATM machine is failed to provide valid journal log of the all these transactions and also not providing CCTV Footage.

I raised a complaint for two of the said unsettled transactions in banking ombudsman, RBI and RBI also made decisions in my favour and asked the bank to refund the amount due to lack of evidence and CCTV Footage. And bank also bound to refund the amount after the RBI Mumbai rejects their appeal.

I also submits a petition at the high court for quashing the FIR. But the concerned IO and public prosecutor urged the court that investigation is still pending and they need some time to complete the investigation. And for that reason, the high court dismissed my petition and ordered the concerned IO to start the investigation without further delay and complete the same as soon as possible. The said judgement was made almost two years ago.

So I cordially request you to look into the matter and give me some advice what can I do right now.

With regards,

S Dasgupta.( Guwahati, Assam )","Dear client,Hon'ble Supreme Court held that private complaint alleging offence under sec 193 IPC is not maintainable. You can file petition under section 340 Cr.PC read with 195 (1)(b) Cr.PC and then court proceed for case of false evidence.Thank You.","Under Section 193 of the Indian Penal Code (IPC), giving false evidence is a criminal offense. To initiate proceedings against your wife for perjury, you can file a separate complaint under Section 193 IPC in the same court where the Domestic Violence Case (DVC) is being heard. However, the court must first make a finding that false evidence was given before it can proceed with a complaint under Section 340 of the Code of Criminal Procedure (CrPC).

There is no specific time limit for filing a complaint under Section 193 IPC, but it is advisable to act promptly to strengthen your case. The next step is to gather all relevant evidence, such as the experience letter, and consult with a lawyer to draft a petition under Section 340 CrPC to initiate proceedings for perjury.",1.3164,57.3652,18.644,3.9559,16.4299,20.5111,3.2801,20.0199,4.4031,1.5684,1.0,27.1385,49.3219,48.9553,83.8938
89,"Today I have received a bill on my WhatsApp number, in the bill there is a bill for the purchase of a computer printer, the bill is about 18000, I have not bought the goods written in the bill, yet the shopkeeper has made a confirmed bill in my name, which is The shopkeeper's Gst  number is also in the bill. The shopkeeper is doing something wrong by making a false bill in my name.
please help
thanking you
from bharti thakkar( Chandrapur, Maharashtra )",HKG::BTC_182 → HKG::BTC_223 → HKG::BTC_157 → HKG::LIM_33,HKG::BTC_182 → HKG::BTC_223 → HKG::BTC_157 → HKG::LIM_33 → HKG::LIM → HKG::BTC → HKG::BTC_331 → HKG::LIM_29,"Sir a present municipal commissioner registered a contract Co. in his office to participate in works contract. . an elected councillor is a major partner in the company The company took many contract payments . They produced fake TDS tax remitted certificates and misappropriated tax revenue 38 lacs. HC ordered for recovery. Recovery was effected. FIR registered against the Co. But still present commissioner awarding contact to same Co. But no criminal action initiated against the commissioner. So many petition sent to higher officers. All are waste. Pl tell what's the procedure to get prosecution sanction against the commissioner sir( Vijayawada, Andhra Pradesh )","Sir I've mads omplaint n  filed a WP  in 2018 against an assistant Commr commercial tax for his alleged activities in filing complain against a trader. ie he has shown less crime of forgery docs instead of huge.  ie 150 nos instead of 8. and made favour the accused n weakened the FIR. By this trader evaded 45 lakhs VAT. Only department action taken on him. 

As expected FIR is now dropped  by police  since non coop of AC the complainant. In these three yrs AG audit sent report that he has committed 17 crores revenue loss in his service period.  

Can I  withdraw my earlier WP n file a fresh WP to  take criminal action as well as department action?  I'm the root cause for AG Audit report.( Salem, Tamil Nadu )","Dear Sir, 

One of the nationalised bank lodged an FIR against me under IPC SEC 420 for cheating and fraud related to ATM transactions in the year 2015.

For your kind information, i and my two relatives made 50 + atm transactions using their two atm. And all the transactions was unsuccessful. After raising disputes, they reverse the amount for 30+ claims. But they refused to settle the claims for last few transactions and alleged me and my relatives that we falsely lodged complaints due to ATM malfunctions. The ATM machine is failed to provide valid journal log of the all these transactions and also not providing CCTV Footage.

I raised a complaint for two of the said unsettled transactions in banking ombudsman, RBI and RBI also made decisions in my favour and asked the bank to refund the amount due to lack of evidence and CCTV Footage. And bank also bound to refund the amount after the RBI Mumbai rejects their appeal.

I also submits a petition at the high court for quashing the FIR. But the concerned IO and public prosecutor urged the court that investigation is still pending and they need some time to complete the investigation. And for that reason, the high court dismissed my petition and ordered the concerned IO to start the investigation without further delay and complete the same as soon as possible. The said judgement was made almost two years ago.

So I cordially request you to look into the matter and give me some advice what can I do right now.

With regards,

S Dasgupta.( Guwahati, Assam )",Dear ClientYou can complaint in writing to the nesrest police station about this act.I hope it helps,"The creation of a false bill in your name without your consent may constitute an offense under Section 420 of the Indian Penal Code (IPC) for cheating and dishonestly inducing delivery of property. Additionally, it may involve violations related to the Goods and Services Tax (GST) Act if the shopkeeper is using your details fraudulently for tax purposes. You can file a police complaint against the shopkeeper for fraud and misrepresentation. Additionally, report the issue to the GST authorities with the shopkeeper's GST number for further investigation. Collect and preserve all evidence, such as the WhatsApp message and the bill, to support your complaint.",0.8658,43.0726,18.644,3.9559,16.4299,20.5111,3.2801,20.0199,4.4031,1.5684,1.0,27.1385,49.3219,48.9553,83.8938
90,"I was into relationship with a person who promised to marry me and accept my daughter later on knowing that i was pregnant with is baby 5 months he abused me and ran away to UP after which my featus got spoiled . I went to police for help who filed a case of 376 against me and arrested him on 31st may but now he has got a bail and the case is in his favour. His lawyer and family now claims that it was not his baby as his medical  is not conducted .No proper investigation is done.I am not getting any timely update. His father payed 50k for his bail.( Mumbai, Maharashtra )",HKG::PGA_7 → HKG::EPF_7D → HKG::ESI_55 → HKG::IRC_44,HKG::PGA_7 → HKG::EPF_7D → HKG::ESI_55 → HKG::IRC_44 → HKG::labour_court → HKG::Employees State Insurance Act 1948 → HKG::gratuity → HKG::PROC_GRATUITY_CLAIM,"Sir a present municipal commissioner registered a contract Co. in his office to participate in works contract. . an elected councillor is a major partner in the company The company took many contract payments . They produced fake TDS tax remitted certificates and misappropriated tax revenue 38 lacs. HC ordered for recovery. Recovery was effected. FIR registered against the Co. But still present commissioner awarding contact to same Co. But no criminal action initiated against the commissioner. So many petition sent to higher officers. All are waste. Pl tell what's the procedure to get prosecution sanction against the commissioner sir( Vijayawada, Andhra Pradesh )","Sir I've mads omplaint n  filed a WP  in 2018 against an assistant Commr commercial tax for his alleged activities in filing complain against a trader. ie he has shown less crime of forgery docs instead of huge.  ie 150 nos instead of 8. and made favour the accused n weakened the FIR. By this trader evaded 45 lakhs VAT. Only department action taken on him. 

As expected FIR is now dropped  by police  since non coop of AC the complainant. In these three yrs AG audit sent report that he has committed 17 crores revenue loss in his service period.  

Can I  withdraw my earlier WP n file a fresh WP to  take criminal action as well as department action?  I'm the root cause for AG Audit report.( Salem, Tamil Nadu )","Dear Sir, 

One of the nationalised bank lodged an FIR against me under IPC SEC 420 for cheating and fraud related to ATM transactions in the year 2015.

For your kind information, i and my two relatives made 50 + atm transactions using their two atm. And all the transactions was unsuccessful. After raising disputes, they reverse the amount for 30+ claims. But they refused to settle the claims for last few transactions and alleged me and my relatives that we falsely lodged complaints due to ATM malfunctions. The ATM machine is failed to provide valid journal log of the all these transactions and also not providing CCTV Footage.

I raised a complaint for two of the said unsettled transactions in banking ombudsman, RBI and RBI also made decisions in my favour and asked the bank to refund the amount due to lack of evidence and CCTV Footage. And bank also bound to refund the amount after the RBI Mumbai rejects their appeal.

I also submits a petition at the high court for quashing the FIR. But the concerned IO and public prosecutor urged the court that investigation is still pending and they need some time to complete the investigation. And for that reason, the high court dismissed my petition and ordered the concerned IO to start the investigation without further delay and complete the same as soon as possible. The said judgement was made almost two years ago.

So I cordially request you to look into the matter and give me some advice what can I do right now.

With regards,

S Dasgupta.( Guwahati, Assam )","Dear Client,In that case, you should immediately consult with an attorney. You can appeal for review of the granted bail in the High Court for the reason that his release is dangerous to you and your daughter since there was no proper investigation conducted. If you feel the police did not carry out their investigation appropriately you can report to the Superintendent of Police or the State Human Rights Commission to seek justice. A lawyer with specialization in sexual assault and family law is the best for the case since he or she will understand the legal policies that you need to follow. Collect any record of contact with the police as well as records of court hearings as this may form evidence. Besides, appeal to the NGOs or support groups to get emotional and legal help. Some of the related laws are Bharatiya Nyaya Sanhita section 63 (previously, Indian Penal Code) section  376 that deals with rape and Protection of Women from Domestic Violence Act, 2005. Please do not forget that you have the right to get justice and there are people and resources to help you in the process which might be really difficult for you.I hope this answer solves your problem.","Under Indian law, the promise to marry with subsequent sexual relations can constitute rape under Section 376 of the Indian Penal Code if the promise was false and made with the intention to deceive. Since the accused has been granted bail, it suggests the court found sufficient grounds for bail, but this does not absolve him of the charges. You can request the court to order a DNA test to establish paternity, which can be crucial evidence in your case. Additionally, you should ensure that the police conduct a thorough investigation by filing a complaint with higher authorities if necessary. Consider consulting with a legal aid service or a private attorney to ensure your case is being properly managed and to explore filing a petition for a more rigorous investigation.",2.3349,70.5992,18.644,3.9559,16.4299,20.5111,3.2801,20.0199,4.4031,1.5684,1.0,27.1385,49.3219,48.9553,83.8938
91,"Respondent has filed a counter affidavit in the name of IO of the case in which IO held the petitioner guilty of offence under section 376 and signed it. Can this counter affidavit lead to dismissal of my bail application?( Jamshedpur, Jharkhand )",PC::Counter-Affidavit Not Filed by District Magistrate → PC::Respondent Found Guilty of Offence → PC::Appellant Found Guilty of Offence → PC::Section 376 IPC,"PC::Counter-Affidavit Not Filed by District Magistrate → PC::Respondent Found Guilty of Offence → PC::Appellant Found Guilty of Offence → PC::Section 376 IPC → PC::Sentence Reduced on Appeal → HKG::MHA_102 → HKG::MHA → PC::Section 8 of the Narcotic Drugs and Psychotropic Substances Act, 1985","Sir a present municipal commissioner registered a contract Co. in his office to participate in works contract. . an elected councillor is a major partner in the company The company took many contract payments . They produced fake TDS tax remitted certificates and misappropriated tax revenue 38 lacs. HC ordered for recovery. Recovery was effected. FIR registered against the Co. But still present commissioner awarding contact to same Co. But no criminal action initiated against the commissioner. So many petition sent to higher officers. All are waste. Pl tell what's the procedure to get prosecution sanction against the commissioner sir( Vijayawada, Andhra Pradesh )","Sir I've mads omplaint n  filed a WP  in 2018 against an assistant Commr commercial tax for his alleged activities in filing complain against a trader. ie he has shown less crime of forgery docs instead of huge.  ie 150 nos instead of 8. and made favour the accused n weakened the FIR. By this trader evaded 45 lakhs VAT. Only department action taken on him. 

As expected FIR is now dropped  by police  since non coop of AC the complainant. In these three yrs AG audit sent report that he has committed 17 crores revenue loss in his service period.  

Can I  withdraw my earlier WP n file a fresh WP to  take criminal action as well as department action?  I'm the root cause for AG Audit report.( Salem, Tamil Nadu )","Shall i file objection in JMFC or approach to high court to quash police final report in 498a F.I.R ?
In 498a, 406 F.I.R last alleged incident of date 01.08.2020 after 2 year on 20.02.2022 F.I.R gets registered&nbsp;in different state&nbsp;till now police final report is not yet submitted , in term on evidence&nbsp;police will submit 2 -3 fake whatsup&nbsp;messges&nbsp;on year 2019.&nbsp;

IO told me he is going to submit charge sheet in few days.
The day IO submit final report in MM court ,&nbsp;shall i reach court and submit objection u/s 468(2)(c), now court is bared to take cognizance&nbsp;due to limitation act.also jurisdiction&nbsp;ground as per recent judgment of supreme court on dated 25.09.2024 KAILASHBEN MAHENDRABHAI PATEL c ?
shall i approach&nbsp;to delhi high court&nbsp; to quash on the judgment on A.Kaliyaperumal of madardh high court of 2024 on limitation groud&nbsp;?
can i go the delhi high to quash even after submission of final report in MM court( New Delhi, Delhi )",Your query is not clear to my understanding  therefore no comments.,"A counter affidavit filed by the Investigating Officer (IO) indicating guilt under Section 376 IPC can significantly impact the court's decision on a bail application, as it suggests strong evidence against the petitioner. However, the affidavit alone does not automatically lead to dismissal of the bail application. The court will consider the totality of evidence, the severity of the offense, and any risk of flight or tampering with evidence.

The petitioner can argue for bail by highlighting any inconsistencies in the affidavit, lack of corroborative evidence, or any procedural lapses in the investigation. It is advisable to prepare a strong defense highlighting these points and consider filing an application for anticipatory bail under Section 438 of the CrPC if not already arrested.",0.3745,12.27,18.644,3.9559,16.4299,20.5111,3.2801,20.0199,4.4031,1.5684,1.0,27.1385,49.3219,48.9553,83.8938
92,"Police arrested me and let me out with only warning they said. But the fir is filed against me with some stranger under 35(I) police didn't tell me about FIR. I checked in online . In my name there is spelling mistake in FIR. The FIR status is referred further action dropped. What can I do now? can I get govt job? How to delete or remove this FIR is it possible please someone tell me a solution. Please.( Chennai, Tamil Nadu )",PC::Delay in FIR Submission → PC::Accused Named in FIR → HKG::CCS_ME → PC::Petitioners Named in FIR,PC::Delay in FIR Submission → PC::Accused Named in FIR → HKG::CCS_ME → PC::Petitioners Named in FIR → PC::Magistrate Took Cognizance of FIR → HKG::MHA_102 → HKG::MHA → PC::Independent Witness Statement Recorded After Delay,"Sir a present municipal commissioner registered a contract Co. in his office to participate in works contract. . an elected councillor is a major partner in the company The company took many contract payments . They produced fake TDS tax remitted certificates and misappropriated tax revenue 38 lacs. HC ordered for recovery. Recovery was effected. FIR registered against the Co. But still present commissioner awarding contact to same Co. But no criminal action initiated against the commissioner. So many petition sent to higher officers. All are waste. Pl tell what's the procedure to get prosecution sanction against the commissioner sir( Vijayawada, Andhra Pradesh )","Sir I've mads omplaint n  filed a WP  in 2018 against an assistant Commr commercial tax for his alleged activities in filing complain against a trader. ie he has shown less crime of forgery docs instead of huge.  ie 150 nos instead of 8. and made favour the accused n weakened the FIR. By this trader evaded 45 lakhs VAT. Only department action taken on him. 

As expected FIR is now dropped  by police  since non coop of AC the complainant. In these three yrs AG audit sent report that he has committed 17 crores revenue loss in his service period.  

Can I  withdraw my earlier WP n file a fresh WP to  take criminal action as well as department action?  I'm the root cause for AG Audit report.( Salem, Tamil Nadu )","Shall i file objection in JMFC or approach to high court to quash police final report in 498a F.I.R ?
In 498a, 406 F.I.R last alleged incident of date 01.08.2020 after 2 year on 20.02.2022 F.I.R gets registered&nbsp;in different state&nbsp;till now police final report is not yet submitted , in term on evidence&nbsp;police will submit 2 -3 fake whatsup&nbsp;messges&nbsp;on year 2019.&nbsp;

IO told me he is going to submit charge sheet in few days.
The day IO submit final report in MM court ,&nbsp;shall i reach court and submit objection u/s 468(2)(c), now court is bared to take cognizance&nbsp;due to limitation act.also jurisdiction&nbsp;ground as per recent judgment of supreme court on dated 25.09.2024 KAILASHBEN MAHENDRABHAI PATEL c ?
shall i approach&nbsp;to delhi high court&nbsp; to quash on the judgment on A.Kaliyaperumal of madardh high court of 2024 on limitation groud&nbsp;?
can i go the delhi high to quash even after submission of final report in MM court( New Delhi, Delhi )","Dear Sir,It seems though FIR was registered the further action was dropped as per the contents of online status. Thus, it will not effect your future career. Always mention that there was no criminal case against you in applications that you may submit to your employers.","The most important legal point is that if the FIR status is referred for further action and dropped, it indicates that no further legal proceedings are currently active against you. Under Section 482 of the CrPC, you can approach the High Court to seek quashing of the FIR if it is causing you undue hardship or affecting your employment prospects. The spelling mistake in your name can be addressed in your petition to the court, emphasizing that it may cause confusion or misidentification. For pursuing a government job, ensure that the FIR is formally quashed to avoid any issues during background checks. Consider consulting with a lawyer to file the necessary petition in the High Court to clear your record.",1.3725,67.8079,18.644,3.9559,16.4299,20.5111,3.2801,20.0199,4.4031,1.5684,1.0,27.1385,49.3219,48.9553,83.8938
93,"Can an 19 year old boy kiss a 17 year old on the lips in India? Uttarakhand( Almora, Uttarakhand )",PC::Old Age of Appellant Considered in Judgment → PC::Appellant Promoted to Machine Boy → HKG::IEA_90 → PC::Old Adverse Remarks Considered Irrelevant,PC::Old Age of Appellant Considered in Judgment → PC::Appellant Promoted to Machine Boy → HKG::IEA_90 → PC::Old Adverse Remarks Considered Irrelevant → PC::High Court Found Decision Arbitrary → HKG::LIM_133 → HKG::leave → PC::Appellant Convicted Under Section 304(1) Read with Section 149,"Sir a present municipal commissioner registered a contract Co. in his office to participate in works contract. . an elected councillor is a major partner in the company The company took many contract payments . They produced fake TDS tax remitted certificates and misappropriated tax revenue 38 lacs. HC ordered for recovery. Recovery was effected. FIR registered against the Co. But still present commissioner awarding contact to same Co. But no criminal action initiated against the commissioner. So many petition sent to higher officers. All are waste. Pl tell what's the procedure to get prosecution sanction against the commissioner sir( Vijayawada, Andhra Pradesh )","Sir I've mads omplaint n  filed a WP  in 2018 against an assistant Commr commercial tax for his alleged activities in filing complain against a trader. ie he has shown less crime of forgery docs instead of huge.  ie 150 nos instead of 8. and made favour the accused n weakened the FIR. By this trader evaded 45 lakhs VAT. Only department action taken on him. 

As expected FIR is now dropped  by police  since non coop of AC the complainant. In these three yrs AG audit sent report that he has committed 17 crores revenue loss in his service period.  

Can I  withdraw my earlier WP n file a fresh WP to  take criminal action as well as department action?  I'm the root cause for AG Audit report.( Salem, Tamil Nadu )","Shall i file objection in JMFC or approach to high court to quash police final report in 498a F.I.R ?
In 498a, 406 F.I.R last alleged incident of date 01.08.2020 after 2 year on 20.02.2022 F.I.R gets registered&nbsp;in different state&nbsp;till now police final report is not yet submitted , in term on evidence&nbsp;police will submit 2 -3 fake whatsup&nbsp;messges&nbsp;on year 2019.&nbsp;

IO told me he is going to submit charge sheet in few days.
The day IO submit final report in MM court ,&nbsp;shall i reach court and submit objection u/s 468(2)(c), now court is bared to take cognizance&nbsp;due to limitation act.also jurisdiction&nbsp;ground as per recent judgment of supreme court on dated 25.09.2024 KAILASHBEN MAHENDRABHAI PATEL c ?
shall i approach&nbsp;to delhi high court&nbsp; to quash on the judgment on A.Kaliyaperumal of madardh high court of 2024 on limitation groud&nbsp;?
can i go the delhi high to quash even after submission of final report in MM court( New Delhi, Delhi )",If it is consensual then no problem. But if it is done without the consent of female rhen it is a crime.,"Under the Protection of Children from Sexual Offences Act, 2012 (POCSO), any sexual act with a minor (below 18 years) is considered an offense, regardless of consent. Kissing on the lips can be construed as a sexual act under this law, making it illegal for a 19-year-old to kiss a 17-year-old. The 19-year-old could face charges under Section 7 of POCSO, which deals with sexual assault.

The 19-year-old should refrain from any such acts to avoid legal consequences. If already involved in such a situation, consulting a legal professional for advice on potential defenses or mitigating actions is advisable.",0.5218,45.8412,18.644,3.9559,16.4299,20.5111,3.2801,20.0199,4.4031,1.5684,1.0,27.1385,49.3219,48.9553,83.8938
94,"Me and my friends were added in the FIR for a fight IPC 147,148,149,294(b),324,506(2). 3 of my friends were arrested along with 3 of the opposition. Same sections were filed for them also. After that all of them got bail, now the fir status is final report and charge sheet prepared. The police need to file it in the court but its actually been over a year now I have got a Job offer from Nigeria for that I need PCC.
my question is the chargesheet have not filed yet if I apply for PCC will I get one or not or should I move the case forward for hearing because both the  parties are ready to compromise.
I have only two months to process the visa and PCC 
What should I do?
In ecourt services site the for shows has dismissed because we only got bail and the police need to file the chargesheet yet.

Please give us solutiy( Kanchipuram, Tamil Nadu )","PC::Sections 147, 148, 149, 323, 324 and 406 of the Indian Penal Code, 1860 → PC::Defendants Yet to File Written Statements → PC::Charge-Sheet Filed by Police → PC::Need to Remand Case for Fresh Consideration","PC::Sections 147, 148, 149, 323, 324 and 406 of the Indian Penal Code, 1860 → PC::Defendants Yet to File Written Statements → PC::Charge-Sheet Filed by Police → PC::Need to Remand Case for Fresh Consideration → HKG::LIM_93 → HKG::LIM → HKG::LIM_51 → PC::High Court Dismissed Appeal for Lack of Substantial Question of Law","Sir a present municipal commissioner registered a contract Co. in his office to participate in works contract. . an elected councillor is a major partner in the company The company took many contract payments . They produced fake TDS tax remitted certificates and misappropriated tax revenue 38 lacs. HC ordered for recovery. Recovery was effected. FIR registered against the Co. But still present commissioner awarding contact to same Co. But no criminal action initiated against the commissioner. So many petition sent to higher officers. All are waste. Pl tell what's the procedure to get prosecution sanction against the commissioner sir( Vijayawada, Andhra Pradesh )","Shall i file objection in JMFC or approach to high court to quash police final report in 498a F.I.R ?
In 498a, 406 F.I.R last alleged incident of date 01.08.2020 after 2 year on 20.02.2022 F.I.R gets registered&nbsp;in different state&nbsp;till now police final report is not yet submitted , in term on evidence&nbsp;police will submit 2 -3 fake whatsup&nbsp;messges&nbsp;on year 2019.&nbsp;

IO told me he is going to submit charge sheet in few days.
The day IO submit final report in MM court ,&nbsp;shall i reach court and submit objection u/s 468(2)(c), now court is bared to take cognizance&nbsp;due to limitation act.also jurisdiction&nbsp;ground as per recent judgment of supreme court on dated 25.09.2024 KAILASHBEN MAHENDRABHAI PATEL c ?
shall i approach&nbsp;to delhi high court&nbsp; to quash on the judgment on A.Kaliyaperumal of madardh high court of 2024 on limitation groud&nbsp;?
can i go the delhi high to quash even after submission of final report in MM court( New Delhi, Delhi )","Sir I've mads omplaint n  filed a WP  in 2018 against an assistant Commr commercial tax for his alleged activities in filing complain against a trader. ie he has shown less crime of forgery docs instead of huge.  ie 150 nos instead of 8. and made favour the accused n weakened the FIR. By this trader evaded 45 lakhs VAT. Only department action taken on him. 

As expected FIR is now dropped  by police  since non coop of AC the complainant. In these three yrs AG audit sent report that he has committed 17 crores revenue loss in his service period.  

Can I  withdraw my earlier WP n file a fresh WP to  take criminal action as well as department action?  I'm the root cause for AG Audit report.( Salem, Tamil Nadu )","Dear client,In my humble suggestion, PCC can be allotted to you as no charge sheet has been filed yet.","The primary issue is the pending charge sheet and its impact on obtaining a Police Clearance Certificate (PCC). Under Indian law, a pending charge sheet can affect the issuance of a PCC, as it indicates ongoing criminal proceedings. Since both parties are ready to compromise, consider filing a joint petition for quashing the FIR under Section 482 of the CrPC with the High Court, demonstrating mutual settlement and lack of public interest in pursuing the case.

To expedite the process, both parties should submit an affidavit of compromise to the court, which may facilitate the quashing of the FIR. Once the FIR is quashed, you can apply for a PCC without the pending criminal matter affecting your application.",0.8103,52.5003,18.644,3.9559,16.4299,20.5111,3.2801,20.0199,4.4031,1.5684,1.0,27.1385,49.3219,48.9553,83.8938
95,"For second marriage what is the punishment by law to that person( Thane, Maharashtra )",HKG::PGA_4 → HKG::PGA_7 → HKG::CCS_ME_3 → HKG::MEPS_17,HKG::PGA_4 → HKG::PGA_7 → HKG::CCS_ME_3 → HKG::MEPS_17 → HKG::provident_fund → HKG::MEPS → HKG::PROC_GRATUITY_CLAIM → HKG::labour_court,"Sir a present municipal commissioner registered a contract Co. in his office to participate in works contract. . an elected councillor is a major partner in the company The company took many contract payments . They produced fake TDS tax remitted certificates and misappropriated tax revenue 38 lacs. HC ordered for recovery. Recovery was effected. FIR registered against the Co. But still present commissioner awarding contact to same Co. But no criminal action initiated against the commissioner. So many petition sent to higher officers. All are waste. Pl tell what's the procedure to get prosecution sanction against the commissioner sir( Vijayawada, Andhra Pradesh )","Sir I've mads omplaint n  filed a WP  in 2018 against an assistant Commr commercial tax for his alleged activities in filing complain against a trader. ie he has shown less crime of forgery docs instead of huge.  ie 150 nos instead of 8. and made favour the accused n weakened the FIR. By this trader evaded 45 lakhs VAT. Only department action taken on him. 

As expected FIR is now dropped  by police  since non coop of AC the complainant. In these three yrs AG audit sent report that he has committed 17 crores revenue loss in his service period.  

Can I  withdraw my earlier WP n file a fresh WP to  take criminal action as well as department action?  I'm the root cause for AG Audit report.( Salem, Tamil Nadu )","Shall i file objection in JMFC or approach to high court to quash police final report in 498a F.I.R ?
In 498a, 406 F.I.R last alleged incident of date 01.08.2020 after 2 year on 20.02.2022 F.I.R gets registered&nbsp;in different state&nbsp;till now police final report is not yet submitted , in term on evidence&nbsp;police will submit 2 -3 fake whatsup&nbsp;messges&nbsp;on year 2019.&nbsp;

IO told me he is going to submit charge sheet in few days.
The day IO submit final report in MM court ,&nbsp;shall i reach court and submit objection u/s 468(2)(c), now court is bared to take cognizance&nbsp;due to limitation act.also jurisdiction&nbsp;ground as per recent judgment of supreme court on dated 25.09.2024 KAILASHBEN MAHENDRABHAI PATEL c ?
shall i approach&nbsp;to delhi high court&nbsp; to quash on the judgment on A.Kaliyaperumal of madardh high court of 2024 on limitation groud&nbsp;?
can i go the delhi high to quash even after submission of final report in MM court( New Delhi, Delhi )","7 to 10 years.if you are second wife then you can file for Void marriage and not 494.only first wife or father can file for 494.Hope this clarifies,Advocate Ankur Goel(Complete Law Shield)  #YourLifeYourChoiceNote - This is just a small advice. Proper advice can happen only after going through details.","Under Section 494 of the Indian Penal Code, marrying again during the lifetime of a spouse is punishable with imprisonment of up to seven years and a fine. This offense is non-cognizable, bailable, and triable by a Magistrate of the first class. A complaint can be filed by the aggrieved spouse or any other person who is aware of the offense. To proceed, gather evidence of the second marriage and file a complaint with the local police or directly in the Magistrate's court.",1.3685,60.3072,18.644,3.9559,16.4299,20.5111,3.2801,20.0199,4.4031,1.5684,1.0,27.1385,49.3219,48.9553,83.8938
96,"How to give a Notice  to a doctor for  serious matter pertaining to his  involvement in issuing a false medical certificate and wrongfully attesting LIC policy document in the absence of the signatory( Mumbai, Maharashtra )",HKG::MEPS_26 → HKG::MEPS_40 → HKG::MBA_10 → HKG::FA_79,HKG::MEPS_26 → HKG::MEPS_40 → HKG::MBA_10 → HKG::FA_79 → HKG::leave → HKG::notice_period → HKG::MEPS → HKG::Factories Act 1948,"Sir a present municipal commissioner registered a contract Co. in his office to participate in works contract. . an elected councillor is a major partner in the company The company took many contract payments . They produced fake TDS tax remitted certificates and misappropriated tax revenue 38 lacs. HC ordered for recovery. Recovery was effected. FIR registered against the Co. But still present commissioner awarding contact to same Co. But no criminal action initiated against the commissioner. So many petition sent to higher officers. All are waste. Pl tell what's the procedure to get prosecution sanction against the commissioner sir( Vijayawada, Andhra Pradesh )","Sir I've mads omplaint n  filed a WP  in 2018 against an assistant Commr commercial tax for his alleged activities in filing complain against a trader. ie he has shown less crime of forgery docs instead of huge.  ie 150 nos instead of 8. and made favour the accused n weakened the FIR. By this trader evaded 45 lakhs VAT. Only department action taken on him. 

As expected FIR is now dropped  by police  since non coop of AC the complainant. In these three yrs AG audit sent report that he has committed 17 crores revenue loss in his service period.  

Can I  withdraw my earlier WP n file a fresh WP to  take criminal action as well as department action?  I'm the root cause for AG Audit report.( Salem, Tamil Nadu )","Shall i file objection in JMFC or approach to high court to quash police final report in 498a F.I.R ?
In 498a, 406 F.I.R last alleged incident of date 01.08.2020 after 2 year on 20.02.2022 F.I.R gets registered&nbsp;in different state&nbsp;till now police final report is not yet submitted , in term on evidence&nbsp;police will submit 2 -3 fake whatsup&nbsp;messges&nbsp;on year 2019.&nbsp;

IO told me he is going to submit charge sheet in few days.
The day IO submit final report in MM court ,&nbsp;shall i reach court and submit objection u/s 468(2)(c), now court is bared to take cognizance&nbsp;due to limitation act.also jurisdiction&nbsp;ground as per recent judgment of supreme court on dated 25.09.2024 KAILASHBEN MAHENDRABHAI PATEL c ?
shall i approach&nbsp;to delhi high court&nbsp; to quash on the judgment on A.Kaliyaperumal of madardh high court of 2024 on limitation groud&nbsp;?
can i go the delhi high to quash even after submission of final report in MM court( New Delhi, Delhi )","Dear client,Please engage a good advocate who will help you draft the notice. The notice must contain doctor's name and address, the dispute in brief, the remedy you seek etc","Issuing a false medical certificate and wrongfully attesting documents can constitute offenses under Sections 197 and 198 of the Indian Penal Code (IPC), which deal with issuing or signing false certificates and using as true a certificate known to be false, respectively. The user can issue a legal notice to the doctor, demanding an explanation and warning of potential legal consequences if the matter is not rectified. This notice should clearly outline the allegations, the evidence supporting these claims, and the potential legal actions that may follow. If the doctor fails to respond or rectify the situation, the user can file a complaint with the Medical Council of India and/or initiate criminal proceedings under the relevant sections of the IPC.",1.0993,47.9529,18.644,3.9559,16.4299,20.5111,3.2801,20.0199,4.4031,1.5684,1.0,27.1385,49.3219,48.9553,83.8938
97,"there is a system where you need to pay rs 2200 as help, donation, charity or beg to 6 people and you get enrolled in this system after that you will have to find 4 people to pay rs 2200 each, if these 4 people pay rs 2200 each then you can take back your investment of rs 2200 and rest of the amount will get distributed among 6 people as it keeps going at the last level you will receive a grand total of rs 57 Lacs as help, donation, charity or beg from the people....so my question is, is it illegal under prize chit and money circulation banning act 1978 ? or is legal ?( Mumbai City, Maharashtra )",HKG::MBA_10 → HKG::FA_79 → HKG::SPE_4 → HKG::MTW_24,HKG::MBA_10 → HKG::FA_79 → HKG::SPE_4 → HKG::MTW_24 → HKG::leave → HKG::SPE → HKG::Factories Act 1948 → HKG::Maternity Benefit Act 1961,"Sir a present municipal commissioner registered a contract Co. in his office to participate in works contract. . an elected councillor is a major partner in the company The company took many contract payments . They produced fake TDS tax remitted certificates and misappropriated tax revenue 38 lacs. HC ordered for recovery. Recovery was effected. FIR registered against the Co. But still present commissioner awarding contact to same Co. But no criminal action initiated against the commissioner. So many petition sent to higher officers. All are waste. Pl tell what's the procedure to get prosecution sanction against the commissioner sir( Vijayawada, Andhra Pradesh )","Sir I've mads omplaint n  filed a WP  in 2018 against an assistant Commr commercial tax for his alleged activities in filing complain against a trader. ie he has shown less crime of forgery docs instead of huge.  ie 150 nos instead of 8. and made favour the accused n weakened the FIR. By this trader evaded 45 lakhs VAT. Only department action taken on him. 

As expected FIR is now dropped  by police  since non coop of AC the complainant. In these three yrs AG audit sent report that he has committed 17 crores revenue loss in his service period.  

Can I  withdraw my earlier WP n file a fresh WP to  take criminal action as well as department action?  I'm the root cause for AG Audit report.( Salem, Tamil Nadu )","Shall i file objection in JMFC or approach to high court to quash police final report in 498a F.I.R ?
In 498a, 406 F.I.R last alleged incident of date 01.08.2020 after 2 year on 20.02.2022 F.I.R gets registered&nbsp;in different state&nbsp;till now police final report is not yet submitted , in term on evidence&nbsp;police will submit 2 -3 fake whatsup&nbsp;messges&nbsp;on year 2019.&nbsp;

IO told me he is going to submit charge sheet in few days.
The day IO submit final report in MM court ,&nbsp;shall i reach court and submit objection u/s 468(2)(c), now court is bared to take cognizance&nbsp;due to limitation act.also jurisdiction&nbsp;ground as per recent judgment of supreme court on dated 25.09.2024 KAILASHBEN MAHENDRABHAI PATEL c ?
shall i approach&nbsp;to delhi high court&nbsp; to quash on the judgment on A.Kaliyaperumal of madardh high court of 2024 on limitation groud&nbsp;?
can i go the delhi high to quash even after submission of final report in MM court( New Delhi, Delhi )",Pl be aware of such illegal acts.,"The described scheme is likely illegal under the Prize Chits and Money Circulation Schemes (Banning) Act, 1978. This Act prohibits any scheme where a person is required to pay money with the promise of receiving money or valuable consideration as a result of enrolling others into the scheme. Such schemes are considered money circulation schemes and are banned under Section 3 of the Act.

You cannot legally participate in or promote this scheme. To avoid legal consequences, refrain from engaging in or recruiting others into the scheme. If already involved, consider ceasing participation and consulting with a legal professional to understand potential liabilities and remedial actions.",0.4029,34.8962,18.644,3.9559,16.4299,20.5111,3.2801,20.0199,4.4031,1.5684,1.0,27.1385,49.3219,48.9553,83.8938
98,"Sir i have filed a F.I.R my o.m.r sheet has been forged by college principal and staff under section 420,467,468,218 of IPC but police is taking unfair advantage from the accused and preventing the arrest of accused .How can i Approach high court to Cancel accussed Arrest Stay and Anticipatory bail( Firozabad, Uttar Pradesh )",HKG::ATA_19,HKG::ATA_19 → HKG::labour_court → HKG::govt_service → HKG::Administrative Tribunals Act 1985 → HKG::PROC_GOVT_SERVICE_DISPUTE,"Sir a present municipal commissioner registered a contract Co. in his office to participate in works contract. . an elected councillor is a major partner in the company The company took many contract payments . They produced fake TDS tax remitted certificates and misappropriated tax revenue 38 lacs. HC ordered for recovery. Recovery was effected. FIR registered against the Co. But still present commissioner awarding contact to same Co. But no criminal action initiated against the commissioner. So many petition sent to higher officers. All are waste. Pl tell what's the procedure to get prosecution sanction against the commissioner sir( Vijayawada, Andhra Pradesh )","Sir I've mads omplaint n  filed a WP  in 2018 against an assistant Commr commercial tax for his alleged activities in filing complain against a trader. ie he has shown less crime of forgery docs instead of huge.  ie 150 nos instead of 8. and made favour the accused n weakened the FIR. By this trader evaded 45 lakhs VAT. Only department action taken on him. 

As expected FIR is now dropped  by police  since non coop of AC the complainant. In these three yrs AG audit sent report that he has committed 17 crores revenue loss in his service period.  

Can I  withdraw my earlier WP n file a fresh WP to  take criminal action as well as department action?  I'm the root cause for AG Audit report.( Salem, Tamil Nadu )","Shall i file objection in JMFC or approach to high court to quash police final report in 498a F.I.R ?
In 498a, 406 F.I.R last alleged incident of date 01.08.2020 after 2 year on 20.02.2022 F.I.R gets registered&nbsp;in different state&nbsp;till now police final report is not yet submitted , in term on evidence&nbsp;police will submit 2 -3 fake whatsup&nbsp;messges&nbsp;on year 2019.&nbsp;

IO told me he is going to submit charge sheet in few days.
The day IO submit final report in MM court ,&nbsp;shall i reach court and submit objection u/s 468(2)(c), now court is bared to take cognizance&nbsp;due to limitation act.also jurisdiction&nbsp;ground as per recent judgment of supreme court on dated 25.09.2024 KAILASHBEN MAHENDRABHAI PATEL c ?
shall i approach&nbsp;to delhi high court&nbsp; to quash on the judgment on A.Kaliyaperumal of madardh high court of 2024 on limitation groud&nbsp;?
can i go the delhi high to quash even after submission of final report in MM court( New Delhi, Delhi )","Hi,You can move to SP office and give a complaint. If proper investigation does not take place, with your complaint receipt, you can move to court and file a complaint. Forgery is a crime in India and whoever commits forgery shall be punished with imprisonment of either description for a term which may extend to two years, or with fine, or with both.Please rate my answerThank You","Under Section 482 of the Criminal Procedure Code, the High Court has the inherent power to intervene in cases of misuse of legal process, including the granting of anticipatory bail. You can file a petition in the High Court to challenge the anticipatory bail granted to the accused, arguing that it was obtained through misrepresentation or that the accused poses a risk of tampering with evidence or influencing witnesses. Additionally, you may request the court to direct the police to conduct a fair investigation. Ensure that your petition includes specific instances of police inaction or bias to strengthen your case.",1.6593,21.0217,18.644,3.9559,16.4299,20.5111,3.2801,20.0199,4.4031,1.5684,1.0,27.1385,49.3219,48.9553,83.8938
99,"I jave given my phone number in public smoking issue.. Police have called me and asked to attend the court for paying fine . with my adhaar card is it.  Necessary to produce adhaar card before them( Hyderabad, Telangana )",HKG::EPF_6 → HKG::EPF_AT_2 → HKG::CCS_ME_3 → HKG::CCS_ME_5,HKG::EPF_6 → HKG::EPF_AT_2 → HKG::CCS_ME_3 → HKG::CCS_ME_5 → HKG::provident_fund → HKG::labour_court → HKG::leave → HKG::PROC_PF_COMPLAINT,"Sir a present municipal commissioner registered a contract Co. in his office to participate in works contract. . an elected councillor is a major partner in the company The company took many contract payments . They produced fake TDS tax remitted certificates and misappropriated tax revenue 38 lacs. HC ordered for recovery. Recovery was effected. FIR registered against the Co. But still present commissioner awarding contact to same Co. But no criminal action initiated against the commissioner. So many petition sent to higher officers. All are waste. Pl tell what's the procedure to get prosecution sanction against the commissioner sir( Vijayawada, Andhra Pradesh )","Sir I've mads omplaint n  filed a WP  in 2018 against an assistant Commr commercial tax for his alleged activities in filing complain against a trader. ie he has shown less crime of forgery docs instead of huge.  ie 150 nos instead of 8. and made favour the accused n weakened the FIR. By this trader evaded 45 lakhs VAT. Only department action taken on him. 

As expected FIR is now dropped  by police  since non coop of AC the complainant. In these three yrs AG audit sent report that he has committed 17 crores revenue loss in his service period.  

Can I  withdraw my earlier WP n file a fresh WP to  take criminal action as well as department action?  I'm the root cause for AG Audit report.( Salem, Tamil Nadu )","Dear Sir, 

One of the nationalised bank lodged an FIR against me under IPC SEC 420 for cheating and fraud related to ATM transactions in the year 2015.

For your kind information, i and my two relatives made 50 + atm transactions using their two atm. And all the transactions was unsuccessful. After raising disputes, they reverse the amount for 30+ claims. But they refused to settle the claims for last few transactions and alleged me and my relatives that we falsely lodged complaints due to ATM malfunctions. The ATM machine is failed to provide valid journal log of the all these transactions and also not providing CCTV Footage.

I raised a complaint for two of the said unsettled transactions in banking ombudsman, RBI and RBI also made decisions in my favour and asked the bank to refund the amount due to lack of evidence and CCTV Footage. And bank also bound to refund the amount after the RBI Mumbai rejects their appeal.

I also submits a petition at the high court for quashing the FIR. But the concerned IO and public prosecutor urged the court that investigation is still pending and they need some time to complete the investigation. And for that reason, the high court dismissed my petition and ordered the concerned IO to start the investigation without further delay and complete the same as soon as possible. The said judgement was made almost two years ago.

So I cordially request you to look into the matter and give me some advice what can I do right now.

With regards,

S Dasgupta.( Guwahati, Assam )","Dear Sir,King can do no wrong, like that you cannot question the authority of police except before High Court. It being a petty issue just oblige them and close the matter to avoid side effect.","Under the Cigarettes and Other Tobacco Products Act, 2003, smoking in public places is prohibited, and violators may be fined. If the police have asked you to attend court to pay a fine, you are legally required to comply. While an Aadhaar card is a common form of identification, there is no statutory requirement to produce it specifically unless the court or police explicitly demand it. You can present any government-issued ID for verification purposes. Attend the court on the scheduled date, and bring identification to resolve the matter efficiently.",1.1761,23.8001,18.644,3.9559,16.4299,20.5111,3.2801,20.0199,4.4031,1.5684,1.0,27.1385,49.3219,48.9553,83.8938
100,"Only on condition to marry I said yes to relationship he lied about his age said he is 18 bt he is 17 nd iam 18 after 8 month I got to know I tried to break up bt he creates drama cried nd threats me he will sucide nd viral my pics he loves me truely he wanted to marry in any condition his brother aslo convinced me that he will marry he really loves me they said at age 21 he will marry bt now dont leave be in relationship he will marry for sure iam sc he is obc he said his parents are open minded nd age doesn't matter he loves me when he turns 18 I gave him consent  for physical on condition he will marry bt after 1 month he leave me without a word saying his brother abused me nd threats me his father is police he can do anything if I contact him he will come my home no contact with bf only his brother contact me after that I told my parents we met his parents they said they will marry when he turns 21 nd they don't have any issue about me nd cast even they call me daughter in law bt month later my dad died I am very depressed nd tried to talk to bf bt his father refused nd start blaming me that he is 18 nd am 19 he is mentally sick nd bleam all on me  they started makin excuses when I call his mom only one time they complain about me to ngo that I am harrasing them ngo man call me nd insult ,threats me what should I do now if I go there home to talk they will again complain his father is police they said they can do anything nd not clearly told me what they mean  I only want to talk with peace bt they doing this what to do now I have proof pics what's app chat , call recording of promise to marry,ngo man cl record nd his brother aslo defame me in my frnd circles what to do now I want to talk to them in person bt they giving excuses/threats should I file case can his age make my case weak or I should wait for he turns 21 bt after he refused to marry can I file case on him( Aurangabad, Maharashtra )",PC::Promise to Marry Alleged by Victim → HKG::EC_RULES_68 → HKG::BTC_371 → PC::High Court Refused to Call for Statement of Case,PC::Promise to Marry Alleged by Victim → HKG::EC_RULES_68 → HKG::BTC_371 → PC::High Court Refused to Call for Statement of Case → HKG::LIM_133 → HKG::leave → HKG::provident_fund → HKG::BTC,"Sir a present municipal commissioner registered a contract Co. in his office to participate in works contract. . an elected councillor is a major partner in the company The company took many contract payments . They produced fake TDS tax remitted certificates and misappropriated tax revenue 38 lacs. HC ordered for recovery. Recovery was effected. FIR registered against the Co. But still present commissioner awarding contact to same Co. But no criminal action initiated against the commissioner. So many petition sent to higher officers. All are waste. Pl tell what's the procedure to get prosecution sanction against the commissioner sir( Vijayawada, Andhra Pradesh )","Sir I've mads omplaint n  filed a WP  in 2018 against an assistant Commr commercial tax for his alleged activities in filing complain against a trader. ie he has shown less crime of forgery docs instead of huge.  ie 150 nos instead of 8. and made favour the accused n weakened the FIR. By this trader evaded 45 lakhs VAT. Only department action taken on him. 

As expected FIR is now dropped  by police  since non coop of AC the complainant. In these three yrs AG audit sent report that he has committed 17 crores revenue loss in his service period.  

Can I  withdraw my earlier WP n file a fresh WP to  take criminal action as well as department action?  I'm the root cause for AG Audit report.( Salem, Tamil Nadu )","Shall i file objection in JMFC or approach to high court to quash police final report in 498a F.I.R ?
In 498a, 406 F.I.R last alleged incident of date 01.08.2020 after 2 year on 20.02.2022 F.I.R gets registered&nbsp;in different state&nbsp;till now police final report is not yet submitted , in term on evidence&nbsp;police will submit 2 -3 fake whatsup&nbsp;messges&nbsp;on year 2019.&nbsp;

IO told me he is going to submit charge sheet in few days.
The day IO submit final report in MM court ,&nbsp;shall i reach court and submit objection u/s 468(2)(c), now court is bared to take cognizance&nbsp;due to limitation act.also jurisdiction&nbsp;ground as per recent judgment of supreme court on dated 25.09.2024 KAILASHBEN MAHENDRABHAI PATEL c ?
shall i approach&nbsp;to delhi high court&nbsp; to quash on the judgment on A.Kaliyaperumal of madardh high court of 2024 on limitation groud&nbsp;?
can i go the delhi high to quash even after submission of final report in MM court( New Delhi, Delhi )",Aap ko turant police me complaint file karni chahiye.Aap ke sath usne jhut bolkar aap ka vishvash prapt kiya hai.Vaise bhi aap minior haiAap unke ke khilaf SCST act ke antargat case bhi file kar sakte hai.,"The primary legal issue here is the allegation of a false promise to marry, which can amount to cheating under Section 415 of the Indian Penal Code (IPC) if it can be proven that the promise was made with no intention of fulfillment. Given the age of the boy (17), there is also a concern about the legality of the relationship under the Protection of Children from Sexual Offences (POCSO) Act, as consent is not valid if one party is a minor. 

You can file a complaint with the police regarding the false promise to marry and any threats or harassment you have faced. Collect and preserve all evidence, such as WhatsApp chats and call recordings, which can support your claims. It is advisable to refrain from contacting the boy or his family directly to avoid further complications and instead pursue legal action through the appropriate channels.",0.3426,32.6867,18.644,3.9559,16.4299,20.5111,3.2801,20.0199,4.4031,1.5684,1.0,27.1385,49.3219,48.9553,83.8938
101,"My father were three brothers, Ramesh, Suresh and Kamalesh. My father Kamalesh was the Youngest of them. 

My mother first got married in 1967 to Suresh and birthed 2 sons Manjeet and Navjeet, of which the youngest one Manjeet was treated horribly and was kicked out of house in child age by my mother. His existence is unknown. The other son Navjeet (age 50) is married and works as a teacher.

The first husband died for reasons unknown. And then she was married (chudi-phenana, chadar-dalna) to my father (Kamalesh)(between 1977-78), who was once married but his wife passed away after few days of giving birth to only 1 son Mukul. She gave birth to me in 1979. My stepbrother Mukul is 7 years elder to me.

During this period we used to live in a joint family but at around age 3 we moved out I, Mukul, Navjeet, my mother and father. And lived separately in same city.

After we had moved out my mother kept in touch with the family of husband's side from where they left home. Mukul left home at age 17 because of my mother (his stepmother/chachi) treated him horribly. When I turned 14 my mother started making contacts with my fatherâs eldest brother or my Tau (Ramesh). (In 1988 my Tai commited sucide). Tau had 2 sons and 2 daughters. 1 daughter's mental condition wasn't good. My mother used this opportunity to make frequent contacts with Tau with pretext of helping his challenged daughter. Also during this period She made contacts with Tau's daughter in law as an entry way into the home. This went on for months. And soon enough when I was 14 Â½ we moved back into the same home we left when I was 3. I, Navjeet and my mother moved in. My father at the time was working in Delhi. 

My father agreed to it that we're moving to Tau's home. Realising our poor condition. That maybe Tau could fund our education and remove the burden of living in rent. 

And cunningly she started creating divisions between every family member of Tau. After few months my stepbrother Navjeet left home and started living with our aunt (Bua). After 5-6 months I too left home and moved to Delhi with my Father. 

Till I turned 18 I lived with my father. Soon my Tau and my mother married me off (kicked me out). Because of my father wasnât competent to take care of me. 

In between year 2001-2002 my mother and Tau sold off the home and it parts to Tauâs children. And moved to another city. Because of immense shame in the society.

After my mother and Tau (Ramesh) moved to another current city. She started developing the perception around the people that her current husband (Ramesh) was her second husband only and her first husband died (Navjeet father). Basically she neglected my father Kamalesh and me her daughter. 

And she also is lying with people in society, that her daughter (me) was an adopted one, stating her mother died.

After 2002 (year unknown) my mother forged a false marriage certificate with my Tau. In 2012 my Tau passed away. And since then my mother has been taking the Army pension as a wife.

I am a living proof of her second marriage. And she didnât take a divorce from my father.

My request is how can I stop the pension fraud? And to which authority should I write to? And what will be my role. Will I be a whistleblower or something else?( Aligarh, Uttar Pradesh )",HKG::EPF_6 → HKG::EPF_AT_2 → HKG::CCS_ME_3 → HKG::CCS_ME_5,HKG::EPF_6 → HKG::EPF_AT_2 → HKG::CCS_ME_3 → HKG::CCS_ME_5 → HKG::leave → HKG::gratuity → HKG::labour_court → HKG::provident_fund,"Sir a present municipal commissioner registered a contract Co. in his office to participate in works contract. . an elected councillor is a major partner in the company The company took many contract payments . They produced fake TDS tax remitted certificates and misappropriated tax revenue 38 lacs. HC ordered for recovery. Recovery was effected. FIR registered against the Co. But still present commissioner awarding contact to same Co. But no criminal action initiated against the commissioner. So many petition sent to higher officers. All are waste. Pl tell what's the procedure to get prosecution sanction against the commissioner sir( Vijayawada, Andhra Pradesh )","Sir I've mads omplaint n  filed a WP  in 2018 against an assistant Commr commercial tax for his alleged activities in filing complain against a trader. ie he has shown less crime of forgery docs instead of huge.  ie 150 nos instead of 8. and made favour the accused n weakened the FIR. By this trader evaded 45 lakhs VAT. Only department action taken on him. 

As expected FIR is now dropped  by police  since non coop of AC the complainant. In these three yrs AG audit sent report that he has committed 17 crores revenue loss in his service period.  

Can I  withdraw my earlier WP n file a fresh WP to  take criminal action as well as department action?  I'm the root cause for AG Audit report.( Salem, Tamil Nadu )","Dear Sir, 

One of the nationalised bank lodged an FIR against me under IPC SEC 420 for cheating and fraud related to ATM transactions in the year 2015.

For your kind information, i and my two relatives made 50 + atm transactions using their two atm. And all the transactions was unsuccessful. After raising disputes, they reverse the amount for 30+ claims. But they refused to settle the claims for last few transactions and alleged me and my relatives that we falsely lodged complaints due to ATM malfunctions. The ATM machine is failed to provide valid journal log of the all these transactions and also not providing CCTV Footage.

I raised a complaint for two of the said unsettled transactions in banking ombudsman, RBI and RBI also made decisions in my favour and asked the bank to refund the amount due to lack of evidence and CCTV Footage. And bank also bound to refund the amount after the RBI Mumbai rejects their appeal.

I also submits a petition at the high court for quashing the FIR. But the concerned IO and public prosecutor urged the court that investigation is still pending and they need some time to complete the investigation. And for that reason, the high court dismissed my petition and ordered the concerned IO to start the investigation without further delay and complete the same as soon as possible. The said judgement was made almost two years ago.

So I cordially request you to look into the matter and give me some advice what can I do right now.

With regards,

S Dasgupta.( Guwahati, Assam )","Dear client,According to PENSION REGULATIONS FOR THE ARMY it is an offence. So, please complain about this whole arrangement in the nearest police station. And second marriage without dissolving first marriage is illegal. Under Section 494 of the Indian Penal Code, if a person marries a second time, without a divorce, while their spouse is alive, the marriage is considered bigamy, which is a punishable offense.","The primary legal issue is the alleged pension fraud and bigamy. Under Section 494 of the Indian Penal Code, bigamy is a criminal offense if a person marries again during the lifetime of their spouse without a legal divorce. Additionally, obtaining a pension through fraudulent means is punishable under Section 420 IPC for cheating.

You can report the alleged pension fraud to the concerned military pension authority or the Controller of Defence Accounts (CDA) with evidence of your mother's previous marriage to Kamalesh. As a whistleblower, you can provide documentation and testimony regarding her marital history and the false claims made to obtain the pension. It may also be advisable to file a complaint with the local police regarding the bigamy and fraud, providing all relevant evidence.",10.628,68.2554,18.644,3.9559,16.4299,20.5111,3.2801,20.0199,4.4031,1.5684,1.0,27.1385,49.3219,48.9553,83.8938
102,"Copy of Judgement of Ranchi High Court: Ashok Kr Mujju reported in 2005 CrLJ 1795( Betul, Madhya Pradesh )","PC::Madhya Pradesh Act I of 1951 Enacted → PC::Section 41-A of the Madhya Pradesh Municipalities Act, 1961 → PC::Section 19(1) of the Madhya Pradesh General Sales Tax Act, 1958 → PC::Section 29-A of the Madhya Pradesh General Sales Tax Act, 1958","PC::Madhya Pradesh Act I of 1951 Enacted → PC::Section 41-A of the Madhya Pradesh Municipalities Act, 1961 → PC::Section 19(1) of the Madhya Pradesh General Sales Tax Act, 1958 → PC::Section 29-A of the Madhya Pradesh General Sales Tax Act, 1958 → HKG::FIN_A_89 → HKG::FIN_A → HKG::FIN_A_8 → HKG::FIN_A_99","Sir a present municipal commissioner registered a contract Co. in his office to participate in works contract. . an elected councillor is a major partner in the company The company took many contract payments . They produced fake TDS tax remitted certificates and misappropriated tax revenue 38 lacs. HC ordered for recovery. Recovery was effected. FIR registered against the Co. But still present commissioner awarding contact to same Co. But no criminal action initiated against the commissioner. So many petition sent to higher officers. All are waste. Pl tell what's the procedure to get prosecution sanction against the commissioner sir( Vijayawada, Andhra Pradesh )","Sir I've mads omplaint n  filed a WP  in 2018 against an assistant Commr commercial tax for his alleged activities in filing complain against a trader. ie he has shown less crime of forgery docs instead of huge.  ie 150 nos instead of 8. and made favour the accused n weakened the FIR. By this trader evaded 45 lakhs VAT. Only department action taken on him. 

As expected FIR is now dropped  by police  since non coop of AC the complainant. In these three yrs AG audit sent report that he has committed 17 crores revenue loss in his service period.  

Can I  withdraw my earlier WP n file a fresh WP to  take criminal action as well as department action?  I'm the root cause for AG Audit report.( Salem, Tamil Nadu )","Shall i file objection in JMFC or approach to high court to quash police final report in 498a F.I.R ?
In 498a, 406 F.I.R last alleged incident of date 01.08.2020 after 2 year on 20.02.2022 F.I.R gets registered&nbsp;in different state&nbsp;till now police final report is not yet submitted , in term on evidence&nbsp;police will submit 2 -3 fake whatsup&nbsp;messges&nbsp;on year 2019.&nbsp;

IO told me he is going to submit charge sheet in few days.
The day IO submit final report in MM court ,&nbsp;shall i reach court and submit objection u/s 468(2)(c), now court is bared to take cognizance&nbsp;due to limitation act.also jurisdiction&nbsp;ground as per recent judgment of supreme court on dated 25.09.2024 KAILASHBEN MAHENDRABHAI PATEL c ?
shall i approach&nbsp;to delhi high court&nbsp; to quash on the judgment on A.Kaliyaperumal of madardh high court of 2024 on limitation groud&nbsp;?
can i go the delhi high to quash even after submission of final report in MM court( New Delhi, Delhi )","Hi,You may download soft copy of the judgment from the respective High Court's site.If you find this answer helpful, please rate us.","The judgment in Ashok Kr Mujju reported in 2005 CrLJ 1795 pertains to a specific legal issue that may involve procedural or substantive points relevant to criminal law. To obtain a copy of this judgment, you can access legal databases like SCC Online or Manupatra, or visit the Ranchi High Court's official website if they offer an online repository of judgments. Legally, you cannot demand a copy directly from the court without demonstrating a legitimate interest or involvement in the case. 

Next steps include visiting a law library where such judgments might be available or consulting with a lawyer who has access to comprehensive legal databases. If you are a party to the case or have a legal interest, you can request a certified copy from the court's record section.",1.8291,74.3345,18.644,3.9559,16.4299,20.5111,3.2801,20.0199,4.4031,1.5684,1.0,27.1385,49.3219,48.9553,83.8938
103,"meri wife or useke ghar wale hamare sat marpit karkar wife ko lekar gaye he 3 month ho gaye he to muje ye matter khatam karana he per uska kya destion he ye kaise patta chal sakata he or muje kya karana chiye( Pune, Maharashtra )",HKG::PGA_7 → HKG::EPF_7D → HKG::ESI_55 → HKG::IRC_44,HKG::PGA_7 → HKG::EPF_7D → HKG::ESI_55 → HKG::IRC_44 → HKG::labour_court → HKG::PROC_GRATUITY_CLAIM → HKG::Employees State Insurance Act 1948 → HKG::gratuity,"Sir a present municipal commissioner registered a contract Co. in his office to participate in works contract. . an elected councillor is a major partner in the company The company took many contract payments . They produced fake TDS tax remitted certificates and misappropriated tax revenue 38 lacs. HC ordered for recovery. Recovery was effected. FIR registered against the Co. But still present commissioner awarding contact to same Co. But no criminal action initiated against the commissioner. So many petition sent to higher officers. All are waste. Pl tell what's the procedure to get prosecution sanction against the commissioner sir( Vijayawada, Andhra Pradesh )","Sir I've mads omplaint n  filed a WP  in 2018 against an assistant Commr commercial tax for his alleged activities in filing complain against a trader. ie he has shown less crime of forgery docs instead of huge.  ie 150 nos instead of 8. and made favour the accused n weakened the FIR. By this trader evaded 45 lakhs VAT. Only department action taken on him. 

As expected FIR is now dropped  by police  since non coop of AC the complainant. In these three yrs AG audit sent report that he has committed 17 crores revenue loss in his service period.  

Can I  withdraw my earlier WP n file a fresh WP to  take criminal action as well as department action?  I'm the root cause for AG Audit report.( Salem, Tamil Nadu )","Shall i file objection in JMFC or approach to high court to quash police final report in 498a F.I.R ?
In 498a, 406 F.I.R last alleged incident of date 01.08.2020 after 2 year on 20.02.2022 F.I.R gets registered&nbsp;in different state&nbsp;till now police final report is not yet submitted , in term on evidence&nbsp;police will submit 2 -3 fake whatsup&nbsp;messges&nbsp;on year 2019.&nbsp;

IO told me he is going to submit charge sheet in few days.
The day IO submit final report in MM court ,&nbsp;shall i reach court and submit objection u/s 468(2)(c), now court is bared to take cognizance&nbsp;due to limitation act.also jurisdiction&nbsp;ground as per recent judgment of supreme court on dated 25.09.2024 KAILASHBEN MAHENDRABHAI PATEL c ?
shall i approach&nbsp;to delhi high court&nbsp; to quash on the judgment on A.Kaliyaperumal of madardh high court of 2024 on limitation groud&nbsp;?
can i go the delhi high to quash even after submission of final report in MM court( New Delhi, Delhi )",Get issue a legal notice to know her stand.   Please give me Rank 5 if you feel my answer helped you,"To resolve the matter, consider filing a petition for restitution of conjugal rights under Section 9 of the Hindu Marriage Act, 1955. This legal action can compel your wife to return to the matrimonial home if there is no valid reason for her absence. If there is any threat of false allegations or legal action from your wife's side, it is advisable to file a non-cognizable report with the local police to document your side of the story. Additionally, you can attempt mediation through family counseling centers to amicably resolve the dispute.",0.5839,32.0126,18.644,3.9559,16.4299,20.5111,3.2801,20.0199,4.4031,1.5684,1.0,27.1385,49.3219,48.9553,83.8938
104,"Hi 
I am based out of Visakhapatnam , Andhra Pradesh. I came in touch with a person online and I have invested Rs Ten Lakh in a Investment Management Company of him called ""Revtrade"" based in Haldia (West Bengal).   The company policy is to return 6-8% i.e 60000 to 80000 per month by investing in stock market irrespective of the performance.

 I later came to know that this is not even a company. This is not registered and this is plain fraud.

I have never met them in person. I came to know of this person on Facebook and he has talked to him post that.  I take the blame in believing and luring me into the deal. That's a mistake on my part which I regret. 

 I have transferred the money via NEFT to the account and I also have an acknowledgment from them through email. Not only they stopped paying the returns every month. Now that I have asked my premium back - they are not returning it.  It's been already more than 2 years 6 months  now and still no response from him.

I have audio recordings, whatsapp chats , emails confirming to the same.

He has done this to many people in Haldia too. He got arrested and stayed in jail for 6 months last year and released on bail. That case is still running as well.

What would be the best way to go forward? 

Go to Haldia - Register a case with local police ? WIth this current situation of COVID - looks like travelling is not possible .

I tried to give complaint in my hometown but police are making me roam saying its a cyber case and not registering an FIR .  On what accounts can we file a case? 


What is the best way for me to get my money back?( Visakhapatnam, Andhra Pradesh )",HKG::EC_RULES_68 → HKG::EC_RULES_70 → HKG::EC_RULES_69 → HKG::RPSR_38,HKG::EC_RULES_68 → HKG::EC_RULES_70 → HKG::EC_RULES_69 → HKG::RPSR_38 → HKG::RPSR → HKG::EC_RULES → HKG::probation → HKG::wages,"Sir a present municipal commissioner registered a contract Co. in his office to participate in works contract. . an elected councillor is a major partner in the company The company took many contract payments . They produced fake TDS tax remitted certificates and misappropriated tax revenue 38 lacs. HC ordered for recovery. Recovery was effected. FIR registered against the Co. But still present commissioner awarding contact to same Co. But no criminal action initiated against the commissioner. So many petition sent to higher officers. All are waste. Pl tell what's the procedure to get prosecution sanction against the commissioner sir( Vijayawada, Andhra Pradesh )","Sir I've mads omplaint n  filed a WP  in 2018 against an assistant Commr commercial tax for his alleged activities in filing complain against a trader. ie he has shown less crime of forgery docs instead of huge.  ie 150 nos instead of 8. and made favour the accused n weakened the FIR. By this trader evaded 45 lakhs VAT. Only department action taken on him. 

As expected FIR is now dropped  by police  since non coop of AC the complainant. In these three yrs AG audit sent report that he has committed 17 crores revenue loss in his service period.  

Can I  withdraw my earlier WP n file a fresh WP to  take criminal action as well as department action?  I'm the root cause for AG Audit report.( Salem, Tamil Nadu )","Dear Sir, 

One of the nationalised bank lodged an FIR against me under IPC SEC 420 for cheating and fraud related to ATM transactions in the year 2015.

For your kind information, i and my two relatives made 50 + atm transactions using their two atm. And all the transactions was unsuccessful. After raising disputes, they reverse the amount for 30+ claims. But they refused to settle the claims for last few transactions and alleged me and my relatives that we falsely lodged complaints due to ATM malfunctions. The ATM machine is failed to provide valid journal log of the all these transactions and also not providing CCTV Footage.

I raised a complaint for two of the said unsettled transactions in banking ombudsman, RBI and RBI also made decisions in my favour and asked the bank to refund the amount due to lack of evidence and CCTV Footage. And bank also bound to refund the amount after the RBI Mumbai rejects their appeal.

I also submits a petition at the high court for quashing the FIR. But the concerned IO and public prosecutor urged the court that investigation is still pending and they need some time to complete the investigation. And for that reason, the high court dismissed my petition and ordered the concerned IO to start the investigation without further delay and complete the same as soon as possible. The said judgement was made almost two years ago.

So I cordially request you to look into the matter and give me some advice what can I do right now.

With regards,

S Dasgupta.( Guwahati, Assam )",the fraud is done to return money ?you will not get your money back.Advocate Ankur Goel(Complete Law Shield)  #YourLifeYourChoiceNote - This is just a small advice and final advice can be given only after going through your case in detail .,"The situation involves a potential case of fraud under Section 420 of the Indian Penal Code (IPC), which addresses cheating and dishonestly inducing delivery of property. Given the cross-state nature of the transaction, it may also fall under cybercrime jurisdiction. Since local police are uncooperative, consider filing a complaint with the Cyber Crime Cell in Visakhapatnam or using the online cybercrime portal provided by the Ministry of Home Affairs (cybercrime.gov.in).

Gather all evidence, including audio recordings, WhatsApp chats, and emails, to support your claim. Additionally, since the individual has been previously arrested and the case is ongoing, contact the police in Haldia to inquire about the status of the case and explore joining as a complainant or witness to strengthen your position.",0.4799,48.6598,18.644,3.9559,16.4299,20.5111,3.2801,20.0199,4.4031,1.5684,1.0,27.1385,49.3219,48.9553,83.8938
105,"My friend borrowed an amount of rs 4 lacs , which i inturn borrowed from my another friend in good faith, no it is 4 ,months , she is giving me all reasons and not answering my phone , to pay back the amount . 
I dont have any money to return to my friend , who gave the money , i am in total fix , please advice how to recover the amount ,

My friend had lot of outstanding from private banks and they had controls on her bank accounts , so my friend , made me deposit the 4 lacs cheque in my account and i issued cheques to her loan accounts from my account , so i dont have any proof that she took the amout( Mumbai suburban, Maharashtra )",HKG::EPF_6 → HKG::EPF_AT_2 → HKG::CCS_ME_3 → HKG::CCS_ME_5,HKG::EPF_6 → HKG::EPF_AT_2 → HKG::CCS_ME_3 → HKG::CCS_ME_5 → HKG::provident_fund → HKG::leave → HKG::labour_court → HKG::gratuity,"Sir a present municipal commissioner registered a contract Co. in his office to participate in works contract. . an elected councillor is a major partner in the company The company took many contract payments . They produced fake TDS tax remitted certificates and misappropriated tax revenue 38 lacs. HC ordered for recovery. Recovery was effected. FIR registered against the Co. But still present commissioner awarding contact to same Co. But no criminal action initiated against the commissioner. So many petition sent to higher officers. All are waste. Pl tell what's the procedure to get prosecution sanction against the commissioner sir( Vijayawada, Andhra Pradesh )","Sir I've mads omplaint n  filed a WP  in 2018 against an assistant Commr commercial tax for his alleged activities in filing complain against a trader. ie he has shown less crime of forgery docs instead of huge.  ie 150 nos instead of 8. and made favour the accused n weakened the FIR. By this trader evaded 45 lakhs VAT. Only department action taken on him. 

As expected FIR is now dropped  by police  since non coop of AC the complainant. In these three yrs AG audit sent report that he has committed 17 crores revenue loss in his service period.  

Can I  withdraw my earlier WP n file a fresh WP to  take criminal action as well as department action?  I'm the root cause for AG Audit report.( Salem, Tamil Nadu )","Dear Sir, 

One of the nationalised bank lodged an FIR against me under IPC SEC 420 for cheating and fraud related to ATM transactions in the year 2015.

For your kind information, i and my two relatives made 50 + atm transactions using their two atm. And all the transactions was unsuccessful. After raising disputes, they reverse the amount for 30+ claims. But they refused to settle the claims for last few transactions and alleged me and my relatives that we falsely lodged complaints due to ATM malfunctions. The ATM machine is failed to provide valid journal log of the all these transactions and also not providing CCTV Footage.

I raised a complaint for two of the said unsettled transactions in banking ombudsman, RBI and RBI also made decisions in my favour and asked the bank to refund the amount due to lack of evidence and CCTV Footage. And bank also bound to refund the amount after the RBI Mumbai rejects their appeal.

I also submits a petition at the high court for quashing the FIR. But the concerned IO and public prosecutor urged the court that investigation is still pending and they need some time to complete the investigation. And for that reason, the high court dismissed my petition and ordered the concerned IO to start the investigation without further delay and complete the same as soon as possible. The said judgement was made almost two years ago.

So I cordially request you to look into the matter and give me some advice what can I do right now.

With regards,

S Dasgupta.( Guwahati, Assam )","Dear client,To recover the money, you can file a court summons against anyone. For example, you could send the intimation to a friend's dealer, bank, or other institution. When your sum is unpaid or not managed to recover from the person due to their misconduct, you must send a legal notice for recovery of money.","The primary legal issue is the recovery of a debt without formal proof of the loan transaction. Under Indian law, particularly the Indian Contract Act, 1872, oral agreements can be enforceable, but proving them in court can be challenging without documentation. To recover the amount, consider filing a civil suit for recovery of money based on any available evidence, such as bank statements showing the transaction or any communications (emails, messages) indicating the loan. Additionally, sending a legal notice demanding repayment might prompt your friend to settle the debt. If the situation involves fraud or deceit, filing a police complaint under Section 420 of the Indian Penal Code for cheating may also be considered.",4.2242,57.0655,18.644,3.9559,16.4299,20.5111,3.2801,20.0199,4.4031,1.5684,1.0,27.1385,49.3219,48.9553,83.8938
106,"I strongly contested the anticipatory bail of the accused, however, court has granted the AB to the accused. This accused's application for AB was u/s 438 of Cr.P.C.

After 2 days of granting AB, accused applied for relaxation/modification of conditions and within 12 days, final order was given and conditions were relaxed. However, I was not aware of this relaxation/modification since I was not party respondent but only the State/Police.

Shouldn't Judge be asking for my/complainant's SAY during relaxation application under 439(1)(b) since initially I already opposed/contested accused's anticipatory bail under 438 of Cr.P.C? Is there any Supreme Court case law supporting the same that says complainant should be given the chance to be heard before modifying the conditions as the conditions involve complainant that he should be threatened, induced, contacted etc?( Mumbai, Maharashtra )",HKG::ATA_19,HKG::ATA_19 → HKG::labour_court → HKG::Administrative Tribunals Act 1985 → HKG::PROC_GOVT_SERVICE_DISPUTE → HKG::govt_service,"Sir a present municipal commissioner registered a contract Co. in his office to participate in works contract. . an elected councillor is a major partner in the company The company took many contract payments . They produced fake TDS tax remitted certificates and misappropriated tax revenue 38 lacs. HC ordered for recovery. Recovery was effected. FIR registered against the Co. But still present commissioner awarding contact to same Co. But no criminal action initiated against the commissioner. So many petition sent to higher officers. All are waste. Pl tell what's the procedure to get prosecution sanction against the commissioner sir( Vijayawada, Andhra Pradesh )","Sir I've mads omplaint n  filed a WP  in 2018 against an assistant Commr commercial tax for his alleged activities in filing complain against a trader. ie he has shown less crime of forgery docs instead of huge.  ie 150 nos instead of 8. and made favour the accused n weakened the FIR. By this trader evaded 45 lakhs VAT. Only department action taken on him. 

As expected FIR is now dropped  by police  since non coop of AC the complainant. In these three yrs AG audit sent report that he has committed 17 crores revenue loss in his service period.  

Can I  withdraw my earlier WP n file a fresh WP to  take criminal action as well as department action?  I'm the root cause for AG Audit report.( Salem, Tamil Nadu )","Dear Sir, 

One of the nationalised bank lodged an FIR against me under IPC SEC 420 for cheating and fraud related to ATM transactions in the year 2015.

For your kind information, i and my two relatives made 50 + atm transactions using their two atm. And all the transactions was unsuccessful. After raising disputes, they reverse the amount for 30+ claims. But they refused to settle the claims for last few transactions and alleged me and my relatives that we falsely lodged complaints due to ATM malfunctions. The ATM machine is failed to provide valid journal log of the all these transactions and also not providing CCTV Footage.

I raised a complaint for two of the said unsettled transactions in banking ombudsman, RBI and RBI also made decisions in my favour and asked the bank to refund the amount due to lack of evidence and CCTV Footage. And bank also bound to refund the amount after the RBI Mumbai rejects their appeal.

I also submits a petition at the high court for quashing the FIR. But the concerned IO and public prosecutor urged the court that investigation is still pending and they need some time to complete the investigation. And for that reason, the high court dismissed my petition and ordered the concerned IO to start the investigation without further delay and complete the same as soon as possible. The said judgement was made almost two years ago.

So I cordially request you to look into the matter and give me some advice what can I do right now.

With regards,

S Dasgupta.( Guwahati, Assam )","Dear Client,Yes, the judge should have given you an opportunity to be heard before modifying the conditions of the accused's anticipatory bail under Section 439(1)(b) of the Code of Criminal Procedure (CrPC). This is because you are the complainant in the case and the conditions of the anticipatory bail directly affect your safety and security. Under Section 439(1)(b) of the Criminal Procedure Code, the court has the power to modify or revoke any conditions of bail at any time during the bail period. However, the court must give notice to the public prosecutor or the complainant of the hearing of the application for modification of bail conditions and hear their objections.The Supreme Court of India has held in several cases that the complainant should be given a chance to be heard before modifying the conditions of anticipatory bail. In the case of Lalita Kumari v. State of Uttar Pradesh, the Supreme Court held that ""the complainant has a right to be heard when the question of modification of conditions imposed on the grant of anticipatory bail arises."" In another case, Shashi Kant Jha v. State of Bihar, the Supreme Court held that ""the complainant should be given an opportunity to be heard before the conditions of anticipatory bail are modified, as the complainant is the person who is most affected by the modification of the conditions.""Therefore, you should file an application with the court to set aside the order modifying the conditions of the anticipatory bail. In your application, you should argue that you were not given an opportunity to be heard before the modification of the conditions.","Under Section 439(1)(b) of the Cr.P.C., the court has the discretion to impose or modify conditions of bail. However, there is no explicit statutory requirement for the complainant to be heard during the modification of bail conditions unless the court deems it necessary. In the case of *Puran v. Rambilas* (2001) 6 SCC 338, the Supreme Court emphasized that the complainant can challenge the bail order if it is found to be perverse or against the interest of justice.

You can file an application for cancellation or modification of the bail conditions if you believe the relaxation adversely affects your interests or poses a risk. Consider approaching the High Court with a petition highlighting any specific threats or violations of the conditions that have occurred since the modification.",8.5144,75.1856,18.644,3.9559,16.4299,20.5111,3.2801,20.0199,4.4031,1.5684,1.0,27.1385,49.3219,48.9553,83.8938
107,"Sir/ madam, two year ago a girl propose me , and I agree , and after sometime we are in relationship , but now one month ago , I come know that , she is married 2 and half year ago, before she proposed me, and everyone in college and my frnd and her know that we are in relationship , but no one knows that she is married, but now slow slow all secret of her is open , because everyone knows that we are in relationship , and when everyone knows that she is married before we meet , and one-day this secert is goes to her husband and family. Now she blame me and told me that if this matter is goes to her husband and family from any one , she sucied and write my name, and one day some told to her family . What can I do , if she do any thing, am I victim of abedment of sucied charge. Help me.( Patna, Bihar )",HKG::IDA_17B → HKG::EPF_12 → HKG::ESI_72 → HKG::ISM_12,HKG::IDA_17B → HKG::EPF_12 → HKG::ESI_72 → HKG::ISM_12 → HKG::ISM → HKG::Industrial Disputes Act 1947 → HKG::Employees State Insurance Act 1948 → HKG::wages,"Sir a present municipal commissioner registered a contract Co. in his office to participate in works contract. . an elected councillor is a major partner in the company The company took many contract payments . They produced fake TDS tax remitted certificates and misappropriated tax revenue 38 lacs. HC ordered for recovery. Recovery was effected. FIR registered against the Co. But still present commissioner awarding contact to same Co. But no criminal action initiated against the commissioner. So many petition sent to higher officers. All are waste. Pl tell what's the procedure to get prosecution sanction against the commissioner sir( Vijayawada, Andhra Pradesh )","Sir I've mads omplaint n  filed a WP  in 2018 against an assistant Commr commercial tax for his alleged activities in filing complain against a trader. ie he has shown less crime of forgery docs instead of huge.  ie 150 nos instead of 8. and made favour the accused n weakened the FIR. By this trader evaded 45 lakhs VAT. Only department action taken on him. 

As expected FIR is now dropped  by police  since non coop of AC the complainant. In these three yrs AG audit sent report that he has committed 17 crores revenue loss in his service period.  

Can I  withdraw my earlier WP n file a fresh WP to  take criminal action as well as department action?  I'm the root cause for AG Audit report.( Salem, Tamil Nadu )","Shall i file objection in JMFC or approach to high court to quash police final report in 498a F.I.R ?
In 498a, 406 F.I.R last alleged incident of date 01.08.2020 after 2 year on 20.02.2022 F.I.R gets registered&nbsp;in different state&nbsp;till now police final report is not yet submitted , in term on evidence&nbsp;police will submit 2 -3 fake whatsup&nbsp;messges&nbsp;on year 2019.&nbsp;

IO told me he is going to submit charge sheet in few days.
The day IO submit final report in MM court ,&nbsp;shall i reach court and submit objection u/s 468(2)(c), now court is bared to take cognizance&nbsp;due to limitation act.also jurisdiction&nbsp;ground as per recent judgment of supreme court on dated 25.09.2024 KAILASHBEN MAHENDRABHAI PATEL c ?
shall i approach&nbsp;to delhi high court&nbsp; to quash on the judgment on A.Kaliyaperumal of madardh high court of 2024 on limitation groud&nbsp;?
can i go the delhi high to quash even after submission of final report in MM court( New Delhi, Delhi )",you dont have to worry too much but you are right as you should act cautiously.She might not do anything as she is cheat and drama queen.but if she really does as per her threats then it will be definitely an issue for you and your career.,"Under Section 306 of the Indian Penal Code (IPC), abetment of suicide is a criminal offense. However, merely being in a relationship with someone who later threatens suicide does not automatically constitute abetment. For a charge of abetment to be sustained, there must be evidence of intentional instigation, aiding, or conspiracy to cause the suicide.

In your situation, if the woman threatens suicide and names you, it is crucial to document all communications and interactions to demonstrate that you did not encourage or provoke such actions. Consider filing a preventive complaint at your local police station detailing her threats and your lack of involvement in her marital issues. Additionally, consulting a local criminal defense attorney for personalized advice and representation would be prudent.",1.0593,29.2308,18.644,3.9559,16.4299,20.5111,3.2801,20.0199,4.4031,1.5684,1.0,27.1385,49.3219,48.9553,83.8938
108,"One married women Asked me for dating,,  I said if there is no problem I'll come with you,,,, and we both are went to a date 2 time's,,, after 4 day's  the married woman whole family came to my house,, and all are was fighting with me,, they are all beated,,, is there any possible to raise a complaint against them through court...( Hyderabad, Telangana )",HKG::IEA_113A → PC::Respondent Filed Complaint Against Appellants → PC::Parties Came to Terms for Compounding Offence → PC::Application to Raise Ground for Certificate Allowed,HKG::IEA_113A → PC::Respondent Filed Complaint Against Appellants → PC::Parties Came to Terms for Compounding Offence → PC::Application to Raise Ground for Certificate Allowed → HKG::EC_RULES_3 → HKG::EC_RULES → HKG::LIM_122 → HKG::LIM,"Sir a present municipal commissioner registered a contract Co. in his office to participate in works contract. . an elected councillor is a major partner in the company The company took many contract payments . They produced fake TDS tax remitted certificates and misappropriated tax revenue 38 lacs. HC ordered for recovery. Recovery was effected. FIR registered against the Co. But still present commissioner awarding contact to same Co. But no criminal action initiated against the commissioner. So many petition sent to higher officers. All are waste. Pl tell what's the procedure to get prosecution sanction against the commissioner sir( Vijayawada, Andhra Pradesh )","Sir I've mads omplaint n  filed a WP  in 2018 against an assistant Commr commercial tax for his alleged activities in filing complain against a trader. ie he has shown less crime of forgery docs instead of huge.  ie 150 nos instead of 8. and made favour the accused n weakened the FIR. By this trader evaded 45 lakhs VAT. Only department action taken on him. 

As expected FIR is now dropped  by police  since non coop of AC the complainant. In these three yrs AG audit sent report that he has committed 17 crores revenue loss in his service period.  

Can I  withdraw my earlier WP n file a fresh WP to  take criminal action as well as department action?  I'm the root cause for AG Audit report.( Salem, Tamil Nadu )","Shall i file objection in JMFC or approach to high court to quash police final report in 498a F.I.R ?
In 498a, 406 F.I.R last alleged incident of date 01.08.2020 after 2 year on 20.02.2022 F.I.R gets registered&nbsp;in different state&nbsp;till now police final report is not yet submitted , in term on evidence&nbsp;police will submit 2 -3 fake whatsup&nbsp;messges&nbsp;on year 2019.&nbsp;

IO told me he is going to submit charge sheet in few days.
The day IO submit final report in MM court ,&nbsp;shall i reach court and submit objection u/s 468(2)(c), now court is bared to take cognizance&nbsp;due to limitation act.also jurisdiction&nbsp;ground as per recent judgment of supreme court on dated 25.09.2024 KAILASHBEN MAHENDRABHAI PATEL c ?
shall i approach&nbsp;to delhi high court&nbsp; to quash on the judgment on A.Kaliyaperumal of madardh high court of 2024 on limitation groud&nbsp;?
can i go the delhi high to quash even after submission of final report in MM court( New Delhi, Delhi )","Dear Sir,You may raise by filing private complaint.","Under Section 323 of the Indian Penal Code (IPC), you can file a complaint for voluntarily causing hurt against the individuals who physically assaulted you. Additionally, if the assault involved multiple family members, Section 34 IPC, which addresses acts done by several persons in furtherance of common intention, can also be invoked. You can approach the local police station to file an FIR detailing the incident, or directly file a private complaint in the Magistrate's Court under Section 200 of the Code of Criminal Procedure. Ensure to gather any evidence, such as medical reports or witness statements, to support your claim.",0.82,46.7511,18.644,3.9559,16.4299,20.5111,3.2801,20.0199,4.4031,1.5684,1.0,27.1385,49.3219,48.9553,83.8938
109,"I have a flat on first floor in Bangalore with extended balcony which solely belongs to me . Our apt is of 22 floors . Now and then residents from top floor throw dirty things whichc falls in our balcony . Recently some resident threw big stone and next day huge lock . Luckily no one was there in balcony . If it would have fallen on our head serious injury would have happened or may be we would hav lost life . After repeated request to association to put fiber sheet or give some solution for our safety nothing is working out . Association is taking for granted . Can I file a police complaint against association that if any thing goes hay wire with life association will be held responsible . Plss guide me . 
Thank you in advance( Bangalore, Karnataka )",PC::Government Directed to Construct First Floor → HKG::SOC_REG_2 → HKG::PWD_47 → HKG::MEPS_34,PC::Government Directed to Construct First Floor → HKG::SOC_REG_2 → HKG::PWD_47 → HKG::MEPS_34 → HKG::gratuity → HKG::provident_fund → HKG::leave → HKG::MEPS,"Sir a present municipal commissioner registered a contract Co. in his office to participate in works contract. . an elected councillor is a major partner in the company The company took many contract payments . They produced fake TDS tax remitted certificates and misappropriated tax revenue 38 lacs. HC ordered for recovery. Recovery was effected. FIR registered against the Co. But still present commissioner awarding contact to same Co. But no criminal action initiated against the commissioner. So many petition sent to higher officers. All are waste. Pl tell what's the procedure to get prosecution sanction against the commissioner sir( Vijayawada, Andhra Pradesh )","Sir I've mads omplaint n  filed a WP  in 2018 against an assistant Commr commercial tax for his alleged activities in filing complain against a trader. ie he has shown less crime of forgery docs instead of huge.  ie 150 nos instead of 8. and made favour the accused n weakened the FIR. By this trader evaded 45 lakhs VAT. Only department action taken on him. 

As expected FIR is now dropped  by police  since non coop of AC the complainant. In these three yrs AG audit sent report that he has committed 17 crores revenue loss in his service period.  

Can I  withdraw my earlier WP n file a fresh WP to  take criminal action as well as department action?  I'm the root cause for AG Audit report.( Salem, Tamil Nadu )","Shall i file objection in JMFC or approach to high court to quash police final report in 498a F.I.R ?
In 498a, 406 F.I.R last alleged incident of date 01.08.2020 after 2 year on 20.02.2022 F.I.R gets registered&nbsp;in different state&nbsp;till now police final report is not yet submitted , in term on evidence&nbsp;police will submit 2 -3 fake whatsup&nbsp;messges&nbsp;on year 2019.&nbsp;

IO told me he is going to submit charge sheet in few days.
The day IO submit final report in MM court ,&nbsp;shall i reach court and submit objection u/s 468(2)(c), now court is bared to take cognizance&nbsp;due to limitation act.also jurisdiction&nbsp;ground as per recent judgment of supreme court on dated 25.09.2024 KAILASHBEN MAHENDRABHAI PATEL c ?
shall i approach&nbsp;to delhi high court&nbsp; to quash on the judgment on A.Kaliyaperumal of madardh high court of 2024 on limitation groud&nbsp;?
can i go the delhi high to quash even after submission of final report in MM court( New Delhi, Delhi )","Dear Client,In a community living in a gated society, this kind of affair from co-residents regardless of the age and class of people staying in the housing complex is usually compromised and resolved on mutual understanding for peaceful co-existence and to protect common interests because every person either children or elders bears different perceptions and way of living. However, in case such affairs or incidents become unbearable, especially to Sr. Citizen, then you may bring the matter collectively through a mass protest petition to the notice of the Association for necessary action. In case your approach to the Association yields no results, you may inform the matter to the competent Authority appointed under the state-specific Apartment Ownership Act under whom the Association is registered to resolve the issue amicably.","Under Section 268 of the Indian Penal Code, causing a public nuisance is an offense, and the repeated throwing of objects from upper floors could potentially be classified as such. While the association may not directly commit the act, their inaction in addressing a known safety hazard could be considered negligence. Filing a police complaint is possible, focusing on the potential danger and the association's failure to mitigate it. Additionally, under the Karnataka Ownership Flats (Regulation of the Promotion of Construction, Sale, Management and Transfer) Act, 1972, the association has a duty to ensure the safety and maintenance of common areas. Consider sending a legal notice to the association demanding action, and if unresolved, escalate the matter to the civil court for an injunction or order mandating safety measures.",3.5872,52.3062,18.644,3.9559,16.4299,20.5111,3.2801,20.0199,4.4031,1.5684,1.0,27.1385,49.3219,48.9553,83.8938
110,"My home has been vandalised by the miscreants and also a threat to life was given to me..How and what proofs i have to submit in the court to substantiate my stand as police has investigated but has not provided any evidence on their part to the court...please let me know how i should move forward with the case( Madurai, Tamil Nadu )","PC::Threat to Life and Security of Petitioners → PC::Claim for Revenue Expenditure on Know-How → PC::Payment for Technical Know-How Disputed → PC::Technical Know-How Valued at Rs.2,35,000","PC::Threat to Life and Security of Petitioners → PC::Claim for Revenue Expenditure on Know-How → PC::Payment for Technical Know-How Disputed → PC::Technical Know-How Valued at Rs.2,35,000 → HKG::FIN_A_15J → HKG::labour_court → HKG::provident_fund → PC::Section 195 of the Income Tax Act, 1961","Sir a present municipal commissioner registered a contract Co. in his office to participate in works contract. . an elected councillor is a major partner in the company The company took many contract payments . They produced fake TDS tax remitted certificates and misappropriated tax revenue 38 lacs. HC ordered for recovery. Recovery was effected. FIR registered against the Co. But still present commissioner awarding contact to same Co. But no criminal action initiated against the commissioner. So many petition sent to higher officers. All are waste. Pl tell what's the procedure to get prosecution sanction against the commissioner sir( Vijayawada, Andhra Pradesh )","Sir I've mads omplaint n  filed a WP  in 2018 against an assistant Commr commercial tax for his alleged activities in filing complain against a trader. ie he has shown less crime of forgery docs instead of huge.  ie 150 nos instead of 8. and made favour the accused n weakened the FIR. By this trader evaded 45 lakhs VAT. Only department action taken on him. 

As expected FIR is now dropped  by police  since non coop of AC the complainant. In these three yrs AG audit sent report that he has committed 17 crores revenue loss in his service period.  

Can I  withdraw my earlier WP n file a fresh WP to  take criminal action as well as department action?  I'm the root cause for AG Audit report.( Salem, Tamil Nadu )","Shall i file objection in JMFC or approach to high court to quash police final report in 498a F.I.R ?
In 498a, 406 F.I.R last alleged incident of date 01.08.2020 after 2 year on 20.02.2022 F.I.R gets registered&nbsp;in different state&nbsp;till now police final report is not yet submitted , in term on evidence&nbsp;police will submit 2 -3 fake whatsup&nbsp;messges&nbsp;on year 2019.&nbsp;

IO told me he is going to submit charge sheet in few days.
The day IO submit final report in MM court ,&nbsp;shall i reach court and submit objection u/s 468(2)(c), now court is bared to take cognizance&nbsp;due to limitation act.also jurisdiction&nbsp;ground as per recent judgment of supreme court on dated 25.09.2024 KAILASHBEN MAHENDRABHAI PATEL c ?
shall i approach&nbsp;to delhi high court&nbsp; to quash on the judgment on A.Kaliyaperumal of madardh high court of 2024 on limitation groud&nbsp;?
can i go the delhi high to quash even after submission of final report in MM court( New Delhi, Delhi )","Dear Client,The reply in detail has already been answered.I have nothing to add.You simply see whether you fit in ?Shanti Ranjan BeheraAdvocate","To address the vandalism and threat to life, file a private complaint under Section 200 of the Criminal Procedure Code (CrPC) in the Magistrate's court, presenting any evidence you have, such as photographs, video recordings, or witness statements. Under Section 190 of the CrPC, the Magistrate can take cognizance of the offense based on your complaint. Ensure you gather any available evidence, such as CCTV footage or eyewitness accounts, to substantiate your claims. If the police investigation is inadequate, you can request the court to direct further investigation under Section 156(3) of the CrPC.",0.5205,-1.5995,18.644,3.9559,16.4299,20.5111,3.2801,20.0199,4.4031,1.5684,1.0,27.1385,49.3219,48.9553,83.8938
111,"He started relationship by committing marriage with me . My boyfriend always cheated on me and after two years of relationship he forcely tried to sex with me . When I said No he don't want to marry me.( Kangra, Himachal Pradesh )",PC::Claim of Relationship Disputed → HKG::CCS_ME → PC::Marriage Relationship Established → PC::Promise to Marry Alleged by Victim,PC::Claim of Relationship Disputed → HKG::CCS_ME → PC::Marriage Relationship Established → PC::Promise to Marry Alleged by Victim → PC::Allegation of Cruelty by Husband → PC::Demand for Dowry and Torture Alleged → PC::Deceased Suffered Severe Burns → PC::Conviction Under Section 304B IPC Upheld,"Sir a present municipal commissioner registered a contract Co. in his office to participate in works contract. . an elected councillor is a major partner in the company The company took many contract payments . They produced fake TDS tax remitted certificates and misappropriated tax revenue 38 lacs. HC ordered for recovery. Recovery was effected. FIR registered against the Co. But still present commissioner awarding contact to same Co. But no criminal action initiated against the commissioner. So many petition sent to higher officers. All are waste. Pl tell what's the procedure to get prosecution sanction against the commissioner sir( Vijayawada, Andhra Pradesh )","Sir I've mads omplaint n  filed a WP  in 2018 against an assistant Commr commercial tax for his alleged activities in filing complain against a trader. ie he has shown less crime of forgery docs instead of huge.  ie 150 nos instead of 8. and made favour the accused n weakened the FIR. By this trader evaded 45 lakhs VAT. Only department action taken on him. 

As expected FIR is now dropped  by police  since non coop of AC the complainant. In these three yrs AG audit sent report that he has committed 17 crores revenue loss in his service period.  

Can I  withdraw my earlier WP n file a fresh WP to  take criminal action as well as department action?  I'm the root cause for AG Audit report.( Salem, Tamil Nadu )","Shall i file objection in JMFC or approach to high court to quash police final report in 498a F.I.R ?
In 498a, 406 F.I.R last alleged incident of date 01.08.2020 after 2 year on 20.02.2022 F.I.R gets registered&nbsp;in different state&nbsp;till now police final report is not yet submitted , in term on evidence&nbsp;police will submit 2 -3 fake whatsup&nbsp;messges&nbsp;on year 2019.&nbsp;

IO told me he is going to submit charge sheet in few days.
The day IO submit final report in MM court ,&nbsp;shall i reach court and submit objection u/s 468(2)(c), now court is bared to take cognizance&nbsp;due to limitation act.also jurisdiction&nbsp;ground as per recent judgment of supreme court on dated 25.09.2024 KAILASHBEN MAHENDRABHAI PATEL c ?
shall i approach&nbsp;to delhi high court&nbsp; to quash on the judgment on A.Kaliyaperumal of madardh high court of 2024 on limitation groud&nbsp;?
can i go the delhi high to quash even after submission of final report in MM court( New Delhi, Delhi )","Dear Madam,You may lodge complaint and save yourself from his false promises. You will get all protection from the State Authorities.","Under Indian law, if a person engages in sexual relations under the false promise of marriage, it may constitute rape under Section 375 of the Indian Penal Code (IPC), especially if consent was obtained through deception. Since your boyfriend allegedly coerced you into sexual activity, this could be considered an offense under this section. You can file a First Information Report (FIR) with the local police to initiate legal proceedings against him.

You cannot take legal action solely based on a broken promise to marry unless it involves deception or coercion. Gather any evidence of his false promises or coercive behavior, such as messages or witnesses, to support your claim. Consider consulting with a local attorney to assist with filing the FIR and navigating the legal process.",1.4244,49.2207,18.644,3.9559,16.4299,20.5111,3.2801,20.0199,4.4031,1.5684,1.0,27.1385,49.3219,48.9553,83.8938
112,"My Dad's advocate is asking me to pay 2 lakh rs. In judicial bonds to court for release of confiscated accounts by court. This is after my father's death. I feel he is scamming us. Kindly suggest( Bangalore, Karnataka )",HKG::MEPS_26 → HKG::MEPS_40 → HKG::IDA_17B → HKG::EPF_12,HKG::MEPS_26 → HKG::MEPS_40 → HKG::IDA_17B → HKG::EPF_12 → HKG::wages → HKG::MEPS → HKG::leave → HKG::notice_period,"Sir a present municipal commissioner registered a contract Co. in his office to participate in works contract. . an elected councillor is a major partner in the company The company took many contract payments . They produced fake TDS tax remitted certificates and misappropriated tax revenue 38 lacs. HC ordered for recovery. Recovery was effected. FIR registered against the Co. But still present commissioner awarding contact to same Co. But no criminal action initiated against the commissioner. So many petition sent to higher officers. All are waste. Pl tell what's the procedure to get prosecution sanction against the commissioner sir( Vijayawada, Andhra Pradesh )","Dear Sir, 

One of the nationalised bank lodged an FIR against me under IPC SEC 420 for cheating and fraud related to ATM transactions in the year 2015.

For your kind information, i and my two relatives made 50 + atm transactions using their two atm. And all the transactions was unsuccessful. After raising disputes, they reverse the amount for 30+ claims. But they refused to settle the claims for last few transactions and alleged me and my relatives that we falsely lodged complaints due to ATM malfunctions. The ATM machine is failed to provide valid journal log of the all these transactions and also not providing CCTV Footage.

I raised a complaint for two of the said unsettled transactions in banking ombudsman, RBI and RBI also made decisions in my favour and asked the bank to refund the amount due to lack of evidence and CCTV Footage. And bank also bound to refund the amount after the RBI Mumbai rejects their appeal.

I also submits a petition at the high court for quashing the FIR. But the concerned IO and public prosecutor urged the court that investigation is still pending and they need some time to complete the investigation. And for that reason, the high court dismissed my petition and ordered the concerned IO to start the investigation without further delay and complete the same as soon as possible. The said judgement was made almost two years ago.

So I cordially request you to look into the matter and give me some advice what can I do right now.

With regards,

S Dasgupta.( Guwahati, Assam )","Sir I've mads omplaint n  filed a WP  in 2018 against an assistant Commr commercial tax for his alleged activities in filing complain against a trader. ie he has shown less crime of forgery docs instead of huge.  ie 150 nos instead of 8. and made favour the accused n weakened the FIR. By this trader evaded 45 lakhs VAT. Only department action taken on him. 

As expected FIR is now dropped  by police  since non coop of AC the complainant. In these three yrs AG audit sent report that he has committed 17 crores revenue loss in his service period.  

Can I  withdraw my earlier WP n file a fresh WP to  take criminal action as well as department action?  I'm the root cause for AG Audit report.( Salem, Tamil Nadu )","Dear Client,It is crucial to exercise caution in such situations. If your instincts are signaling potential fraud, it's advisable to verify the legitimacy of the request. Firstly, confirm the details directly with the court to ensure that there is a legitimate process requiring the payment of judicial bonds for the release of confiscated accounts. Additionally, seek a second opinion from another legal professional to assess the situation independently. Scams can be prevalent, and it's essential to prioritize due diligence to protect your interests. Never hesitate to clarify doubts or seek assistance from trusted legal advisors or authorities to validate the authenticity of any financial requests associated with legal proceedings.","If the court has ordered the release of confiscated accounts upon providing a judicial bond, this is a legitimate legal process under Section 446 of the Code of Criminal Procedure (CrPC), which deals with the forfeiture of bonds. However, if you suspect the advocate is misleading you, it is crucial to verify the court order requiring the bond and the exact amount specified. You can request a copy of the court order from your advocate or directly from the court records office. If any discrepancies or concerns remain, consider consulting another lawyer for a second opinion to ensure the advocate's request aligns with the court's directive.",9.1603,76.2261,18.644,3.9559,16.4299,20.5111,3.2801,20.0199,4.4031,1.5684,1.0,27.1385,49.3219,48.9553,83.8938
113,"She was my friend and we live in a room. We both given 8k and 8k to owner. I left the room after 10 days. But she is not written my 4k even after 1 month is passed. I told her to take my 4k also but I don't want to have any connection with her so I told her to leave the room and I will pay you extra. But she is not agreed. So to convince her I send one message that I will hurt myself and you will be responsible then also she abuse and tell that she will complain. What should I do now.( Indore, Madhya Pradesh )",HKG::IEA_114B → HKG::EC_RULES_71 → HKG::RPSR_9938A → HKG::EC_RULES_74,HKG::IEA_114B → HKG::EC_RULES_71 → HKG::RPSR_9938A → HKG::EC_RULES_74 → HKG::EC_RULES → HKG::RPSR → HKG::probation → HKG::IEA,"Sir a present municipal commissioner registered a contract Co. in his office to participate in works contract. . an elected councillor is a major partner in the company The company took many contract payments . They produced fake TDS tax remitted certificates and misappropriated tax revenue 38 lacs. HC ordered for recovery. Recovery was effected. FIR registered against the Co. But still present commissioner awarding contact to same Co. But no criminal action initiated against the commissioner. So many petition sent to higher officers. All are waste. Pl tell what's the procedure to get prosecution sanction against the commissioner sir( Vijayawada, Andhra Pradesh )","Sir I've mads omplaint n  filed a WP  in 2018 against an assistant Commr commercial tax for his alleged activities in filing complain against a trader. ie he has shown less crime of forgery docs instead of huge.  ie 150 nos instead of 8. and made favour the accused n weakened the FIR. By this trader evaded 45 lakhs VAT. Only department action taken on him. 

As expected FIR is now dropped  by police  since non coop of AC the complainant. In these three yrs AG audit sent report that he has committed 17 crores revenue loss in his service period.  

Can I  withdraw my earlier WP n file a fresh WP to  take criminal action as well as department action?  I'm the root cause for AG Audit report.( Salem, Tamil Nadu )","The guy is a lawyer n 28 year old and I m 19 ... We met each other last year April 2023 since he used to work near by my place in a bank aswell .. I went there to make my account n often used to meet each other due to banking works n we got connected with each other since I was really lonely and had no one to share my feelings to i used to go n share my feelings my problem to him .. like my past trauma that I was sexually assaulted by my dad... Which was years back n i still think of that n get anxiety about it . So we got connected and we started got physical too though we didn't had sex.... Thn I got admission in my college as a fresher and I had to go there to study n we didn't contact or text much .. during Durga Puja we got holiday and I came back n i realise my feelings slowly faded for him he asked me if he wanted to go further i didn't wanted to hurt him so i agreed to him when I went back after holidays we stoped contacting each other for 2 months so I thought the thing between us is over so I went in a relationship with other guy .. this winter break when I came back he saw me n started calling me n messaging me .. I got offended n I tried clearing him n told I don't want to stay in the relationship.. now he is acting up all crazy like a mental person .. threatening me to come home , kill me n dad or whoever is in my life ... Threatening me to harm me .. telling me to behave with him the same way like we used to which I don't want at all .. he yells n screams at me .. use different different Galis ... Calls me randi n whatever idk .. he is not leaving me at all n i m getting affected mentally .. I don't want my parents getting involved since I had shared him abt my dad n he is the only one with me right now .. he is threatening to kills my friends too .. day before yesterday I told him we will clear it out so I went to his office we tried doing it but he was giving me gali n all I told I don't want to be in relationship and be as a friend to him n settle it out clearly but he is not trying to understand.. he called me in his room to talk personally because mostly costomers keeps on coming in the office n will distract us so i agreed but when he took me in his room he tried kissing me which i denied.. tried touching me which i denied too .. when he didn't got what he wanted he just stood up opened his pants n started to masturbate .. I got really scared n started to cryy .. idk what to do .. yesterday he threatened me to come to my house late night ... And I m still scared idk what to doo.. today im going to his office again idk what will happen .. I just need help can someone help me idk what to do .. please help me I don't want my family to get involved in this help me( Siliguri, West Bengal )",You were not supposed to send a message like that for petty matters. Anyways you are not to do anything and just ignore all that happened in past and move on. If your friend is willing to give the money then fine or else forget it and move on else you can land yourself into unnecessary legal issues.,"Threatening to harm oneself to manipulate another person can be considered coercive behavior and may result in legal consequences under Indian Penal Code Section 503, which deals with criminal intimidation. Sending such messages can be construed as harassment, and the other party has the right to file a police complaint against you. Legally, you cannot force your roommate to leave the room or refund your share of the rent through threats.

To resolve the situation, stop any further communication that could be perceived as threatening. Consider negotiating a peaceful settlement regarding the rent through a neutral third party or mediator. If necessary, seek legal advice on recovering your share of the rent through civil means, such as a small claims court.",0.9563,37.4606,18.644,3.9559,16.4299,20.5111,3.2801,20.0199,4.4031,1.5684,1.0,27.1385,49.3219,48.9553,83.8938
114,"I filed FIR for lost child age 17yrs (domestic helper) on 26th July. Police was trying to threaten me after that for minting money. In the meantime got a call from an NGO that the girl was with them, as she was found by CWC. I went to a legal advisor, in which he said to file a Status Report etc. I did so. After 1 month he called me up and said that the girl was taken to magistrate for statement of 164 which he does not know and showed me the IO statement in which it was written that they are trying to send the girl back to her home. Also the lawyer said that you are free now, incase if u get any summon from court then you should tell us. But he made sure that it would not come since i have not done anything. Plz help me know the procedure for the same.( South West Delhi, Delhi )",HKG::IEA_114B,HKG::IEA_114B → HKG::IEA → HKG::sexual_harassment → HKG::IEA_152 → HKG::IEA_145,"Sir a present municipal commissioner registered a contract Co. in his office to participate in works contract. . an elected councillor is a major partner in the company The company took many contract payments . They produced fake TDS tax remitted certificates and misappropriated tax revenue 38 lacs. HC ordered for recovery. Recovery was effected. FIR registered against the Co. But still present commissioner awarding contact to same Co. But no criminal action initiated against the commissioner. So many petition sent to higher officers. All are waste. Pl tell what's the procedure to get prosecution sanction against the commissioner sir( Vijayawada, Andhra Pradesh )","Sir I've mads omplaint n  filed a WP  in 2018 against an assistant Commr commercial tax for his alleged activities in filing complain against a trader. ie he has shown less crime of forgery docs instead of huge.  ie 150 nos instead of 8. and made favour the accused n weakened the FIR. By this trader evaded 45 lakhs VAT. Only department action taken on him. 

As expected FIR is now dropped  by police  since non coop of AC the complainant. In these three yrs AG audit sent report that he has committed 17 crores revenue loss in his service period.  

Can I  withdraw my earlier WP n file a fresh WP to  take criminal action as well as department action?  I'm the root cause for AG Audit report.( Salem, Tamil Nadu )","Dear Sir, 

One of the nationalised bank lodged an FIR against me under IPC SEC 420 for cheating and fraud related to ATM transactions in the year 2015.

For your kind information, i and my two relatives made 50 + atm transactions using their two atm. And all the transactions was unsuccessful. After raising disputes, they reverse the amount for 30+ claims. But they refused to settle the claims for last few transactions and alleged me and my relatives that we falsely lodged complaints due to ATM malfunctions. The ATM machine is failed to provide valid journal log of the all these transactions and also not providing CCTV Footage.

I raised a complaint for two of the said unsettled transactions in banking ombudsman, RBI and RBI also made decisions in my favour and asked the bank to refund the amount due to lack of evidence and CCTV Footage. And bank also bound to refund the amount after the RBI Mumbai rejects their appeal.

I also submits a petition at the high court for quashing the FIR. But the concerned IO and public prosecutor urged the court that investigation is still pending and they need some time to complete the investigation. And for that reason, the high court dismissed my petition and ordered the concerned IO to start the investigation without further delay and complete the same as soon as possible. The said judgement was made almost two years ago.

So I cordially request you to look into the matter and give me some advice what can I do right now.

With regards,

S Dasgupta.( Guwahati, Assam )","Sir,As you are somewhere related to the case, you might get a witness summonA statement u/s 164 is nothing but statement recorded by the party stating what exactly happened to find the truth of such incidents which are criminal in nature.At max you might receive a summons to witness and you shall honestly tell the court everything you knew about the case.You have nothing to worry.","The primary legal issue involves the procedure following the recovery of a missing child and the potential for legal summons. Under Section 164 of the Code of Criminal Procedure (CrPC), the magistrate records the statement of the child, which is a crucial step in ensuring her safety and understanding her circumstances. Since the child has been found and is under the care of the Child Welfare Committee (CWC), the immediate legal obligations regarding her disappearance have been addressed.

You should monitor any communication from the court or police, as they may summon you for further clarification or testimony. If you receive a court summons, promptly inform your legal advisor to ensure appropriate representation and response. Meanwhile, maintain documentation of all communications and actions taken regarding the case for future reference.",1.3387,44.4271,18.644,3.9559,16.4299,20.5111,3.2801,20.0199,4.4031,1.5684,1.0,27.1385,49.3219,48.9553,83.8938
115,"a girl pic is mis used in a social media with a fake id , so she told one of his frnd who recently joined as a police pc for help,
 so that police pc stating "" he was traced the fakeid person with his influence and he warned him ,so
for this action he paid 10thousand rupees to the cybercrime department so this police men demanding 10thousand rupee with the victim girl .....

question no1:
what to do to teach him a lesson legally ?(police pc )
question no2:
does a normal police pc men can really contact a cyber crime department and get a fake id person details without filing any complaint ? is that really possible illegaly ? 

as a law student i just want to clarify this with experts like u all ... waiting for your replies .. thankyou in advance...( Villupuram, Tamil Nadu )",PC::Question of Law Identified → PC::Police Failed to Trace Minor Girl → PC::Allegation of Fake Encounter by Police → HKG::PWD_47,PC::Question of Law Identified → PC::Police Failed to Trace Minor Girl → PC::Allegation of Fake Encounter by Police → HKG::PWD_47 → HKG::PWD → PC::High Court Constituted Investigation Team → HKG::LIM_133 → HKG::leave,"Sir a present municipal commissioner registered a contract Co. in his office to participate in works contract. . an elected councillor is a major partner in the company The company took many contract payments . They produced fake TDS tax remitted certificates and misappropriated tax revenue 38 lacs. HC ordered for recovery. Recovery was effected. FIR registered against the Co. But still present commissioner awarding contact to same Co. But no criminal action initiated against the commissioner. So many petition sent to higher officers. All are waste. Pl tell what's the procedure to get prosecution sanction against the commissioner sir( Vijayawada, Andhra Pradesh )","Sir I've mads omplaint n  filed a WP  in 2018 against an assistant Commr commercial tax for his alleged activities in filing complain against a trader. ie he has shown less crime of forgery docs instead of huge.  ie 150 nos instead of 8. and made favour the accused n weakened the FIR. By this trader evaded 45 lakhs VAT. Only department action taken on him. 

As expected FIR is now dropped  by police  since non coop of AC the complainant. In these three yrs AG audit sent report that he has committed 17 crores revenue loss in his service period.  

Can I  withdraw my earlier WP n file a fresh WP to  take criminal action as well as department action?  I'm the root cause for AG Audit report.( Salem, Tamil Nadu )","Shall i file objection in JMFC or approach to high court to quash police final report in 498a F.I.R ?
In 498a, 406 F.I.R last alleged incident of date 01.08.2020 after 2 year on 20.02.2022 F.I.R gets registered&nbsp;in different state&nbsp;till now police final report is not yet submitted , in term on evidence&nbsp;police will submit 2 -3 fake whatsup&nbsp;messges&nbsp;on year 2019.&nbsp;

IO told me he is going to submit charge sheet in few days.
The day IO submit final report in MM court ,&nbsp;shall i reach court and submit objection u/s 468(2)(c), now court is bared to take cognizance&nbsp;due to limitation act.also jurisdiction&nbsp;ground as per recent judgment of supreme court on dated 25.09.2024 KAILASHBEN MAHENDRABHAI PATEL c ?
shall i approach&nbsp;to delhi high court&nbsp; to quash on the judgment on A.Kaliyaperumal of madardh high court of 2024 on limitation groud&nbsp;?
can i go the delhi high to quash even after submission of final report in MM court( New Delhi, Delhi )",Police person cant demand any amount of money .even not a single penny.as u said .that police person demand 10 k as he already pay to cyber cell..first of all .send a complaint about this to the SHO concern police station .Dcp and commisiioner...and after that fike a complaint case in court for registration of FIR afainst that police personnel...nd IO can approach to any agency in relation of his case,"Demanding money in exchange for performing a duty or service, especially by a police officer, constitutes an offense under the Prevention of Corruption Act, 1988. The girl can file a complaint with the Anti-Corruption Bureau or the local police station detailing the officer's demand for money. Regarding the second question, a police constable typically cannot access cybercrime department resources or trace identities without a formal complaint and proper authorization, making such actions potentially illegal and a breach of protocol.

The girl should gather any evidence of the demand, such as messages or recordings, and submit these with her complaint. Additionally, she may consider filing a complaint with the State Police Complaints Authority or the Human Rights Commission if she faces any intimidation or harassment.",1.4524,64.9377,18.644,3.9559,16.4299,20.5111,3.2801,20.0199,4.4031,1.5684,1.0,27.1385,49.3219,48.9553,83.8938
116,My name is karthik. I was in love with 1 girl in my office since 2014. During this period we both travel in my native place hyderabad. We both had sexual activities till 2016. Now in 2017 my parents r not accepted my love due to the girl is sc. Now she gave n filed FIR against my parents n me too. U/c 420 506 417 496 376. Can any 1 help me how to relieve from this case. Can medically possible to prove that we both have sexual intercourse. Any 1 suggest,PC::Appellant Subjected to Sexual Intercourse → PC::Medical Examination Indicated Sexual Intercourse → HKG::BTC_369 → PC::Prosecution Case Not Accepted Due to Lack of Written Consent,"PC::Appellant Subjected to Sexual Intercourse → PC::Medical Examination Indicated Sexual Intercourse → HKG::BTC_369 → PC::Prosecution Case Not Accepted Due to Lack of Written Consent → PC::Section 50 of the Narcotic Drugs and Psychotropic Substances Act, 1985 → HKG::provident_fund → HKG::BTC → PC::Section 3(2)(v) of the Scheduled Castes and Scheduled Tribes (Prevention of Atrocities) Act, 1989","Sir a present municipal commissioner registered a contract Co. in his office to participate in works contract. . an elected councillor is a major partner in the company The company took many contract payments . They produced fake TDS tax remitted certificates and misappropriated tax revenue 38 lacs. HC ordered for recovery. Recovery was effected. FIR registered against the Co. But still present commissioner awarding contact to same Co. But no criminal action initiated against the commissioner. So many petition sent to higher officers. All are waste. Pl tell what's the procedure to get prosecution sanction against the commissioner sir( Vijayawada, Andhra Pradesh )","Sir I've mads omplaint n  filed a WP  in 2018 against an assistant Commr commercial tax for his alleged activities in filing complain against a trader. ie he has shown less crime of forgery docs instead of huge.  ie 150 nos instead of 8. and made favour the accused n weakened the FIR. By this trader evaded 45 lakhs VAT. Only department action taken on him. 

As expected FIR is now dropped  by police  since non coop of AC the complainant. In these three yrs AG audit sent report that he has committed 17 crores revenue loss in his service period.  

Can I  withdraw my earlier WP n file a fresh WP to  take criminal action as well as department action?  I'm the root cause for AG Audit report.( Salem, Tamil Nadu )","Shall i file objection in JMFC or approach to high court to quash police final report in 498a F.I.R ?
In 498a, 406 F.I.R last alleged incident of date 01.08.2020 after 2 year on 20.02.2022 F.I.R gets registered&nbsp;in different state&nbsp;till now police final report is not yet submitted , in term on evidence&nbsp;police will submit 2 -3 fake whatsup&nbsp;messges&nbsp;on year 2019.&nbsp;

IO told me he is going to submit charge sheet in few days.
The day IO submit final report in MM court ,&nbsp;shall i reach court and submit objection u/s 468(2)(c), now court is bared to take cognizance&nbsp;due to limitation act.also jurisdiction&nbsp;ground as per recent judgment of supreme court on dated 25.09.2024 KAILASHBEN MAHENDRABHAI PATEL c ?
shall i approach&nbsp;to delhi high court&nbsp; to quash on the judgment on A.Kaliyaperumal of madardh high court of 2024 on limitation groud&nbsp;?
can i go the delhi high to quash even after submission of final report in MM court( New Delhi, Delhi )","Hello Karthik, there are two ways to resolve the matter. Either you can move it legally or you can you can try to convince her to take back the case and get married to her if she agrees. If you can not convince her then apply for an anticipatory bail u/s 438 of CrPC 1973 (as amended till date).","The most critical charge here is under Section 376 of the Indian Penal Code, which pertains to rape. Consent is a key factor in such cases, and the absence of consent must be proven by the prosecution. Section 417 and 420 relate to cheating and dishonestly inducing delivery of property, while Section 496 pertains to marriage fraud, and Section 506 involves criminal intimidation. 

To address these charges, gather evidence that demonstrates mutual consent in the relationship, such as messages or communications indicating a consensual relationship. Consult with a criminal defense attorney to evaluate the possibility of filing a petition to quash the FIR under Section 482 of the CrPC if the charges are baseless. Additionally, consider challenging the credibility of the allegations in court by presenting evidence that contradicts the claims made in the FIR.",0.4901,46.652,18.644,3.9559,16.4299,20.5111,3.2801,20.0199,4.4031,1.5684,1.0,27.1385,49.3219,48.9553,83.8938
117,"i buyed a bike on this year2023 but the given me 2022 model bike as 2023 model i have paid the amount and take delivered to me but year of manufactring is cheat and the exshowroom get me money for on this year rate how can we took forward to consumer court for law( Theni, Tamil Nadu )",HKG::EPF_6 → HKG::EPF_AT_2 → HKG::CCS_ME_3 → HKG::CCS_ME_5,HKG::EPF_6 → HKG::EPF_AT_2 → HKG::CCS_ME_3 → HKG::CCS_ME_5 → HKG::leave → HKG::labour_court → HKG::provident_fund → HKG::gratuity,"Sir a present municipal commissioner registered a contract Co. in his office to participate in works contract. . an elected councillor is a major partner in the company The company took many contract payments . They produced fake TDS tax remitted certificates and misappropriated tax revenue 38 lacs. HC ordered for recovery. Recovery was effected. FIR registered against the Co. But still present commissioner awarding contact to same Co. But no criminal action initiated against the commissioner. So many petition sent to higher officers. All are waste. Pl tell what's the procedure to get prosecution sanction against the commissioner sir( Vijayawada, Andhra Pradesh )","Sir I've mads omplaint n  filed a WP  in 2018 against an assistant Commr commercial tax for his alleged activities in filing complain against a trader. ie he has shown less crime of forgery docs instead of huge.  ie 150 nos instead of 8. and made favour the accused n weakened the FIR. By this trader evaded 45 lakhs VAT. Only department action taken on him. 

As expected FIR is now dropped  by police  since non coop of AC the complainant. In these three yrs AG audit sent report that he has committed 17 crores revenue loss in his service period.  

Can I  withdraw my earlier WP n file a fresh WP to  take criminal action as well as department action?  I'm the root cause for AG Audit report.( Salem, Tamil Nadu )","Shall i file objection in JMFC or approach to high court to quash police final report in 498a F.I.R ?
In 498a, 406 F.I.R last alleged incident of date 01.08.2020 after 2 year on 20.02.2022 F.I.R gets registered&nbsp;in different state&nbsp;till now police final report is not yet submitted , in term on evidence&nbsp;police will submit 2 -3 fake whatsup&nbsp;messges&nbsp;on year 2019.&nbsp;

IO told me he is going to submit charge sheet in few days.
The day IO submit final report in MM court ,&nbsp;shall i reach court and submit objection u/s 468(2)(c), now court is bared to take cognizance&nbsp;due to limitation act.also jurisdiction&nbsp;ground as per recent judgment of supreme court on dated 25.09.2024 KAILASHBEN MAHENDRABHAI PATEL c ?
shall i approach&nbsp;to delhi high court&nbsp; to quash on the judgment on A.Kaliyaperumal of madardh high court of 2024 on limitation groud&nbsp;?
can i go the delhi high to quash even after submission of final report in MM court( New Delhi, Delhi )","Dear client,You can file a case at the consumer forum against them. Based on the amount to be claimed, you can file a case at District Consumer Forum or the State Consumer Forum accordingly.","The sale of a 2022 model bike as a 2023 model constitutes a deceptive trade practice under the Consumer Protection Act, 2019. You can file a complaint with the District Consumer Disputes Redressal Commission in Theni, Tamil Nadu, seeking a refund or replacement and compensation for any additional costs incurred. Ensure you have all relevant documents, such as the purchase receipt, any advertisements, and communication with the dealer. You cannot claim damages without evidence of financial loss or distress caused by the misrepresentation. Begin by drafting a formal complaint outlining the facts and attaching all supporting documents.",3.2067,53.1717,18.644,3.9559,16.4299,20.5111,3.2801,20.0199,4.4031,1.5684,1.0,27.1385,49.3219,48.9553,83.8938
118,"PS is Negociated with Pimp.I had been  victim of marital fraud 8yrs while my husband nd in laws constanly made me injure physically nd sent me 2 hospital nd 2twice with  outofcourt settlement frm my husbands side so that nothing goes to police nd law.2yrs back a same murder attempt was there by my husband nd the last settlement cum threat with financial black mail was there.the mutual divorce was filed but he didnt attend nd didnt let me attend in name of reconciliation.in this whole span at all his residance in nd out side my native when ever i went to stay either i was attempted to burn by his mother nd fr many years i found my in laws entertaining other males nd females at there residance nd passive voyarism threat by making very low labour class people assault me inside my husbands bedroom in my  inlaws support,so i stayed with them fr very short.he kept on claiming he works in another city nd was taking me nd was beating me to death mentally nd physically nd with all sort of murder nd financial blackmail kept me away frm any legal step nd kept on blackmailing wlnt divorce me nd to  wl pretend to be insane.but last yr august onwards the smell of fleshtrade in him nd his family beame very prominant nd i found bunch of professional escorts raw picture pan india in his phn.sitting at my paternal house by heating me on eyes abdomen head nd making me bleed he was killing me and my mother nd sibling nd his wife enjoyed it closing door nt even calling police at midnight emergency but after11days I threw him out of my house but since he forcefully kept the marriage on fr many years his nd his parents horrible murder attempt has been encashed by my sibling nd his wife along with my mother trying framing rubbish false allegations against me as I am insane i am torturing all of them to grab property while the truth is just opposite,still choiceless i tried staying with him again going to his office state few months back.while staying there I smelled he negociated all the way with my mentioned paternal family,may be commission is offered or the marriage was itself an eyewash they sold me to him or bribed him to finish me off.while my fathers death was doubtful by my sibling on road nd I am eye witness nd my sibling maa nd 1 paternal muncle framed the death by bringing false death certificate manipulating doctor nd didnt let autopsy happen nd the main culprit or the executor was my elder male sibling while he was married with kid that time nd from then on torture started happening on me which led me to this marriage.but this yr while staying he tried murdering me 1st by towel nd wiith every day beating made me bled nd started bringing knife nd tried hitting me by his car nd finally stripped me in full light in dining of the house while its on commercial parking while different men was stalkig me frnt of the house24/7nd if i am out side I was  chased also nd he did crest of cyber fraud using my name no with false adsresses from shops.He is Pimp nd may be having multiple marriage nd in to professional flesh trade with his relatives fr sure.all his adsress in native nd out station false nd rented.I never allowed in his office nd never met any colleague.I am home arrest when ever with him nd nw about to die while my family backup is0 whild they r waiting to manipulate the opportunity.in outstation he was murdering me openly nd plolice nd low constable level goons were backing him while in native the scenario is same nd even unwilling to entertain my vocal cimplain and i can be raped nd killed by ps itself as they r negociated nd the only reason can be trafficking nd is.thats why by manipulating shops he made bills with my name nd phn number under different false address nd the day threw me out on road next day filed a false missing person fir to hide his crime nd police is cooperating all the way as they hv taken it while the whole community knows the story nd next day onwards my network got barred.nd being on road fr3dyas when i reached my mother at native unless i ranaway frm that place she kept on claiming she dsnt hv my address nd anything so she cant do a thing but after coming back to native half dead I found all information was given to her by that pimp as she wrote in her own handwriting.his phn is blocked asusually nd mother is absconded while his actual address to all details r unknown nd in previous div. I didnt get a single notice frm court by post as my mails nd all postal documents r in hand of my mother nd sibling nd they made me attack my my siblings maid also in past while chasing me nd its highly apprehensive she has escort background as she brought false husband in my siblings support inside the intested house.reg. all claim against my paternal criminals my mother kept on telling i am hallucinating nd last yr august tonwards she was pressurising me to make her nominee of all my liquids.this pimp witnessing all these fr last 15yrs while he is in marriage fr7.5yrs.if i file anything through ps I will be murdered immediately.How to divorce or anny him one sided as asusually he nd his mother is absconded making phn blocked24/7 nd even mails nd his father died at2016 nd if even he comes near by me that will be a murder attempt only.what to do.help me with right advice immediately",HKG::PGA_7 → HKG::EPF_7D → HKG::ESI_55 → HKG::IRC_44,HKG::PGA_7 → HKG::EPF_7D → HKG::ESI_55 → HKG::IRC_44 → HKG::labour_court → HKG::gratuity → HKG::PROC_GRATUITY_CLAIM → HKG::Employees State Insurance Act 1948,"Sir a present municipal commissioner registered a contract Co. in his office to participate in works contract. . an elected councillor is a major partner in the company The company took many contract payments . They produced fake TDS tax remitted certificates and misappropriated tax revenue 38 lacs. HC ordered for recovery. Recovery was effected. FIR registered against the Co. But still present commissioner awarding contact to same Co. But no criminal action initiated against the commissioner. So many petition sent to higher officers. All are waste. Pl tell what's the procedure to get prosecution sanction against the commissioner sir( Vijayawada, Andhra Pradesh )","Sir I've mads omplaint n  filed a WP  in 2018 against an assistant Commr commercial tax for his alleged activities in filing complain against a trader. ie he has shown less crime of forgery docs instead of huge.  ie 150 nos instead of 8. and made favour the accused n weakened the FIR. By this trader evaded 45 lakhs VAT. Only department action taken on him. 

As expected FIR is now dropped  by police  since non coop of AC the complainant. In these three yrs AG audit sent report that he has committed 17 crores revenue loss in his service period.  

Can I  withdraw my earlier WP n file a fresh WP to  take criminal action as well as department action?  I'm the root cause for AG Audit report.( Salem, Tamil Nadu )","Dear Sir, 

One of the nationalised bank lodged an FIR against me under IPC SEC 420 for cheating and fraud related to ATM transactions in the year 2015.

For your kind information, i and my two relatives made 50 + atm transactions using their two atm. And all the transactions was unsuccessful. After raising disputes, they reverse the amount for 30+ claims. But they refused to settle the claims for last few transactions and alleged me and my relatives that we falsely lodged complaints due to ATM malfunctions. The ATM machine is failed to provide valid journal log of the all these transactions and also not providing CCTV Footage.

I raised a complaint for two of the said unsettled transactions in banking ombudsman, RBI and RBI also made decisions in my favour and asked the bank to refund the amount due to lack of evidence and CCTV Footage. And bank also bound to refund the amount after the RBI Mumbai rejects their appeal.

I also submits a petition at the high court for quashing the FIR. But the concerned IO and public prosecutor urged the court that investigation is still pending and they need some time to complete the investigation. And for that reason, the high court dismissed my petition and ordered the concerned IO to start the investigation without further delay and complete the same as soon as possible. The said judgement was made almost two years ago.

So I cordially request you to look into the matter and give me some advice what can I do right now.

With regards,

S Dasgupta.( Guwahati, Assam )",You immediately take professional help from vidhikarya lawyer,"The primary legal issue here involves domestic violence, attempted murder, and the need for a divorce. Under the Protection of Women from Domestic Violence Act, 2005, you can file a complaint with the Magistrate seeking protection orders, residence orders, and monetary relief. Additionally, the Indian Penal Code (IPC) provisions on assault (Section 351) and attempted murder (Section 307) are applicable, and you should file an FIR with the police regarding these offenses.

For the divorce, if your husband is absconding, you can file for divorce on the grounds of cruelty and desertion under Section 13 of the Hindu Marriage Act, 1955, and request the court to proceed ex parte if he does not appear. Immediately contact a women's rights organization or legal aid service for support and assistance in filing these actions safely.",0.2288,46.6943,18.644,3.9559,16.4299,20.5111,3.2801,20.0199,4.4031,1.5684,1.0,27.1385,49.3219,48.9553,83.8938
119,"I am a govt employee who got beaten by a auto driver on road what to do?? i have his vehicle number( Kolkata, West Bengal )",HKG::PGA_7 → HKG::EPF_7D → HKG::ESI_55 → HKG::IRC_44,HKG::PGA_7 → HKG::EPF_7D → HKG::ESI_55 → HKG::IRC_44 → HKG::labour_court → HKG::Employees State Insurance Act 1948 → HKG::PROC_GRATUITY_CLAIM → HKG::gratuity,"Sir a present municipal commissioner registered a contract Co. in his office to participate in works contract. . an elected councillor is a major partner in the company The company took many contract payments . They produced fake TDS tax remitted certificates and misappropriated tax revenue 38 lacs. HC ordered for recovery. Recovery was effected. FIR registered against the Co. But still present commissioner awarding contact to same Co. But no criminal action initiated against the commissioner. So many petition sent to higher officers. All are waste. Pl tell what's the procedure to get prosecution sanction against the commissioner sir( Vijayawada, Andhra Pradesh )","Sir I've mads omplaint n  filed a WP  in 2018 against an assistant Commr commercial tax for his alleged activities in filing complain against a trader. ie he has shown less crime of forgery docs instead of huge.  ie 150 nos instead of 8. and made favour the accused n weakened the FIR. By this trader evaded 45 lakhs VAT. Only department action taken on him. 

As expected FIR is now dropped  by police  since non coop of AC the complainant. In these three yrs AG audit sent report that he has committed 17 crores revenue loss in his service period.  

Can I  withdraw my earlier WP n file a fresh WP to  take criminal action as well as department action?  I'm the root cause for AG Audit report.( Salem, Tamil Nadu )","Shall i file objection in JMFC or approach to high court to quash police final report in 498a F.I.R ?
In 498a, 406 F.I.R last alleged incident of date 01.08.2020 after 2 year on 20.02.2022 F.I.R gets registered&nbsp;in different state&nbsp;till now police final report is not yet submitted , in term on evidence&nbsp;police will submit 2 -3 fake whatsup&nbsp;messges&nbsp;on year 2019.&nbsp;

IO told me he is going to submit charge sheet in few days.
The day IO submit final report in MM court ,&nbsp;shall i reach court and submit objection u/s 468(2)(c), now court is bared to take cognizance&nbsp;due to limitation act.also jurisdiction&nbsp;ground as per recent judgment of supreme court on dated 25.09.2024 KAILASHBEN MAHENDRABHAI PATEL c ?
shall i approach&nbsp;to delhi high court&nbsp; to quash on the judgment on A.Kaliyaperumal of madardh high court of 2024 on limitation groud&nbsp;?
can i go the delhi high to quash even after submission of final report in MM court( New Delhi, Delhi )","Dear Sir,You would have lodged complaint immediately anyhow lodge complaint with higher police officers and get justice.I could have explained more if background is known to me. If background is made known in full then legal experts will be in position to understand correctly. Moreso, the background must be in brief.Please give me FIVE STAR if satisfied by my answers.","Under Section 323 of the Indian Penal Code, voluntarily causing hurt is a punishable offense. As a government employee who was assaulted by an auto driver, you can file a First Information Report (FIR) with the local police station, providing the auto driver's vehicle number as evidence. Legally, you cannot take matters into your own hands or retaliate physically. 

Next steps: Visit the nearest police station to file an FIR against the auto driver, detailing the incident and providing any available evidence, such as the vehicle number or witnesses. Consider consulting with a legal professional to guide you through the process and ensure that your rights are protected.",0.5868,38.7153,18.644,3.9559,16.4299,20.5111,3.2801,20.0199,4.4031,1.5684,1.0,27.1385,49.3219,48.9553,83.8938
120,"If i charge with section 34 police act,is it affect my police varification( Uttar Dinajpur, West Bengal )",HKG::ATA_19 → HKG::EC_RULES_35 → HKG::EPF_AT_22 → HKG::MEPS_2,HKG::ATA_19 → HKG::EC_RULES_35 → HKG::EPF_AT_22 → HKG::MEPS_2 → HKG::MEPS → HKG::PROC_GOVT_SERVICE_DISPUTE → HKG::govt_service → HKG::Administrative Tribunals Act 1985,"Sir a present municipal commissioner registered a contract Co. in his office to participate in works contract. . an elected councillor is a major partner in the company The company took many contract payments . They produced fake TDS tax remitted certificates and misappropriated tax revenue 38 lacs. HC ordered for recovery. Recovery was effected. FIR registered against the Co. But still present commissioner awarding contact to same Co. But no criminal action initiated against the commissioner. So many petition sent to higher officers. All are waste. Pl tell what's the procedure to get prosecution sanction against the commissioner sir( Vijayawada, Andhra Pradesh )","Sir I've mads omplaint n  filed a WP  in 2018 against an assistant Commr commercial tax for his alleged activities in filing complain against a trader. ie he has shown less crime of forgery docs instead of huge.  ie 150 nos instead of 8. and made favour the accused n weakened the FIR. By this trader evaded 45 lakhs VAT. Only department action taken on him. 

As expected FIR is now dropped  by police  since non coop of AC the complainant. In these three yrs AG audit sent report that he has committed 17 crores revenue loss in his service period.  

Can I  withdraw my earlier WP n file a fresh WP to  take criminal action as well as department action?  I'm the root cause for AG Audit report.( Salem, Tamil Nadu )","Shall i file objection in JMFC or approach to high court to quash police final report in 498a F.I.R ?
In 498a, 406 F.I.R last alleged incident of date 01.08.2020 after 2 year on 20.02.2022 F.I.R gets registered&nbsp;in different state&nbsp;till now police final report is not yet submitted , in term on evidence&nbsp;police will submit 2 -3 fake whatsup&nbsp;messges&nbsp;on year 2019.&nbsp;

IO told me he is going to submit charge sheet in few days.
The day IO submit final report in MM court ,&nbsp;shall i reach court and submit objection u/s 468(2)(c), now court is bared to take cognizance&nbsp;due to limitation act.also jurisdiction&nbsp;ground as per recent judgment of supreme court on dated 25.09.2024 KAILASHBEN MAHENDRABHAI PATEL c ?
shall i approach&nbsp;to delhi high court&nbsp; to quash on the judgment on A.Kaliyaperumal of madardh high court of 2024 on limitation groud&nbsp;?
can i go the delhi high to quash even after submission of final report in MM court( New Delhi, Delhi )","Dear Client,Section 34 of the Police Act, 1861 laid down punishment for certain criminal offenses on roads obstruction, inconvenience, annoyance, risk, danger or damage of the residents or passengers, etc., and on conviction before a Magistrate, be liable to a fine not exceeding fifty rupees, or to imprisonment with or without hard labour not exceeding eight days; and it shall be lawful for any police officer to take into custody, without a warrant, any person who within his view commits any of such offences. So, once the charge is proven against you and convicted by the Court, it may potentially affect your police verification.","Being charged under Section 34 of the Police Act, 1861, which pertains to disobeying a lawful order from a police officer, can potentially affect your police verification. This section is a minor offense, but it may still show up in background checks, particularly if it leads to a conviction. 

To address this, you can seek to have the charge dismissed or resolved through legal representation. If already convicted, explore options for expungement or appeal if applicable. Consult with a local attorney to evaluate the specifics of your case and to determine the best course of action.",12.9332,67.0515,18.644,3.9559,16.4299,20.5111,3.2801,20.0199,4.4031,1.5684,1.0,27.1385,49.3219,48.9553,83.8938
121,"I have taken personal loan and 2 credit cards, as my father got severe burnt due to this my financial situation become weak and now unable to pay. Today I got notice from the bank under sector 25 of pssa 2007( Faridabad, Haryana )",HKG::MEPS_26 → HKG::MEPS_40,HKG::MEPS_26 → HKG::MEPS_40 → HKG::leave → HKG::notice_period → HKG::MEPS → HKG::retrenchment,"Sir a present municipal commissioner registered a contract Co. in his office to participate in works contract. . an elected councillor is a major partner in the company The company took many contract payments . They produced fake TDS tax remitted certificates and misappropriated tax revenue 38 lacs. HC ordered for recovery. Recovery was effected. FIR registered against the Co. But still present commissioner awarding contact to same Co. But no criminal action initiated against the commissioner. So many petition sent to higher officers. All are waste. Pl tell what's the procedure to get prosecution sanction against the commissioner sir( Vijayawada, Andhra Pradesh )","Sir I've mads omplaint n  filed a WP  in 2018 against an assistant Commr commercial tax for his alleged activities in filing complain against a trader. ie he has shown less crime of forgery docs instead of huge.  ie 150 nos instead of 8. and made favour the accused n weakened the FIR. By this trader evaded 45 lakhs VAT. Only department action taken on him. 

As expected FIR is now dropped  by police  since non coop of AC the complainant. In these three yrs AG audit sent report that he has committed 17 crores revenue loss in his service period.  

Can I  withdraw my earlier WP n file a fresh WP to  take criminal action as well as department action?  I'm the root cause for AG Audit report.( Salem, Tamil Nadu )","Dear Sir, 

One of the nationalised bank lodged an FIR against me under IPC SEC 420 for cheating and fraud related to ATM transactions in the year 2015.

For your kind information, i and my two relatives made 50 + atm transactions using their two atm. And all the transactions was unsuccessful. After raising disputes, they reverse the amount for 30+ claims. But they refused to settle the claims for last few transactions and alleged me and my relatives that we falsely lodged complaints due to ATM malfunctions. The ATM machine is failed to provide valid journal log of the all these transactions and also not providing CCTV Footage.

I raised a complaint for two of the said unsettled transactions in banking ombudsman, RBI and RBI also made decisions in my favour and asked the bank to refund the amount due to lack of evidence and CCTV Footage. And bank also bound to refund the amount after the RBI Mumbai rejects their appeal.

I also submits a petition at the high court for quashing the FIR. But the concerned IO and public prosecutor urged the court that investigation is still pending and they need some time to complete the investigation. And for that reason, the high court dismissed my petition and ordered the concerned IO to start the investigation without further delay and complete the same as soon as possible. The said judgement was made almost two years ago.

So I cordially request you to look into the matter and give me some advice what can I do right now.

With regards,

S Dasgupta.( Guwahati, Assam )","Dear Client,Section 25 of the Payment and Settlement System Act 2007(PSSA), states that if an electronic transfer cannot be completed due to insufficient money or if an amount required to be paid out exceeds the limit on the credit card of the payer, the payer can be imprisoned or fined twice the amount or both similar to the dishonor of a cheque under the Negotiable Instruments Act 1881. Section 25 of the Act states that the payee, before filing a complaint under said Act to recover money, must inform the payer via a written notification/legal notice seeking payment of the dishonored amount. If the person initiating an electronic funds transfer does not pay the money to the beneficiary within 15 days of receiving the legal notice, a complaint is filed before the Court for recovery of dues/loan. So, on receipt of notice under Sec.25 of PSSA, you should try your best to negotiate the loan with the lender/financier. You can try to negotiate a debt settlement on your own (under OTS- One-time settlement scheme) if your pocket permits, but sometimes it's typically done through third parties like debt relief companies, which you may hire to negotiate the settlement matter with the lender on your behalf. With this method, you will make payments to the debt settlement company rather than your creditors/lenders, along with the payment of fees or service charges. Debt settlement is an agreement between a lender Bank and a borrower in which the borrower repays a portion of a loan balance and the lender forgives the balance. You may consider starting the negotiation by offering to pay 25% or 30% of your outstanding balance in return for forgiveness on the rest. But, it may be noted that while there are legitimate debt relief/settlement companies, there are also many fraud/scam operations. So, if you're considering one, the Consumer Financial Protection Bureau(CFPB) suggests contacting your state Attorney General's(AG) office and local consumer protection agency to ask if they have any consumer complaints pending on file about that company. Some states require that debt settlement companies be licensed, which may provide some added protection. Although a debt settlement can offload some of your financial burden, there are also a few potential risks and downsides to consider. First, a debt settlement will affect your credit score in CIBIL. That will make it more difficult for you to get credit or good interest rates in the future. Another potential drawback is that when you settle debt, you could face tax consequences. Finally, when you settle a debt with a credit card company, your account is closed once the settlement is complete. So you could potentially have no credit facility to use a credit card further owing to your poor credit score. Further, a quick counseling session with a certified credit counselor can help you discover your options and choose the right path forward.","Section 25 of the Securitisation and Reconstruction of Financial Assets and Enforcement of Security Interest Act, 2002 (SARFAESI Act) pertains to the enforcement of security interests by secured creditors. If you have received a notice under this section, it likely indicates that the bank is initiating proceedings to recover the outstanding debt by enforcing the security interest. Legally, you cannot ignore this notice; failing to respond may lead to the bank taking possession of secured assets.

You can negotiate with the bank for a restructuring of the loan or seek a moratorium period due to your financial hardship. If negotiations fail, consider filing an application before the Debt Recovery Tribunal (DRT) under Section 17 of the SARFAESI Act to challenge the bank's actions.",0.3157,56.3382,18.644,3.9559,16.4299,20.5111,3.2801,20.0199,4.4031,1.5684,1.0,27.1385,49.3219,48.9553,83.8938
122,"Mr. X (his wife,& 3 friends) car and Mr. Y(carrying 12 members) auto had an accident. At the time of accident, mr. X (remaining people left)was only one there at the accident spot ,he was in a shock after the incident. The accident took place on an agency highway, so 20 people gathered and threatened mr. X that they will beat him till his death. They took mr. X to a lawyer, dt mr. X will get those injured persons (2 mem, nothing serious, just minor injuries, gets well in a week)get treated and will repair the damaged auto., In dt case they don't go to police station. The lawyer and the remaining persons threatened and frightened mr. X and they forcefully signed into an agreement(a4 sheet, no stamp paper). They demanded that mr. X should take them to a private hospital . Mr. X did al the treatment and they discharged. Now the problem is one of the patient filed a case against Mr. X in police station and FIR filed. Now mr. Y is asking money for the damaged auto. And the lawyer of mr. Y is threatening that he will file a cheating case if mr. X don't give money to mr. Y.
My ques: 1) can a lawyer threaten mr. X like this? He also threatened mr. X and forcefully signed an agreement on A4 sheet paper at the tym of accident.( Amaravati, Andhra Pradesh )",PC::Police Personnel Took Court Officers to Police Station → PC::Driver Lacked Valid Licence at Time of Accident → HKG::EC_RULES_68 → HKG::EC_RULES_63,PC::Police Personnel Took Court Officers to Police Station → PC::Driver Lacked Valid Licence at Time of Accident → HKG::EC_RULES_68 → HKG::EC_RULES_63 → HKG::EC_RULES → HKG::RPSR_6 → HKG::labour_court → HKG::RPSR,"Sir a present municipal commissioner registered a contract Co. in his office to participate in works contract. . an elected councillor is a major partner in the company The company took many contract payments . They produced fake TDS tax remitted certificates and misappropriated tax revenue 38 lacs. HC ordered for recovery. Recovery was effected. FIR registered against the Co. But still present commissioner awarding contact to same Co. But no criminal action initiated against the commissioner. So many petition sent to higher officers. All are waste. Pl tell what's the procedure to get prosecution sanction against the commissioner sir( Vijayawada, Andhra Pradesh )","Sir I've mads omplaint n  filed a WP  in 2018 against an assistant Commr commercial tax for his alleged activities in filing complain against a trader. ie he has shown less crime of forgery docs instead of huge.  ie 150 nos instead of 8. and made favour the accused n weakened the FIR. By this trader evaded 45 lakhs VAT. Only department action taken on him. 

As expected FIR is now dropped  by police  since non coop of AC the complainant. In these three yrs AG audit sent report that he has committed 17 crores revenue loss in his service period.  

Can I  withdraw my earlier WP n file a fresh WP to  take criminal action as well as department action?  I'm the root cause for AG Audit report.( Salem, Tamil Nadu )","Dear Sir, 

One of the nationalised bank lodged an FIR against me under IPC SEC 420 for cheating and fraud related to ATM transactions in the year 2015.

For your kind information, i and my two relatives made 50 + atm transactions using their two atm. And all the transactions was unsuccessful. After raising disputes, they reverse the amount for 30+ claims. But they refused to settle the claims for last few transactions and alleged me and my relatives that we falsely lodged complaints due to ATM malfunctions. The ATM machine is failed to provide valid journal log of the all these transactions and also not providing CCTV Footage.

I raised a complaint for two of the said unsettled transactions in banking ombudsman, RBI and RBI also made decisions in my favour and asked the bank to refund the amount due to lack of evidence and CCTV Footage. And bank also bound to refund the amount after the RBI Mumbai rejects their appeal.

I also submits a petition at the high court for quashing the FIR. But the concerned IO and public prosecutor urged the court that investigation is still pending and they need some time to complete the investigation. And for that reason, the high court dismissed my petition and ordered the concerned IO to start the investigation without further delay and complete the same as soon as possible. The said judgement was made almost two years ago.

So I cordially request you to look into the matter and give me some advice what can I do right now.

With regards,

S Dasgupta.( Guwahati, Assam )","Dear client,First of all such cases fall into the category of MACP cases and criminal cases can't be filed against Mr. X by Mr. Y or his advocate.You (Mr.X) can file claim case against Mr. Y by hiring an advocate and get the compensation for the loss suffered by you.Kindly feel free to contact me for any further needs and I shall help you out.I hope you have got a satisfactory result and kindly rate me appropriate stars.Thank youAdv. Hardik Sheth","A lawyer cannot legally threaten Mr. X to coerce him into signing an agreement or to demand money, as this constitutes professional misconduct under the Bar Council of India Rules and may also amount to criminal intimidation under Section 503 of the Indian Penal Code. The agreement signed under duress on plain paper is not legally binding. Mr. X can file a complaint with the Bar Council against the lawyer for unethical conduct and may also report the matter to the police regarding the threats. As a next step, Mr. X should consider filing a petition to quash the FIR under Section 482 of the Criminal Procedure Code if the FIR lacks merit. Additionally, Mr. X should gather any evidence of the threats and coerced agreement for use in his defense.",2.8352,44.1158,18.644,3.9559,16.4299,20.5111,3.2801,20.0199,4.4031,1.5684,1.0,27.1385,49.3219,48.9553,83.8938
123,"dat tutna par konsi dara lagti ha?( Birbhum, West Bengal )","PC::Section 2(d) of the West Bengal Sales Tax Act, 1954 → PC::Section 6(2) of the West Bengal Taxation Tribunal Act, 1987 → PC::Rule 34 b of the West Bengal Service Regulations Part I → PC::Rule 3 66a of the West Bengal Sales Tax Rules, 1941","PC::Section 2(d) of the West Bengal Sales Tax Act, 1954 → PC::Section 6(2) of the West Bengal Taxation Tribunal Act, 1987 → PC::Rule 34 b of the West Bengal Service Regulations Part I → PC::Rule 3 66a of the West Bengal Sales Tax Rules, 1941 → HKG::BTC_324 → HKG::BTC → HKG::FIN_A_89 → HKG::FIN_A","Sir a present municipal commissioner registered a contract Co. in his office to participate in works contract. . an elected councillor is a major partner in the company The company took many contract payments . They produced fake TDS tax remitted certificates and misappropriated tax revenue 38 lacs. HC ordered for recovery. Recovery was effected. FIR registered against the Co. But still present commissioner awarding contact to same Co. But no criminal action initiated against the commissioner. So many petition sent to higher officers. All are waste. Pl tell what's the procedure to get prosecution sanction against the commissioner sir( Vijayawada, Andhra Pradesh )","Sir I've mads omplaint n  filed a WP  in 2018 against an assistant Commr commercial tax for his alleged activities in filing complain against a trader. ie he has shown less crime of forgery docs instead of huge.  ie 150 nos instead of 8. and made favour the accused n weakened the FIR. By this trader evaded 45 lakhs VAT. Only department action taken on him. 

As expected FIR is now dropped  by police  since non coop of AC the complainant. In these three yrs AG audit sent report that he has committed 17 crores revenue loss in his service period.  

Can I  withdraw my earlier WP n file a fresh WP to  take criminal action as well as department action?  I'm the root cause for AG Audit report.( Salem, Tamil Nadu )","Shall i file objection in JMFC or approach to high court to quash police final report in 498a F.I.R ?
In 498a, 406 F.I.R last alleged incident of date 01.08.2020 after 2 year on 20.02.2022 F.I.R gets registered&nbsp;in different state&nbsp;till now police final report is not yet submitted , in term on evidence&nbsp;police will submit 2 -3 fake whatsup&nbsp;messges&nbsp;on year 2019.&nbsp;

IO told me he is going to submit charge sheet in few days.
The day IO submit final report in MM court ,&nbsp;shall i reach court and submit objection u/s 468(2)(c), now court is bared to take cognizance&nbsp;due to limitation act.also jurisdiction&nbsp;ground as per recent judgment of supreme court on dated 25.09.2024 KAILASHBEN MAHENDRABHAI PATEL c ?
shall i approach&nbsp;to delhi high court&nbsp; to quash on the judgment on A.Kaliyaperumal of madardh high court of 2024 on limitation groud&nbsp;?
can i go the delhi high to quash even after submission of final report in MM court( New Delhi, Delhi )","Dear Sir,Please write in English.","In West Bengal, if property damage or destruction is involved, the relevant legal provision is Section 427 of the Indian Penal Code (IPC), which deals with mischief causing damage of fifty rupees or more. This section is applicable when someone intentionally causes damage to property. The punishment under this section can be imprisonment of up to two years, a fine, or both.

To address this issue, file a complaint with the local police station detailing the incident and the damage caused. Ensure to provide any evidence or witnesses that can substantiate the claim. If the police do not take action, consider filing a private complaint under Section 200 of the CrPC in the Magistrate's Court.",0.3621,28.4432,18.644,3.9559,16.4299,20.5111,3.2801,20.0199,4.4031,1.5684,1.0,27.1385,49.3219,48.9553,83.8938
124,"How many times and in front of whom does the woman victim have to give her statement and appearance after FIR for molestation has been lodged? Victim's family and police has discouraged the victim saying lots of up and downs and hassle will come for her if she choose police to continue inquiry.( Hissar, Haryana )",PC::Claim for Compensation Filed by Victim Family → PC::Threats Made Against Victim's Family → PC::Police Failed to Register FIR for Cross Version → HKG::ISM_33,"PC::Claim for Compensation Filed by Victim Family → PC::Threats Made Against Victim's Family → PC::Police Failed to Register FIR for Cross Version → HKG::ISM_33 → HKG::ISM → PC::Section 173 of the Code of Criminal Procedure, 1973 → HKG::EC_RULES_17 → HKG::EC_RULES","Sir a present municipal commissioner registered a contract Co. in his office to participate in works contract. . an elected councillor is a major partner in the company The company took many contract payments . They produced fake TDS tax remitted certificates and misappropriated tax revenue 38 lacs. HC ordered for recovery. Recovery was effected. FIR registered against the Co. But still present commissioner awarding contact to same Co. But no criminal action initiated against the commissioner. So many petition sent to higher officers. All are waste. Pl tell what's the procedure to get prosecution sanction against the commissioner sir( Vijayawada, Andhra Pradesh )","Sir I've mads omplaint n  filed a WP  in 2018 against an assistant Commr commercial tax for his alleged activities in filing complain against a trader. ie he has shown less crime of forgery docs instead of huge.  ie 150 nos instead of 8. and made favour the accused n weakened the FIR. By this trader evaded 45 lakhs VAT. Only department action taken on him. 

As expected FIR is now dropped  by police  since non coop of AC the complainant. In these three yrs AG audit sent report that he has committed 17 crores revenue loss in his service period.  

Can I  withdraw my earlier WP n file a fresh WP to  take criminal action as well as department action?  I'm the root cause for AG Audit report.( Salem, Tamil Nadu )","Shall i file objection in JMFC or approach to high court to quash police final report in 498a F.I.R ?
In 498a, 406 F.I.R last alleged incident of date 01.08.2020 after 2 year on 20.02.2022 F.I.R gets registered&nbsp;in different state&nbsp;till now police final report is not yet submitted , in term on evidence&nbsp;police will submit 2 -3 fake whatsup&nbsp;messges&nbsp;on year 2019.&nbsp;

IO told me he is going to submit charge sheet in few days.
The day IO submit final report in MM court ,&nbsp;shall i reach court and submit objection u/s 468(2)(c), now court is bared to take cognizance&nbsp;due to limitation act.also jurisdiction&nbsp;ground as per recent judgment of supreme court on dated 25.09.2024 KAILASHBEN MAHENDRABHAI PATEL c ?
shall i approach&nbsp;to delhi high court&nbsp; to quash on the judgment on A.Kaliyaperumal of madardh high court of 2024 on limitation groud&nbsp;?
can i go the delhi high to quash even after submission of final report in MM court( New Delhi, Delhi )","Dear Client,In this context, Standard Operating Procedure (SOP) for Investigation and Prosecution of victims of rape/sexual assault circulated by the Ministry of Home Affairs, Govt of India may be referred wherein it is stated that  1) The victim of such crime should be treated with honor and sensitivity.  The officer interacting with her (the victim) should be extremely courteous. No indecent questions should be put to the victim. Care should be taken to protect dignity and prevent embarrassing situations for the victim. The identity of the victim should not be made public and due care should be taken not to reveal her identity in print and electronic media. 2) A copy of the FIR shall be sent immediately within 24 hours to the Magistrate under Section 157, Cr.P.C. 3) Investigation of crime against women shall be conducted by a woman officer. There should be, at least, one lady officer on the investigating team. 4) As regards the recording of the statement of the victim under section 161, Cr.P.C, the victim should not be called to the police station. The statement of the victim should be recorded at the residence of the victim or in the place of her choice by a woman police officer in the presence of parents or guardians or a near relative or a social worker of the locality. 5) It shall be the duty of the investigating officer/SHO to inform the Judicial Magistrate for the recording of the statement of the person against whom such an offence has been committed, as soon as the commission of offence is brought to the notice of the police (as mandated under sub-section (5-A) of Section 164, Cr.P.C. A copy of the statement under Section 164, Cr.P.C. should be handed over to the investigating officer immediately with specific directions that the content of such statement under Section 164, Cr.P.C. should not be disclosed to any person till the charge sheet/report under Section 173, Cr.P.C. is filed. A copy of the report of the medical examination of the victim, if any, should be immediately handed over to the Magistrate who records Promptly the statement of the victim under section 164, Cr.P.C. In cases of a delay exceeding 24 hours in taking the victim to the Magistrate, the Investigating officer should record the reasons for the same in the case diary and hand over a copy of the same to the Magistrate. 6) Section 164(A),Cr.P.C. imposes an obligation on the part ofinvestigating officer to get the victim of rape medically examined within 24 hours from the time of receiving the information relating to the commission of such offense. The report of such medical examination should be immediately forwarded to the Magistrate by the I.O., who records the statement of the victim under section 164, Cr.P.C. The victim as well as the accused person should be sent for medical examination by the I.O. under a properly filled-in, medicalexamination sheet. The female victim shall be examined medically, only by a lady doctor or under her supervision. A Rape victim above 18 years of age can be examined only after obtaining her written consent. A copy of the report of such examination shall be furnished by the medical officer, or registered medical practitioner, as the case may be, to the victim or her parents/guardian. All offences against women shall be promptly investigated and charge sheets should be filed in the court of law within sixty days as per section 173 Cr.P.C. While briefing media about sex crimes, the identity of the victim should not be disclosed. Under no circumstances, should the victim be produced before the media. Authorized officers alone, should brief the media. Therefore, given the protocol or SPPs of the MHA, if any unethical issues are observed in the investigation by the police, you can file a complaint with the Chairperson, State Human Rights Commission or the State Police Complaint Authority, which are independent bodies empowered to investigate any complaints against police officials. If required, you can hire an Advocate to navigate the issues in the right way.","Under Section 164 of the Code of Criminal Procedure, 1973, a woman's statement in molestation cases should ideally be recorded by a Magistrate to ensure its authenticity and to minimize repeated appearances. The victim may need to appear during the initial police investigation and later at trial, but the law aims to reduce unnecessary trauma by limiting her appearances. The police and court should facilitate a victim-friendly environment, and any undue pressure or discouragement from the police can be challenged.

The victim's family can file a complaint with higher police authorities or approach the High Court if they believe the police are not conducting the investigation properly. It is advisable to ensure that the victim's statement is recorded promptly under Section 164 to protect her rights and interests.",0.0619,72.234,18.644,3.9559,16.4299,20.5111,3.2801,20.0199,4.4031,1.5684,1.0,27.1385,49.3219,48.9553,83.8938
125,"I am a lady and filed a dowry case which is genuine against my in laws family. They had demanded for dowry after marriage but have never fulfilled that and it turned out violent. The things given by my parents and family at the time of marriage were without any demand. In the draft I attached that list of all those things as 'dahej ka saamaan' . We had no idea of difference between dahej(dowry) and streedhan. The case is at final stage and again my husband has sent a legal notice through lawyer to my parents that why did they have given dowry when giving and taking dowry is a crime. And asked us to reply within 15 days otherwise they will file a case. What should I do in that case?( Jaipur, Rajasthan )",PC::Demand for Dowry and Torture Alleged → HKG::IEA_113B → PC::Abandonment After Marriage → HKG::BTC_150,PC::Demand for Dowry and Torture Alleged → HKG::IEA_113B → PC::Abandonment After Marriage → HKG::BTC_150 → HKG::leave → HKG::BTC → PC::Deceased Suffered Severe Burns → PC::Conviction Under Section 304B IPC Upheld,"Sir a present municipal commissioner registered a contract Co. in his office to participate in works contract. . an elected councillor is a major partner in the company The company took many contract payments . They produced fake TDS tax remitted certificates and misappropriated tax revenue 38 lacs. HC ordered for recovery. Recovery was effected. FIR registered against the Co. But still present commissioner awarding contact to same Co. But no criminal action initiated against the commissioner. So many petition sent to higher officers. All are waste. Pl tell what's the procedure to get prosecution sanction against the commissioner sir( Vijayawada, Andhra Pradesh )","Sir I've mads omplaint n  filed a WP  in 2018 against an assistant Commr commercial tax for his alleged activities in filing complain against a trader. ie he has shown less crime of forgery docs instead of huge.  ie 150 nos instead of 8. and made favour the accused n weakened the FIR. By this trader evaded 45 lakhs VAT. Only department action taken on him. 

As expected FIR is now dropped  by police  since non coop of AC the complainant. In these three yrs AG audit sent report that he has committed 17 crores revenue loss in his service period.  

Can I  withdraw my earlier WP n file a fresh WP to  take criminal action as well as department action?  I'm the root cause for AG Audit report.( Salem, Tamil Nadu )","I have filed a CR case in the JM court few months back after 200 and filling major evidence part as document. But unfortunately Justice ordered for police inquiry report instead of having sufficiently enough evidence... and meanwhile police biased enough to avoid the inquiry. Criminals are creating hell for me moving free and dates are passing by.

In this situation is there any SECTION under which I can file a petition in the court to consider for ""provided document evidence"" verification or judicial inquiry instead of meaningless police inquiry? Please help.","Dear Madam,Be informed that the Honâble Supreme Court kept at rest the question of giving dowry as a claim and such legal notice is illegal. Under forcible circumstances the parents of girl might have agreed to pay dowry and it is not an offence but taking dowry is an offence.","The legal issue here involves distinguishing between ""dowry"" and ""streedhan."" Under Section 498A of the Indian Penal Code (IPC) and the Dowry Prohibition Act, 1961, demanding dowry is a punishable offense. However, ""streedhan,"" which refers to gifts voluntarily given to the bride, is legally the property of the woman. 

In response to the legal notice, your parents should clarify that the items given were ""streedhan"" and not dowry, emphasizing that there was no demand involved. It is advisable to engage a lawyer to draft a detailed reply to the notice, highlighting the distinction and the legal implications of their dowry demands. Additionally, you may consider filing a counter-complaint under the Dowry Prohibition Act if there is evidence of dowry demands.",1.207,72.0764,18.644,3.9559,16.4299,20.5111,3.2801,20.0199,4.4031,1.5684,1.0,27.1385,49.3219,48.9553,83.8938
126,"I own a 200 sq yds plot at  Tigri village, GB Nagar, UP.  Mr.R has built a house and a bore well in front of the plot and locked the gate.( Amritsar, Punjab )",HKG::IDA_17B → HKG::EPF_12 → HKG::ESI_72 → HKG::ISM_12,HKG::IDA_17B → HKG::EPF_12 → HKG::ESI_72 → HKG::ISM_12 → HKG::ISM → HKG::Employees State Insurance Act 1948 → HKG::Industrial Disputes Act 1947 → HKG::Employees Provident Fund Act 1952,"Sir a present municipal commissioner registered a contract Co. in his office to participate in works contract. . an elected councillor is a major partner in the company The company took many contract payments . They produced fake TDS tax remitted certificates and misappropriated tax revenue 38 lacs. HC ordered for recovery. Recovery was effected. FIR registered against the Co. But still present commissioner awarding contact to same Co. But no criminal action initiated against the commissioner. So many petition sent to higher officers. All are waste. Pl tell what's the procedure to get prosecution sanction against the commissioner sir( Vijayawada, Andhra Pradesh )","Sir I've mads omplaint n  filed a WP  in 2018 against an assistant Commr commercial tax for his alleged activities in filing complain against a trader. ie he has shown less crime of forgery docs instead of huge.  ie 150 nos instead of 8. and made favour the accused n weakened the FIR. By this trader evaded 45 lakhs VAT. Only department action taken on him. 

As expected FIR is now dropped  by police  since non coop of AC the complainant. In these three yrs AG audit sent report that he has committed 17 crores revenue loss in his service period.  

Can I  withdraw my earlier WP n file a fresh WP to  take criminal action as well as department action?  I'm the root cause for AG Audit report.( Salem, Tamil Nadu )","Shall i file objection in JMFC or approach to high court to quash police final report in 498a F.I.R ?
In 498a, 406 F.I.R last alleged incident of date 01.08.2020 after 2 year on 20.02.2022 F.I.R gets registered&nbsp;in different state&nbsp;till now police final report is not yet submitted , in term on evidence&nbsp;police will submit 2 -3 fake whatsup&nbsp;messges&nbsp;on year 2019.&nbsp;

IO told me he is going to submit charge sheet in few days.
The day IO submit final report in MM court ,&nbsp;shall i reach court and submit objection u/s 468(2)(c), now court is bared to take cognizance&nbsp;due to limitation act.also jurisdiction&nbsp;ground as per recent judgment of supreme court on dated 25.09.2024 KAILASHBEN MAHENDRABHAI PATEL c ?
shall i approach&nbsp;to delhi high court&nbsp; to quash on the judgment on A.Kaliyaperumal of madardh high court of 2024 on limitation groud&nbsp;?
can i go the delhi high to quash even after submission of final report in MM court( New Delhi, Delhi )","Dear Client,As the encroachment of land has already taken place, you will have to start with a title suit so that you can establish the title of your property. Along with the title suit you are adviced to file a case for eviction from your land against Mr.R.The proceeding for the same can be very lengthy and complicated so it is adviced consult a lawyer with detailed facts of the case before initating any legal actions.Thank You","The primary legal issue is a property dispute involving encroachment and trespass. Under the Transfer of Property Act, 1882, and the Indian Penal Code, 1860, unauthorized construction on someone else's property can be challenged legally. You can file a civil suit for possession and mandatory injunction in the local civil court to remove the encroachment and regain access to your plot.

Additionally, you may file a police complaint under Section 441 of the IPC for criminal trespass. Gather evidence of ownership and the encroachment, such as property documents and photographs, to support your case.",2.0986,51.9669,18.644,3.9559,16.4299,20.5111,3.2801,20.0199,4.4031,1.5684,1.0,27.1385,49.3219,48.9553,83.8938
127,"The petitioner in High Court has filed an affidavit referring an Order in EP which was dismissed 7 years before and obtained favourable orders from High Court( Hyderabad, Telangana )",PC::Appellant Challenged Order in High Court → PC::Writ Petition Filed in High Court → PC::Appeal Arises from High Court Judgment → PC::Assessment Challenged in High Court,PC::Appellant Challenged Order in High Court → PC::Writ Petition Filed in High Court → PC::Appeal Arises from High Court Judgment → PC::Assessment Challenged in High Court → HKG::GST_58 → HKG::GST → PC::Writ Petitions Allowed by High Court → HKG::LIM_133,"Sir a present municipal commissioner registered a contract Co. in his office to participate in works contract. . an elected councillor is a major partner in the company The company took many contract payments . They produced fake TDS tax remitted certificates and misappropriated tax revenue 38 lacs. HC ordered for recovery. Recovery was effected. FIR registered against the Co. But still present commissioner awarding contact to same Co. But no criminal action initiated against the commissioner. So many petition sent to higher officers. All are waste. Pl tell what's the procedure to get prosecution sanction against the commissioner sir( Vijayawada, Andhra Pradesh )","Sir I've mads omplaint n  filed a WP  in 2018 against an assistant Commr commercial tax for his alleged activities in filing complain against a trader. ie he has shown less crime of forgery docs instead of huge.  ie 150 nos instead of 8. and made favour the accused n weakened the FIR. By this trader evaded 45 lakhs VAT. Only department action taken on him. 

As expected FIR is now dropped  by police  since non coop of AC the complainant. In these three yrs AG audit sent report that he has committed 17 crores revenue loss in his service period.  

Can I  withdraw my earlier WP n file a fresh WP to  take criminal action as well as department action?  I'm the root cause for AG Audit report.( Salem, Tamil Nadu )","Shall i file objection in JMFC or approach to high court to quash police final report in 498a F.I.R ?
In 498a, 406 F.I.R last alleged incident of date 01.08.2020 after 2 year on 20.02.2022 F.I.R gets registered&nbsp;in different state&nbsp;till now police final report is not yet submitted , in term on evidence&nbsp;police will submit 2 -3 fake whatsup&nbsp;messges&nbsp;on year 2019.&nbsp;

IO told me he is going to submit charge sheet in few days.
The day IO submit final report in MM court ,&nbsp;shall i reach court and submit objection u/s 468(2)(c), now court is bared to take cognizance&nbsp;due to limitation act.also jurisdiction&nbsp;ground as per recent judgment of supreme court on dated 25.09.2024 KAILASHBEN MAHENDRABHAI PATEL c ?
shall i approach&nbsp;to delhi high court&nbsp; to quash on the judgment on A.Kaliyaperumal of madardh high court of 2024 on limitation groud&nbsp;?
can i go the delhi high to quash even after submission of final report in MM court( New Delhi, Delhi )","Dear Client,The law governing affidavits in India is the Indian Evidence Act, 1872. Section 191 of the said Act states that any person who is legally bound by an oath or affirmation to state the truth of any matter and makes a false statement in his/her affidavit is guilty of the offense of perjury which carries with it the possibility of imprisonment of either description for a term which may extend to seven years and shall also be liable to fine. Further, Section 193 of the Indian Evidence Act, 1872 states that any person who makes a false statement in an affidavit or any other document, knowing it to be false, shall be punishable with imprisonment of either description for a term which may extend to three years, or with fine, or with both. Section 191 of the IPC deals with the filing of false evidence, while section 340 of the Cr. PC outlines the process for making a complaint for this offense. Perjury is defined as the filing of false evidence or a false affidavit before a court knowing that it is false.","The primary legal issue here is the potential misuse of a previously dismissed Execution Petition (EP) to obtain favorable orders from the High Court. Under the doctrine of res judicata, a matter that has been adjudicated by a competent court and has reached a final decision cannot be pursued further by the same parties. The petitioner may have committed a misrepresentation by not disclosing the dismissal of the EP.

The user can file a review petition in the High Court to challenge the order obtained through alleged misrepresentation, citing the doctrine of res judicata and the principle of full and frank disclosure. Additionally, the user can consider filing a contempt petition if the order was obtained by willfully misleading the court.",0.8225,35.8216,18.644,3.9559,16.4299,20.5111,3.2801,20.0199,4.4031,1.5684,1.0,27.1385,49.3219,48.9553,83.8938
128,"my husband retired from army without my singenture( Ganjam, Orissa )",HKG::PGA_7 → HKG::EPF_7D → HKG::ESI_55 → HKG::IRC_44,HKG::PGA_7 → HKG::EPF_7D → HKG::ESI_55 → HKG::IRC_44 → HKG::labour_court → HKG::gratuity → HKG::PROC_GRATUITY_CLAIM → HKG::Employees State Insurance Act 1948,"Sir a present municipal commissioner registered a contract Co. in his office to participate in works contract. . an elected councillor is a major partner in the company The company took many contract payments . They produced fake TDS tax remitted certificates and misappropriated tax revenue 38 lacs. HC ordered for recovery. Recovery was effected. FIR registered against the Co. But still present commissioner awarding contact to same Co. But no criminal action initiated against the commissioner. So many petition sent to higher officers. All are waste. Pl tell what's the procedure to get prosecution sanction against the commissioner sir( Vijayawada, Andhra Pradesh )","Sir I've mads omplaint n  filed a WP  in 2018 against an assistant Commr commercial tax for his alleged activities in filing complain against a trader. ie he has shown less crime of forgery docs instead of huge.  ie 150 nos instead of 8. and made favour the accused n weakened the FIR. By this trader evaded 45 lakhs VAT. Only department action taken on him. 

As expected FIR is now dropped  by police  since non coop of AC the complainant. In these three yrs AG audit sent report that he has committed 17 crores revenue loss in his service period.  

Can I  withdraw my earlier WP n file a fresh WP to  take criminal action as well as department action?  I'm the root cause for AG Audit report.( Salem, Tamil Nadu )","Shall i file objection in JMFC or approach to high court to quash police final report in 498a F.I.R ?
In 498a, 406 F.I.R last alleged incident of date 01.08.2020 after 2 year on 20.02.2022 F.I.R gets registered&nbsp;in different state&nbsp;till now police final report is not yet submitted , in term on evidence&nbsp;police will submit 2 -3 fake whatsup&nbsp;messges&nbsp;on year 2019.&nbsp;

IO told me he is going to submit charge sheet in few days.
The day IO submit final report in MM court ,&nbsp;shall i reach court and submit objection u/s 468(2)(c), now court is bared to take cognizance&nbsp;due to limitation act.also jurisdiction&nbsp;ground as per recent judgment of supreme court on dated 25.09.2024 KAILASHBEN MAHENDRABHAI PATEL c ?
shall i approach&nbsp;to delhi high court&nbsp; to quash on the judgment on A.Kaliyaperumal of madardh high court of 2024 on limitation groud&nbsp;?
can i go the delhi high to quash even after submission of final report in MM court( New Delhi, Delhi )","Dear Client,The process of retirement for defence personnel is primarily governed by the relevant service regulations and does not necessitate the spouse's consent for the personnel to retire. However, the spouse's details are required for family pension purposes, and the spouse can be a nominee for pension benefits.","In cases where a spouse retires from the army without the other spouse's consent or signature, the primary legal issue is whether any rights or entitlements, such as pension or gratuity, have been affected. Under the Hindu Marriage Act, 1955, a spouse has legal rights to maintenance and support, which can be pursued through family court if necessary. 

If there are concerns about financial entitlements or benefits that should be shared, the spouse can file a petition in the family court for maintenance or division of assets. Additionally, if there are any discrepancies or grievances related to military pensions or benefits, the spouse may approach the Armed Forces Tribunal for redressal. It is advisable to gather all relevant documents and evidence before proceeding with legal action.",2.0885,70.5537,18.644,3.9559,16.4299,20.5111,3.2801,20.0199,4.4031,1.5684,1.0,27.1385,49.3219,48.9553,83.8938
129,"Someone in my apartment wrote bad word on my wall.what action should I take?( Akola, Maharashtra )",HKG::GST_157 → PC::Conviction Found Bad in Law → PC::High Court Held Reversion Bad in Law → PC::Appellant Wrote Scurrilous Letter Under Mental Stress,HKG::GST_157 → PC::Conviction Found Bad in Law → PC::High Court Held Reversion Bad in Law → PC::Appellant Wrote Scurrilous Letter Under Mental Stress → HKG::GST → HKG::LIM_133 → HKG::leave → PC::Adverse Remarks on Performance Not Considered,"Sir a present municipal commissioner registered a contract Co. in his office to participate in works contract. . an elected councillor is a major partner in the company The company took many contract payments . They produced fake TDS tax remitted certificates and misappropriated tax revenue 38 lacs. HC ordered for recovery. Recovery was effected. FIR registered against the Co. But still present commissioner awarding contact to same Co. But no criminal action initiated against the commissioner. So many petition sent to higher officers. All are waste. Pl tell what's the procedure to get prosecution sanction against the commissioner sir( Vijayawada, Andhra Pradesh )","Sir I've mads omplaint n  filed a WP  in 2018 against an assistant Commr commercial tax for his alleged activities in filing complain against a trader. ie he has shown less crime of forgery docs instead of huge.  ie 150 nos instead of 8. and made favour the accused n weakened the FIR. By this trader evaded 45 lakhs VAT. Only department action taken on him. 

As expected FIR is now dropped  by police  since non coop of AC the complainant. In these three yrs AG audit sent report that he has committed 17 crores revenue loss in his service period.  

Can I  withdraw my earlier WP n file a fresh WP to  take criminal action as well as department action?  I'm the root cause for AG Audit report.( Salem, Tamil Nadu )","Shall i file objection in JMFC or approach to high court to quash police final report in 498a F.I.R ?
In 498a, 406 F.I.R last alleged incident of date 01.08.2020 after 2 year on 20.02.2022 F.I.R gets registered&nbsp;in different state&nbsp;till now police final report is not yet submitted , in term on evidence&nbsp;police will submit 2 -3 fake whatsup&nbsp;messges&nbsp;on year 2019.&nbsp;

IO told me he is going to submit charge sheet in few days.
The day IO submit final report in MM court ,&nbsp;shall i reach court and submit objection u/s 468(2)(c), now court is bared to take cognizance&nbsp;due to limitation act.also jurisdiction&nbsp;ground as per recent judgment of supreme court on dated 25.09.2024 KAILASHBEN MAHENDRABHAI PATEL c ?
shall i approach&nbsp;to delhi high court&nbsp; to quash on the judgment on A.Kaliyaperumal of madardh high court of 2024 on limitation groud&nbsp;?
can i go the delhi high to quash even after submission of final report in MM court( New Delhi, Delhi )",Your apartment association must have rules to ensure that these kinds of unwanted actions are penalized. If you have such rules then you can reprimand the person who has done this and ask for written apology for the same. If you wish to take stringent legal action then you will have to consult a lawyer on how to go about it as there is no direct law to take care of this.,"The act of writing offensive words on your wall constitutes mischief under Section 425 of the Indian Penal Code, which criminalizes acts that cause wrongful loss or damage to property. You can file a complaint with the local police station, providing evidence such as photographs of the damage and any potential witnesses. The police can investigate the matter and potentially charge the responsible party with mischief. Additionally, if the person is identified, you may pursue a civil claim for damages to recover the cost of cleaning or repairing the wall.",1.3031,47.7616,18.644,3.9559,16.4299,20.5111,3.2801,20.0199,4.4031,1.5684,1.0,27.1385,49.3219,48.9553,83.8938
130,"My friend is murdered by her husband by hanging her. Father of deceased registered fir against deceased husband. In the statement of the complainant he say that father, mother and uncle of deceased saw deceased women husband hanging her and tied his hand....
My question is that she was my friend and I talked to her 16 days ago. Is deceased women husband empled my name in case....or prove any illicit relationship with cdr....( Allahabad, Uttar Pradesh )",HKG::IDA_17B → HKG::EPF_12 → HKG::ESI_72 → HKG::ISM_12,HKG::IDA_17B → HKG::EPF_12 → HKG::ESI_72 → HKG::ISM_12 → HKG::ISM → HKG::Employees State Insurance Act 1948 → HKG::Industrial Disputes Act 1947 → HKG::wages,"Sir a present municipal commissioner registered a contract Co. in his office to participate in works contract. . an elected councillor is a major partner in the company The company took many contract payments . They produced fake TDS tax remitted certificates and misappropriated tax revenue 38 lacs. HC ordered for recovery. Recovery was effected. FIR registered against the Co. But still present commissioner awarding contact to same Co. But no criminal action initiated against the commissioner. So many petition sent to higher officers. All are waste. Pl tell what's the procedure to get prosecution sanction against the commissioner sir( Vijayawada, Andhra Pradesh )","Dear Sir, 

One of the nationalised bank lodged an FIR against me under IPC SEC 420 for cheating and fraud related to ATM transactions in the year 2015.

For your kind information, i and my two relatives made 50 + atm transactions using their two atm. And all the transactions was unsuccessful. After raising disputes, they reverse the amount for 30+ claims. But they refused to settle the claims for last few transactions and alleged me and my relatives that we falsely lodged complaints due to ATM malfunctions. The ATM machine is failed to provide valid journal log of the all these transactions and also not providing CCTV Footage.

I raised a complaint for two of the said unsettled transactions in banking ombudsman, RBI and RBI also made decisions in my favour and asked the bank to refund the amount due to lack of evidence and CCTV Footage. And bank also bound to refund the amount after the RBI Mumbai rejects their appeal.

I also submits a petition at the high court for quashing the FIR. But the concerned IO and public prosecutor urged the court that investigation is still pending and they need some time to complete the investigation. And for that reason, the high court dismissed my petition and ordered the concerned IO to start the investigation without further delay and complete the same as soon as possible. The said judgement was made almost two years ago.

So I cordially request you to look into the matter and give me some advice what can I do right now.

With regards,

S Dasgupta.( Guwahati, Assam )","Sir I've mads omplaint n  filed a WP  in 2018 against an assistant Commr commercial tax for his alleged activities in filing complain against a trader. ie he has shown less crime of forgery docs instead of huge.  ie 150 nos instead of 8. and made favour the accused n weakened the FIR. By this trader evaded 45 lakhs VAT. Only department action taken on him. 

As expected FIR is now dropped  by police  since non coop of AC the complainant. In these three yrs AG audit sent report that he has committed 17 crores revenue loss in his service period.  

Can I  withdraw my earlier WP n file a fresh WP to  take criminal action as well as department action?  I'm the root cause for AG Audit report.( Salem, Tamil Nadu )","Dear Client,Section 319 of Cr.PC  allows a trial court, in the course of inquiry or trial in a criminal case, to implead a person where it appears from the evidence that any person, not being the accused, has committed an offense for which such person could be tried together with the accused. Impleading a person as a necessary party is a person who ought to have joined as a party and in whose absence no effective decree could be passed at all by the court. If a necessary party is not impleaded, the suit itself is liable to be dismissed. Since it is difficult to have an eyewitness to prove an illicit relationship; it can be proved indirectly by showing evidence such as hotel bills or travel records. Also, their public display of affection or their letters, SMS's etc. can be used as evidence against the offending party. Call Details Records (CDRs) can be used as effective pieces of evidence to assist the court in ascertaining the facts of the particular case and inquiring about the commission of an offense, and according to the judicial pronouncements, it is made clear that CDRs can be used as supporting or secondary evidence in the criminal prosecution.","The primary legal issue is whether you can be implicated in the murder case of your friend based on the husband's potential claims or evidence like call detail records (CDR). Under Indian law, mere suspicion or CDR evidence without corroborative proof of involvement in the crime is insufficient for legal action against you. The prosecution must establish a direct link to the crime, which is unlikely based solely on past communication.

Legally, you cannot be implicated unless there is substantial evidence of your involvement in the crime. It is advisable to monitor the proceedings and be prepared to provide an alibi or evidence of your whereabouts if questioned. Consider consulting with a local attorney to ensure your rights are protected and to respond appropriately if contacted by law enforcement.",0.9001,43.5418,18.644,3.9559,16.4299,20.5111,3.2801,20.0199,4.4031,1.5684,1.0,27.1385,49.3219,48.9553,83.8938
131,"I am Hinduism and selling my property to Muslim religion.  On the besis of religion can they injunction on our land?.... Actually they are very cruel and they are repeatedly threatening us by using such a word(injunction)( Dhubri, Assam )",HKG::RPSR_1 → PC::Respondent Engaged in Manufacturing and Selling Filters → PC::Appellant Engaged in Business of Refining and Selling Petroleum Products → HKG::GST_81,HKG::RPSR_1 → PC::Respondent Engaged in Manufacturing and Selling Filters → PC::Appellant Engaged in Business of Refining and Selling Petroleum Products → HKG::GST_81 → HKG::GST → HKG::EPF_AT_4 → HKG::labour_court → HKG::RPSR,"Sir a present municipal commissioner registered a contract Co. in his office to participate in works contract. . an elected councillor is a major partner in the company The company took many contract payments . They produced fake TDS tax remitted certificates and misappropriated tax revenue 38 lacs. HC ordered for recovery. Recovery was effected. FIR registered against the Co. But still present commissioner awarding contact to same Co. But no criminal action initiated against the commissioner. So many petition sent to higher officers. All are waste. Pl tell what's the procedure to get prosecution sanction against the commissioner sir( Vijayawada, Andhra Pradesh )","Sir I've mads omplaint n  filed a WP  in 2018 against an assistant Commr commercial tax for his alleged activities in filing complain against a trader. ie he has shown less crime of forgery docs instead of huge.  ie 150 nos instead of 8. and made favour the accused n weakened the FIR. By this trader evaded 45 lakhs VAT. Only department action taken on him. 

As expected FIR is now dropped  by police  since non coop of AC the complainant. In these three yrs AG audit sent report that he has committed 17 crores revenue loss in his service period.  

Can I  withdraw my earlier WP n file a fresh WP to  take criminal action as well as department action?  I'm the root cause for AG Audit report.( Salem, Tamil Nadu )","Shall i file objection in JMFC or approach to high court to quash police final report in 498a F.I.R ?
In 498a, 406 F.I.R last alleged incident of date 01.08.2020 after 2 year on 20.02.2022 F.I.R gets registered&nbsp;in different state&nbsp;till now police final report is not yet submitted , in term on evidence&nbsp;police will submit 2 -3 fake whatsup&nbsp;messges&nbsp;on year 2019.&nbsp;

IO told me he is going to submit charge sheet in few days.
The day IO submit final report in MM court ,&nbsp;shall i reach court and submit objection u/s 468(2)(c), now court is bared to take cognizance&nbsp;due to limitation act.also jurisdiction&nbsp;ground as per recent judgment of supreme court on dated 25.09.2024 KAILASHBEN MAHENDRABHAI PATEL c ?
shall i approach&nbsp;to delhi high court&nbsp; to quash on the judgment on A.Kaliyaperumal of madardh high court of 2024 on limitation groud&nbsp;?
can i go the delhi high to quash even after submission of final report in MM court( New Delhi, Delhi )","Dear Client,No, they cannot file an injunction on your land on the basis of religion. In India, property transactions are generally governed by civil laws, and the right to buy or sell property is not usually restricted based on religion. Therefore, no one can prevent you from selling your property to a person of a different religion. If they are threatening you, you can file a police complaint against them.","In India, property transactions are governed by the Transfer of Property Act, 1882, and there is no legal basis to prevent a sale based solely on the buyer's religion. An injunction to stop the sale on religious grounds would not be legally sustainable. However, if the threats persist, it may constitute criminal intimidation under Section 503 of the Indian Penal Code.

You can proceed with the sale unless there are specific legal restrictions on the property itself, such as those imposed by local laws or zoning regulations. If threatened, file a police complaint for criminal intimidation. Consider consulting a local lawyer to ensure all legal documentation for the sale is in order and to address any specific legal concerns.",8.4327,83.8534,18.644,3.9559,16.4299,20.5111,3.2801,20.0199,4.4031,1.5684,1.0,27.1385,49.3219,48.9553,83.8938
132,"I am skin doctor. My assistant and technician together have cheated lakhs of rupees from my patients for the last 3 years in my clinic. We got to know only after they absconded taking salary last month. Wen asked , they have admitted their cheating  but they say they have spent all that money robbed in my clinic. What should be next step. Please guide.( Bangalore, Karnataka )",HKG::PGA_4 → HKG::PGA_7 → HKG::CCS_ME_3 → HKG::MEPS_17,HKG::PGA_4 → HKG::PGA_7 → HKG::CCS_ME_3 → HKG::MEPS_17 → HKG::MEPS → HKG::gratuity → HKG::PROC_GRATUITY_CLAIM → HKG::labour_court,"Sir a present municipal commissioner registered a contract Co. in his office to participate in works contract. . an elected councillor is a major partner in the company The company took many contract payments . They produced fake TDS tax remitted certificates and misappropriated tax revenue 38 lacs. HC ordered for recovery. Recovery was effected. FIR registered against the Co. But still present commissioner awarding contact to same Co. But no criminal action initiated against the commissioner. So many petition sent to higher officers. All are waste. Pl tell what's the procedure to get prosecution sanction against the commissioner sir( Vijayawada, Andhra Pradesh )","Sir I've mads omplaint n  filed a WP  in 2018 against an assistant Commr commercial tax for his alleged activities in filing complain against a trader. ie he has shown less crime of forgery docs instead of huge.  ie 150 nos instead of 8. and made favour the accused n weakened the FIR. By this trader evaded 45 lakhs VAT. Only department action taken on him. 

As expected FIR is now dropped  by police  since non coop of AC the complainant. In these three yrs AG audit sent report that he has committed 17 crores revenue loss in his service period.  

Can I  withdraw my earlier WP n file a fresh WP to  take criminal action as well as department action?  I'm the root cause for AG Audit report.( Salem, Tamil Nadu )","Dear Sir, 

One of the nationalised bank lodged an FIR against me under IPC SEC 420 for cheating and fraud related to ATM transactions in the year 2015.

For your kind information, i and my two relatives made 50 + atm transactions using their two atm. And all the transactions was unsuccessful. After raising disputes, they reverse the amount for 30+ claims. But they refused to settle the claims for last few transactions and alleged me and my relatives that we falsely lodged complaints due to ATM malfunctions. The ATM machine is failed to provide valid journal log of the all these transactions and also not providing CCTV Footage.

I raised a complaint for two of the said unsettled transactions in banking ombudsman, RBI and RBI also made decisions in my favour and asked the bank to refund the amount due to lack of evidence and CCTV Footage. And bank also bound to refund the amount after the RBI Mumbai rejects their appeal.

I also submits a petition at the high court for quashing the FIR. But the concerned IO and public prosecutor urged the court that investigation is still pending and they need some time to complete the investigation. And for that reason, the high court dismissed my petition and ordered the concerned IO to start the investigation without further delay and complete the same as soon as possible. The said judgement was made almost two years ago.

So I cordially request you to look into the matter and give me some advice what can I do right now.

With regards,

S Dasgupta.( Guwahati, Assam )","Dear Client,As per the facts mentioned, you should lodge a police complaint for cheating and fraud under IPC against them.","The primary legal issue is criminal breach of trust and cheating under Sections 406 and 420 of the Indian Penal Code. You can file a First Information Report (FIR) with the local police station against your assistant and technician for these offenses. Ensure you gather all available evidence, such as financial records and any written admissions of guilt, to support your case. Legally, you cannot recover the money directly from them if they claim to have spent it, but a criminal conviction could lead to restitution as part of sentencing. Additionally, consider initiating civil proceedings to recover the misappropriated funds.",1.0218,48.2232,18.644,3.9559,16.4299,20.5111,3.2801,20.0199,4.4031,1.5684,1.0,27.1385,49.3219,48.9553,83.8938
133,"I had a small substance abuse case registered and disposed off in 2019. Will it affect me applying for a student visa?( Mumbai, Maharashtra )",HKG::ICA_73 → HKG::ICA_74 → HKG::SRA_14 → HKG::SRA_16,HKG::ICA_73 → HKG::ICA_74 → HKG::SRA_14 → HKG::SRA_16 → HKG::employment_bond → HKG::PROC_EMPLOYMENT_BOND → HKG::Indian Contract Act 1872 → HKG::Specific Relief Act 1963,"Sir a present municipal commissioner registered a contract Co. in his office to participate in works contract. . an elected councillor is a major partner in the company The company took many contract payments . They produced fake TDS tax remitted certificates and misappropriated tax revenue 38 lacs. HC ordered for recovery. Recovery was effected. FIR registered against the Co. But still present commissioner awarding contact to same Co. But no criminal action initiated against the commissioner. So many petition sent to higher officers. All are waste. Pl tell what's the procedure to get prosecution sanction against the commissioner sir( Vijayawada, Andhra Pradesh )","Sir I've mads omplaint n  filed a WP  in 2018 against an assistant Commr commercial tax for his alleged activities in filing complain against a trader. ie he has shown less crime of forgery docs instead of huge.  ie 150 nos instead of 8. and made favour the accused n weakened the FIR. By this trader evaded 45 lakhs VAT. Only department action taken on him. 

As expected FIR is now dropped  by police  since non coop of AC the complainant. In these three yrs AG audit sent report that he has committed 17 crores revenue loss in his service period.  

Can I  withdraw my earlier WP n file a fresh WP to  take criminal action as well as department action?  I'm the root cause for AG Audit report.( Salem, Tamil Nadu )","Shall i file objection in JMFC or approach to high court to quash police final report in 498a F.I.R ?
In 498a, 406 F.I.R last alleged incident of date 01.08.2020 after 2 year on 20.02.2022 F.I.R gets registered&nbsp;in different state&nbsp;till now police final report is not yet submitted , in term on evidence&nbsp;police will submit 2 -3 fake whatsup&nbsp;messges&nbsp;on year 2019.&nbsp;

IO told me he is going to submit charge sheet in few days.
The day IO submit final report in MM court ,&nbsp;shall i reach court and submit objection u/s 468(2)(c), now court is bared to take cognizance&nbsp;due to limitation act.also jurisdiction&nbsp;ground as per recent judgment of supreme court on dated 25.09.2024 KAILASHBEN MAHENDRABHAI PATEL c ?
shall i approach&nbsp;to delhi high court&nbsp; to quash on the judgment on A.Kaliyaperumal of madardh high court of 2024 on limitation groud&nbsp;?
can i go the delhi high to quash even after submission of final report in MM court( New Delhi, Delhi )","if the matter is disposed off. then no need to worry, as currently no case is running against you. Make sure you avoid such use of substance in future.If you realize my professional skills, the time & efforts put in by me needs to be truly appreciated, and then Please âCLICK MY LIKES/ THUMBS UP/GIFTâ button shown below this reply format & also CLICK/ WRITE a âREVIEWâ in 5 star as I have answered your query in detail. We can help you in getting done the same & Complete Legal Documentation works. Hope this information is usefulADV. ANISH PALKAR (High Court)","A past substance abuse case can potentially affect a student visa application, as visa authorities often consider an applicant's criminal history. Under Section 10 of the Indian Passport Act, 1967, a passport can be denied if the applicant has been convicted of an offense involving moral turpitude. However, minor offenses or those that have been expunged may not necessarily result in a visa denial, depending on the policies of the country to which you are applying.

To mitigate potential issues, obtain certified copies of the court disposition showing the case outcome and any rehabilitation efforts. Consult the specific visa requirements of the country you are applying to, and consider seeking legal advice to understand how your record might impact your application.",1.3689,42.7357,18.644,3.9559,16.4299,20.5111,3.2801,20.0199,4.4031,1.5684,1.0,27.1385,49.3219,48.9553,83.8938
134,"My niece who is a minor aged 17 has eloped with a boy without the consent of the girl's father.how I complain about it.( Dhanbad, Jharkhand )",HKG::PGA_4 → HKG::PGA_7 → HKG::CCS_ME_3 → HKG::MEPS_17,HKG::PGA_4 → HKG::PGA_7 → HKG::CCS_ME_3 → HKG::MEPS_17 → HKG::provident_fund → HKG::PROC_GRATUITY_CLAIM → HKG::MEPS → HKG::labour_court,"Sir a present municipal commissioner registered a contract Co. in his office to participate in works contract. . an elected councillor is a major partner in the company The company took many contract payments . They produced fake TDS tax remitted certificates and misappropriated tax revenue 38 lacs. HC ordered for recovery. Recovery was effected. FIR registered against the Co. But still present commissioner awarding contact to same Co. But no criminal action initiated against the commissioner. So many petition sent to higher officers. All are waste. Pl tell what's the procedure to get prosecution sanction against the commissioner sir( Vijayawada, Andhra Pradesh )","Sir I've mads omplaint n  filed a WP  in 2018 against an assistant Commr commercial tax for his alleged activities in filing complain against a trader. ie he has shown less crime of forgery docs instead of huge.  ie 150 nos instead of 8. and made favour the accused n weakened the FIR. By this trader evaded 45 lakhs VAT. Only department action taken on him. 

As expected FIR is now dropped  by police  since non coop of AC the complainant. In these three yrs AG audit sent report that he has committed 17 crores revenue loss in his service period.  

Can I  withdraw my earlier WP n file a fresh WP to  take criminal action as well as department action?  I'm the root cause for AG Audit report.( Salem, Tamil Nadu )","Shall i file objection in JMFC or approach to high court to quash police final report in 498a F.I.R ?
In 498a, 406 F.I.R last alleged incident of date 01.08.2020 after 2 year on 20.02.2022 F.I.R gets registered&nbsp;in different state&nbsp;till now police final report is not yet submitted , in term on evidence&nbsp;police will submit 2 -3 fake whatsup&nbsp;messges&nbsp;on year 2019.&nbsp;

IO told me he is going to submit charge sheet in few days.
The day IO submit final report in MM court ,&nbsp;shall i reach court and submit objection u/s 468(2)(c), now court is bared to take cognizance&nbsp;due to limitation act.also jurisdiction&nbsp;ground as per recent judgment of supreme court on dated 25.09.2024 KAILASHBEN MAHENDRABHAI PATEL c ?
shall i approach&nbsp;to delhi high court&nbsp; to quash on the judgment on A.Kaliyaperumal of madardh high court of 2024 on limitation groud&nbsp;?
can i go the delhi high to quash even after submission of final report in MM court( New Delhi, Delhi )","Dear Sir,You just walk-in into the nearest police station and lodge a complaint either missing or kidnap. It is a very serious offence and immediately the girl may be restored to her parents.","The elopement of a minor can be addressed under Section 361 of the Indian Penal Code, which deals with the kidnapping of minors from lawful guardianship. Since your niece is 17, she is still considered a minor under Indian law. You can file a First Information Report (FIR) at the local police station, alleging kidnapping or abduction if you believe the boy has taken her without lawful consent. The police will then investigate the matter, and if necessary, take appropriate legal action. It is important to provide any evidence or information that supports your claim to assist the police in their investigation.",1.9976,64.9525,18.644,3.9559,16.4299,20.5111,3.2801,20.0199,4.4031,1.5684,1.0,27.1385,49.3219,48.9553,83.8938
135,"In a contested circumstantial evidence case (U/s 302, 394, 411 IPC) can voice recording done by mobile phone be accepted as a prosecution evidence by the court when the original mobile on which the recording was done is missing and the recording was produced directly in court after 2 years of starting of the case. No one mentioned in the voice recording was examined by the court or any forensics were done. The voice recording as transcript and it's certificate U/s 65B was given by daughter of the deceased.( Kanpur, Uttar Pradesh )",HKG::EC_RULES_23 → HKG::LIM_100 → PC::Prosecution Relied on Circumstantial Evidence → PC::Circumstantial Evidence Established,HKG::EC_RULES_23 → HKG::LIM_100 → PC::Prosecution Relied on Circumstantial Evidence → PC::Circumstantial Evidence Established → HKG::LIM_104 → HKG::LIM → HKG::EC_RULES → HKG::LIM_74,"Sir a present municipal commissioner registered a contract Co. in his office to participate in works contract. . an elected councillor is a major partner in the company The company took many contract payments . They produced fake TDS tax remitted certificates and misappropriated tax revenue 38 lacs. HC ordered for recovery. Recovery was effected. FIR registered against the Co. But still present commissioner awarding contact to same Co. But no criminal action initiated against the commissioner. So many petition sent to higher officers. All are waste. Pl tell what's the procedure to get prosecution sanction against the commissioner sir( Vijayawada, Andhra Pradesh )","Sir I've mads omplaint n  filed a WP  in 2018 against an assistant Commr commercial tax for his alleged activities in filing complain against a trader. ie he has shown less crime of forgery docs instead of huge.  ie 150 nos instead of 8. and made favour the accused n weakened the FIR. By this trader evaded 45 lakhs VAT. Only department action taken on him. 

As expected FIR is now dropped  by police  since non coop of AC the complainant. In these three yrs AG audit sent report that he has committed 17 crores revenue loss in his service period.  

Can I  withdraw my earlier WP n file a fresh WP to  take criminal action as well as department action?  I'm the root cause for AG Audit report.( Salem, Tamil Nadu )","Shall i file objection in JMFC or approach to high court to quash police final report in 498a F.I.R ?
In 498a, 406 F.I.R last alleged incident of date 01.08.2020 after 2 year on 20.02.2022 F.I.R gets registered&nbsp;in different state&nbsp;till now police final report is not yet submitted , in term on evidence&nbsp;police will submit 2 -3 fake whatsup&nbsp;messges&nbsp;on year 2019.&nbsp;

IO told me he is going to submit charge sheet in few days.
The day IO submit final report in MM court ,&nbsp;shall i reach court and submit objection u/s 468(2)(c), now court is bared to take cognizance&nbsp;due to limitation act.also jurisdiction&nbsp;ground as per recent judgment of supreme court on dated 25.09.2024 KAILASHBEN MAHENDRABHAI PATEL c ?
shall i approach&nbsp;to delhi high court&nbsp; to quash on the judgment on A.Kaliyaperumal of madardh high court of 2024 on limitation groud&nbsp;?
can i go the delhi high to quash even after submission of final report in MM court( New Delhi, Delhi )","Dear Client,Hope this reply answers your query. Under some circumstances, a voice recording taken on a mobile phone may be admitted as evidence in court. Under Section 65 of the Indian Evidence Act, the recording would be regarded as secondary evidence because the original phone is missing. Both the legitimacy of the recording and an explanation for the loss of the original equipment must be provided by the party.A certificate certifying that the recording is an authentic copy from a trustworthy source is required by Section 65B for electronic evidence. The court may dismiss the evidence in the absence of this certificate. Furthermore, the two-year gap between recording and production could lead to suspicions of manipulation. The court will evaluate the chain of custody and the reasons behind the delay.","The admissibility of the voice recording as evidence hinges on compliance with Section 65B of the Indian Evidence Act, which governs the admissibility of electronic records. Without the original device, the prosecution must establish the integrity and authenticity of the recording through a valid 65B certificate. However, the absence of forensic examination and the failure to examine individuals mentioned in the recording weaken its evidentiary value.

The user can challenge the admissibility of the recording by arguing that the requirements under Section 65B have not been met and that the recording lacks authenticity and reliability. A concrete next step would be to file a motion before the trial court to exclude the recording from evidence based on these grounds. If the trial court admits the recording, the user can consider appealing the decision on admissibility grounds.",9.5477,77.3632,18.644,3.9559,16.4299,20.5111,3.2801,20.0199,4.4031,1.5684,1.0,27.1385,49.3219,48.9553,83.8938
136,"I was adopted by my aunt and her husband when I was a year old . My uncle passed away 10 years ago . Since the adoption happened between the family, my aunt uses black magic to separate me from my biological parents with whom I started to be very close to after my aunt was arrested 9 years ago right after my uncle's passing. I have proof with me where I found my name along with my parents name on a piece of paper and a few symbols drawn on top of it and tied to a neem tree along with another proof where I managed to click photos of my aunt's nails in one piece of paper and ashes with remains of her nails in another piece of paper which she mixes in the food I eat. How do I fight for my life from the woman harasses me and practices witchcraft on me?( Kolkata, West Bengal )",HKG::IEA_69 → PC::Sentence Enhanced from 10 Years to Life → PC::Revision Application Disposed Along with Appeal → HKG::CCS_ME,HKG::IEA_69 → PC::Sentence Enhanced from 10 Years to Life → PC::Revision Application Disposed Along with Appeal → HKG::CCS_ME → HKG::EC_RULES_3 → HKG::EC_RULES → HKG::LIM_122 → HKG::LIM,"Sir a present municipal commissioner registered a contract Co. in his office to participate in works contract. . an elected councillor is a major partner in the company The company took many contract payments . They produced fake TDS tax remitted certificates and misappropriated tax revenue 38 lacs. HC ordered for recovery. Recovery was effected. FIR registered against the Co. But still present commissioner awarding contact to same Co. But no criminal action initiated against the commissioner. So many petition sent to higher officers. All are waste. Pl tell what's the procedure to get prosecution sanction against the commissioner sir( Vijayawada, Andhra Pradesh )","Sir I've mads omplaint n  filed a WP  in 2018 against an assistant Commr commercial tax for his alleged activities in filing complain against a trader. ie he has shown less crime of forgery docs instead of huge.  ie 150 nos instead of 8. and made favour the accused n weakened the FIR. By this trader evaded 45 lakhs VAT. Only department action taken on him. 

As expected FIR is now dropped  by police  since non coop of AC the complainant. In these three yrs AG audit sent report that he has committed 17 crores revenue loss in his service period.  

Can I  withdraw my earlier WP n file a fresh WP to  take criminal action as well as department action?  I'm the root cause for AG Audit report.( Salem, Tamil Nadu )","Shall i file objection in JMFC or approach to high court to quash police final report in 498a F.I.R ?
In 498a, 406 F.I.R last alleged incident of date 01.08.2020 after 2 year on 20.02.2022 F.I.R gets registered&nbsp;in different state&nbsp;till now police final report is not yet submitted , in term on evidence&nbsp;police will submit 2 -3 fake whatsup&nbsp;messges&nbsp;on year 2019.&nbsp;

IO told me he is going to submit charge sheet in few days.
The day IO submit final report in MM court ,&nbsp;shall i reach court and submit objection u/s 468(2)(c), now court is bared to take cognizance&nbsp;due to limitation act.also jurisdiction&nbsp;ground as per recent judgment of supreme court on dated 25.09.2024 KAILASHBEN MAHENDRABHAI PATEL c ?
shall i approach&nbsp;to delhi high court&nbsp; to quash on the judgment on A.Kaliyaperumal of madardh high court of 2024 on limitation groud&nbsp;?
can i go the delhi high to quash even after submission of final report in MM court( New Delhi, Delhi )","Dear ClientFirstly, you should consider contacting the police and reporting the harassment and the use of black magic against you. This is a serious offense, and the police can take appropriate action against your aunt.Additionally, it may be helpful to seek the support of a therapist or counselor to help you cope with the emotional impact of this situation. A therapist can also help you develop strategies to deal with your aunt's harassment and protect yourself from further harm.You may also want to consider seeking legal help to gain protection orders against your aunt, or even seek an order of protection from the court, which can legally restrict her from contacting you or coming near you.In the meantime, it's important to be vigilant about what you eat and where you stay. Make sure to only eat food that you prepare yourself or that comes from a trusted source. It may also be helpful to stay with someone you trust, who can provide you with emotional support and protect you from your aunt.Remember that you have the right to protect yourself and seek help from others. Don't hesitate to reach out to authorities, legal professionals, or other support resources to help you get through this difficult time.Thank You","In India, practicing black magic or witchcraft with the intent to harm is a criminal offense under various state laws, such as the West Bengal Prevention of Witch-Hunting Act, 2017. You can file a complaint with the local police station, providing all evidence you have gathered against your aunt. Additionally, harassment and attempts to cause harm can be addressed under the Indian Penal Code sections related to criminal intimidation and causing hurt. You may also seek a restraining order from the court to prevent further harassment. Consulting with a local attorney can assist in navigating the specific procedures for filing these complaints.",3.9074,71.2149,18.644,3.9559,16.4299,20.5111,3.2801,20.0199,4.4031,1.5684,1.0,27.1385,49.3219,48.9553,83.8938
137,"My wife filed case against me and my family members in protection of women against domestic violence act in section 12,18,19,20,22,23. What is this case about? Should I have to appear in court? What steps should I have to take now?( Hooghly, West Bengal )",HKG::PGA_7 → HKG::EPF_7D → HKG::ESI_55 → HKG::IRC_44,HKG::PGA_7 → HKG::EPF_7D → HKG::ESI_55 → HKG::IRC_44 → HKG::labour_court → HKG::Employees State Insurance Act 1948 → HKG::PROC_GRATUITY_CLAIM → HKG::Payment of Gratuity Act 1972,"Sir a present municipal commissioner registered a contract Co. in his office to participate in works contract. . an elected councillor is a major partner in the company The company took many contract payments . They produced fake TDS tax remitted certificates and misappropriated tax revenue 38 lacs. HC ordered for recovery. Recovery was effected. FIR registered against the Co. But still present commissioner awarding contact to same Co. But no criminal action initiated against the commissioner. So many petition sent to higher officers. All are waste. Pl tell what's the procedure to get prosecution sanction against the commissioner sir( Vijayawada, Andhra Pradesh )","Sir I've mads omplaint n  filed a WP  in 2018 against an assistant Commr commercial tax for his alleged activities in filing complain against a trader. ie he has shown less crime of forgery docs instead of huge.  ie 150 nos instead of 8. and made favour the accused n weakened the FIR. By this trader evaded 45 lakhs VAT. Only department action taken on him. 

As expected FIR is now dropped  by police  since non coop of AC the complainant. In these three yrs AG audit sent report that he has committed 17 crores revenue loss in his service period.  

Can I  withdraw my earlier WP n file a fresh WP to  take criminal action as well as department action?  I'm the root cause for AG Audit report.( Salem, Tamil Nadu )","Shall i file objection in JMFC or approach to high court to quash police final report in 498a F.I.R ?
In 498a, 406 F.I.R last alleged incident of date 01.08.2020 after 2 year on 20.02.2022 F.I.R gets registered&nbsp;in different state&nbsp;till now police final report is not yet submitted , in term on evidence&nbsp;police will submit 2 -3 fake whatsup&nbsp;messges&nbsp;on year 2019.&nbsp;

IO told me he is going to submit charge sheet in few days.
The day IO submit final report in MM court ,&nbsp;shall i reach court and submit objection u/s 468(2)(c), now court is bared to take cognizance&nbsp;due to limitation act.also jurisdiction&nbsp;ground as per recent judgment of supreme court on dated 25.09.2024 KAILASHBEN MAHENDRABHAI PATEL c ?
shall i approach&nbsp;to delhi high court&nbsp; to quash on the judgment on A.Kaliyaperumal of madardh high court of 2024 on limitation groud&nbsp;?
can i go the delhi high to quash even after submission of final report in MM court( New Delhi, Delhi )","Dear ClientThe case is about to seek monetary relief for the loss or damage caused due to domestic violence., compensation to be paid to the woman for any injuries or harm caused as a result of domestic violence., to seek temporary or permanent custody of any children that may be involved in the case. You have to attend the court proceedings as per the schedule mentioned in the notice. Please consult a lawyer who specializes in family law.","The case filed under the Protection of Women from Domestic Violence Act, 2005, specifically under Sections 12, 18, 19, 20, 22, and 23, involves allegations of domestic violence and seeks various reliefs such as protection orders, residence orders, monetary relief, compensation, and interim orders. It is crucial to appear in court to contest these allegations, as failure to do so may result in ex parte orders against you and your family. 

Legally, you can challenge the allegations by presenting evidence and witnesses in your defense. Consult with a lawyer to prepare your response and gather any evidence that contradicts the claims made by your wife. Requesting mediation or counseling through the court may also be a strategic step if reconciliation is a possibility.",2.3558,64.8867,18.644,3.9559,16.4299,20.5111,3.2801,20.0199,4.4031,1.5684,1.0,27.1385,49.3219,48.9553,83.8938
138,"My relative was Trapped by ACB Red handed by demanding and accepting bribe amount of 5000/- in 2011, as stated by the charge sheet7and13(1)(d),13(2)(yet trials not started), but on the day of incident the acb forced the accused and man handled everything which was audio recorded by the accused son who is witness in the charge sheet, can they file quash petion in HC under 482crpc will that be standing as a base? Audio recording is the only evidence they have to prove them not guilty( Hyderabad, Telangana )",PC::Charge-Sheet Filed Against Accused → PC::Accused Found Not Guilty → PC::Charge-Sheet Filed by Police → PC::Magistrate Summoned Accused Not in Charge-Sheet,PC::Charge-Sheet Filed Against Accused → PC::Accused Found Not Guilty → PC::Charge-Sheet Filed by Police → PC::Magistrate Summoned Accused Not in Charge-Sheet → PC::Session Court Lacks Power to Summon Additional Accused → PC::High Court Monitoring Process Ended → HKG::LIM_133 → HKG::leave,"Sir a present municipal commissioner registered a contract Co. in his office to participate in works contract. . an elected councillor is a major partner in the company The company took many contract payments . They produced fake TDS tax remitted certificates and misappropriated tax revenue 38 lacs. HC ordered for recovery. Recovery was effected. FIR registered against the Co. But still present commissioner awarding contact to same Co. But no criminal action initiated against the commissioner. So many petition sent to higher officers. All are waste. Pl tell what's the procedure to get prosecution sanction against the commissioner sir( Vijayawada, Andhra Pradesh )","Sir I've mads omplaint n  filed a WP  in 2018 against an assistant Commr commercial tax for his alleged activities in filing complain against a trader. ie he has shown less crime of forgery docs instead of huge.  ie 150 nos instead of 8. and made favour the accused n weakened the FIR. By this trader evaded 45 lakhs VAT. Only department action taken on him. 

As expected FIR is now dropped  by police  since non coop of AC the complainant. In these three yrs AG audit sent report that he has committed 17 crores revenue loss in his service period.  

Can I  withdraw my earlier WP n file a fresh WP to  take criminal action as well as department action?  I'm the root cause for AG Audit report.( Salem, Tamil Nadu )","Shall i file objection in JMFC or approach to high court to quash police final report in 498a F.I.R ?
In 498a, 406 F.I.R last alleged incident of date 01.08.2020 after 2 year on 20.02.2022 F.I.R gets registered&nbsp;in different state&nbsp;till now police final report is not yet submitted , in term on evidence&nbsp;police will submit 2 -3 fake whatsup&nbsp;messges&nbsp;on year 2019.&nbsp;

IO told me he is going to submit charge sheet in few days.
The day IO submit final report in MM court ,&nbsp;shall i reach court and submit objection u/s 468(2)(c), now court is bared to take cognizance&nbsp;due to limitation act.also jurisdiction&nbsp;ground as per recent judgment of supreme court on dated 25.09.2024 KAILASHBEN MAHENDRABHAI PATEL c ?
shall i approach&nbsp;to delhi high court&nbsp; to quash on the judgment on A.Kaliyaperumal of madardh high court of 2024 on limitation groud&nbsp;?
can i go the delhi high to quash even after submission of final report in MM court( New Delhi, Delhi )","Dear ClientA quash petition can be filed under Section 482 of the CrPC to challenge charges against the accused. The success of such a petition depends on various factors, including the evidence available. If an audio recording of the incident is available, it may be used as evidence to support the quash petition.Please seek an expert legal advice over this matter.","Under Section 482 of the Cr. PC, the High Court has the inherent power to quash proceedings if it is convinced that the proceedings are an abuse of the court's process or if there is no prima facie case against the accused. In your relative's case, the audio recording can be used as evidence to argue that the Anti-Corruption Bureau (ACB) acted improperly, potentially supporting a claim of entrapment or coercion. However, the High Court will only quash the proceedings if it finds the evidence compelling enough to demonstrate that the charge is baseless or malicious.

The next steps would be to file a petition under Section 482 Cr. PC in the High Court, presenting the audio recording as evidence. It is crucial to articulate clearly how this evidence undermines the prosecution's case and supports the claim of improper conduct by the ACB.",7.7615,58.142,18.644,3.9559,16.4299,20.5111,3.2801,20.0199,4.4031,1.5684,1.0,27.1385,49.3219,48.9553,83.8938
139,"Is there in possibility of auto withdrawal of case?  I haven't got info about my case since last three months. I don't opted for lawyer.( Kolkata, West Bengal )",HKG::PGA_7 → HKG::EPF_7D → HKG::ESI_55 → HKG::IRC_44,HKG::PGA_7 → HKG::EPF_7D → HKG::ESI_55 → HKG::IRC_44 → HKG::labour_court → HKG::Employees State Insurance Act 1948 → HKG::PROC_GRATUITY_CLAIM → HKG::gratuity,"Sir a present municipal commissioner registered a contract Co. in his office to participate in works contract. . an elected councillor is a major partner in the company The company took many contract payments . They produced fake TDS tax remitted certificates and misappropriated tax revenue 38 lacs. HC ordered for recovery. Recovery was effected. FIR registered against the Co. But still present commissioner awarding contact to same Co. But no criminal action initiated against the commissioner. So many petition sent to higher officers. All are waste. Pl tell what's the procedure to get prosecution sanction against the commissioner sir( Vijayawada, Andhra Pradesh )","Sir I've mads omplaint n  filed a WP  in 2018 against an assistant Commr commercial tax for his alleged activities in filing complain against a trader. ie he has shown less crime of forgery docs instead of huge.  ie 150 nos instead of 8. and made favour the accused n weakened the FIR. By this trader evaded 45 lakhs VAT. Only department action taken on him. 

As expected FIR is now dropped  by police  since non coop of AC the complainant. In these three yrs AG audit sent report that he has committed 17 crores revenue loss in his service period.  

Can I  withdraw my earlier WP n file a fresh WP to  take criminal action as well as department action?  I'm the root cause for AG Audit report.( Salem, Tamil Nadu )","Shall i file objection in JMFC or approach to high court to quash police final report in 498a F.I.R ?
In 498a, 406 F.I.R last alleged incident of date 01.08.2020 after 2 year on 20.02.2022 F.I.R gets registered&nbsp;in different state&nbsp;till now police final report is not yet submitted , in term on evidence&nbsp;police will submit 2 -3 fake whatsup&nbsp;messges&nbsp;on year 2019.&nbsp;

IO told me he is going to submit charge sheet in few days.
The day IO submit final report in MM court ,&nbsp;shall i reach court and submit objection u/s 468(2)(c), now court is bared to take cognizance&nbsp;due to limitation act.also jurisdiction&nbsp;ground as per recent judgment of supreme court on dated 25.09.2024 KAILASHBEN MAHENDRABHAI PATEL c ?
shall i approach&nbsp;to delhi high court&nbsp; to quash on the judgment on A.Kaliyaperumal of madardh high court of 2024 on limitation groud&nbsp;?
can i go the delhi high to quash even after submission of final report in MM court( New Delhi, Delhi )",If you want to withdraw a case you need to file an application for the same. Thanks,"A case will not automatically withdraw itself; it requires a formal process for withdrawal or dismissal. In criminal cases, the prosecution or the complainant must file an application to withdraw the case under Section 321 of the Criminal Procedure Code (CrPC), which requires the court's permission. If you have not opted for a lawyer and are unaware of your case status, you should check with the court registry or the police station where the FIR was filed to get updates on your case.

Next steps include visiting the court where your case is pending to inquire about the current status or consulting with a legal professional to assist you in determining the appropriate course of action.",1.8477,74.3501,18.644,3.9559,16.4299,20.5111,3.2801,20.0199,4.4031,1.5684,1.0,27.1385,49.3219,48.9553,83.8938
140,"Sir, me Hindu mera land Muslim ke pass sale kar raha hu  iske Karan 50-60 neighbours humare Ghar me ake mera absence pe mera mammi ke upar bohot Dara dhamka ke gaya. Aur mera mammi case diya  direct court pe lagvag 2 mahine pahele,crpc section 144/107 ke adhar par. To Mera question hai ki kya kya mera mammi ya fir mujhe court se bulawa ayega. Agar ayega to mujhe kya karna padega( Dhubri, Assam )","PC::Section 144-B of the Income Tax Act, 1961 → HKG::CCS_ME → PC::Section 107(2) of CPC → PC::Article 144 of the Constitution","PC::Section 144-B of the Income Tax Act, 1961 → HKG::CCS_ME → PC::Section 107(2) of CPC → PC::Article 144 of the Constitution → HKG::FIN_A_29 → HKG::FIN_A → HKG::PGA_4 → HKG::PROC_GRATUITY_CLAIM","Sir a present municipal commissioner registered a contract Co. in his office to participate in works contract. . an elected councillor is a major partner in the company The company took many contract payments . They produced fake TDS tax remitted certificates and misappropriated tax revenue 38 lacs. HC ordered for recovery. Recovery was effected. FIR registered against the Co. But still present commissioner awarding contact to same Co. But no criminal action initiated against the commissioner. So many petition sent to higher officers. All are waste. Pl tell what's the procedure to get prosecution sanction against the commissioner sir( Vijayawada, Andhra Pradesh )","Sir I've mads omplaint n  filed a WP  in 2018 against an assistant Commr commercial tax for his alleged activities in filing complain against a trader. ie he has shown less crime of forgery docs instead of huge.  ie 150 nos instead of 8. and made favour the accused n weakened the FIR. By this trader evaded 45 lakhs VAT. Only department action taken on him. 

As expected FIR is now dropped  by police  since non coop of AC the complainant. In these three yrs AG audit sent report that he has committed 17 crores revenue loss in his service period.  

Can I  withdraw my earlier WP n file a fresh WP to  take criminal action as well as department action?  I'm the root cause for AG Audit report.( Salem, Tamil Nadu )","Shall i file objection in JMFC or approach to high court to quash police final report in 498a F.I.R ?
In 498a, 406 F.I.R last alleged incident of date 01.08.2020 after 2 year on 20.02.2022 F.I.R gets registered&nbsp;in different state&nbsp;till now police final report is not yet submitted , in term on evidence&nbsp;police will submit 2 -3 fake whatsup&nbsp;messges&nbsp;on year 2019.&nbsp;

IO told me he is going to submit charge sheet in few days.
The day IO submit final report in MM court ,&nbsp;shall i reach court and submit objection u/s 468(2)(c), now court is bared to take cognizance&nbsp;due to limitation act.also jurisdiction&nbsp;ground as per recent judgment of supreme court on dated 25.09.2024 KAILASHBEN MAHENDRABHAI PATEL c ?
shall i approach&nbsp;to delhi high court&nbsp; to quash on the judgment on A.Kaliyaperumal of madardh high court of 2024 on limitation groud&nbsp;?
can i go the delhi high to quash even after submission of final report in MM court( New Delhi, Delhi )",Dear sirYou may go to session court and get stay or set aside order against 144/107 of crpc. You may file permanent injuction suit.,"Under Sections 144 and 107 of the CrPC, the court can issue orders to prevent potential disturbances or breaches of peace. If your mother has filed a case under these sections, it is likely related to preventing further harassment or threats from the neighbors. You and your mother may receive a summons from the court to appear and provide evidence or testimony regarding the threats and harassment.

If summoned, attend the court on the specified date and present any evidence or witnesses that support your case. It may be beneficial to consult with a local attorney to ensure that your rights are protected and to help navigate the legal proceedings effectively.",1.1201,58.392,18.644,3.9559,16.4299,20.5111,3.2801,20.0199,4.4031,1.5684,1.0,27.1385,49.3219,48.9553,83.8938
141,"My girlfriend is house arrested from past 5 month's she is 19 years old . She called me to take her from her home she is so strong to come out. What can i do please help me( Hyderabad, Telangana )",PC::High Court Dismissed Appeal After 19 Years → HKG::IEA_90 → HKG::GST_154 → HKG::CCS_ME,PC::High Court Dismissed Appeal After 19 Years → HKG::IEA_90 → HKG::GST_154 → HKG::CCS_ME → HKG::GST → HKG::LIM_133 → HKG::leave → PC::Appellants Denied Compensation Benefit Due to Stay,"Sir a present municipal commissioner registered a contract Co. in his office to participate in works contract. . an elected councillor is a major partner in the company The company took many contract payments . They produced fake TDS tax remitted certificates and misappropriated tax revenue 38 lacs. HC ordered for recovery. Recovery was effected. FIR registered against the Co. But still present commissioner awarding contact to same Co. But no criminal action initiated against the commissioner. So many petition sent to higher officers. All are waste. Pl tell what's the procedure to get prosecution sanction against the commissioner sir( Vijayawada, Andhra Pradesh )","Sir I've mads omplaint n  filed a WP  in 2018 against an assistant Commr commercial tax for his alleged activities in filing complain against a trader. ie he has shown less crime of forgery docs instead of huge.  ie 150 nos instead of 8. and made favour the accused n weakened the FIR. By this trader evaded 45 lakhs VAT. Only department action taken on him. 

As expected FIR is now dropped  by police  since non coop of AC the complainant. In these three yrs AG audit sent report that he has committed 17 crores revenue loss in his service period.  

Can I  withdraw my earlier WP n file a fresh WP to  take criminal action as well as department action?  I'm the root cause for AG Audit report.( Salem, Tamil Nadu )","Shall i file objection in JMFC or approach to high court to quash police final report in 498a F.I.R ?
In 498a, 406 F.I.R last alleged incident of date 01.08.2020 after 2 year on 20.02.2022 F.I.R gets registered&nbsp;in different state&nbsp;till now police final report is not yet submitted , in term on evidence&nbsp;police will submit 2 -3 fake whatsup&nbsp;messges&nbsp;on year 2019.&nbsp;

IO told me he is going to submit charge sheet in few days.
The day IO submit final report in MM court ,&nbsp;shall i reach court and submit objection u/s 468(2)(c), now court is bared to take cognizance&nbsp;due to limitation act.also jurisdiction&nbsp;ground as per recent judgment of supreme court on dated 25.09.2024 KAILASHBEN MAHENDRABHAI PATEL c ?
shall i approach&nbsp;to delhi high court&nbsp; to quash on the judgment on A.Kaliyaperumal of madardh high court of 2024 on limitation groud&nbsp;?
can i go the delhi high to quash even after submission of final report in MM court( New Delhi, Delhi )","Dear Sir,You have to file a Writ Petition called Habeas Corpus in High Court. You must be sure that when she produced before the High Court she must say that she will marry you.","Under Indian law, unlawful confinement is a criminal offense under Section 340 of the Indian Penal Code (IPC), which defines wrongful confinement as restraining a person in such a manner as to prevent them from proceeding beyond certain circumscribing limits. Since your girlfriend is 19 years old, she is legally an adult and has the right to leave her home if she chooses. You should advise her to contact the local police and report her situation, as they can intervene to ensure her freedom. Additionally, she can file a writ of habeas corpus in the High Court to challenge her unlawful confinement and seek immediate release.",1.9917,44.2423,18.644,3.9559,16.4299,20.5111,3.2801,20.0199,4.4031,1.5684,1.0,27.1385,49.3219,48.9553,83.8938
142,"Hi Sir,

In my case Tasildhar office has lost original  Unnatural Death Report (UDR report) and Police officers have lost the original FIR report,is it suggest able to proceed with certified copies or do we have any other process to proceed further.

Please suggest

Thank you( Bangalore, Karnataka )",PC::Permission Granted to Proceed with Suit → PC::Trial Court to Proceed with Remaining Accused → PC::Trial Court Directed to Proceed Expeditiously → PC::Prosecution for Other Offences Allowed to Proceed,PC::Permission Granted to Proceed with Suit → PC::Trial Court to Proceed with Remaining Accused → PC::Trial Court Directed to Proceed Expeditiously → PC::Prosecution for Other Offences Allowed to Proceed → HKG::MTW_32 → HKG::MTW → PC::Section 22(1) of the Sick Industrial Companies Act → HKG::FIN_A_89,"Sir a present municipal commissioner registered a contract Co. in his office to participate in works contract. . an elected councillor is a major partner in the company The company took many contract payments . They produced fake TDS tax remitted certificates and misappropriated tax revenue 38 lacs. HC ordered for recovery. Recovery was effected. FIR registered against the Co. But still present commissioner awarding contact to same Co. But no criminal action initiated against the commissioner. So many petition sent to higher officers. All are waste. Pl tell what's the procedure to get prosecution sanction against the commissioner sir( Vijayawada, Andhra Pradesh )","Sir I've mads omplaint n  filed a WP  in 2018 against an assistant Commr commercial tax for his alleged activities in filing complain against a trader. ie he has shown less crime of forgery docs instead of huge.  ie 150 nos instead of 8. and made favour the accused n weakened the FIR. By this trader evaded 45 lakhs VAT. Only department action taken on him. 

As expected FIR is now dropped  by police  since non coop of AC the complainant. In these three yrs AG audit sent report that he has committed 17 crores revenue loss in his service period.  

Can I  withdraw my earlier WP n file a fresh WP to  take criminal action as well as department action?  I'm the root cause for AG Audit report.( Salem, Tamil Nadu )","Shall i file objection in JMFC or approach to high court to quash police final report in 498a F.I.R ?
In 498a, 406 F.I.R last alleged incident of date 01.08.2020 after 2 year on 20.02.2022 F.I.R gets registered&nbsp;in different state&nbsp;till now police final report is not yet submitted , in term on evidence&nbsp;police will submit 2 -3 fake whatsup&nbsp;messges&nbsp;on year 2019.&nbsp;

IO told me he is going to submit charge sheet in few days.
The day IO submit final report in MM court ,&nbsp;shall i reach court and submit objection u/s 468(2)(c), now court is bared to take cognizance&nbsp;due to limitation act.also jurisdiction&nbsp;ground as per recent judgment of supreme court on dated 25.09.2024 KAILASHBEN MAHENDRABHAI PATEL c ?
shall i approach&nbsp;to delhi high court&nbsp; to quash on the judgment on A.Kaliyaperumal of madardh high court of 2024 on limitation groud&nbsp;?
can i go the delhi high to quash even after submission of final report in MM court( New Delhi, Delhi )","Dear client,There is some confusion here. FIR cannot be lost. It is not a lose document but a part of a register. If your complaint is lost, the remedy is to write another complaint, take it personally to the police station and insist on getting a receipt and registering it as an FIR if it constitutes a cognizable offence. You are entitled to get a copy of this . If there is a problem send a copy of this to the SP/ DCP by registered post.","Certified copies of lost documents such as the Unnatural Death Report (UDR) and FIR can be used in legal proceedings as secondary evidence under Section 65 of the Indian Evidence Act, 1872. These copies are admissible when the original documents are unavailable due to loss or destruction. Ensure that the certified copies are obtained from the respective authorities maintaining the records.

Next steps include: 
1. Obtain certified copies of the UDR and FIR from the relevant authorities.
2. File an application before the court explaining the loss of original documents and submit the certified copies as evidence.",0.727,58.9906,18.644,3.9559,16.4299,20.5111,3.2801,20.0199,4.4031,1.5684,1.0,27.1385,49.3219,48.9553,83.8938
143,"Sir gali galauz ke wajah se mere bhai ko mere padosh wale maar diye aur usko brain hemorrhage ho gya h aur wo log ulta me hmare taraf se mar pit ka ek application likh kr thana me de diye h jisase hmara case ekdm kamjod ho gya hai( Siwan, Bihar )",HKG::CCS_ME → PC::Tribunal Found Four Firms as Mere Shadows → PC::Inter Se Seniority Dispute → PC::Inter Se Seniority Not Determined,HKG::CCS_ME → PC::Tribunal Found Four Firms as Mere Shadows → PC::Inter Se Seniority Dispute → PC::Inter Se Seniority Not Determined → PC::Eligibility Based on Service Rules → PC::M s. Agarcon Considered Related Person → PC::Appellant Used Device to Depress Assessable Value → HKG::RPSR_27,"Sir a present municipal commissioner registered a contract Co. in his office to participate in works contract. . an elected councillor is a major partner in the company The company took many contract payments . They produced fake TDS tax remitted certificates and misappropriated tax revenue 38 lacs. HC ordered for recovery. Recovery was effected. FIR registered against the Co. But still present commissioner awarding contact to same Co. But no criminal action initiated against the commissioner. So many petition sent to higher officers. All are waste. Pl tell what's the procedure to get prosecution sanction against the commissioner sir( Vijayawada, Andhra Pradesh )","Sir I've mads omplaint n  filed a WP  in 2018 against an assistant Commr commercial tax for his alleged activities in filing complain against a trader. ie he has shown less crime of forgery docs instead of huge.  ie 150 nos instead of 8. and made favour the accused n weakened the FIR. By this trader evaded 45 lakhs VAT. Only department action taken on him. 

As expected FIR is now dropped  by police  since non coop of AC the complainant. In these three yrs AG audit sent report that he has committed 17 crores revenue loss in his service period.  

Can I  withdraw my earlier WP n file a fresh WP to  take criminal action as well as department action?  I'm the root cause for AG Audit report.( Salem, Tamil Nadu )","Shall i file objection in JMFC or approach to high court to quash police final report in 498a F.I.R ?
In 498a, 406 F.I.R last alleged incident of date 01.08.2020 after 2 year on 20.02.2022 F.I.R gets registered&nbsp;in different state&nbsp;till now police final report is not yet submitted , in term on evidence&nbsp;police will submit 2 -3 fake whatsup&nbsp;messges&nbsp;on year 2019.&nbsp;

IO told me he is going to submit charge sheet in few days.
The day IO submit final report in MM court ,&nbsp;shall i reach court and submit objection u/s 468(2)(c), now court is bared to take cognizance&nbsp;due to limitation act.also jurisdiction&nbsp;ground as per recent judgment of supreme court on dated 25.09.2024 KAILASHBEN MAHENDRABHAI PATEL c ?
shall i approach&nbsp;to delhi high court&nbsp; to quash on the judgment on A.Kaliyaperumal of madardh high court of 2024 on limitation groud&nbsp;?
can i go the delhi high to quash even after submission of final report in MM court( New Delhi, Delhi )","Case ko strong banatee haai, magar aapne nahi bataya haai ki aap kuansee State aur City maai rehatee hoo. Hum court see order nikalengee aur case strong ho jayegaa  brain hemorrhage ho gya haai toh samnewale ko nuksaan harjannaa dena padegaa.If you realize my professional skills, the time & efforts put in by me needs to be truly appreciated, and then Please âCLICK MY LIKES/ THUMBS UP/GIFTâ button shown below this reply format & also CLICK/ WRITE a âREVIEWâ in 5 star as I have answered your query in detail. Hope this information is usefulADV. ANISH PALKAR (High Court)","The primary legal issue is the assault on your brother resulting in serious injury, which may constitute an offense under Section 307 of the Indian Penal Code (IPC) for attempt to murder or Section 325 IPC for causing grievous hurt. Simultaneously, a cross-complaint has been filed against your side, which complicates the matter. Legally, you can file a First Information Report (FIR) against the neighbors for the assault, emphasizing the severity of the injury (brain hemorrhage) as evidence of the attack's gravity.

Next steps include collecting medical reports and eyewitness testimonies to strengthen your case. Additionally, consult with a local criminal lawyer to potentially file a counter-complaint to address the false allegations made by the neighbors.",0.9793,30.22,18.644,3.9559,16.4299,20.5111,3.2801,20.0199,4.4031,1.5684,1.0,27.1385,49.3219,48.9553,83.8938
144,"Arrest in NBW. Can a person be arrested in any part of India if traced in city where he is holidaying. What's the procedure how we inform police about this person as wanted and NBW is issued in his name( Mumbai City, Maharashtra )",PC::Pending Proceedings in City Civil Court → PC::Respondent Arrested in Connection with FIR → HKG::FIN_A_98 → HKG::FIN_A_12,PC::Pending Proceedings in City Civil Court → PC::Respondent Arrested in Connection with FIR → HKG::FIN_A_98 → HKG::FIN_A_12 → HKG::FIN_A → HKG::EPF_AT_25 → HKG::leave → HKG::labour_court,"Sir a present municipal commissioner registered a contract Co. in his office to participate in works contract. . an elected councillor is a major partner in the company The company took many contract payments . They produced fake TDS tax remitted certificates and misappropriated tax revenue 38 lacs. HC ordered for recovery. Recovery was effected. FIR registered against the Co. But still present commissioner awarding contact to same Co. But no criminal action initiated against the commissioner. So many petition sent to higher officers. All are waste. Pl tell what's the procedure to get prosecution sanction against the commissioner sir( Vijayawada, Andhra Pradesh )","Sir I've mads omplaint n  filed a WP  in 2018 against an assistant Commr commercial tax for his alleged activities in filing complain against a trader. ie he has shown less crime of forgery docs instead of huge.  ie 150 nos instead of 8. and made favour the accused n weakened the FIR. By this trader evaded 45 lakhs VAT. Only department action taken on him. 

As expected FIR is now dropped  by police  since non coop of AC the complainant. In these three yrs AG audit sent report that he has committed 17 crores revenue loss in his service period.  

Can I  withdraw my earlier WP n file a fresh WP to  take criminal action as well as department action?  I'm the root cause for AG Audit report.( Salem, Tamil Nadu )","Shall i file objection in JMFC or approach to high court to quash police final report in 498a F.I.R ?
In 498a, 406 F.I.R last alleged incident of date 01.08.2020 after 2 year on 20.02.2022 F.I.R gets registered&nbsp;in different state&nbsp;till now police final report is not yet submitted , in term on evidence&nbsp;police will submit 2 -3 fake whatsup&nbsp;messges&nbsp;on year 2019.&nbsp;

IO told me he is going to submit charge sheet in few days.
The day IO submit final report in MM court ,&nbsp;shall i reach court and submit objection u/s 468(2)(c), now court is bared to take cognizance&nbsp;due to limitation act.also jurisdiction&nbsp;ground as per recent judgment of supreme court on dated 25.09.2024 KAILASHBEN MAHENDRABHAI PATEL c ?
shall i approach&nbsp;to delhi high court&nbsp; to quash on the judgment on A.Kaliyaperumal of madardh high court of 2024 on limitation groud&nbsp;?
can i go the delhi high to quash even after submission of final report in MM court( New Delhi, Delhi )","Dear Sir,Under warrant (NBW) police have long hands to arrest such person anywhere in India. You may inform the Police or Accompany the police to trace out that person and immediately arrest him.","A Non-Bailable Warrant (NBW) allows law enforcement to arrest the individual named in the warrant anywhere in India. Under Section 70 of the Code of Criminal Procedure (CrPC), a warrant issued by any court may be executed at any place in India. To inform the police about the wanted person, you should provide details of the NBW to the local police station where the individual is located. 

The police can then verify the warrant and proceed with the arrest. It is advisable to contact the police station that issued the NBW to coordinate with the local police for the execution of the warrant.",4.3549,85.7751,18.644,3.9559,16.4299,20.5111,3.2801,20.0199,4.4031,1.5684,1.0,27.1385,49.3219,48.9553,83.8938
145,"I given amount to Sunil Kumar by card for his car diesel and also through Google pay and also he taken mobile loan in my name and he promised he will pay loan amount every month for mobile loan and later he escaped with mobile neither he didn't my money and also he didn't pay mobile loan but he taken mobile on July 31st I traced his house but he harrested me in public.. some public person took me to hospital doctor given some medicine after then to escape from this incident Sunil taken fever tablet and I hospitalized him and I spent money for him evening Sunil wife came to hospital. Her name Sudha he black mailed me Sunil got kidney problem I should spend money if any thing happened him u r the responsible...but with out informing me they shifted hospital later on Sudha said she will give money she will pay for mobile loan she will responsible but later All number got switched off and home also shifted later I traced New house I gone on 25aug evening Sudha hold my hair and she pulled me inside They closed All window door and main door They brutally beaten me in instrument and I got nervous and I got wound in my wrist and they damaged my mobile and they used abuse words and actions and bad behaviour.Before IAM going to police station they went to police station they given complaint against me..I Black mailed them... they didn't damaged my mobile ..next day NCR complaint has raised from my end.Police said they will call next day but next day We went they are two damaged mobile one is me and one is Sunil took your mobile so I opened both the cover I saw my mobile full pieces mobile is there And police saying I damaged Sunil mobile also ...I don't know how because I never ever touch his mobile ... police saying come on next month 10th how careless police handling...Plz give information how to file fir against four persons.. what are the section against them...( Bangalore, Karnataka )",PC::Police Personnel Took Court Officers to Police Station → PC::Respondent Took Appellant to Hospital → PC::Employer Took Employee to Hospital → HKG::BTC_311,PC::Police Personnel Took Court Officers to Police Station → PC::Respondent Took Appellant to Hospital → PC::Employer Took Employee to Hospital → HKG::BTC_311 → HKG::BTC → PC::Claim of Employment by Appellant → HKG::MTW_40 → HKG::overtime,"Sir a present municipal commissioner registered a contract Co. in his office to participate in works contract. . an elected councillor is a major partner in the company The company took many contract payments . They produced fake TDS tax remitted certificates and misappropriated tax revenue 38 lacs. HC ordered for recovery. Recovery was effected. FIR registered against the Co. But still present commissioner awarding contact to same Co. But no criminal action initiated against the commissioner. So many petition sent to higher officers. All are waste. Pl tell what's the procedure to get prosecution sanction against the commissioner sir( Vijayawada, Andhra Pradesh )","Sir I've mads omplaint n  filed a WP  in 2018 against an assistant Commr commercial tax for his alleged activities in filing complain against a trader. ie he has shown less crime of forgery docs instead of huge.  ie 150 nos instead of 8. and made favour the accused n weakened the FIR. By this trader evaded 45 lakhs VAT. Only department action taken on him. 

As expected FIR is now dropped  by police  since non coop of AC the complainant. In these three yrs AG audit sent report that he has committed 17 crores revenue loss in his service period.  

Can I  withdraw my earlier WP n file a fresh WP to  take criminal action as well as department action?  I'm the root cause for AG Audit report.( Salem, Tamil Nadu )","Shall i file objection in JMFC or approach to high court to quash police final report in 498a F.I.R ?
In 498a, 406 F.I.R last alleged incident of date 01.08.2020 after 2 year on 20.02.2022 F.I.R gets registered&nbsp;in different state&nbsp;till now police final report is not yet submitted , in term on evidence&nbsp;police will submit 2 -3 fake whatsup&nbsp;messges&nbsp;on year 2019.&nbsp;

IO told me he is going to submit charge sheet in few days.
The day IO submit final report in MM court ,&nbsp;shall i reach court and submit objection u/s 468(2)(c), now court is bared to take cognizance&nbsp;due to limitation act.also jurisdiction&nbsp;ground as per recent judgment of supreme court on dated 25.09.2024 KAILASHBEN MAHENDRABHAI PATEL c ?
shall i approach&nbsp;to delhi high court&nbsp; to quash on the judgment on A.Kaliyaperumal of madardh high court of 2024 on limitation groud&nbsp;?
can i go the delhi high to quash even after submission of final report in MM court( New Delhi, Delhi )",You will need to file case against them immediately to the private complaint in court with the help of the local lawyer,"The primary legal issue here is assault and criminal intimidation, potentially under Sections 323 (voluntarily causing hurt), 506 (criminal intimidation), and 427 (mischief causing damage) of the Indian Penal Code (IPC). To file an FIR against Sunil Kumar, Sudha, and others involved, approach the local police station with a written complaint detailing the incidents, including the assault, threats, and property damage. If the police refuse to register the FIR, you can escalate the matter by filing a complaint under Section 156(3) of the CrPC before a Magistrate, requesting an order for the police to investigate. Additionally, gather any evidence such as medical reports, transaction records, and witness statements to support your claims.",0.9232,50.1654,18.644,3.9559,16.4299,20.5111,3.2801,20.0199,4.4031,1.5684,1.0,27.1385,49.3219,48.9553,83.8938
146,"On 31st jan 2023 I being a public servant was severely physically assaulted by an person the police didnot lodged f.i.r. against him instead filed non fir prosecution report under 323 and 506 ipc in which the accused pleaded guilty and sentenced to pay fine after that he applied for sc certificate and filed a false fir on the same incident under sc st act please provide legal solutions( Kolkata, West Bengal )",PC::Accused Pleaded Guilty and Claimed Trial → PC::Rule 8 2 of the Orissa Caste Certificate for SC ST Rules → PC::FIR Lodged Against Appellant → PC::Accused Convicted and Sentenced to Life Imprisonment,PC::Accused Pleaded Guilty and Claimed Trial → PC::Rule 8 2 of the Orissa Caste Certificate for SC ST Rules → PC::FIR Lodged Against Appellant → PC::Accused Convicted and Sentenced to Life Imprisonment → PC::Section 504 IPC → PC::Transfer of Criminal Proceedings Sought → HKG::FIN_A_15J → HKG::labour_court,"Sir a present municipal commissioner registered a contract Co. in his office to participate in works contract. . an elected councillor is a major partner in the company The company took many contract payments . They produced fake TDS tax remitted certificates and misappropriated tax revenue 38 lacs. HC ordered for recovery. Recovery was effected. FIR registered against the Co. But still present commissioner awarding contact to same Co. But no criminal action initiated against the commissioner. So many petition sent to higher officers. All are waste. Pl tell what's the procedure to get prosecution sanction against the commissioner sir( Vijayawada, Andhra Pradesh )","Sir I've mads omplaint n  filed a WP  in 2018 against an assistant Commr commercial tax for his alleged activities in filing complain against a trader. ie he has shown less crime of forgery docs instead of huge.  ie 150 nos instead of 8. and made favour the accused n weakened the FIR. By this trader evaded 45 lakhs VAT. Only department action taken on him. 

As expected FIR is now dropped  by police  since non coop of AC the complainant. In these three yrs AG audit sent report that he has committed 17 crores revenue loss in his service period.  

Can I  withdraw my earlier WP n file a fresh WP to  take criminal action as well as department action?  I'm the root cause for AG Audit report.( Salem, Tamil Nadu )","Shall i file objection in JMFC or approach to high court to quash police final report in 498a F.I.R ?
In 498a, 406 F.I.R last alleged incident of date 01.08.2020 after 2 year on 20.02.2022 F.I.R gets registered&nbsp;in different state&nbsp;till now police final report is not yet submitted , in term on evidence&nbsp;police will submit 2 -3 fake whatsup&nbsp;messges&nbsp;on year 2019.&nbsp;

IO told me he is going to submit charge sheet in few days.
The day IO submit final report in MM court ,&nbsp;shall i reach court and submit objection u/s 468(2)(c), now court is bared to take cognizance&nbsp;due to limitation act.also jurisdiction&nbsp;ground as per recent judgment of supreme court on dated 25.09.2024 KAILASHBEN MAHENDRABHAI PATEL c ?
shall i approach&nbsp;to delhi high court&nbsp; to quash on the judgment on A.Kaliyaperumal of madardh high court of 2024 on limitation groud&nbsp;?
can i go the delhi high to quash even after submission of final report in MM court( New Delhi, Delhi )","Dear Client,You can file a petition before the High Court to quash the false FIR filed under the SC/ST Act. The grounds for quashing can be lack of prima facie evidence, malafide intent, and the fact that the FIR was lodged after the accused pleaded guilty in the previous case. If the police did not lodge an FIR against the accused in the first instance, you can approach higher authorities, like the Superintendent of Police or the State Human Rights Commission, to lodge a complaint against the police for negligence or malafide actions. You can also file a writ petition in the High Court, directing the police to take appropriate action. If the non-FIR prosecution was insufficient and the accused deserved more severe punishment, you can appeal the decision or file a revision petition in a higher court to challenge the leniency of the sentence. We hope that our response is helpful to you.","The primary legal issue is the filing of a false FIR under the SC/ST Act after the accused was already fined under Sections 323 and 506 IPC. Under Section 482 of the CrPC, you can approach the High Court to quash the false FIR if it lacks merit or was filed with malicious intent. Additionally, you may file a complaint against the police for not lodging the FIR initially and instead opting for a non-FIR prosecution report. 

Next steps: File a petition under Section 482 CrPC in the High Court to quash the false FIR. Simultaneously, consider filing a complaint with the police oversight body or a higher authority regarding the initial handling of your case.",15.822,81.5677,18.644,3.9559,16.4299,20.5111,3.2801,20.0199,4.4031,1.5684,1.0,27.1385,49.3219,48.9553,83.8938
147,"Actually a psychopath (AsPD) is continuously fabricating firs against me and my family and my witnesses. In this process he involves local police station on basis of corruption. Even though I have placed cctvs all around yet police invariably supports him. Police neglects all independent witnesses and cctv recordings and other vediographies.
He has fabricated 6 firs against me and my family and my witnesses. Going higher police officers paid least, but during 2019 and 2020 a higher police officer on visualising videos and hearing to independent witnesses stopped 2 firs and orally directed police station to only proceed if complainant provides independent witness. In all firs against us witnesses are from family members of psychopath.
As higher ips officer was posted here police station was not processing 2 pending firs due to lack of independent witness.
Recently said ips officer was transferred and said psychopath manipulated police on basis of corruption and they start harassing me again. Before I could have managed any help from higher ups, police raided my house and forcibly entered and arrested me. Now I am on bail. Even a non practising high court advocate have been fixed in one fir as he was eyewitness to a one fir against said psychopath.
My problem by now is that in these two pending firs police have fixed my children (other than one all being minor).
In recent Neet result my elder daughter got selected for MBBS and my 2nd daughter is one among toppers in CA foundation. Fixing my daughters in fabricated firs has put me in constant stress.
If you can help please advice.
During past 5 years only 1 challan has entered phase of witnesses, and 2 witnesses have submitted 2 different and distant places of occurance of act. Which proves perjury.
Further deficits in 4 challans are.
For 1 fir IO had recorded statements after 14 months of claimed occurrence with dates of same day as is of fir. Said IO got transferred in to said police station after 14 months of registration and statements are in his hand writings.
For other challan IO had himself written complaint and signed himself for complainant, as complainant is solely illiterate and has admitted in statement in cout that she only gives thumb impression and can neither identify signature nor can perform signature. Other documents too have signature of complainant instead of thumb impression.
For other challan same witness thumb impression is not present and some other person has made her signature. Further in court she did thumb impression.
MLC has been forged by IO and forgery is easily visible and at multiple places. Only date has been changed twice through forgery.
FIR has been lodged on 21th of month and application for fir is dated 22th. On 22th medical was done, to suit things IO has changed date of MLC at 2 different places. Simple injury and crpc 307 has been charged.
We have dozens of videos showing that psychopath entering my residence and indulging in violence with showels, breaking our glass pans and beating women along with his 2 mega sized sons and his uncontrolled wife.
Please advice some practical and short time consuming remedy?( Baramula, Jammu and Kashmir )",HKG::EC_RULES_68 → PC::Trial Court Acquitted Accused Due to Lack of Independent Witness → HKG::EC_RULES_69 → PC::Independent Witness Not Present,"HKG::EC_RULES_68 → PC::Trial Court Acquitted Accused Due to Lack of Independent Witness → HKG::EC_RULES_69 → PC::Independent Witness Not Present → PC::Seizure of Poppy Straw Confirmed → PC::Section 15C read with Section 25 of the Narcotic Drugs and Psychotropic Substances Act, 1985 → HKG::FIN_A_89 → HKG::FIN_A","Sir a present municipal commissioner registered a contract Co. in his office to participate in works contract. . an elected councillor is a major partner in the company The company took many contract payments . They produced fake TDS tax remitted certificates and misappropriated tax revenue 38 lacs. HC ordered for recovery. Recovery was effected. FIR registered against the Co. But still present commissioner awarding contact to same Co. But no criminal action initiated against the commissioner. So many petition sent to higher officers. All are waste. Pl tell what's the procedure to get prosecution sanction against the commissioner sir( Vijayawada, Andhra Pradesh )","Sir I've mads omplaint n  filed a WP  in 2018 against an assistant Commr commercial tax for his alleged activities in filing complain against a trader. ie he has shown less crime of forgery docs instead of huge.  ie 150 nos instead of 8. and made favour the accused n weakened the FIR. By this trader evaded 45 lakhs VAT. Only department action taken on him. 

As expected FIR is now dropped  by police  since non coop of AC the complainant. In these three yrs AG audit sent report that he has committed 17 crores revenue loss in his service period.  

Can I  withdraw my earlier WP n file a fresh WP to  take criminal action as well as department action?  I'm the root cause for AG Audit report.( Salem, Tamil Nadu )","Shall i file objection in JMFC or approach to high court to quash police final report in 498a F.I.R ?
In 498a, 406 F.I.R last alleged incident of date 01.08.2020 after 2 year on 20.02.2022 F.I.R gets registered&nbsp;in different state&nbsp;till now police final report is not yet submitted , in term on evidence&nbsp;police will submit 2 -3 fake whatsup&nbsp;messges&nbsp;on year 2019.&nbsp;

IO told me he is going to submit charge sheet in few days.
The day IO submit final report in MM court ,&nbsp;shall i reach court and submit objection u/s 468(2)(c), now court is bared to take cognizance&nbsp;due to limitation act.also jurisdiction&nbsp;ground as per recent judgment of supreme court on dated 25.09.2024 KAILASHBEN MAHENDRABHAI PATEL c ?
shall i approach&nbsp;to delhi high court&nbsp; to quash on the judgment on A.Kaliyaperumal of madardh high court of 2024 on limitation groud&nbsp;?
can i go the delhi high to quash even after submission of final report in MM court( New Delhi, Delhi )","Dear client,file for criminal trespass, damage to your property, nuisance against him.Thank you","Given the circumstances, the most immediate legal remedy is to seek the quashing of the FIRs under Section 482 of the Code of Criminal Procedure (CrPC) by filing a petition in the Jammu and Kashmir High Court. This section empowers the High Court to quash FIRs if they are found to be frivolous, malicious, or without evidence. The discrepancies in the FIRs, such as forged documents and lack of independent witnesses, strengthen the case for quashing.

Additionally, file a complaint with the State Human Rights Commission or the Police Complaints Authority regarding the police misconduct and harassment. Document all evidence, including CCTV footage and witness statements, to support the claims of police collusion and harassment.",0.7527,36.3327,18.644,3.9559,16.4299,20.5111,3.2801,20.0199,4.4031,1.5684,1.0,27.1385,49.3219,48.9553,83.8938
148,"Group of 9 people done this to my mother,,
1.Finance at 25%
2.Mental harassment
3.Blackmail
4.Fraud
5.Violence
6.Notary fraud
7.Jewellery fraud
8.Document fraud
9.EMI fraud
10.organ fraud
But nobody is taking FIR in malwani police station what should I do.
I have evidence.
I have witness.
I have massages.
I have recordings.( Mumbai, Maharashtra )",HKG::ICA_17 → PC::Appellant Convicted for Fraud → PC::Police Personnel Took Court Officers to Police Station → PC::Trial Court Found Fraud Established,HKG::ICA_17 → PC::Appellant Convicted for Fraud → PC::Police Personnel Took Court Officers to Police Station → PC::Trial Court Found Fraud Established → HKG::LIM_104 → HKG::LIM → PC::Section 467 of the Indian Penal Code → HKG::FIN_A_1952,"Sir a present municipal commissioner registered a contract Co. in his office to participate in works contract. . an elected councillor is a major partner in the company The company took many contract payments . They produced fake TDS tax remitted certificates and misappropriated tax revenue 38 lacs. HC ordered for recovery. Recovery was effected. FIR registered against the Co. But still present commissioner awarding contact to same Co. But no criminal action initiated against the commissioner. So many petition sent to higher officers. All are waste. Pl tell what's the procedure to get prosecution sanction against the commissioner sir( Vijayawada, Andhra Pradesh )","Sir I've mads omplaint n  filed a WP  in 2018 against an assistant Commr commercial tax for his alleged activities in filing complain against a trader. ie he has shown less crime of forgery docs instead of huge.  ie 150 nos instead of 8. and made favour the accused n weakened the FIR. By this trader evaded 45 lakhs VAT. Only department action taken on him. 

As expected FIR is now dropped  by police  since non coop of AC the complainant. In these three yrs AG audit sent report that he has committed 17 crores revenue loss in his service period.  

Can I  withdraw my earlier WP n file a fresh WP to  take criminal action as well as department action?  I'm the root cause for AG Audit report.( Salem, Tamil Nadu )","Shall i file objection in JMFC or approach to high court to quash police final report in 498a F.I.R ?
In 498a, 406 F.I.R last alleged incident of date 01.08.2020 after 2 year on 20.02.2022 F.I.R gets registered&nbsp;in different state&nbsp;till now police final report is not yet submitted , in term on evidence&nbsp;police will submit 2 -3 fake whatsup&nbsp;messges&nbsp;on year 2019.&nbsp;

IO told me he is going to submit charge sheet in few days.
The day IO submit final report in MM court ,&nbsp;shall i reach court and submit objection u/s 468(2)(c), now court is bared to take cognizance&nbsp;due to limitation act.also jurisdiction&nbsp;ground as per recent judgment of supreme court on dated 25.09.2024 KAILASHBEN MAHENDRABHAI PATEL c ?
shall i approach&nbsp;to delhi high court&nbsp; to quash on the judgment on A.Kaliyaperumal of madardh high court of 2024 on limitation groud&nbsp;?
can i go the delhi high to quash even after submission of final report in MM court( New Delhi, Delhi )",If everything with you then why not approaching court,"The refusal of the Malwani police station to register an FIR despite having evidence can be challenged by filing a complaint under Section 154(3) of the Criminal Procedure Code (CrPC) with the Superintendent of Police. If this does not yield results, approach the Magistrate under Section 156(3) CrPC to direct the police to register an FIR and investigate the matter. Additionally, consider filing a writ petition in the High Court under Article 226 of the Constitution of India for the enforcement of your right to have the FIR registered. Ensure all evidence, including recordings, messages, and witness statements, are organized and ready for submission.",0.3862,17.0694,18.644,3.9559,16.4299,20.5111,3.2801,20.0199,4.4031,1.5684,1.0,27.1385,49.3219,48.9553,83.8938
149,"Sir I am working with SBI as manager one of my borrower has vacant the charge on the basis of photocopy of no dues the original is in bank which is issued by me but not delivered but the police says that it is a case of fraud which is committed by borrower with the help of me and arrested me 2 years ago right now I am on bail given by high court( Ganganagar, Rajasthan )",PC::Fraud Committed by Plaintiff → PC::Respondent Worked as Manager of Bank → HKG::FIN_A_43 → PC::Appointment Direction Issued by High Court,PC::Fraud Committed by Plaintiff → PC::Respondent Worked as Manager of Bank → HKG::FIN_A_43 → PC::Appointment Direction Issued by High Court → PC::Respondent Lacked Prescribed Qualifications → HKG::FIN_A_15J → HKG::labour_court → PC::High Court Allowed Revision Petition,"Sir a present municipal commissioner registered a contract Co. in his office to participate in works contract. . an elected councillor is a major partner in the company The company took many contract payments . They produced fake TDS tax remitted certificates and misappropriated tax revenue 38 lacs. HC ordered for recovery. Recovery was effected. FIR registered against the Co. But still present commissioner awarding contact to same Co. But no criminal action initiated against the commissioner. So many petition sent to higher officers. All are waste. Pl tell what's the procedure to get prosecution sanction against the commissioner sir( Vijayawada, Andhra Pradesh )","Sir I've mads omplaint n  filed a WP  in 2018 against an assistant Commr commercial tax for his alleged activities in filing complain against a trader. ie he has shown less crime of forgery docs instead of huge.  ie 150 nos instead of 8. and made favour the accused n weakened the FIR. By this trader evaded 45 lakhs VAT. Only department action taken on him. 

As expected FIR is now dropped  by police  since non coop of AC the complainant. In these three yrs AG audit sent report that he has committed 17 crores revenue loss in his service period.  

Can I  withdraw my earlier WP n file a fresh WP to  take criminal action as well as department action?  I'm the root cause for AG Audit report.( Salem, Tamil Nadu )","Shall i file objection in JMFC or approach to high court to quash police final report in 498a F.I.R ?
In 498a, 406 F.I.R last alleged incident of date 01.08.2020 after 2 year on 20.02.2022 F.I.R gets registered&nbsp;in different state&nbsp;till now police final report is not yet submitted , in term on evidence&nbsp;police will submit 2 -3 fake whatsup&nbsp;messges&nbsp;on year 2019.&nbsp;

IO told me he is going to submit charge sheet in few days.
The day IO submit final report in MM court ,&nbsp;shall i reach court and submit objection u/s 468(2)(c), now court is bared to take cognizance&nbsp;due to limitation act.also jurisdiction&nbsp;ground as per recent judgment of supreme court on dated 25.09.2024 KAILASHBEN MAHENDRABHAI PATEL c ?
shall i approach&nbsp;to delhi high court&nbsp; to quash on the judgment on A.Kaliyaperumal of madardh high court of 2024 on limitation groud&nbsp;?
can i go the delhi high to quash even after submission of final report in MM court( New Delhi, Delhi )","Hi,This is very common issues we come up now and then, I request to follow the below:-A. get to know the chargesheet status, if they charged you in the charge sheet and the final report already filed before the court, then move a discharge application along with solid and good grounds. ( please get a copy of the same and look at that by yourself).B. I am sure there is a good possibility that the court may discharge you depend on the grounds and charges level against you in the charge sheet.C. get all the documents and discuss with your lawyer","The key legal issue here is the allegation of fraud under Sections 420 (Cheating) and 468 (Forgery for purpose of cheating) of the Indian Penal Code. Since you are on bail granted by the High Court, it indicates the court found merit in your defense to some extent. Legally, you can challenge the charges by filing a petition under Section 482 of the Criminal Procedure Code to quash the FIR if you believe the charges are baseless or malicious. You cannot, however, interfere with the ongoing investigation or tamper with evidence.

Next steps: Consult your legal counsel to gather evidence proving your non-involvement, such as documentation showing the original no-dues certificate was never released. Consider filing a petition in the High Court to quash the FIR if you have strong evidence of your innocence.",1.3495,42.682,18.644,3.9559,16.4299,20.5111,3.2801,20.0199,4.4031,1.5684,1.0,27.1385,49.3219,48.9553,83.8938
150,"I paid money to builder for construction of building, against which he had agreed to sale flat at the agreed rate. Accordingly, he he had made an agreement in non-judicial stamp paper. After lapse of time, he did not sale the flat at the agreed rate, but agreed to refund my money with interest by an agreement in non-judicial stamp paper, and issued me cheques. Now I found that there in no money in his bank account. Then please advice me what I have to do now.( Kolkata, West Bengal )",HKG::MEPS_26 → HKG::MEPS_40 → HKG::MBA_10 → HKG::FA_79,HKG::MEPS_26 → HKG::MEPS_40 → HKG::MBA_10 → HKG::FA_79 → HKG::leave → HKG::Factories Act 1948 → HKG::MEPS → HKG::notice_period,"Sir a present municipal commissioner registered a contract Co. in his office to participate in works contract. . an elected councillor is a major partner in the company The company took many contract payments . They produced fake TDS tax remitted certificates and misappropriated tax revenue 38 lacs. HC ordered for recovery. Recovery was effected. FIR registered against the Co. But still present commissioner awarding contact to same Co. But no criminal action initiated against the commissioner. So many petition sent to higher officers. All are waste. Pl tell what's the procedure to get prosecution sanction against the commissioner sir( Vijayawada, Andhra Pradesh )","Sir I've mads omplaint n  filed a WP  in 2018 against an assistant Commr commercial tax for his alleged activities in filing complain against a trader. ie he has shown less crime of forgery docs instead of huge.  ie 150 nos instead of 8. and made favour the accused n weakened the FIR. By this trader evaded 45 lakhs VAT. Only department action taken on him. 

As expected FIR is now dropped  by police  since non coop of AC the complainant. In these three yrs AG audit sent report that he has committed 17 crores revenue loss in his service period.  

Can I  withdraw my earlier WP n file a fresh WP to  take criminal action as well as department action?  I'm the root cause for AG Audit report.( Salem, Tamil Nadu )","Shall i file objection in JMFC or approach to high court to quash police final report in 498a F.I.R ?
In 498a, 406 F.I.R last alleged incident of date 01.08.2020 after 2 year on 20.02.2022 F.I.R gets registered&nbsp;in different state&nbsp;till now police final report is not yet submitted , in term on evidence&nbsp;police will submit 2 -3 fake whatsup&nbsp;messges&nbsp;on year 2019.&nbsp;

IO told me he is going to submit charge sheet in few days.
The day IO submit final report in MM court ,&nbsp;shall i reach court and submit objection u/s 468(2)(c), now court is bared to take cognizance&nbsp;due to limitation act.also jurisdiction&nbsp;ground as per recent judgment of supreme court on dated 25.09.2024 KAILASHBEN MAHENDRABHAI PATEL c ?
shall i approach&nbsp;to delhi high court&nbsp; to quash on the judgment on A.Kaliyaperumal of madardh high court of 2024 on limitation groud&nbsp;?
can i go the delhi high to quash even after submission of final report in MM court( New Delhi, Delhi )","Hello Client,Firstly lodge an F.I.R against them.then send them a legal notice through an Advocate.if they fail to respond or reply then file a case against them.Thanks & Regards","The primary legal issue here is the dishonor of cheques, which is governed by Section 138 of the Negotiable Instruments Act, 1881. When a cheque is dishonored due to insufficient funds, the payee can initiate legal proceedings against the drawer. Legally, you can issue a demand notice to the builder within 30 days of receiving the dishonor memo from the bank, demanding payment within 15 days. If the builder fails to pay within this period, you can file a complaint in the Magistrate's Court within 30 days from the expiry of the 15-day period. Additionally, consider filing a civil suit for recovery of the amount based on the agreement made on non-judicial stamp paper.",0.8926,34.255,18.644,3.9559,16.4299,20.5111,3.2801,20.0199,4.4031,1.5684,1.0,27.1385,49.3219,48.9553,83.8938
151,"There is non congnizible case against me and my and father at homwtown under IPC 427,504,506,34 for damaging farm and abusing. That farm belong to my father with his brothers. Complaint registered by one of his brother's son. I work at diffrenet city hence no summons provided to us. 1) In that case will there be a bailable warrent against us? 2) As I work in diff city will that warrent go back to court and what may happen next? 3) How can I face this in high court under crpc 482 to cancel case 4) I dont trust any lawyer at my homtown. How can I decide to pay lawyer if he is from other city to travel, fees etc?( Pune, Maharashtra )",HKG::MBA_10 → HKG::FA_79 → HKG::SPE_4 → HKG::MTW_24,HKG::MBA_10 → HKG::FA_79 → HKG::SPE_4 → HKG::MTW_24 → HKG::leave → HKG::SPE → HKG::Factories Act 1948 → HKG::Maternity Benefit Act 1961,"Sir a present municipal commissioner registered a contract Co. in his office to participate in works contract. . an elected councillor is a major partner in the company The company took many contract payments . They produced fake TDS tax remitted certificates and misappropriated tax revenue 38 lacs. HC ordered for recovery. Recovery was effected. FIR registered against the Co. But still present commissioner awarding contact to same Co. But no criminal action initiated against the commissioner. So many petition sent to higher officers. All are waste. Pl tell what's the procedure to get prosecution sanction against the commissioner sir( Vijayawada, Andhra Pradesh )","Sir I've mads omplaint n  filed a WP  in 2018 against an assistant Commr commercial tax for his alleged activities in filing complain against a trader. ie he has shown less crime of forgery docs instead of huge.  ie 150 nos instead of 8. and made favour the accused n weakened the FIR. By this trader evaded 45 lakhs VAT. Only department action taken on him. 

As expected FIR is now dropped  by police  since non coop of AC the complainant. In these three yrs AG audit sent report that he has committed 17 crores revenue loss in his service period.  

Can I  withdraw my earlier WP n file a fresh WP to  take criminal action as well as department action?  I'm the root cause for AG Audit report.( Salem, Tamil Nadu )","Shall i file objection in JMFC or approach to high court to quash police final report in 498a F.I.R ?
In 498a, 406 F.I.R last alleged incident of date 01.08.2020 after 2 year on 20.02.2022 F.I.R gets registered&nbsp;in different state&nbsp;till now police final report is not yet submitted , in term on evidence&nbsp;police will submit 2 -3 fake whatsup&nbsp;messges&nbsp;on year 2019.&nbsp;

IO told me he is going to submit charge sheet in few days.
The day IO submit final report in MM court ,&nbsp;shall i reach court and submit objection u/s 468(2)(c), now court is bared to take cognizance&nbsp;due to limitation act.also jurisdiction&nbsp;ground as per recent judgment of supreme court on dated 25.09.2024 KAILASHBEN MAHENDRABHAI PATEL c ?
shall i approach&nbsp;to delhi high court&nbsp; to quash on the judgment on A.Kaliyaperumal of madardh high court of 2024 on limitation groud&nbsp;?
can i go the delhi high to quash even after submission of final report in MM court( New Delhi, Delhi )","Dear Sir,You may immediately approach High Court and you may get stay on such investigation.Please call me and take PAID legal consultancy on my mobile through the administrators of this website.","Under the Indian Penal Code, Sections 427, 504, 506, and 34 relate to non-cognizable offenses, which typically do not warrant arrest without a warrant. However, if the court issues a bailable warrant due to non-appearance, you can secure bail by furnishing a bond. To quash the proceedings, you can file a petition under Section 482 of the CrPC in the High Court, arguing that the case is frivolous or lacks merit.

As for legal representation, consider hiring a lawyer from a different city who specializes in criminal defense and is willing to travel. Discuss travel arrangements and fee structures upfront to ensure clarity and agreement.",0.9139,37.4902,18.644,3.9559,16.4299,20.5111,3.2801,20.0199,4.4031,1.5684,1.0,27.1385,49.3219,48.9553,83.8938
152,"Sir ladayi huyi thi 2 parties me . Us ladayi me done parties ke people injured huye the.. police ne hamari f.i.r me hospital ke c.r number bi likhe the jo admit the.. but hamare ik bande to jada injurey huyi thi. Doctrs ne head opration kiya tha . Aur aj vi wo walk nahi kr skta. Doctrs 61? disiable certificate diya hai... But police ne dusri party se mil kr ..dusri party ki help ki... Dusri party ne f.i.r nahi karvayi.. aur police ne i.p.c 307 nahi i.p.c 308 laga dii.... Sir m puchna chah ta hu ke jab dono parties ke people injured ho.. aur  dono parties ke people hospital admit ho .. fir police ne i.p.c 308 kaise laga dhi...please mujhe bata do m kya karu aab( Rupnagar, Punjab )","PC::Section 7 of the Police Act, 1861 → PC::Compensation Awarded to Injured Parties → PC::Appellant and Injured Party Related → PC::Section 7 of the Police Act, 5 of 1861","PC::Section 7 of the Police Act, 1861 → PC::Compensation Awarded to Injured Parties → PC::Appellant and Injured Party Related → PC::Section 7 of the Police Act, 5 of 1861 → HKG::BTC_346 → HKG::BTC → HKG::compensation → HKG::BTC_326","Sir a present municipal commissioner registered a contract Co. in his office to participate in works contract. . an elected councillor is a major partner in the company The company took many contract payments . They produced fake TDS tax remitted certificates and misappropriated tax revenue 38 lacs. HC ordered for recovery. Recovery was effected. FIR registered against the Co. But still present commissioner awarding contact to same Co. But no criminal action initiated against the commissioner. So many petition sent to higher officers. All are waste. Pl tell what's the procedure to get prosecution sanction against the commissioner sir( Vijayawada, Andhra Pradesh )","Sir I've mads omplaint n  filed a WP  in 2018 against an assistant Commr commercial tax for his alleged activities in filing complain against a trader. ie he has shown less crime of forgery docs instead of huge.  ie 150 nos instead of 8. and made favour the accused n weakened the FIR. By this trader evaded 45 lakhs VAT. Only department action taken on him. 

As expected FIR is now dropped  by police  since non coop of AC the complainant. In these three yrs AG audit sent report that he has committed 17 crores revenue loss in his service period.  

Can I  withdraw my earlier WP n file a fresh WP to  take criminal action as well as department action?  I'm the root cause for AG Audit report.( Salem, Tamil Nadu )","Shall i file objection in JMFC or approach to high court to quash police final report in 498a F.I.R ?
In 498a, 406 F.I.R last alleged incident of date 01.08.2020 after 2 year on 20.02.2022 F.I.R gets registered&nbsp;in different state&nbsp;till now police final report is not yet submitted , in term on evidence&nbsp;police will submit 2 -3 fake whatsup&nbsp;messges&nbsp;on year 2019.&nbsp;

IO told me he is going to submit charge sheet in few days.
The day IO submit final report in MM court ,&nbsp;shall i reach court and submit objection u/s 468(2)(c), now court is bared to take cognizance&nbsp;due to limitation act.also jurisdiction&nbsp;ground as per recent judgment of supreme court on dated 25.09.2024 KAILASHBEN MAHENDRABHAI PATEL c ?
shall i approach&nbsp;to delhi high court&nbsp; to quash on the judgment on A.Kaliyaperumal of madardh high court of 2024 on limitation groud&nbsp;?
can i go the delhi high to quash even after submission of final report in MM court( New Delhi, Delhi )","à¤¸à¤°, à¤à¥à¤ªà¤¯à¤¾ à¤à¤ª à¤¹à¤®à¤¾à¤°à¥ à¤µà¤¿à¤§à¤¿à¤à¤¾à¤°à¥à¤¯ à¤à¥ à¤µà¤à¥à¤² à¤¸à¥ à¤¸à¤à¤ªà¤°à¥à¤ à¤à¤°à¥à¥¤ à¤à¤° à¤¸à¤¾à¤¥ à¤®à¥ FIR à¤à¥ à¤à¥à¤ªà¥ à¤­à¥ à¤­à¥à¤à¥à¤ à¥¤","The key legal issue here is the application of IPC Section 308 (attempt to commit culpable homicide) instead of IPC Section 307 (attempt to murder) by the police. Under Indian law, Section 307 is applied when there is an intention to cause death, whereas Section 308 is used when the intention is to cause injury that could lead to death, but without the specific intent to kill. Given the severity of the injuries and the disability certificate issued, there may be grounds to argue that IPC Section 307 should have been applied.

You can file a petition before the High Court under Section 482 of the CrPC to seek a revision of the charges, arguing that the police have misapplied the law by not considering the severity and intent involved in the injuries. Additionally, you can file a complaint with the higher police authorities or the State Human Rights Commission to investigate any potential misconduct or bias by the police in handling the FIR.",0.2369,6.8612,18.644,3.9559,16.4299,20.5111,3.2801,20.0199,4.4031,1.5684,1.0,27.1385,49.3219,48.9553,83.8938
153,"My girlfriend got married with me 2 years ago I have proof now she can't marry me due to her family's disapproval what should I do 8 years of love we still talk( Bankura, West Bengal )","PC::Section 2(d) of the West Bengal Sales Tax Act, 1954 → PC::Section 6(2) of the West Bengal Taxation Tribunal Act, 1987 → PC::Rule 34 b of the West Bengal Service Regulations Part I → PC::Rule 3 66a of the West Bengal Sales Tax Rules, 1941","PC::Section 2(d) of the West Bengal Sales Tax Act, 1954 → PC::Section 6(2) of the West Bengal Taxation Tribunal Act, 1987 → PC::Rule 34 b of the West Bengal Service Regulations Part I → PC::Rule 3 66a of the West Bengal Sales Tax Rules, 1941 → HKG::BTC_324 → HKG::BTC → HKG::FIN_A_89 → HKG::FIN_A","Sir a present municipal commissioner registered a contract Co. in his office to participate in works contract. . an elected councillor is a major partner in the company The company took many contract payments . They produced fake TDS tax remitted certificates and misappropriated tax revenue 38 lacs. HC ordered for recovery. Recovery was effected. FIR registered against the Co. But still present commissioner awarding contact to same Co. But no criminal action initiated against the commissioner. So many petition sent to higher officers. All are waste. Pl tell what's the procedure to get prosecution sanction against the commissioner sir( Vijayawada, Andhra Pradesh )","Sir I've mads omplaint n  filed a WP  in 2018 against an assistant Commr commercial tax for his alleged activities in filing complain against a trader. ie he has shown less crime of forgery docs instead of huge.  ie 150 nos instead of 8. and made favour the accused n weakened the FIR. By this trader evaded 45 lakhs VAT. Only department action taken on him. 

As expected FIR is now dropped  by police  since non coop of AC the complainant. In these three yrs AG audit sent report that he has committed 17 crores revenue loss in his service period.  

Can I  withdraw my earlier WP n file a fresh WP to  take criminal action as well as department action?  I'm the root cause for AG Audit report.( Salem, Tamil Nadu )","Shall i file objection in JMFC or approach to high court to quash police final report in 498a F.I.R ?
In 498a, 406 F.I.R last alleged incident of date 01.08.2020 after 2 year on 20.02.2022 F.I.R gets registered&nbsp;in different state&nbsp;till now police final report is not yet submitted , in term on evidence&nbsp;police will submit 2 -3 fake whatsup&nbsp;messges&nbsp;on year 2019.&nbsp;

IO told me he is going to submit charge sheet in few days.
The day IO submit final report in MM court ,&nbsp;shall i reach court and submit objection u/s 468(2)(c), now court is bared to take cognizance&nbsp;due to limitation act.also jurisdiction&nbsp;ground as per recent judgment of supreme court on dated 25.09.2024 KAILASHBEN MAHENDRABHAI PATEL c ?
shall i approach&nbsp;to delhi high court&nbsp; to quash on the judgment on A.Kaliyaperumal of madardh high court of 2024 on limitation groud&nbsp;?
can i go the delhi high to quash even after submission of final report in MM court( New Delhi, Delhi )","Dear Client,In this context, a recent verdict of the Supreme Court passed in the case of Dolly Rani Vs. Manish Kumar Chanchal Citation: 2024 SCC OnLine SC 754 may be referred to access the status of your case in the given scenario. The Supreme Court said that if a Hindu marriage is not performed following the applicable rites or ceremonies such as 'saptapadi' (taking seven steps by the groom and the bride jointly before the sacred fire), the marriage will not be construed as a Hindu marriage. The Court held that a marriage certificate is valid proof of Hindu marriage only when the marriage ceremony has been performed as per Section 7 of the Court observed that for a valid marriage under the Act, the requisite ceremonies have to be performed and there must be proof of performance of the said ceremony when an issue/controversy arise. Unless the parties have undergone such ceremony, there would be no Hindu marriage according to Section 7 of the Act and a mere issuance of a certificate by an entity in the absence of the requisite ceremonies having been performed, would neither confirm any marital status to the parties nor establish a marriage under Hindu law. In view of the above averment of the Apex Court, even if a marriage certificate is issued on registration of marriage under HMA, in the absence of performance of ceremonies or rites post-registration of marriage cannot be considered a valid marriage. Accordingly,   no legal remedy or relief is feasible in the matter even through litigation.","If your girlfriend is already legally married to someone else, she cannot legally marry you as it would constitute bigamy under Section 494 of the Indian Penal Code, 1860, which is a punishable offense. You can consider filing a complaint if there is evidence of a fraudulent marriage or misrepresentation. However, if the marriage was not legally valid or registered, you may explore the possibility of a legal union, provided there are no legal impediments. 

Next steps include consulting with a family law attorney to assess the validity of her current marriage and to understand your legal options. Additionally, gather any documentary evidence of her marital status and your relationship to support any legal proceedings.",0.5958,51.8312,18.644,3.9559,16.4299,20.5111,3.2801,20.0199,4.4031,1.5684,1.0,27.1385,49.3219,48.9553,83.8938
154,"Sir, i applied for NEW  voters I D and corrections voters ID names And address with all their necessary documents, through my mobile No receiving O T P Number, is it illigal ?( Bangalore, Karnataka )",PC::Disqualification of 6617 Voters Found → PC::Concession for New Industries Withdrawn → PC::Respondent Applied for Voluntary Retirement → PC::Pamphlet Inducing Voters Considered Misleading,PC::Disqualification of 6617 Voters Found → PC::Concession for New Industries Withdrawn → PC::Respondent Applied for Voluntary Retirement → PC::Pamphlet Inducing Voters Considered Misleading → HKG::BTC_71 → HKG::BTC → PC::Respondent Dismissed from Service → PC::Approval of District Educational Officer Obtained,"Sir a present municipal commissioner registered a contract Co. in his office to participate in works contract. . an elected councillor is a major partner in the company The company took many contract payments . They produced fake TDS tax remitted certificates and misappropriated tax revenue 38 lacs. HC ordered for recovery. Recovery was effected. FIR registered against the Co. But still present commissioner awarding contact to same Co. But no criminal action initiated against the commissioner. So many petition sent to higher officers. All are waste. Pl tell what's the procedure to get prosecution sanction against the commissioner sir( Vijayawada, Andhra Pradesh )","Sir I've mads omplaint n  filed a WP  in 2018 against an assistant Commr commercial tax for his alleged activities in filing complain against a trader. ie he has shown less crime of forgery docs instead of huge.  ie 150 nos instead of 8. and made favour the accused n weakened the FIR. By this trader evaded 45 lakhs VAT. Only department action taken on him. 

As expected FIR is now dropped  by police  since non coop of AC the complainant. In these three yrs AG audit sent report that he has committed 17 crores revenue loss in his service period.  

Can I  withdraw my earlier WP n file a fresh WP to  take criminal action as well as department action?  I'm the root cause for AG Audit report.( Salem, Tamil Nadu )","Shall i file objection in JMFC or approach to high court to quash police final report in 498a F.I.R ?
In 498a, 406 F.I.R last alleged incident of date 01.08.2020 after 2 year on 20.02.2022 F.I.R gets registered&nbsp;in different state&nbsp;till now police final report is not yet submitted , in term on evidence&nbsp;police will submit 2 -3 fake whatsup&nbsp;messges&nbsp;on year 2019.&nbsp;

IO told me he is going to submit charge sheet in few days.
The day IO submit final report in MM court ,&nbsp;shall i reach court and submit objection u/s 468(2)(c), now court is bared to take cognizance&nbsp;due to limitation act.also jurisdiction&nbsp;ground as per recent judgment of supreme court on dated 25.09.2024 KAILASHBEN MAHENDRABHAI PATEL c ?
shall i approach&nbsp;to delhi high court&nbsp; to quash on the judgment on A.Kaliyaperumal of madardh high court of 2024 on limitation groud&nbsp;?
can i go the delhi high to quash even after submission of final report in MM court( New Delhi, Delhi )","Dear client,This is illegal. You have to give their own number for the purpose of maintaining privacy. Your action is misleading and in violation of privacy","Applying for a new voter ID and making corrections using your mobile number and OTP is not illegal, provided that all the information and documents submitted are accurate and truthful. Under the Representation of the People Act, 1950, individuals are entitled to apply for voter registration and make necessary corrections. However, submitting false information or documents can lead to penalties under Section 31 of the Act, which deals with making false declarations.

Ensure all documents and information submitted are genuine and accurate. If there are any discrepancies or issues with the application, contact the local Electoral Registration Office for assistance.",0.601,40.279,18.644,3.9559,16.4299,20.5111,3.2801,20.0199,4.4031,1.5684,1.0,27.1385,49.3219,48.9553,83.8938
155,"Sir, my father had told the girl's family about the marriage. My father was known to the boy's family, so after seeing that, the girl's family got married...In this situation my father was mediator... Now the boy doesn't want to be with that girl because the boy likes another girl... So the girl's family is saying that they will file a police case against your father. Even if you knew, we got married to this boy... The truth is, my father didn't know that the boy likes another girl... Sir, what could have happened? Please help.( Ahmedabad, Gujarat )",HKG::EPF_6 → HKG::EPF_AT_2 → HKG::CCS_ME_3 → HKG::CCS_ME_5,HKG::EPF_6 → HKG::EPF_AT_2 → HKG::CCS_ME_3 → HKG::CCS_ME_5 → HKG::leave → HKG::provident_fund → HKG::labour_court → HKG::PROC_PF_COMPLAINT,"Sir a present municipal commissioner registered a contract Co. in his office to participate in works contract. . an elected councillor is a major partner in the company The company took many contract payments . They produced fake TDS tax remitted certificates and misappropriated tax revenue 38 lacs. HC ordered for recovery. Recovery was effected. FIR registered against the Co. But still present commissioner awarding contact to same Co. But no criminal action initiated against the commissioner. So many petition sent to higher officers. All are waste. Pl tell what's the procedure to get prosecution sanction against the commissioner sir( Vijayawada, Andhra Pradesh )","Sir I've mads omplaint n  filed a WP  in 2018 against an assistant Commr commercial tax for his alleged activities in filing complain against a trader. ie he has shown less crime of forgery docs instead of huge.  ie 150 nos instead of 8. and made favour the accused n weakened the FIR. By this trader evaded 45 lakhs VAT. Only department action taken on him. 

As expected FIR is now dropped  by police  since non coop of AC the complainant. In these three yrs AG audit sent report that he has committed 17 crores revenue loss in his service period.  

Can I  withdraw my earlier WP n file a fresh WP to  take criminal action as well as department action?  I'm the root cause for AG Audit report.( Salem, Tamil Nadu )","Dear Sir, 

One of the nationalised bank lodged an FIR against me under IPC SEC 420 for cheating and fraud related to ATM transactions in the year 2015.

For your kind information, i and my two relatives made 50 + atm transactions using their two atm. And all the transactions was unsuccessful. After raising disputes, they reverse the amount for 30+ claims. But they refused to settle the claims for last few transactions and alleged me and my relatives that we falsely lodged complaints due to ATM malfunctions. The ATM machine is failed to provide valid journal log of the all these transactions and also not providing CCTV Footage.

I raised a complaint for two of the said unsettled transactions in banking ombudsman, RBI and RBI also made decisions in my favour and asked the bank to refund the amount due to lack of evidence and CCTV Footage. And bank also bound to refund the amount after the RBI Mumbai rejects their appeal.

I also submits a petition at the high court for quashing the FIR. But the concerned IO and public prosecutor urged the court that investigation is still pending and they need some time to complete the investigation. And for that reason, the high court dismissed my petition and ordered the concerned IO to start the investigation without further delay and complete the same as soon as possible. The said judgement was made almost two years ago.

So I cordially request you to look into the matter and give me some advice what can I do right now.

With regards,

S Dasgupta.( Guwahati, Assam )","Dear Sir,It is beyond the knowledge of your father about the love affair of that guy. If any complaint is lodged then your father may approach High Court and get a stay and ultimately such complaints may be quashed.","The legal issue here is whether your father could be held liable for any criminal wrongdoing in his role as a mediator in the marriage. Under Indian law, unless your father engaged in deceit or fraudulent misrepresentation, he is unlikely to face criminal charges merely for acting as a mediator. The girl's family can file a police complaint, but without evidence of criminal intent or wrongdoing, it is unlikely to result in charges against your father.

Your father should document any communications or interactions he had with both families to demonstrate his lack of knowledge about the boy's other relationship. If a complaint is filed, consider consulting a local attorney to respond appropriately and potentially seek anticipatory bail if necessary.",1.4813,66.6654,18.644,3.9559,16.4299,20.5111,3.2801,20.0199,4.4031,1.5684,1.0,27.1385,49.3219,48.9553,83.8938
156,"i bought a second hand car in second hand car showroom in november 2018.the showroom owner hasnât transferred to me and i have given a complaint in police station in march 2019 but they are not filed fir on that time. after two years showroom owner transferred to me in 2021febraury and i sold that car to x person in 2021 july. that x person wants to sell the car in 2023 february.but he failed to transfer to another person y. due to police filed a case u/s420ipc on showroom owner because showroom owner not given money to previous owner. so previous owner filed a case on showroom owner. so what should i have to do for car registration unblock from rto in andhra pradesh?( Vijayawada, Andhra Pradesh )","PC::Section 34(a) of the Andhra Pradesh Excise Act → PC::Trust Registered in Tamil Nadu Seeks to Establish College in Andhra Pradesh → PC::Section 8 of the Andhra Pradesh General Sales Tax Act, 1957 → PC::Chinnaswamy v. State of Andhra Pradesh","PC::Section 34(a) of the Andhra Pradesh Excise Act → PC::Trust Registered in Tamil Nadu Seeks to Establish College in Andhra Pradesh → PC::Section 8 of the Andhra Pradesh General Sales Tax Act, 1957 → PC::Chinnaswamy v. State of Andhra Pradesh → HKG::BTC_347 → HKG::BTC → HKG::LIM_104 → HKG::LIM","Sir a present municipal commissioner registered a contract Co. in his office to participate in works contract. . an elected councillor is a major partner in the company The company took many contract payments . They produced fake TDS tax remitted certificates and misappropriated tax revenue 38 lacs. HC ordered for recovery. Recovery was effected. FIR registered against the Co. But still present commissioner awarding contact to same Co. But no criminal action initiated against the commissioner. So many petition sent to higher officers. All are waste. Pl tell what's the procedure to get prosecution sanction against the commissioner sir( Vijayawada, Andhra Pradesh )","Sir I've mads omplaint n  filed a WP  in 2018 against an assistant Commr commercial tax for his alleged activities in filing complain against a trader. ie he has shown less crime of forgery docs instead of huge.  ie 150 nos instead of 8. and made favour the accused n weakened the FIR. By this trader evaded 45 lakhs VAT. Only department action taken on him. 

As expected FIR is now dropped  by police  since non coop of AC the complainant. In these three yrs AG audit sent report that he has committed 17 crores revenue loss in his service period.  

Can I  withdraw my earlier WP n file a fresh WP to  take criminal action as well as department action?  I'm the root cause for AG Audit report.( Salem, Tamil Nadu )","Shall i file objection in JMFC or approach to high court to quash police final report in 498a F.I.R ?
In 498a, 406 F.I.R last alleged incident of date 01.08.2020 after 2 year on 20.02.2022 F.I.R gets registered&nbsp;in different state&nbsp;till now police final report is not yet submitted , in term on evidence&nbsp;police will submit 2 -3 fake whatsup&nbsp;messges&nbsp;on year 2019.&nbsp;

IO told me he is going to submit charge sheet in few days.
The day IO submit final report in MM court ,&nbsp;shall i reach court and submit objection u/s 468(2)(c), now court is bared to take cognizance&nbsp;due to limitation act.also jurisdiction&nbsp;ground as per recent judgment of supreme court on dated 25.09.2024 KAILASHBEN MAHENDRABHAI PATEL c ?
shall i approach&nbsp;to delhi high court&nbsp; to quash on the judgment on A.Kaliyaperumal of madardh high court of 2024 on limitation groud&nbsp;?
can i go the delhi high to quash even after submission of final report in MM court( New Delhi, Delhi )","Dear Client,It is advisable to consult a local lawyer who is familiar with the state rules pertaining to the case.","The key legal issue here is the blockage of car registration due to a pending Section 420 IPC case against the showroom owner. Under Section 420 of the Indian Penal Code, cheating and dishonestly inducing delivery of property is a criminal offense, which can lead to complications in property transfers, such as vehicle registrations. 

To resolve the registration block, you should approach the Regional Transport Office (RTO) with documentation proving the legitimate transfer of ownership from the showroom to you and subsequently to the current owner, X. Additionally, you may need to obtain a court order or a no-objection certificate from the police or the court handling the case to unblock the registration. Consulting with a local attorney to assist in navigating the legal and bureaucratic processes may expedite the resolution.",1.0221,40.7382,18.644,3.9559,16.4299,20.5111,3.2801,20.0199,4.4031,1.5684,1.0,27.1385,49.3219,48.9553,83.8938
157,"IN FIR mentioned dated and spot of crime I was not there .I was in my company and used finger thumb access used in office.
1) My dought is court which date will take an action , FIR date ?
2)Iam having Company my office thumb biometric report and attendance report is it enough for court ?( Chittoor, Andhra Pradesh )",PC::Delay in FIR Submission → PC::High Court Found Manipulation in FIR → PC::Accused Named in FIR → HKG::BTC_369,PC::Delay in FIR Submission → PC::High Court Found Manipulation in FIR → PC::Accused Named in FIR → HKG::BTC_369 → HKG::provident_fund → PC::Discrepancy in Scooter Number → HKG::BTC → PC::Independent Witness Statement Recorded After Delay,"Sir a present municipal commissioner registered a contract Co. in his office to participate in works contract. . an elected councillor is a major partner in the company The company took many contract payments . They produced fake TDS tax remitted certificates and misappropriated tax revenue 38 lacs. HC ordered for recovery. Recovery was effected. FIR registered against the Co. But still present commissioner awarding contact to same Co. But no criminal action initiated against the commissioner. So many petition sent to higher officers. All are waste. Pl tell what's the procedure to get prosecution sanction against the commissioner sir( Vijayawada, Andhra Pradesh )","Sir I've mads omplaint n  filed a WP  in 2018 against an assistant Commr commercial tax for his alleged activities in filing complain against a trader. ie he has shown less crime of forgery docs instead of huge.  ie 150 nos instead of 8. and made favour the accused n weakened the FIR. By this trader evaded 45 lakhs VAT. Only department action taken on him. 

As expected FIR is now dropped  by police  since non coop of AC the complainant. In these three yrs AG audit sent report that he has committed 17 crores revenue loss in his service period.  

Can I  withdraw my earlier WP n file a fresh WP to  take criminal action as well as department action?  I'm the root cause for AG Audit report.( Salem, Tamil Nadu )","Shall i file objection in JMFC or approach to high court to quash police final report in 498a F.I.R ?
In 498a, 406 F.I.R last alleged incident of date 01.08.2020 after 2 year on 20.02.2022 F.I.R gets registered&nbsp;in different state&nbsp;till now police final report is not yet submitted , in term on evidence&nbsp;police will submit 2 -3 fake whatsup&nbsp;messges&nbsp;on year 2019.&nbsp;

IO told me he is going to submit charge sheet in few days.
The day IO submit final report in MM court ,&nbsp;shall i reach court and submit objection u/s 468(2)(c), now court is bared to take cognizance&nbsp;due to limitation act.also jurisdiction&nbsp;ground as per recent judgment of supreme court on dated 25.09.2024 KAILASHBEN MAHENDRABHAI PATEL c ?
shall i approach&nbsp;to delhi high court&nbsp; to quash on the judgment on A.Kaliyaperumal of madardh high court of 2024 on limitation groud&nbsp;?
can i go the delhi high to quash even after submission of final report in MM court( New Delhi, Delhi )",Court will take an action when the charge sheet gets filed in the court and it will consider the date when the crime happened and not the FIR lodging date for action.If you were not there on the spot where the crime happened and you were in your office then you have a strong case in your favour.,"The most crucial legal point is to establish an alibi using your biometric attendance records. Under Indian Evidence Act, 1872, Section 11, facts inconsistent with the fact in issue are relevant, meaning your presence elsewhere can be a strong defense. The court will consider the date of the alleged crime as mentioned in the FIR for proceedings.

You can present your biometric attendance report and any other corroborating evidence to substantiate your alibi during the trial. It's advisable to submit this evidence to the police during the investigation or to the court at the earliest opportunity. Additionally, consult with your defense attorney to ensure the evidence is properly introduced and leveraged in your defense strategy.",3.6276,41.6289,18.644,3.9559,16.4299,20.5111,3.2801,20.0199,4.4031,1.5684,1.0,27.1385,49.3219,48.9553,83.8938
158,"Hello sir/madam, Sir one of my friend have filed a flase FIR stating that his house have been robbed and he have lost jewelry Worth 30 lakh.The police have found that no such robbery had happened.and the whole FIR was flase.he have been hiding from the police since 1 month. Now how can the police take action against him..or will the police just let him go by closing the case..can police take action against him for filling a false FIR.( Kolhapur, Maharashtra )","PC::Section 7 of the Police Act, 1861 → PC::Section 7 of the Police Act, 5 of 1861 → PC::High Court Directed Action Against Appellant → PC::Section 42 of the Police Act, 1861","PC::Section 7 of the Police Act, 1861 → PC::Section 7 of the Police Act, 5 of 1861 → PC::High Court Directed Action Against Appellant → PC::Section 42 of the Police Act, 1861 → HKG::BTC_326 → HKG::BTC → PC::Section 177 of the Indian Penal Code → HKG::FIN_A_1952","Sir a present municipal commissioner registered a contract Co. in his office to participate in works contract. . an elected councillor is a major partner in the company The company took many contract payments . They produced fake TDS tax remitted certificates and misappropriated tax revenue 38 lacs. HC ordered for recovery. Recovery was effected. FIR registered against the Co. But still present commissioner awarding contact to same Co. But no criminal action initiated against the commissioner. So many petition sent to higher officers. All are waste. Pl tell what's the procedure to get prosecution sanction against the commissioner sir( Vijayawada, Andhra Pradesh )","Sir I've mads omplaint n  filed a WP  in 2018 against an assistant Commr commercial tax for his alleged activities in filing complain against a trader. ie he has shown less crime of forgery docs instead of huge.  ie 150 nos instead of 8. and made favour the accused n weakened the FIR. By this trader evaded 45 lakhs VAT. Only department action taken on him. 

As expected FIR is now dropped  by police  since non coop of AC the complainant. In these three yrs AG audit sent report that he has committed 17 crores revenue loss in his service period.  

Can I  withdraw my earlier WP n file a fresh WP to  take criminal action as well as department action?  I'm the root cause for AG Audit report.( Salem, Tamil Nadu )","Shall i file objection in JMFC or approach to high court to quash police final report in 498a F.I.R ?
In 498a, 406 F.I.R last alleged incident of date 01.08.2020 after 2 year on 20.02.2022 F.I.R gets registered&nbsp;in different state&nbsp;till now police final report is not yet submitted , in term on evidence&nbsp;police will submit 2 -3 fake whatsup&nbsp;messges&nbsp;on year 2019.&nbsp;

IO told me he is going to submit charge sheet in few days.
The day IO submit final report in MM court ,&nbsp;shall i reach court and submit objection u/s 468(2)(c), now court is bared to take cognizance&nbsp;due to limitation act.also jurisdiction&nbsp;ground as per recent judgment of supreme court on dated 25.09.2024 KAILASHBEN MAHENDRABHAI PATEL c ?
shall i approach&nbsp;to delhi high court&nbsp; to quash on the judgment on A.Kaliyaperumal of madardh high court of 2024 on limitation groud&nbsp;?
can i go the delhi high to quash even after submission of final report in MM court( New Delhi, Delhi )",Quash the FIR u/s 482 Crpc in the HC.,"Filing a false FIR is a criminal offense under Section 182 of the Indian Penal Code, which penalizes giving false information to a public servant with intent to cause them to use their lawful power to the injury of another person. The police can take action against your friend by arresting him and initiating criminal proceedings for this offense. If convicted, he may face imprisonment or a fine, or both.

To address this situation, your friend should consider surrendering to the authorities and cooperating with the investigation. It may also be prudent for him to consult with a criminal defense attorney to explore any possible defenses or to negotiate a plea deal.",0.4184,10.3619,18.644,3.9559,16.4299,20.5111,3.2801,20.0199,4.4031,1.5684,1.0,27.1385,49.3219,48.9553,83.8938
159,"FIR registered in October and got ABA in sessions court in January 2024. 
After bail in court, IO visited for panchnama and 3 days later I was asked by IO in a call to visit the police station with witnesses for bail procedure. I followed the process at police station. It was then the IO handed a letter which stated that investigation is complete and I need to be in court for bail process next week. My lawyer back then advised to complete bail process in the court whenever we get a next date. However, for 3 months, there was nothing online about a case registered with our FIR number in the said magistrate court.

After 3 months, we got similar letter from IO stating that investigation is complete and we need to be at court with witnesses on 6th May.
This time , I visited the court and the clerk said that case gets filed when I come with witnesses to the court for bail process. Is this correct process?( Mumbai suburban, Maharashtra )",PC::Application for Bail Rejected → PC::Appellant Moved for Bail in Two Courts → PC::Police Personnel Took Court Officers to Police Station → PC::High Court Directed Deposit as Condition for Bail,PC::Application for Bail Rejected → PC::Appellant Moved for Bail in Two Courts → PC::Police Personnel Took Court Officers to Police Station → PC::High Court Directed Deposit as Condition for Bail → HKG::LIM_133 → HKG::leave → HKG::EC_RULES_3 → HKG::EC_RULES,"Sir a present municipal commissioner registered a contract Co. in his office to participate in works contract. . an elected councillor is a major partner in the company The company took many contract payments . They produced fake TDS tax remitted certificates and misappropriated tax revenue 38 lacs. HC ordered for recovery. Recovery was effected. FIR registered against the Co. But still present commissioner awarding contact to same Co. But no criminal action initiated against the commissioner. So many petition sent to higher officers. All are waste. Pl tell what's the procedure to get prosecution sanction against the commissioner sir( Vijayawada, Andhra Pradesh )","Sir I've mads omplaint n  filed a WP  in 2018 against an assistant Commr commercial tax for his alleged activities in filing complain against a trader. ie he has shown less crime of forgery docs instead of huge.  ie 150 nos instead of 8. and made favour the accused n weakened the FIR. By this trader evaded 45 lakhs VAT. Only department action taken on him. 

As expected FIR is now dropped  by police  since non coop of AC the complainant. In these three yrs AG audit sent report that he has committed 17 crores revenue loss in his service period.  

Can I  withdraw my earlier WP n file a fresh WP to  take criminal action as well as department action?  I'm the root cause for AG Audit report.( Salem, Tamil Nadu )","Dear Sir, 

One of the nationalised bank lodged an FIR against me under IPC SEC 420 for cheating and fraud related to ATM transactions in the year 2015.

For your kind information, i and my two relatives made 50 + atm transactions using their two atm. And all the transactions was unsuccessful. After raising disputes, they reverse the amount for 30+ claims. But they refused to settle the claims for last few transactions and alleged me and my relatives that we falsely lodged complaints due to ATM malfunctions. The ATM machine is failed to provide valid journal log of the all these transactions and also not providing CCTV Footage.

I raised a complaint for two of the said unsettled transactions in banking ombudsman, RBI and RBI also made decisions in my favour and asked the bank to refund the amount due to lack of evidence and CCTV Footage. And bank also bound to refund the amount after the RBI Mumbai rejects their appeal.

I also submits a petition at the high court for quashing the FIR. But the concerned IO and public prosecutor urged the court that investigation is still pending and they need some time to complete the investigation. And for that reason, the high court dismissed my petition and ordered the concerned IO to start the investigation without further delay and complete the same as soon as possible. The said judgement was made almost two years ago.

So I cordially request you to look into the matter and give me some advice what can I do right now.

With regards,

S Dasgupta.( Guwahati, Assam )","Dear Client,Your query does not provide enough clarity about the issue. It is important to know the cause of action in the said case to answer your question precisely. You can connect with your advocate for further recourse and guidance in the matter.Thank you.","The process described appears to be irregular. Under Section 167(2) of the Code of Criminal Procedure (CrPC), once the investigation is complete, the police should file a charge sheet in court, and the court should then issue a summons or warrant for the accused to appear. The requirement for you to bring witnesses for a bail process at this stage is not standard procedure.

You can file a petition in the High Court under Section 482 CrPC to quash the proceedings if this irregularity is causing undue delay or prejudice. Alternatively, consult with your lawyer to ensure the correct process is being followed and consider filing a complaint about the procedural irregularities with a higher police authority or the court.",2.1221,22.2023,18.644,3.9559,16.4299,20.5111,3.2801,20.0199,4.4031,1.5684,1.0,27.1385,49.3219,48.9553,83.8938
160,"In my case Prosecution sanction has issued demanding money for recording Measurements Book, that was not my duty, while ACB challan has framed charges for demanding money for signing completion certificate. When and at what stage I should challenge it. How I can get benifits for this .( Jaipur, Rajasthan )",HKG::MEPS_26 → HKG::MEPS_40 → HKG::PGA_7 → HKG::EPF_7D,HKG::MEPS_26 → HKG::MEPS_40 → HKG::PGA_7 → HKG::EPF_7D → HKG::labour_court → HKG::leave → HKG::notice_period → HKG::PROC_GRATUITY_CLAIM,"Sir a present municipal commissioner registered a contract Co. in his office to participate in works contract. . an elected councillor is a major partner in the company The company took many contract payments . They produced fake TDS tax remitted certificates and misappropriated tax revenue 38 lacs. HC ordered for recovery. Recovery was effected. FIR registered against the Co. But still present commissioner awarding contact to same Co. But no criminal action initiated against the commissioner. So many petition sent to higher officers. All are waste. Pl tell what's the procedure to get prosecution sanction against the commissioner sir( Vijayawada, Andhra Pradesh )","Sir I've mads omplaint n  filed a WP  in 2018 against an assistant Commr commercial tax for his alleged activities in filing complain against a trader. ie he has shown less crime of forgery docs instead of huge.  ie 150 nos instead of 8. and made favour the accused n weakened the FIR. By this trader evaded 45 lakhs VAT. Only department action taken on him. 

As expected FIR is now dropped  by police  since non coop of AC the complainant. In these three yrs AG audit sent report that he has committed 17 crores revenue loss in his service period.  

Can I  withdraw my earlier WP n file a fresh WP to  take criminal action as well as department action?  I'm the root cause for AG Audit report.( Salem, Tamil Nadu )","Shall i file objection in JMFC or approach to high court to quash police final report in 498a F.I.R ?
In 498a, 406 F.I.R last alleged incident of date 01.08.2020 after 2 year on 20.02.2022 F.I.R gets registered&nbsp;in different state&nbsp;till now police final report is not yet submitted , in term on evidence&nbsp;police will submit 2 -3 fake whatsup&nbsp;messges&nbsp;on year 2019.&nbsp;

IO told me he is going to submit charge sheet in few days.
The day IO submit final report in MM court ,&nbsp;shall i reach court and submit objection u/s 468(2)(c), now court is bared to take cognizance&nbsp;due to limitation act.also jurisdiction&nbsp;ground as per recent judgment of supreme court on dated 25.09.2024 KAILASHBEN MAHENDRABHAI PATEL c ?
shall i approach&nbsp;to delhi high court&nbsp; to quash on the judgment on A.Kaliyaperumal of madardh high court of 2024 on limitation groud&nbsp;?
can i go the delhi high to quash even after submission of final report in MM court( New Delhi, Delhi )","Dear Client,Under Section 19 of the Prevention of Corruption Act, 1988, sanction for prosecution is required for an offence punishable under Sections 7, 10, 11, 13, 15 of the Act, while under Section 197(1) Cr. P.C. sanction is required for an offence committed by a public servant while acting or purporting to act in the discharge of his official duty, and not otherwise. After the amendment of the Prevention of Corruption Act, in 2018, it significantly extended the provisions of PCA and gave it the required edge to tackle bribery/corruption involving commercial entities/private companies. According to Section 9 of the amended Act, a commercial organization can be held liable âif any person associated with such commercial organization gives or promises to give any undue advantage to a public servantâ with an intent to obtain or retain business or any advantage for that commercial organization. This provision covers all types of entities (including domestic companies, foreign companies, and partnerships) doing business in India. Thus, while the PCA, 1988 applied to public sector employees, the Act has been amended to encompass situations where private organizations and individuals can also be held accountable for indulging in corrupt practices. Further, the CBI investigates cases of corruption in compliance with the provisions of the Prevention of Corruption Act 1988, under the supervision of the Central Vigilance Commission (CVC). This can include cases of bribery, extortion, and other forms of corruption. The CBI has a special division called the Anti-Corruption Branch (ACB). This branch handles the investigation of corruption-related cases. The CBI can initiate suo moto investigations on the basis of information received from the public, the media, or other sources. CBI lays great emphasis on catching corrupt public servants who demand and take bribes. The process of catching such corrupt public servants red-handed while they demand and take bribes is popularly called the 'trap'. It is not a legal term. A set procedure has been devised in CBI to lay a trap against a corrupt public servant. The evidence collected during the process of trap is placed before the court along with the charge sheet and is quite important in securing the conviction of the public servant charged with corruption. So, given the proposition of relevant laws, you may choose the recourse/steps that suit your grievance most in the prevailing situation, If required, hire an experienced Advocate to navigate the issues in the right way.","Challenge the prosecution sanction at the stage of framing charges in the trial court. Under Section 19 of the Prevention of Corruption Act, 1988, the validity of a sanction can be questioned if it is based on incorrect or irrelevant facts. Since the sanction was issued for a duty not assigned to you, argue that the sanction lacks a factual basis. File a petition under Section 482 of the CrPC in the High Court to quash the proceedings, emphasizing the discrepancy between the sanction and the charges. Collect and present evidence showing the misalignment between the alleged duty and your actual responsibilities.",0.6856,59.865,18.644,3.9559,16.4299,20.5111,3.2801,20.0199,4.4031,1.5684,1.0,27.1385,49.3219,48.9553,83.8938
161,"Police gave call to come down to the Police Station for an Investigation I remember going into Wellness store and couple other stores and and stealing some Items like facewash , chocolate and protein powder The officer on the call told there was going to be an arrest now or then I didn't visit the PS then But now I am worried that I might get arrest just stolling the streets( Pune, Maharashtra )","PC::High Court Allowed Appeal for Some Items → HKG::GST_69 → PC::Police Personnel Took Court Officers to Police Station → PC::Section 7 of the Police Act, 1861","PC::High Court Allowed Appeal for Some Items → HKG::GST_69 → PC::Police Personnel Took Court Officers to Police Station → PC::Section 7 of the Police Act, 1861 → HKG::BTC_346 → HKG::BTC → HKG::GST → PC::Bona Fide Impression of Assessee Considered","Sir a present municipal commissioner registered a contract Co. in his office to participate in works contract. . an elected councillor is a major partner in the company The company took many contract payments . They produced fake TDS tax remitted certificates and misappropriated tax revenue 38 lacs. HC ordered for recovery. Recovery was effected. FIR registered against the Co. But still present commissioner awarding contact to same Co. But no criminal action initiated against the commissioner. So many petition sent to higher officers. All are waste. Pl tell what's the procedure to get prosecution sanction against the commissioner sir( Vijayawada, Andhra Pradesh )","Sir I've mads omplaint n  filed a WP  in 2018 against an assistant Commr commercial tax for his alleged activities in filing complain against a trader. ie he has shown less crime of forgery docs instead of huge.  ie 150 nos instead of 8. and made favour the accused n weakened the FIR. By this trader evaded 45 lakhs VAT. Only department action taken on him. 

As expected FIR is now dropped  by police  since non coop of AC the complainant. In these three yrs AG audit sent report that he has committed 17 crores revenue loss in his service period.  

Can I  withdraw my earlier WP n file a fresh WP to  take criminal action as well as department action?  I'm the root cause for AG Audit report.( Salem, Tamil Nadu )","Shall i file objection in JMFC or approach to high court to quash police final report in 498a F.I.R ?
In 498a, 406 F.I.R last alleged incident of date 01.08.2020 after 2 year on 20.02.2022 F.I.R gets registered&nbsp;in different state&nbsp;till now police final report is not yet submitted , in term on evidence&nbsp;police will submit 2 -3 fake whatsup&nbsp;messges&nbsp;on year 2019.&nbsp;

IO told me he is going to submit charge sheet in few days.
The day IO submit final report in MM court ,&nbsp;shall i reach court and submit objection u/s 468(2)(c), now court is bared to take cognizance&nbsp;due to limitation act.also jurisdiction&nbsp;ground as per recent judgment of supreme court on dated 25.09.2024 KAILASHBEN MAHENDRABHAI PATEL c ?
shall i approach&nbsp;to delhi high court&nbsp; to quash on the judgment on A.Kaliyaperumal of madardh high court of 2024 on limitation groud&nbsp;?
can i go the delhi high to quash even after submission of final report in MM court( New Delhi, Delhi )","Dear Client,A police officer cannot ask you to come to the police station by giving you a call. He must follow the conditions laid down under section 160 of CrPC. The summon must be issued to you in writing and must include the investigating Officerâs name, title, and address as well as information on the FIR and the offence.","Under Section 41 of the Code of Criminal Procedure, 1973, the police have the authority to arrest without a warrant if there is credible information or reasonable suspicion that a cognizable offense has been committed, such as theft under Section 379 of the Indian Penal Code. Since you have admitted to shoplifting, the police may have grounds to arrest you. 

It is advisable to voluntarily visit the police station to cooperate with the investigation, which may mitigate the situation and demonstrate good faith. You can also consider consulting a criminal defense lawyer to discuss potential defenses or plea options. Avoiding the police could lead to a warrant being issued for your arrest, increasing legal complications.",1.8138,37.3023,18.644,3.9559,16.4299,20.5111,3.2801,20.0199,4.4031,1.5684,1.0,27.1385,49.3219,48.9553,83.8938
162,"One person first l love him but she activities are not good she talking very bad and always she say give money so i leave but but she black mail me i  i come your house and i told all and relation this problem i( Vellore, Tamil Nadu )","PC::Peeriakaruppan v. State of Tamil Nadu → PC::Appeal Filed Under Tamil Nadu Shops and Establishments Act → PC::Section 41 of the Tamil Nadu Shops and Establishments Act, 1947 → PC::Rule 17(b) of the Tamil Nadu Civil Services Classification Control and Appeal Rules","PC::Peeriakaruppan v. State of Tamil Nadu → PC::Appeal Filed Under Tamil Nadu Shops and Establishments Act → PC::Section 41 of the Tamil Nadu Shops and Establishments Act, 1947 → PC::Rule 17(b) of the Tamil Nadu Civil Services Classification Control and Appeal Rules → HKG::BTC_127 → HKG::BTC → HKG::IRC_76 → HKG::retrenchment","Sir a present municipal commissioner registered a contract Co. in his office to participate in works contract. . an elected councillor is a major partner in the company The company took many contract payments . They produced fake TDS tax remitted certificates and misappropriated tax revenue 38 lacs. HC ordered for recovery. Recovery was effected. FIR registered against the Co. But still present commissioner awarding contact to same Co. But no criminal action initiated against the commissioner. So many petition sent to higher officers. All are waste. Pl tell what's the procedure to get prosecution sanction against the commissioner sir( Vijayawada, Andhra Pradesh )","Sir I've mads omplaint n  filed a WP  in 2018 against an assistant Commr commercial tax for his alleged activities in filing complain against a trader. ie he has shown less crime of forgery docs instead of huge.  ie 150 nos instead of 8. and made favour the accused n weakened the FIR. By this trader evaded 45 lakhs VAT. Only department action taken on him. 

As expected FIR is now dropped  by police  since non coop of AC the complainant. In these three yrs AG audit sent report that he has committed 17 crores revenue loss in his service period.  

Can I  withdraw my earlier WP n file a fresh WP to  take criminal action as well as department action?  I'm the root cause for AG Audit report.( Salem, Tamil Nadu )","Shall i file objection in JMFC or approach to high court to quash police final report in 498a F.I.R ?
In 498a, 406 F.I.R last alleged incident of date 01.08.2020 after 2 year on 20.02.2022 F.I.R gets registered&nbsp;in different state&nbsp;till now police final report is not yet submitted , in term on evidence&nbsp;police will submit 2 -3 fake whatsup&nbsp;messges&nbsp;on year 2019.&nbsp;

IO told me he is going to submit charge sheet in few days.
The day IO submit final report in MM court ,&nbsp;shall i reach court and submit objection u/s 468(2)(c), now court is bared to take cognizance&nbsp;due to limitation act.also jurisdiction&nbsp;ground as per recent judgment of supreme court on dated 25.09.2024 KAILASHBEN MAHENDRABHAI PATEL c ?
shall i approach&nbsp;to delhi high court&nbsp; to quash on the judgment on A.Kaliyaperumal of madardh high court of 2024 on limitation groud&nbsp;?
can i go the delhi high to quash even after submission of final report in MM court( New Delhi, Delhi )","Dear Sir,You may follow the following and be away from her.======================================================An important first step in getting rid of a girlfriend is to find the right soundtrack to do it to. Now, you could take the easy path and listen to some âangstyâ pop-punk, but letâs face it, they donât know what a real girlfriend is.Reasons to Get Rid of Your Girlfriend1.	Poor communication2.	Bad sex3.	Sheâs cheating you4.	Youâre cheating on her5.	Youâre cheating on each other6.	Money7.	Chemical dependency8.	She didnât notice your cat sleeping in the dryer,9.	so you gave her dog to the humane society.10.	Ensuing litigationTell Her Face-to-FaceWith modern technology, ending a relationship via email or text may seem like the safest option to avoid an emotional scene. However, breaking up using either of those methods only makes you look cowardly. .Be Honest With HerIt can be tempting to be a little dishonest to your girlfriend in the hopes that sheâll take the break up easier.Be Strong and Remain CalmIf the breakup isnât mutual or expected, thereâs a chance that your girlfriend will react emotionally. She might yell, cry or show other signs of being upset, which makes it even more important that you keep your cool.","Blackmail is a criminal offense under Section 383 of the Indian Penal Code, which defines extortion as intentionally putting a person in fear of injury to induce them to deliver property or money. The user's situation involves potential extortion, as the individual is threatening to reveal personal information unless money is given. The user can file a police complaint against the person for blackmail and extortion. It is advisable to gather and preserve any evidence of the threats, such as messages or recordings, to support the complaint. Avoid giving any money or engaging further with the person making threats.",0.2512,23.3056,18.644,3.9559,16.4299,20.5111,3.2801,20.0199,4.4031,1.5684,1.0,27.1385,49.3219,48.9553,83.8938
163,"I am Dipa Mukherjee age is 59+ and my Brother in-law Arun Mukherjee continuously mentally and economically harassing me and my husband. My husband is a Senior citizen and seriously ill almost bedridden. My Brother in-law Arun Mukherjee taking that advantage. Previously he filed a false case against my husband and submit a false deed. We won that case 2017. Now we decided to give our house for promoting and Arun  Mukherjee  had taken Rs. 50,000 from promoters and he with that promoters together threatening us and blackmailing us. Gave us layer letter claiming Rs. 5 lack. Can I filled a 498a case against Arun  Mukherjee for this kind of harassment. Is there any age limit for filling this case? If I can't fill this case then how can I go further to fight against my brother in-law?( Kolkata, West Bengal )",HKG::EPF_6 → HKG::EPF_AT_2 → HKG::CCS_ME_3 → HKG::CCS_ME_5,HKG::EPF_6 → HKG::EPF_AT_2 → HKG::CCS_ME_3 → HKG::CCS_ME_5 → HKG::leave → HKG::labour_court → HKG::CCS_ME → HKG::provident_fund,"Sir a present municipal commissioner registered a contract Co. in his office to participate in works contract. . an elected councillor is a major partner in the company The company took many contract payments . They produced fake TDS tax remitted certificates and misappropriated tax revenue 38 lacs. HC ordered for recovery. Recovery was effected. FIR registered against the Co. But still present commissioner awarding contact to same Co. But no criminal action initiated against the commissioner. So many petition sent to higher officers. All are waste. Pl tell what's the procedure to get prosecution sanction against the commissioner sir( Vijayawada, Andhra Pradesh )","Sir I've mads omplaint n  filed a WP  in 2018 against an assistant Commr commercial tax for his alleged activities in filing complain against a trader. ie he has shown less crime of forgery docs instead of huge.  ie 150 nos instead of 8. and made favour the accused n weakened the FIR. By this trader evaded 45 lakhs VAT. Only department action taken on him. 

As expected FIR is now dropped  by police  since non coop of AC the complainant. In these three yrs AG audit sent report that he has committed 17 crores revenue loss in his service period.  

Can I  withdraw my earlier WP n file a fresh WP to  take criminal action as well as department action?  I'm the root cause for AG Audit report.( Salem, Tamil Nadu )","The guy is a lawyer n 28 year old and I m 19 ... We met each other last year April 2023 since he used to work near by my place in a bank aswell .. I went there to make my account n often used to meet each other due to banking works n we got connected with each other since I was really lonely and had no one to share my feelings to i used to go n share my feelings my problem to him .. like my past trauma that I was sexually assaulted by my dad... Which was years back n i still think of that n get anxiety about it . So we got connected and we started got physical too though we didn't had sex.... Thn I got admission in my college as a fresher and I had to go there to study n we didn't contact or text much .. during Durga Puja we got holiday and I came back n i realise my feelings slowly faded for him he asked me if he wanted to go further i didn't wanted to hurt him so i agreed to him when I went back after holidays we stoped contacting each other for 2 months so I thought the thing between us is over so I went in a relationship with other guy .. this winter break when I came back he saw me n started calling me n messaging me .. I got offended n I tried clearing him n told I don't want to stay in the relationship.. now he is acting up all crazy like a mental person .. threatening me to come home , kill me n dad or whoever is in my life ... Threatening me to harm me .. telling me to behave with him the same way like we used to which I don't want at all .. he yells n screams at me .. use different different Galis ... Calls me randi n whatever idk .. he is not leaving me at all n i m getting affected mentally .. I don't want my parents getting involved since I had shared him abt my dad n he is the only one with me right now .. he is threatening to kills my friends too .. day before yesterday I told him we will clear it out so I went to his office we tried doing it but he was giving me gali n all I told I don't want to be in relationship and be as a friend to him n settle it out clearly but he is not trying to understand.. he called me in his room to talk personally because mostly costomers keeps on coming in the office n will distract us so i agreed but when he took me in his room he tried kissing me which i denied.. tried touching me which i denied too .. when he didn't got what he wanted he just stood up opened his pants n started to masturbate .. I got really scared n started to cryy .. idk what to do .. yesterday he threatened me to come to my house late night ... And I m still scared idk what to doo.. today im going to his office again idk what will happen .. I just need help can someone help me idk what to do .. please help me I don't want my family to get involved in this help me( Siliguri, West Bengal )","Dear Madam,You may file FIR and Complaint case against him. If he is residing jointly with you then a Domestic violence case may be filed.If he has withdraw â¹50000/- without your permission from promoters then ask all about how promoters allowed to give him such money. Make a clear deed / agreement with promoters with rights and benefits, if ur Bro. In Law is shre holder then clearly specify not without ur permission for any payment.If promoters defrauded with you or breach you file FIR u/s 420 and 120 , 467, 468 of IPC.If needed , feel free to contact contact for further guidance.Thanks","Section 498A of the Indian Penal Code is specifically applicable to a husband or his relatives subjecting a woman to cruelty, typically in the context of domestic violence or dowry demands. It does not apply to the situation involving your brother-in-law's economic and mental harassment. Instead, consider filing a police complaint for criminal intimidation under Section 506 IPC, and for cheating under Section 420 IPC, given the threats and false claims made by your brother-in-law.

To further protect your interests, file a civil suit for an injunction to prevent further harassment and interference with your property rights. Consult with a local attorney to draft and file these complaints effectively.",0.6974,49.9589,18.644,3.9559,16.4299,20.5111,3.2801,20.0199,4.4031,1.5684,1.0,27.1385,49.3219,48.9553,83.8938
164,"I want to get examples of some cases in  which court has given punishment to the party and his lawyer for filing false affidavit in the court( Giridih, Jharkhand )",PC::False Affidavit Allegation → PC::Petitioner Alleged False Affidavit Regarding Notification → HKG::IEA_65 → PC::Affidavit in Chief Tendered for Evidence,PC::False Affidavit Allegation → PC::Petitioner Alleged False Affidavit Regarding Notification → HKG::IEA_65 → PC::Affidavit in Chief Tendered for Evidence → PC::Application for Amendment of Written Statement Rejected → HKG::MB_AMD_3 → HKG::MB_AMD → HKG::FIN_A_6,"Sir a present municipal commissioner registered a contract Co. in his office to participate in works contract. . an elected councillor is a major partner in the company The company took many contract payments . They produced fake TDS tax remitted certificates and misappropriated tax revenue 38 lacs. HC ordered for recovery. Recovery was effected. FIR registered against the Co. But still present commissioner awarding contact to same Co. But no criminal action initiated against the commissioner. So many petition sent to higher officers. All are waste. Pl tell what's the procedure to get prosecution sanction against the commissioner sir( Vijayawada, Andhra Pradesh )","Sir I've mads omplaint n  filed a WP  in 2018 against an assistant Commr commercial tax for his alleged activities in filing complain against a trader. ie he has shown less crime of forgery docs instead of huge.  ie 150 nos instead of 8. and made favour the accused n weakened the FIR. By this trader evaded 45 lakhs VAT. Only department action taken on him. 

As expected FIR is now dropped  by police  since non coop of AC the complainant. In these three yrs AG audit sent report that he has committed 17 crores revenue loss in his service period.  

Can I  withdraw my earlier WP n file a fresh WP to  take criminal action as well as department action?  I'm the root cause for AG Audit report.( Salem, Tamil Nadu )","Shall i file objection in JMFC or approach to high court to quash police final report in 498a F.I.R ?
In 498a, 406 F.I.R last alleged incident of date 01.08.2020 after 2 year on 20.02.2022 F.I.R gets registered&nbsp;in different state&nbsp;till now police final report is not yet submitted , in term on evidence&nbsp;police will submit 2 -3 fake whatsup&nbsp;messges&nbsp;on year 2019.&nbsp;

IO told me he is going to submit charge sheet in few days.
The day IO submit final report in MM court ,&nbsp;shall i reach court and submit objection u/s 468(2)(c), now court is bared to take cognizance&nbsp;due to limitation act.also jurisdiction&nbsp;ground as per recent judgment of supreme court on dated 25.09.2024 KAILASHBEN MAHENDRABHAI PATEL c ?
shall i approach&nbsp;to delhi high court&nbsp; to quash on the judgment on A.Kaliyaperumal of madardh high court of 2024 on limitation groud&nbsp;?
can i go the delhi high to quash even after submission of final report in MM court( New Delhi, Delhi )","Sure, will help you.","Filing a false affidavit in court is a serious offense and can lead to contempt proceedings under Section 195 of the Code of Criminal Procedure, 1973, and Section 340 CrPC, which empowers the court to conduct an inquiry into the offense. In the case of *Dhananjay Sharma v. State of Haryana* (1995), the Supreme Court held that filing a false affidavit amounts to contempt of court and can attract penal consequences. The court can punish both the party and the lawyer involved if it is proven that they knowingly filed a false affidavit.

To proceed, file an application under Section 340 CrPC in the court where the false affidavit was submitted, requesting an inquiry into the matter. Gather evidence demonstrating the falsity of the affidavit and the intent behind its submission to strengthen your case.",0.2812,0.9441,18.644,3.9559,16.4299,20.5111,3.2801,20.0199,4.4031,1.5684,1.0,27.1385,49.3219,48.9553,83.8938
165,"I am 75 years old, me and one member of my family have land in same survey no. We have been cultivating that land for generations in our allotted portion. In 2022 , that family member plowed sorghum in my allocated portion of land, we removed some of plants after few days. That man, with his money, he filed a criminal case against us in the police station and started harassing us, because the land owned by that man was not in a shape. Please note that this was his real intention behind filing criminal case.  and also, for several years he barely cultivates his portion of land. We could re-partion the land and give in his desired shape, but my portion will be shapeless. The police have issued summons to us. We are attending to the court every 2 months like the wrongdoers but they do not listen to our arguments at this stage.I have never been to the police station and court in my life. And I wasn't aware that I can goto high court and get this case squashed at that time. I and my family are suffering a lot from this wicked man.  My questions are, can we not plead in such a criminal case? How many years will the court ask me to attend the court? When will the judge hear our words? Can such a case not be dismissed? Your suggestion is very helpful to me and Thank you in advance.( Warangal, Telangana )",PC::Criminal Case Quashed by High Court → PC::Police Personnel Took Court Officers to Police Station → HKG::EC_RULES_68 → PC::Appellant Acquitted in Criminal Case,PC::Criminal Case Quashed by High Court → PC::Police Personnel Took Court Officers to Police Station → HKG::EC_RULES_68 → PC::Appellant Acquitted in Criminal Case → HKG::EC_RULES → HKG::LIM_133 → HKG::leave → PC::Section 482 of the Code of Criminal Procedure,"Sir a present municipal commissioner registered a contract Co. in his office to participate in works contract. . an elected councillor is a major partner in the company The company took many contract payments . They produced fake TDS tax remitted certificates and misappropriated tax revenue 38 lacs. HC ordered for recovery. Recovery was effected. FIR registered against the Co. But still present commissioner awarding contact to same Co. But no criminal action initiated against the commissioner. So many petition sent to higher officers. All are waste. Pl tell what's the procedure to get prosecution sanction against the commissioner sir( Vijayawada, Andhra Pradesh )","Sir I've mads omplaint n  filed a WP  in 2018 against an assistant Commr commercial tax for his alleged activities in filing complain against a trader. ie he has shown less crime of forgery docs instead of huge.  ie 150 nos instead of 8. and made favour the accused n weakened the FIR. By this trader evaded 45 lakhs VAT. Only department action taken on him. 

As expected FIR is now dropped  by police  since non coop of AC the complainant. In these three yrs AG audit sent report that he has committed 17 crores revenue loss in his service period.  

Can I  withdraw my earlier WP n file a fresh WP to  take criminal action as well as department action?  I'm the root cause for AG Audit report.( Salem, Tamil Nadu )","Dear Sir, 

One of the nationalised bank lodged an FIR against me under IPC SEC 420 for cheating and fraud related to ATM transactions in the year 2015.

For your kind information, i and my two relatives made 50 + atm transactions using their two atm. And all the transactions was unsuccessful. After raising disputes, they reverse the amount for 30+ claims. But they refused to settle the claims for last few transactions and alleged me and my relatives that we falsely lodged complaints due to ATM malfunctions. The ATM machine is failed to provide valid journal log of the all these transactions and also not providing CCTV Footage.

I raised a complaint for two of the said unsettled transactions in banking ombudsman, RBI and RBI also made decisions in my favour and asked the bank to refund the amount due to lack of evidence and CCTV Footage. And bank also bound to refund the amount after the RBI Mumbai rejects their appeal.

I also submits a petition at the high court for quashing the FIR. But the concerned IO and public prosecutor urged the court that investigation is still pending and they need some time to complete the investigation. And for that reason, the high court dismissed my petition and ordered the concerned IO to start the investigation without further delay and complete the same as soon as possible. The said judgement was made almost two years ago.

So I cordially request you to look into the matter and give me some advice what can I do right now.

With regards,

S Dasgupta.( Guwahati, Assam )","Dear Client,To address a false FIR/complaint filed against you, you can seek its quashing through a petition before the High Court under Section 482 of the Code of Criminal Procedure, 1973(replaced by Section 528 of the BNSS). The Sec.482 Cr. PC (Section 528 of the BNSS) empowers the High Court to dismiss an FIR or criminal proceedings against the accused. It is essential to prove to the court that the FIR was lodged with malicious intent to cause harm or inconvenience and is devoid of truth. The burden of proof rests on the petitioner. An application for the quashing of an FIR or criminal proceedings can also be filed before the High Court under Article 226 of the Constitution of India through a Criminal Miscellaneous Writ Petition invoking the extraordinary jurisdiction of the Court to quash an FIR or criminal proceedings. Speedy trial is a fundamental right implicit in the guarantee of life and personal liberty enshrined in Article 21 of the Constitution of India and any party to a litigation who is denied this right of speedy trial is entitled to approach the High Court under Article 226 of the Constitution of India to enforce such right.  Apart, you can put up an application before the trial Court praying for the transfer of your case to a Fast Track Court or Lok Adalat for speedy trial by expressing the reasons/causes in the application The Chief Justice of India has addressed the Chief Justice of all the High Courts across the country advising them to identify and dispose of cases on a priority basis in which persons above 65 years of age are involved. These include long pending cases of senior citizens, pensioners, and retired Government servants on a priority basis.","Under Section 482 of the Code of Criminal Procedure, you can petition the High Court to quash the criminal case if it is clear that the case is frivolous or intended to harass. The High Court has inherent powers to prevent abuse of the process of the court and to secure the ends of justice. You cannot plead directly in the lower court to dismiss the case without following proper legal procedures. 

To address your situation, file a petition in the High Court seeking to quash the FIR and the ongoing proceedings, citing the harassment and lack of genuine legal basis for the case. Additionally, consider seeking a stay on the proceedings in the lower court while your petition is pending.",3.8952,72.5332,18.644,3.9559,16.4299,20.5111,3.2801,20.0199,4.4031,1.5684,1.0,27.1385,49.3219,48.9553,83.8938
166,"Itâs been 1 years and 3 months since I have been released from jail ,  because of 3,19 gram of heroin, now Iâm going every month for court appearance, my question is  will I go to jail again after trial ? And why itâs so taking long time in HIMACHAL  SHIMLA( Shimla, Himachal Pradesh )",HKG::MEPS_26 → HKG::MEPS_40,HKG::MEPS_26 → HKG::MEPS_40 → HKG::leave → HKG::notice_period → HKG::MEPS → HKG::retrenchment,"Sir a present municipal commissioner registered a contract Co. in his office to participate in works contract. . an elected councillor is a major partner in the company The company took many contract payments . They produced fake TDS tax remitted certificates and misappropriated tax revenue 38 lacs. HC ordered for recovery. Recovery was effected. FIR registered against the Co. But still present commissioner awarding contact to same Co. But no criminal action initiated against the commissioner. So many petition sent to higher officers. All are waste. Pl tell what's the procedure to get prosecution sanction against the commissioner sir( Vijayawada, Andhra Pradesh )","Sir I've mads omplaint n  filed a WP  in 2018 against an assistant Commr commercial tax for his alleged activities in filing complain against a trader. ie he has shown less crime of forgery docs instead of huge.  ie 150 nos instead of 8. and made favour the accused n weakened the FIR. By this trader evaded 45 lakhs VAT. Only department action taken on him. 

As expected FIR is now dropped  by police  since non coop of AC the complainant. In these three yrs AG audit sent report that he has committed 17 crores revenue loss in his service period.  

Can I  withdraw my earlier WP n file a fresh WP to  take criminal action as well as department action?  I'm the root cause for AG Audit report.( Salem, Tamil Nadu )","Dear Sir, 

One of the nationalised bank lodged an FIR against me under IPC SEC 420 for cheating and fraud related to ATM transactions in the year 2015.

For your kind information, i and my two relatives made 50 + atm transactions using their two atm. And all the transactions was unsuccessful. After raising disputes, they reverse the amount for 30+ claims. But they refused to settle the claims for last few transactions and alleged me and my relatives that we falsely lodged complaints due to ATM malfunctions. The ATM machine is failed to provide valid journal log of the all these transactions and also not providing CCTV Footage.

I raised a complaint for two of the said unsettled transactions in banking ombudsman, RBI and RBI also made decisions in my favour and asked the bank to refund the amount due to lack of evidence and CCTV Footage. And bank also bound to refund the amount after the RBI Mumbai rejects their appeal.

I also submits a petition at the high court for quashing the FIR. But the concerned IO and public prosecutor urged the court that investigation is still pending and they need some time to complete the investigation. And for that reason, the high court dismissed my petition and ordered the concerned IO to start the investigation without further delay and complete the same as soon as possible. The said judgement was made almost two years ago.

So I cordially request you to look into the matter and give me some advice what can I do right now.

With regards,

S Dasgupta.( Guwahati, Assam )","Dear Sir,In every State the Trials will take for a longer time due to heavy burden of cases, non-appearance of witnesses due to non service of summons etc. Be aware that allow it to be delayed so that witness may forget about what has happened really and thus you will get benefit of it.","Under the Narcotic Drugs and Psychotropic Substances Act, 1985 (NDPS Act), possession of heroin is a serious offense, and the penalty depends on the quantity involved. For 3.19 grams, which falls under the ""small quantity"" category, the punishment can be rigorous imprisonment up to one year, or a fine, or both (Section 21(a) NDPS Act). The delay in trial may be due to court backlog or procedural issues.

To expedite the process, consider filing a petition for speedy trial under Article 21 of the Constitution of India, which guarantees the right to a fair and speedy trial. Consult with your lawyer to explore the possibility of plea bargaining under Section 265A of the CrPC, which might lead to a lesser sentence or fine if applicable.",0.8304,32.6601,18.644,3.9559,16.4299,20.5111,3.2801,20.0199,4.4031,1.5684,1.0,27.1385,49.3219,48.9553,83.8938
167,"My brother in law out matrimonial issue spoke to my parents in very abusive and filthy manner which is so shameful that we don't ever dare to repeat it, he does it often and threaten in aggressive way, we even have call recording of it. Now I want to file a legal case against him as it's a matter of dignity and self respect.( Wardha, Maharashtra )",PC::Prosecution Failed to Prove Case Against Appellant → HKG::BTC_157 → PC::Prosecution Failed to Establish Case Against Accused → PC::Conviction Found Bad in Law,"PC::Prosecution Failed to Prove Case Against Appellant → HKG::BTC_157 → PC::Prosecution Failed to Establish Case Against Accused → PC::Conviction Found Bad in Law → PC::Section 18 of the Narcotic Drugs and Psychotropic Substances Act, 1985 → PC::High Court Found Defence Version More Probable → HKG::LIM_133 → HKG::leave","Sir a present municipal commissioner registered a contract Co. in his office to participate in works contract. . an elected councillor is a major partner in the company The company took many contract payments . They produced fake TDS tax remitted certificates and misappropriated tax revenue 38 lacs. HC ordered for recovery. Recovery was effected. FIR registered against the Co. But still present commissioner awarding contact to same Co. But no criminal action initiated against the commissioner. So many petition sent to higher officers. All are waste. Pl tell what's the procedure to get prosecution sanction against the commissioner sir( Vijayawada, Andhra Pradesh )","Sir I've mads omplaint n  filed a WP  in 2018 against an assistant Commr commercial tax for his alleged activities in filing complain against a trader. ie he has shown less crime of forgery docs instead of huge.  ie 150 nos instead of 8. and made favour the accused n weakened the FIR. By this trader evaded 45 lakhs VAT. Only department action taken on him. 

As expected FIR is now dropped  by police  since non coop of AC the complainant. In these three yrs AG audit sent report that he has committed 17 crores revenue loss in his service period.  

Can I  withdraw my earlier WP n file a fresh WP to  take criminal action as well as department action?  I'm the root cause for AG Audit report.( Salem, Tamil Nadu )","Shall i file objection in JMFC or approach to high court to quash police final report in 498a F.I.R ?
In 498a, 406 F.I.R last alleged incident of date 01.08.2020 after 2 year on 20.02.2022 F.I.R gets registered&nbsp;in different state&nbsp;till now police final report is not yet submitted , in term on evidence&nbsp;police will submit 2 -3 fake whatsup&nbsp;messges&nbsp;on year 2019.&nbsp;

IO told me he is going to submit charge sheet in few days.
The day IO submit final report in MM court ,&nbsp;shall i reach court and submit objection u/s 468(2)(c), now court is bared to take cognizance&nbsp;due to limitation act.also jurisdiction&nbsp;ground as per recent judgment of supreme court on dated 25.09.2024 KAILASHBEN MAHENDRABHAI PATEL c ?
shall i approach&nbsp;to delhi high court&nbsp; to quash on the judgment on A.Kaliyaperumal of madardh high court of 2024 on limitation groud&nbsp;?
can i go the delhi high to quash even after submission of final report in MM court( New Delhi, Delhi )","In my humble suggestion, yes you can go ahead and file a case against your brother in law with regard to his abusive behavior.","The abusive and threatening behavior of your brother-in-law may constitute criminal intimidation under Section 506 of the Indian Penal Code (IPC) and potentially defamation under Section 499 IPC if the statements were intended to harm your reputation. You can file a police complaint at your local police station, providing the call recordings as evidence. Ensure that the complaint details the specific incidents and language used to substantiate the claim of criminal intimidation. If the police do not take action, you can approach the Magistrate Court under Section 200 of the Criminal Procedure Code to file a private complaint.",1.2324,71.236,18.644,3.9559,16.4299,20.5111,3.2801,20.0199,4.4031,1.5684,1.0,27.1385,49.3219,48.9553,83.8938
168,"During interrogation confession statement of thief not made on a front of magistrate which is not admissible in the court but Police involve my father in false case u/s 380,457 and 411 ipc i am apply for anticipatory bail in sessions court it is rejected then apply in high court chandigarh and get interim relief after that my father join investigation but police ask for recovery in court and anticipatory bail gets rejected if i don't get stolen property how to get recovered My father acquitted in 3 other criminal cases of u/s 379, 411 and 482 Police can do this only for political pressure because my property case is pending in the court. How to get anticipatory bail can i file court case because confession statement not admissible in court and why police interrogate my father and go for jail( Jalandhar, Punjab )",HKG::ATA_19,HKG::ATA_19 → HKG::PROC_GOVT_SERVICE_DISPUTE → HKG::govt_service → HKG::Administrative Tribunals Act 1985 → HKG::labour_court,"Sir a present municipal commissioner registered a contract Co. in his office to participate in works contract. . an elected councillor is a major partner in the company The company took many contract payments . They produced fake TDS tax remitted certificates and misappropriated tax revenue 38 lacs. HC ordered for recovery. Recovery was effected. FIR registered against the Co. But still present commissioner awarding contact to same Co. But no criminal action initiated against the commissioner. So many petition sent to higher officers. All are waste. Pl tell what's the procedure to get prosecution sanction against the commissioner sir( Vijayawada, Andhra Pradesh )","Sir I've mads omplaint n  filed a WP  in 2018 against an assistant Commr commercial tax for his alleged activities in filing complain against a trader. ie he has shown less crime of forgery docs instead of huge.  ie 150 nos instead of 8. and made favour the accused n weakened the FIR. By this trader evaded 45 lakhs VAT. Only department action taken on him. 

As expected FIR is now dropped  by police  since non coop of AC the complainant. In these three yrs AG audit sent report that he has committed 17 crores revenue loss in his service period.  

Can I  withdraw my earlier WP n file a fresh WP to  take criminal action as well as department action?  I'm the root cause for AG Audit report.( Salem, Tamil Nadu )","Shall i file objection in JMFC or approach to high court to quash police final report in 498a F.I.R ?
In 498a, 406 F.I.R last alleged incident of date 01.08.2020 after 2 year on 20.02.2022 F.I.R gets registered&nbsp;in different state&nbsp;till now police final report is not yet submitted , in term on evidence&nbsp;police will submit 2 -3 fake whatsup&nbsp;messges&nbsp;on year 2019.&nbsp;

IO told me he is going to submit charge sheet in few days.
The day IO submit final report in MM court ,&nbsp;shall i reach court and submit objection u/s 468(2)(c), now court is bared to take cognizance&nbsp;due to limitation act.also jurisdiction&nbsp;ground as per recent judgment of supreme court on dated 25.09.2024 KAILASHBEN MAHENDRABHAI PATEL c ?
shall i approach&nbsp;to delhi high court&nbsp; to quash on the judgment on A.Kaliyaperumal of madardh high court of 2024 on limitation groud&nbsp;?
can i go the delhi high to quash even after submission of final report in MM court( New Delhi, Delhi )",You can file bail application..,"Under Indian law, a confession made to police is not admissible in court unless made in the presence of a Magistrate, as per Section 25 of the Indian Evidence Act. Since your father's anticipatory bail was rejected, consider filing a regular bail application under Section 437 or 439 of the CrPC, emphasizing his prior acquittals and lack of evidence against him. Additionally, if the police are acting under political pressure, file a petition under Section 482 of the CrPC in the High Court to quash the FIR, arguing that the case is based on inadmissible evidence and lacks merit. Engage an experienced criminal lawyer to strengthen your case and ensure proper representation.",0.7318,47.1596,18.644,3.9559,16.4299,20.5111,3.2801,20.0199,4.4031,1.5684,1.0,27.1385,49.3219,48.9553,83.8938
169,"A man sexually exploited me under false promises of marriage. When I filed a complaint, the police facilitated a compromise to marry instead of registering an FIR. But then he refused and went missing so I filed a complaint reporting those events. The police sent me back saying they will register an FIR based on both the complaints but they registered only the second complaint under IPC 417, 420. When I asked why they did not register the offence of 376 I reported first, they said they will alter the section but after one month they are refusing. They have not yet remanded the accused either. What are my legal options now? How can I get 376 added?( Hyderabad, Telangana )",PC::Respondent Filed Complaint Against Appellants → PC::Appellants Went Missing After Offence → HKG::IEA_143 → HKG::IEA_142,PC::Respondent Filed Complaint Against Appellants → PC::Appellants Went Missing After Offence → HKG::IEA_143 → HKG::IEA_142 → HKG::IEA → PC::Magistrate Dismissed Complaint → HKG::MHA_102 → HKG::MHA,"Sir a present municipal commissioner registered a contract Co. in his office to participate in works contract. . an elected councillor is a major partner in the company The company took many contract payments . They produced fake TDS tax remitted certificates and misappropriated tax revenue 38 lacs. HC ordered for recovery. Recovery was effected. FIR registered against the Co. But still present commissioner awarding contact to same Co. But no criminal action initiated against the commissioner. So many petition sent to higher officers. All are waste. Pl tell what's the procedure to get prosecution sanction against the commissioner sir( Vijayawada, Andhra Pradesh )","Sir I've mads omplaint n  filed a WP  in 2018 against an assistant Commr commercial tax for his alleged activities in filing complain against a trader. ie he has shown less crime of forgery docs instead of huge.  ie 150 nos instead of 8. and made favour the accused n weakened the FIR. By this trader evaded 45 lakhs VAT. Only department action taken on him. 

As expected FIR is now dropped  by police  since non coop of AC the complainant. In these three yrs AG audit sent report that he has committed 17 crores revenue loss in his service period.  

Can I  withdraw my earlier WP n file a fresh WP to  take criminal action as well as department action?  I'm the root cause for AG Audit report.( Salem, Tamil Nadu )","Dear Sir, 

One of the nationalised bank lodged an FIR against me under IPC SEC 420 for cheating and fraud related to ATM transactions in the year 2015.

For your kind information, i and my two relatives made 50 + atm transactions using their two atm. And all the transactions was unsuccessful. After raising disputes, they reverse the amount for 30+ claims. But they refused to settle the claims for last few transactions and alleged me and my relatives that we falsely lodged complaints due to ATM malfunctions. The ATM machine is failed to provide valid journal log of the all these transactions and also not providing CCTV Footage.

I raised a complaint for two of the said unsettled transactions in banking ombudsman, RBI and RBI also made decisions in my favour and asked the bank to refund the amount due to lack of evidence and CCTV Footage. And bank also bound to refund the amount after the RBI Mumbai rejects their appeal.

I also submits a petition at the high court for quashing the FIR. But the concerned IO and public prosecutor urged the court that investigation is still pending and they need some time to complete the investigation. And for that reason, the high court dismissed my petition and ordered the concerned IO to start the investigation without further delay and complete the same as soon as possible. The said judgement was made almost two years ago.

So I cordially request you to look into the matter and give me some advice what can I do right now.

With regards,

S Dasgupta.( Guwahati, Assam )","Hello Ma'amIt would be advised to write a letter to the senior officers of Police Department, for eg. SP, DIG, regarding the same. 376 is a henious offence you could force them to add that particular section in the FIR.ThanksPlease rate if you find this advice helpful.","The primary legal issue is the failure to register an FIR under IPC Section 376 for rape based on false promises of marriage. Under Indian law, particularly as per the Supreme Court's guidelines in Lalita Kumari v. Govt. of U.P. (2014), police are mandated to register an FIR if the complaint discloses a cognizable offense. You can file a writ petition in the High Court under Article 226 of the Constitution of India, seeking a direction to the police to register an FIR under Section 376 IPC. Additionally, consider filing an application under Section 156(3) CrPC before the Magistrate to direct the police to investigate the matter under the appropriate sections.",1.2011,38.3664,18.644,3.9559,16.4299,20.5111,3.2801,20.0199,4.4031,1.5684,1.0,27.1385,49.3219,48.9553,83.8938
170,"My husband had a workmate before our marriage, she was in an abusive marriage as per her, and wanted divorce from her husband, as per the information we got she has multiple affairs due to sympathy, she use to make friends than try to have a comfort with them, and than all of a sudden her husband comes into picture threatening and abusing the boys..
Currently my husband is in worst stage, he doesn't sleep , cannot focus on work.

They are threatening him saying that you forced her into this, behla fusla kar you had an affair, even if you both had consent no body can prove it.
She will say what I want her to say in court.
They threatened me yesterday that they will destroy us and our families and we will have to bear the consequences.

I have had bad thoughts yesterday about us living, women can blame anyone known or unknown.
This is sick.( Delhi, Delhi )",HKG::IDA_17B → HKG::EPF_12 → HKG::ESI_72 → HKG::ISM_12,HKG::IDA_17B → HKG::EPF_12 → HKG::ESI_72 → HKG::ISM_12 → HKG::ISM → HKG::Employees State Insurance Act 1948 → HKG::Industrial Disputes Act 1947 → HKG::wages,"Sir a present municipal commissioner registered a contract Co. in his office to participate in works contract. . an elected councillor is a major partner in the company The company took many contract payments . They produced fake TDS tax remitted certificates and misappropriated tax revenue 38 lacs. HC ordered for recovery. Recovery was effected. FIR registered against the Co. But still present commissioner awarding contact to same Co. But no criminal action initiated against the commissioner. So many petition sent to higher officers. All are waste. Pl tell what's the procedure to get prosecution sanction against the commissioner sir( Vijayawada, Andhra Pradesh )","Sir I've mads omplaint n  filed a WP  in 2018 against an assistant Commr commercial tax for his alleged activities in filing complain against a trader. ie he has shown less crime of forgery docs instead of huge.  ie 150 nos instead of 8. and made favour the accused n weakened the FIR. By this trader evaded 45 lakhs VAT. Only department action taken on him. 

As expected FIR is now dropped  by police  since non coop of AC the complainant. In these three yrs AG audit sent report that he has committed 17 crores revenue loss in his service period.  

Can I  withdraw my earlier WP n file a fresh WP to  take criminal action as well as department action?  I'm the root cause for AG Audit report.( Salem, Tamil Nadu )","Shall i file objection in JMFC or approach to high court to quash police final report in 498a F.I.R ?
In 498a, 406 F.I.R last alleged incident of date 01.08.2020 after 2 year on 20.02.2022 F.I.R gets registered&nbsp;in different state&nbsp;till now police final report is not yet submitted , in term on evidence&nbsp;police will submit 2 -3 fake whatsup&nbsp;messges&nbsp;on year 2019.&nbsp;

IO told me he is going to submit charge sheet in few days.
The day IO submit final report in MM court ,&nbsp;shall i reach court and submit objection u/s 468(2)(c), now court is bared to take cognizance&nbsp;due to limitation act.also jurisdiction&nbsp;ground as per recent judgment of supreme court on dated 25.09.2024 KAILASHBEN MAHENDRABHAI PATEL c ?
shall i approach&nbsp;to delhi high court&nbsp; to quash on the judgment on A.Kaliyaperumal of madardh high court of 2024 on limitation groud&nbsp;?
can i go the delhi high to quash even after submission of final report in MM court( New Delhi, Delhi )","Dear client,Here are a few suggestions:Safety first: If you or your husband feel threatened or unsafe, consider reaching out to local authorities or law enforcement to report the threats and seek their guidance on how to ensure your safety.Seek legal advice: Consult with a lawyer who specializes in family law or domestic issues. They can provide guidance on how to navigate the situation, protect your rights, and take appropriate legal steps if necessary. They may advise you on collecting evidence, filing for a restraining order, or taking other legal actions to protect yourselves.Document evidence: Keep a record of any threats, abusive behavior, or incidents that occur. Preserve any evidence such as text messages, emails, or other communication that may be relevant to your case.Build a support network: Reach out to friends, family, or support organizations that can offer emotional support and guidance during this challenging time. Surrounding yourselves with trusted individuals can provide some comfort and help you through the process.Focus on self-care: It's important to prioritize your mental and emotional well-being. Consider seeking therapy or counseling to help you cope with the stress and emotions you may be experiencing.","In this situation, the primary legal issue is the threat of false allegations, which could potentially lead to criminal charges under Sections 354 (assault or criminal force to woman with intent to outrage her modesty) or 376 (rape) of the Indian Penal Code. It is crucial to document all threats and communications from the woman and her husband, as this evidence can be pivotal in defending against any false claims. 

The user can file a complaint with the police under Section 506 of the IPC for criminal intimidation if there are credible threats. Additionally, consider filing a petition under Section 482 of the Criminal Procedure Code in the High Court to seek protection against false allegations and harassment. Engaging a criminal defense attorney to navigate these proceedings and ensure that all legal rights are protected is advisable.",0.9956,48.0502,18.644,3.9559,16.4299,20.5111,3.2801,20.0199,4.4031,1.5684,1.0,27.1385,49.3219,48.9553,83.8938
171,"How to i solving  loan summan problems?( Tiruppur, Tamil Nadu )",HKG::IDA_17B → HKG::EPF_12 → HKG::ESI_72 → HKG::ISM_12,HKG::IDA_17B → HKG::EPF_12 → HKG::ESI_72 → HKG::ISM_12 → HKG::ISM → HKG::Industrial Disputes Act 1947 → HKG::Employees State Insurance Act 1948 → HKG::wages,"Sir a present municipal commissioner registered a contract Co. in his office to participate in works contract. . an elected councillor is a major partner in the company The company took many contract payments . They produced fake TDS tax remitted certificates and misappropriated tax revenue 38 lacs. HC ordered for recovery. Recovery was effected. FIR registered against the Co. But still present commissioner awarding contact to same Co. But no criminal action initiated against the commissioner. So many petition sent to higher officers. All are waste. Pl tell what's the procedure to get prosecution sanction against the commissioner sir( Vijayawada, Andhra Pradesh )","Sir I've mads omplaint n  filed a WP  in 2018 against an assistant Commr commercial tax for his alleged activities in filing complain against a trader. ie he has shown less crime of forgery docs instead of huge.  ie 150 nos instead of 8. and made favour the accused n weakened the FIR. By this trader evaded 45 lakhs VAT. Only department action taken on him. 

As expected FIR is now dropped  by police  since non coop of AC the complainant. In these three yrs AG audit sent report that he has committed 17 crores revenue loss in his service period.  

Can I  withdraw my earlier WP n file a fresh WP to  take criminal action as well as department action?  I'm the root cause for AG Audit report.( Salem, Tamil Nadu )","Shall i file objection in JMFC or approach to high court to quash police final report in 498a F.I.R ?
In 498a, 406 F.I.R last alleged incident of date 01.08.2020 after 2 year on 20.02.2022 F.I.R gets registered&nbsp;in different state&nbsp;till now police final report is not yet submitted , in term on evidence&nbsp;police will submit 2 -3 fake whatsup&nbsp;messges&nbsp;on year 2019.&nbsp;

IO told me he is going to submit charge sheet in few days.
The day IO submit final report in MM court ,&nbsp;shall i reach court and submit objection u/s 468(2)(c), now court is bared to take cognizance&nbsp;due to limitation act.also jurisdiction&nbsp;ground as per recent judgment of supreme court on dated 25.09.2024 KAILASHBEN MAHENDRABHAI PATEL c ?
shall i approach&nbsp;to delhi high court&nbsp; to quash on the judgment on A.Kaliyaperumal of madardh high court of 2024 on limitation groud&nbsp;?
can i go the delhi high to quash even after submission of final report in MM court( New Delhi, Delhi )","Hi,Please make sure you appear before the court on the day of summon. You can seek more extension from the court to make the repayments.","If a loan summons has been issued against you, it is crucial to respond promptly to avoid any adverse legal consequences. Under the Negotiable Instruments Act, 1881, if the summons pertains to a dishonored cheque, you must appear in court on the specified date and can contest the claim by presenting evidence of payment or any discrepancies in the lender's claim. You cannot ignore the summons, as failure to appear can result in a warrant for your arrest.

To address the issue, gather all relevant documents, such as loan agreements, payment receipts, and correspondence with the lender, to prepare your defense. Consider filing a written statement in court to contest the claim, and consult a lawyer to explore the possibility of negotiating a settlement with the lender or challenging the validity of the claim.",1.6017,58.585,18.644,3.9559,16.4299,20.5111,3.2801,20.0199,4.4031,1.5684,1.0,27.1385,49.3219,48.9553,83.8938
172,"Once a criminal case of dishonoring land sale agreement is settled will it reflect in PCC for GC to USA( Kottayam, Kerala )",PC::Appellant Acquitted in Criminal Case → PC::Respondent Acquitted in Criminal Case → PC::Criminal Case Pending Against Appellant → PC::Criminal Case Quashed by High Court,PC::Appellant Acquitted in Criminal Case → PC::Respondent Acquitted in Criminal Case → PC::Criminal Case Pending Against Appellant → PC::Criminal Case Quashed by High Court → PC::Section 482 of the Code of Criminal Procedure → HKG::EC_RULES_17 → HKG::EC_RULES → HKG::SOC_REG_22,"Sir a present municipal commissioner registered a contract Co. in his office to participate in works contract. . an elected councillor is a major partner in the company The company took many contract payments . They produced fake TDS tax remitted certificates and misappropriated tax revenue 38 lacs. HC ordered for recovery. Recovery was effected. FIR registered against the Co. But still present commissioner awarding contact to same Co. But no criminal action initiated against the commissioner. So many petition sent to higher officers. All are waste. Pl tell what's the procedure to get prosecution sanction against the commissioner sir( Vijayawada, Andhra Pradesh )","Sir I've mads omplaint n  filed a WP  in 2018 against an assistant Commr commercial tax for his alleged activities in filing complain against a trader. ie he has shown less crime of forgery docs instead of huge.  ie 150 nos instead of 8. and made favour the accused n weakened the FIR. By this trader evaded 45 lakhs VAT. Only department action taken on him. 

As expected FIR is now dropped  by police  since non coop of AC the complainant. In these three yrs AG audit sent report that he has committed 17 crores revenue loss in his service period.  

Can I  withdraw my earlier WP n file a fresh WP to  take criminal action as well as department action?  I'm the root cause for AG Audit report.( Salem, Tamil Nadu )","Shall i file objection in JMFC or approach to high court to quash police final report in 498a F.I.R ?
In 498a, 406 F.I.R last alleged incident of date 01.08.2020 after 2 year on 20.02.2022 F.I.R gets registered&nbsp;in different state&nbsp;till now police final report is not yet submitted , in term on evidence&nbsp;police will submit 2 -3 fake whatsup&nbsp;messges&nbsp;on year 2019.&nbsp;

IO told me he is going to submit charge sheet in few days.
The day IO submit final report in MM court ,&nbsp;shall i reach court and submit objection u/s 468(2)(c), now court is bared to take cognizance&nbsp;due to limitation act.also jurisdiction&nbsp;ground as per recent judgment of supreme court on dated 25.09.2024 KAILASHBEN MAHENDRABHAI PATEL c ?
shall i approach&nbsp;to delhi high court&nbsp; to quash on the judgment on A.Kaliyaperumal of madardh high court of 2024 on limitation groud&nbsp;?
can i go the delhi high to quash even after submission of final report in MM court( New Delhi, Delhi )","Dear Sir,No, normally when the criminal cases are settled it should not be reflected in PCC.Please take PAID phone call with me through VIDHIKARYA and get more legal guidance.","A settled criminal case, including one involving dishonoring a land sale agreement, may still appear in a Police Clearance Certificate (PCC) if the record has not been expunged or sealed. Under Indian law, the PCC reflects any criminal records unless specific legal action, such as expungement, has been taken to remove them. The user can apply for expungement or sealing of the record if eligible under the applicable state laws, which may prevent it from appearing on the PCC.

To proceed, verify if the case qualifies for expungement under Kerala law and file the necessary application with the relevant court. Additionally, consult with local authorities or legal counsel to ensure the record is cleared before applying for the PCC.",0.8681,67.4436,18.644,3.9559,16.4299,20.5111,3.2801,20.0199,4.4031,1.5684,1.0,27.1385,49.3219,48.9553,83.8938
173,"My brother got expired few months back. Police given statement as it is sucide due to issues with his wife. When he committed sucide/got  murdered, he and his wife is only there in the home and no one saw when he was hanging. Now we locked the house where he(my brother) was expired as it is one the prime evidence and conveyed/ raised our quiries to police even though PM is given as aspoxiya due to hanging, but they didn't given proper answer.
 
Meanwhile my brother's  wife enter the  entered house by breaking the lock with out any notice to us and locked it again with her lock. Now we are suspecting that, she trespassed to the the house to clean any evidence. Now also police not responding to this and saying that what can we do if a wife enter to her husband house.

How to proceed with this...?( Hyderabad, Telangana )",HKG::PGA_7 → HKG::EPF_7D → HKG::ESI_55 → HKG::IRC_44,HKG::PGA_7 → HKG::EPF_7D → HKG::ESI_55 → HKG::IRC_44 → HKG::labour_court → HKG::Employees State Insurance Act 1948 → HKG::PROC_GRATUITY_CLAIM → HKG::gratuity,"Sir a present municipal commissioner registered a contract Co. in his office to participate in works contract. . an elected councillor is a major partner in the company The company took many contract payments . They produced fake TDS tax remitted certificates and misappropriated tax revenue 38 lacs. HC ordered for recovery. Recovery was effected. FIR registered against the Co. But still present commissioner awarding contact to same Co. But no criminal action initiated against the commissioner. So many petition sent to higher officers. All are waste. Pl tell what's the procedure to get prosecution sanction against the commissioner sir( Vijayawada, Andhra Pradesh )","Sir I've mads omplaint n  filed a WP  in 2018 against an assistant Commr commercial tax for his alleged activities in filing complain against a trader. ie he has shown less crime of forgery docs instead of huge.  ie 150 nos instead of 8. and made favour the accused n weakened the FIR. By this trader evaded 45 lakhs VAT. Only department action taken on him. 

As expected FIR is now dropped  by police  since non coop of AC the complainant. In these three yrs AG audit sent report that he has committed 17 crores revenue loss in his service period.  

Can I  withdraw my earlier WP n file a fresh WP to  take criminal action as well as department action?  I'm the root cause for AG Audit report.( Salem, Tamil Nadu )","Shall i file objection in JMFC or approach to high court to quash police final report in 498a F.I.R ?
In 498a, 406 F.I.R last alleged incident of date 01.08.2020 after 2 year on 20.02.2022 F.I.R gets registered&nbsp;in different state&nbsp;till now police final report is not yet submitted , in term on evidence&nbsp;police will submit 2 -3 fake whatsup&nbsp;messges&nbsp;on year 2019.&nbsp;

IO told me he is going to submit charge sheet in few days.
The day IO submit final report in MM court ,&nbsp;shall i reach court and submit objection u/s 468(2)(c), now court is bared to take cognizance&nbsp;due to limitation act.also jurisdiction&nbsp;ground as per recent judgment of supreme court on dated 25.09.2024 KAILASHBEN MAHENDRABHAI PATEL c ?
shall i approach&nbsp;to delhi high court&nbsp; to quash on the judgment on A.Kaliyaperumal of madardh high court of 2024 on limitation groud&nbsp;?
can i go the delhi high to quash even after submission of final report in MM court( New Delhi, Delhi )","Hi,You can lodge a complain and ask the police to go for further investigation, if you are suspecting something. Until and unless you have such permissions you cannot lock the room and not ask your brother's wife to  not to enter into the house.Thanks.","The primary legal issue is the potential tampering of evidence and unauthorized entry into a property that may be a crime scene. Under Section 201 of the Indian Penal Code, causing the disappearance of evidence of an offense or giving false information is punishable. The police's inaction can be challenged by filing a petition in the High Court under Article 226 of the Constitution of India, seeking a directive for a proper investigation into the circumstances of your brother's death.

Legally, the wife may have a right to enter the marital home, but if there's suspicion of evidence tampering, it must be addressed. File a complaint with the higher police authorities or approach the Magistrate under Section 156(3) CrPC to direct the police to investigate the matter thoroughly. Additionally, consider requesting a court order to preserve the scene and any potential evidence.",1.8082,58.4366,18.644,3.9559,16.4299,20.5111,3.2801,20.0199,4.4031,1.5684,1.0,27.1385,49.3219,48.9553,83.8938
174,"I have been a regular customer at this shop I would steal occasionally steal face wash and soaps etc The owner filed complaint against me I am worried this might distroy my career( Ratnagiri, Maharashtra )",HKG::EPF_6 → HKG::EPF_AT_2 → HKG::CCS_ME_3 → HKG::CCS_ME_5,HKG::EPF_6 → HKG::EPF_AT_2 → HKG::CCS_ME_3 → HKG::CCS_ME_5 → HKG::provident_fund → HKG::labour_court → HKG::leave → HKG::gratuity,"Sir a present municipal commissioner registered a contract Co. in his office to participate in works contract. . an elected councillor is a major partner in the company The company took many contract payments . They produced fake TDS tax remitted certificates and misappropriated tax revenue 38 lacs. HC ordered for recovery. Recovery was effected. FIR registered against the Co. But still present commissioner awarding contact to same Co. But no criminal action initiated against the commissioner. So many petition sent to higher officers. All are waste. Pl tell what's the procedure to get prosecution sanction against the commissioner sir( Vijayawada, Andhra Pradesh )","Sir I've mads omplaint n  filed a WP  in 2018 against an assistant Commr commercial tax for his alleged activities in filing complain against a trader. ie he has shown less crime of forgery docs instead of huge.  ie 150 nos instead of 8. and made favour the accused n weakened the FIR. By this trader evaded 45 lakhs VAT. Only department action taken on him. 

As expected FIR is now dropped  by police  since non coop of AC the complainant. In these three yrs AG audit sent report that he has committed 17 crores revenue loss in his service period.  

Can I  withdraw my earlier WP n file a fresh WP to  take criminal action as well as department action?  I'm the root cause for AG Audit report.( Salem, Tamil Nadu )","Dear Sir, 

One of the nationalised bank lodged an FIR against me under IPC SEC 420 for cheating and fraud related to ATM transactions in the year 2015.

For your kind information, i and my two relatives made 50 + atm transactions using their two atm. And all the transactions was unsuccessful. After raising disputes, they reverse the amount for 30+ claims. But they refused to settle the claims for last few transactions and alleged me and my relatives that we falsely lodged complaints due to ATM malfunctions. The ATM machine is failed to provide valid journal log of the all these transactions and also not providing CCTV Footage.

I raised a complaint for two of the said unsettled transactions in banking ombudsman, RBI and RBI also made decisions in my favour and asked the bank to refund the amount due to lack of evidence and CCTV Footage. And bank also bound to refund the amount after the RBI Mumbai rejects their appeal.

I also submits a petition at the high court for quashing the FIR. But the concerned IO and public prosecutor urged the court that investigation is still pending and they need some time to complete the investigation. And for that reason, the high court dismissed my petition and ordered the concerned IO to start the investigation without further delay and complete the same as soon as possible. The said judgement was made almost two years ago.

So I cordially request you to look into the matter and give me some advice what can I do right now.

With regards,

S Dasgupta.( Guwahati, Assam )","Dear client,If it is a petty case, then compromise is allowed by the Court under section 320 of CrPC. Else, please defend yourself in Court with the help of a lawyer","Under Section 379 of the Indian Penal Code, theft is a cognizable offense, which means the police can arrest without a warrant. If the complaint has been filed, the police may initiate an investigation, and you could face charges. Legally, you cannot dismiss the complaint yourself, but you can negotiate with the shop owner for an out-of-court settlement or restitution, which may lead them to withdraw the complaint. Consider engaging a lawyer to explore the possibility of compounding the offense under Section 320 of the CrPC if the shop owner agrees. Additionally, if the case proceeds, a lawyer can help you apply for bail and prepare your defense.",1.4758,48.7327,18.644,3.9559,16.4299,20.5111,3.2801,20.0199,4.4031,1.5684,1.0,27.1385,49.3219,48.9553,83.8938
175,"Hello everyone, 

Due to an ongoing property dispute between my Mother and my Aunty (case pending in civil court) my Aunty has filed a FALSE FIR that my parents and I have threatened to kill her. Now, the local thana has, without any investigation and clarification, filed an FIR against us in IPC 294, 506 and 34 for which we have taken a Bail from Court in Gwalior, MP.

I want to know how and at what stage I can file a Defamation case against my Aunt ? Can I file the same in a Delhi Court ?( Delhi, Delhi )",HKG::ATA_19,HKG::ATA_19 → HKG::labour_court → HKG::govt_service → HKG::PROC_GOVT_SERVICE_DISPUTE → HKG::Administrative Tribunals Act 1985,"Sir a present municipal commissioner registered a contract Co. in his office to participate in works contract. . an elected councillor is a major partner in the company The company took many contract payments . They produced fake TDS tax remitted certificates and misappropriated tax revenue 38 lacs. HC ordered for recovery. Recovery was effected. FIR registered against the Co. But still present commissioner awarding contact to same Co. But no criminal action initiated against the commissioner. So many petition sent to higher officers. All are waste. Pl tell what's the procedure to get prosecution sanction against the commissioner sir( Vijayawada, Andhra Pradesh )","Sir I've mads omplaint n  filed a WP  in 2018 against an assistant Commr commercial tax for his alleged activities in filing complain against a trader. ie he has shown less crime of forgery docs instead of huge.  ie 150 nos instead of 8. and made favour the accused n weakened the FIR. By this trader evaded 45 lakhs VAT. Only department action taken on him. 

As expected FIR is now dropped  by police  since non coop of AC the complainant. In these three yrs AG audit sent report that he has committed 17 crores revenue loss in his service period.  

Can I  withdraw my earlier WP n file a fresh WP to  take criminal action as well as department action?  I'm the root cause for AG Audit report.( Salem, Tamil Nadu )","Dear Sir, 

One of the nationalised bank lodged an FIR against me under IPC SEC 420 for cheating and fraud related to ATM transactions in the year 2015.

For your kind information, i and my two relatives made 50 + atm transactions using their two atm. And all the transactions was unsuccessful. After raising disputes, they reverse the amount for 30+ claims. But they refused to settle the claims for last few transactions and alleged me and my relatives that we falsely lodged complaints due to ATM malfunctions. The ATM machine is failed to provide valid journal log of the all these transactions and also not providing CCTV Footage.

I raised a complaint for two of the said unsettled transactions in banking ombudsman, RBI and RBI also made decisions in my favour and asked the bank to refund the amount due to lack of evidence and CCTV Footage. And bank also bound to refund the amount after the RBI Mumbai rejects their appeal.

I also submits a petition at the high court for quashing the FIR. But the concerned IO and public prosecutor urged the court that investigation is still pending and they need some time to complete the investigation. And for that reason, the high court dismissed my petition and ordered the concerned IO to start the investigation without further delay and complete the same as soon as possible. The said judgement was made almost two years ago.

So I cordially request you to look into the matter and give me some advice what can I do right now.

With regards,

S Dasgupta.( Guwahati, Assam )","Dear Sir,You have to go to High Court to get such false FIR quashed. Alternatively, you must ask the Police to file B Report that is no case report in the above case and thereafter you have every right to file defamation case against your aunty.","To file a defamation case, the false statement must have been made with the intent to harm your reputation, as per Section 499 of the Indian Penal Code. Since the alleged defamatory statement was made in Gwalior, the appropriate jurisdiction for filing a defamation case would typically be Gwalior, not Delhi, unless specific circumstances justify otherwise. You can initiate a defamation suit once you have substantial evidence that the FIR was false and maliciously filed. 

Consider gathering evidence to demonstrate the false nature of the FIR and consult with a local attorney to assess the strength of your defamation claim. Additionally, you may file a petition under Section 482 CrPC in the High Court to quash the FIR if it is baseless.",2.3423,58.2375,18.644,3.9559,16.4299,20.5111,3.2801,20.0199,4.4031,1.5684,1.0,27.1385,49.3219,48.9553,83.8938
176,"I was caught for drink and drive 3 years ago in gurgaon..i didnt go on court date till now..i dont have license from that time and it is showing blocked and seized..what should i do to get back my license.it is a very old matter( Gurgaon, Haryana )",HKG::DSEA_19 → PC::Trial Court Seized of Matter → HKG::FIN_A_187 → HKG::EC_RULES_71,"HKG::DSEA_19 → PC::Trial Court Seized of Matter → HKG::FIN_A_187 → HKG::EC_RULES_71 → HKG::EC_RULES → HKG::FIN_A → HKG::Delhi Shops and Establishments Act, 1954 → HKG::wages","Sir a present municipal commissioner registered a contract Co. in his office to participate in works contract. . an elected councillor is a major partner in the company The company took many contract payments . They produced fake TDS tax remitted certificates and misappropriated tax revenue 38 lacs. HC ordered for recovery. Recovery was effected. FIR registered against the Co. But still present commissioner awarding contact to same Co. But no criminal action initiated against the commissioner. So many petition sent to higher officers. All are waste. Pl tell what's the procedure to get prosecution sanction against the commissioner sir( Vijayawada, Andhra Pradesh )","Sir I've mads omplaint n  filed a WP  in 2018 against an assistant Commr commercial tax for his alleged activities in filing complain against a trader. ie he has shown less crime of forgery docs instead of huge.  ie 150 nos instead of 8. and made favour the accused n weakened the FIR. By this trader evaded 45 lakhs VAT. Only department action taken on him. 

As expected FIR is now dropped  by police  since non coop of AC the complainant. In these three yrs AG audit sent report that he has committed 17 crores revenue loss in his service period.  

Can I  withdraw my earlier WP n file a fresh WP to  take criminal action as well as department action?  I'm the root cause for AG Audit report.( Salem, Tamil Nadu )","Shall i file objection in JMFC or approach to high court to quash police final report in 498a F.I.R ?
In 498a, 406 F.I.R last alleged incident of date 01.08.2020 after 2 year on 20.02.2022 F.I.R gets registered&nbsp;in different state&nbsp;till now police final report is not yet submitted , in term on evidence&nbsp;police will submit 2 -3 fake whatsup&nbsp;messges&nbsp;on year 2019.&nbsp;

IO told me he is going to submit charge sheet in few days.
The day IO submit final report in MM court ,&nbsp;shall i reach court and submit objection u/s 468(2)(c), now court is bared to take cognizance&nbsp;due to limitation act.also jurisdiction&nbsp;ground as per recent judgment of supreme court on dated 25.09.2024 KAILASHBEN MAHENDRABHAI PATEL c ?
shall i approach&nbsp;to delhi high court&nbsp; to quash on the judgment on A.Kaliyaperumal of madardh high court of 2024 on limitation groud&nbsp;?
can i go the delhi high to quash even after submission of final report in MM court( New Delhi, Delhi )","Hi client,I think your driving license is with the court. Contact an advocate immediately and get back your license. This rule varies according to the state. You might get the license without any court proceedings from the Motor Vehicle Departments. Or apply for a new license.Thanks","Under Section 185 of the Motor Vehicles Act, 1988, driving under the influence is a punishable offense, and failing to appear in court can result in a warrant for your arrest. To resolve the matter, you must appear before the court where the case is pending and explain your absence. You can file an application to recall any warrants issued and request the court to allow you to pay any fines or penalties imposed. Once the court proceedings are concluded, you can apply to have your driving license reinstated. Consult the court's records to determine the exact status of your case and any outstanding legal obligations.",2.6202,70.285,18.644,3.9559,16.4299,20.5111,3.2801,20.0199,4.4031,1.5684,1.0,27.1385,49.3219,48.9553,83.8938
177,"My brother signed in a sub magistrate court as witness for his friend's friend of not been violating a law for 2 years who was prisoned for 6 months under goonda section. My brother is a student of age 21 . Will there be any problem or issues on his future?( Pudukkottai, Tamil Nadu )",HKG::ATA_19 → HKG::PGA_7 → HKG::EPF_7D → HKG::ESI_55,HKG::ATA_19 → HKG::PGA_7 → HKG::EPF_7D → HKG::ESI_55 → HKG::labour_court → HKG::govt_service → HKG::PROC_GOVT_SERVICE_DISPUTE → HKG::gratuity,"Sir a present municipal commissioner registered a contract Co. in his office to participate in works contract. . an elected councillor is a major partner in the company The company took many contract payments . They produced fake TDS tax remitted certificates and misappropriated tax revenue 38 lacs. HC ordered for recovery. Recovery was effected. FIR registered against the Co. But still present commissioner awarding contact to same Co. But no criminal action initiated against the commissioner. So many petition sent to higher officers. All are waste. Pl tell what's the procedure to get prosecution sanction against the commissioner sir( Vijayawada, Andhra Pradesh )","Sir I've mads omplaint n  filed a WP  in 2018 against an assistant Commr commercial tax for his alleged activities in filing complain against a trader. ie he has shown less crime of forgery docs instead of huge.  ie 150 nos instead of 8. and made favour the accused n weakened the FIR. By this trader evaded 45 lakhs VAT. Only department action taken on him. 

As expected FIR is now dropped  by police  since non coop of AC the complainant. In these three yrs AG audit sent report that he has committed 17 crores revenue loss in his service period.  

Can I  withdraw my earlier WP n file a fresh WP to  take criminal action as well as department action?  I'm the root cause for AG Audit report.( Salem, Tamil Nadu )","Dear Sir, 

One of the nationalised bank lodged an FIR against me under IPC SEC 420 for cheating and fraud related to ATM transactions in the year 2015.

For your kind information, i and my two relatives made 50 + atm transactions using their two atm. And all the transactions was unsuccessful. After raising disputes, they reverse the amount for 30+ claims. But they refused to settle the claims for last few transactions and alleged me and my relatives that we falsely lodged complaints due to ATM malfunctions. The ATM machine is failed to provide valid journal log of the all these transactions and also not providing CCTV Footage.

I raised a complaint for two of the said unsettled transactions in banking ombudsman, RBI and RBI also made decisions in my favour and asked the bank to refund the amount due to lack of evidence and CCTV Footage. And bank also bound to refund the amount after the RBI Mumbai rejects their appeal.

I also submits a petition at the high court for quashing the FIR. But the concerned IO and public prosecutor urged the court that investigation is still pending and they need some time to complete the investigation. And for that reason, the high court dismissed my petition and ordered the concerned IO to start the investigation without further delay and complete the same as soon as possible. The said judgement was made almost two years ago.

So I cordially request you to look into the matter and give me some advice what can I do right now.

With regards,

S Dasgupta.( Guwahati, Assam )",no,"Signing as a witness for a person released under the Goondas Act, 1982, does not inherently create legal issues for your brother unless he knowingly provides false testimony or information. Under Section 193 of the Indian Penal Code, giving false evidence is a punishable offense. Your brother should ensure that any statements made are truthful and accurate to avoid any future legal complications.

He can continue his studies and daily activities without concern, provided he has not misrepresented facts. If there are any concerns about the implications of his role as a witness, consulting with a legal advisor for a review of the specific circumstances might be beneficial.",0.0,6.7833,18.644,3.9559,16.4299,20.5111,3.2801,20.0199,4.4031,1.5684,1.0,27.1385,49.3219,48.9553,83.8938
178,"Wife and daughter are making wrong allegations on extra marital affairs and filing wrong police complaints for violence. Wife has also not allowing husband enter his own house and and not allowing meeting 12 year old son.  Husband wants to first issue a legal notice documenting all these points to legally remind her the provisions of the various acts and take action against her . After that this legal notice shall be used to file anticipatory bail. Husband also wants to put a defmation suit. Please advise  what should be done.( Mumbai suburban, Maharashtra )",PC::Death of Wife and Daughter Alleged → PC::Legal Notice Sent for Payment → PC::Legal Notice for Arbitration Sent → PC::Respondent Failed to Respond to Legal Notice,"PC::Death of Wife and Daughter Alleged → PC::Legal Notice Sent for Payment → PC::Legal Notice for Arbitration Sent → PC::Respondent Failed to Respond to Legal Notice → HKG::EPF_AT_4 → HKG::labour_court → PC::Claim of Waiver of Arbitration Rights → PC::Section 16 of the Arbitration and Conciliation Act, 1996","Sir a present municipal commissioner registered a contract Co. in his office to participate in works contract. . an elected councillor is a major partner in the company The company took many contract payments . They produced fake TDS tax remitted certificates and misappropriated tax revenue 38 lacs. HC ordered for recovery. Recovery was effected. FIR registered against the Co. But still present commissioner awarding contact to same Co. But no criminal action initiated against the commissioner. So many petition sent to higher officers. All are waste. Pl tell what's the procedure to get prosecution sanction against the commissioner sir( Vijayawada, Andhra Pradesh )","Sir I've mads omplaint n  filed a WP  in 2018 against an assistant Commr commercial tax for his alleged activities in filing complain against a trader. ie he has shown less crime of forgery docs instead of huge.  ie 150 nos instead of 8. and made favour the accused n weakened the FIR. By this trader evaded 45 lakhs VAT. Only department action taken on him. 

As expected FIR is now dropped  by police  since non coop of AC the complainant. In these three yrs AG audit sent report that he has committed 17 crores revenue loss in his service period.  

Can I  withdraw my earlier WP n file a fresh WP to  take criminal action as well as department action?  I'm the root cause for AG Audit report.( Salem, Tamil Nadu )","Shall i file objection in JMFC or approach to high court to quash police final report in 498a F.I.R ?
In 498a, 406 F.I.R last alleged incident of date 01.08.2020 after 2 year on 20.02.2022 F.I.R gets registered&nbsp;in different state&nbsp;till now police final report is not yet submitted , in term on evidence&nbsp;police will submit 2 -3 fake whatsup&nbsp;messges&nbsp;on year 2019.&nbsp;

IO told me he is going to submit charge sheet in few days.
The day IO submit final report in MM court ,&nbsp;shall i reach court and submit objection u/s 468(2)(c), now court is bared to take cognizance&nbsp;due to limitation act.also jurisdiction&nbsp;ground as per recent judgment of supreme court on dated 25.09.2024 KAILASHBEN MAHENDRABHAI PATEL c ?
shall i approach&nbsp;to delhi high court&nbsp; to quash on the judgment on A.Kaliyaperumal of madardh high court of 2024 on limitation groud&nbsp;?
can i go the delhi high to quash even after submission of final report in MM court( New Delhi, Delhi )","Dear client,For instituting a complaint of defamation under section 499 of the IPC, the abusive words are required to be uttered against you in public. If the words have been uttered behind closed doors, it cannot be defamation. You can file suit for divorce","The husband can issue a legal notice to document the false allegations and wrongful actions of the wife, citing relevant provisions under the Indian Penal Code (IPC) for defamation (Section 499) and criminal intimidation (Section 503). This notice can serve as evidence in subsequent legal proceedings. For anticipatory bail, the husband should file an application under Section 438 of the Criminal Procedure Code, 1973, highlighting the false nature of the allegations and any evidence of harassment or misuse of legal provisions. 

To pursue a defamation suit, the husband must demonstrate that the allegations have harmed his reputation, and he can file a civil suit for damages. However, he cannot forcibly enter the house or take any action that could be construed as harassment or violence. Consulting with a lawyer to draft the legal notice and file the necessary applications is advisable.",1.198,60.075,18.644,3.9559,16.4299,20.5111,3.2801,20.0199,4.4031,1.5684,1.0,27.1385,49.3219,48.9553,83.8938
179,I give my salary certificate as surety to my friend for ksfe kury. He not pay the amount. I remit the amount and close the kury. Can i file a criminal case against him??? what is the procedure. How my money given back??,HKG::MEPS_26 → HKG::MEPS_40,HKG::MEPS_26 → HKG::MEPS_40 → HKG::leave → HKG::notice_period → HKG::MEPS → HKG::retrenchment,"Sir a present municipal commissioner registered a contract Co. in his office to participate in works contract. . an elected councillor is a major partner in the company The company took many contract payments . They produced fake TDS tax remitted certificates and misappropriated tax revenue 38 lacs. HC ordered for recovery. Recovery was effected. FIR registered against the Co. But still present commissioner awarding contact to same Co. But no criminal action initiated against the commissioner. So many petition sent to higher officers. All are waste. Pl tell what's the procedure to get prosecution sanction against the commissioner sir( Vijayawada, Andhra Pradesh )","Sir I've mads omplaint n  filed a WP  in 2018 against an assistant Commr commercial tax for his alleged activities in filing complain against a trader. ie he has shown less crime of forgery docs instead of huge.  ie 150 nos instead of 8. and made favour the accused n weakened the FIR. By this trader evaded 45 lakhs VAT. Only department action taken on him. 

As expected FIR is now dropped  by police  since non coop of AC the complainant. In these three yrs AG audit sent report that he has committed 17 crores revenue loss in his service period.  

Can I  withdraw my earlier WP n file a fresh WP to  take criminal action as well as department action?  I'm the root cause for AG Audit report.( Salem, Tamil Nadu )","Shall i file objection in JMFC or approach to high court to quash police final report in 498a F.I.R ?
In 498a, 406 F.I.R last alleged incident of date 01.08.2020 after 2 year on 20.02.2022 F.I.R gets registered&nbsp;in different state&nbsp;till now police final report is not yet submitted , in term on evidence&nbsp;police will submit 2 -3 fake whatsup&nbsp;messges&nbsp;on year 2019.&nbsp;

IO told me he is going to submit charge sheet in few days.
The day IO submit final report in MM court ,&nbsp;shall i reach court and submit objection u/s 468(2)(c), now court is bared to take cognizance&nbsp;due to limitation act.also jurisdiction&nbsp;ground as per recent judgment of supreme court on dated 25.09.2024 KAILASHBEN MAHENDRABHAI PATEL c ?
shall i approach&nbsp;to delhi high court&nbsp; to quash on the judgment on A.Kaliyaperumal of madardh high court of 2024 on limitation groud&nbsp;?
can i go the delhi high to quash even after submission of final report in MM court( New Delhi, Delhi )",Yes you can file.,"You may have a civil claim against your friend for recovery of the money you paid on his behalf, but filing a criminal case may not be appropriate unless there is evidence of fraud or deceit. Under Indian law, a criminal case requires intent to commit a crime, such as cheating under Section 420 of the Indian Penal Code, which involves deceitful inducement. If your friend promised to repay you and failed to do so, it is primarily a civil matter.

To recover your money, you can file a civil suit for recovery of money in the appropriate civil court. Gather all relevant documents, such as the salary certificate used as surety and any communication with your friend regarding the repayment, to support your claim. Consulting with a civil lawyer to draft and file the suit would be a prudent next step.",0.9154,15.5729,18.644,3.9559,16.4299,20.5111,3.2801,20.0199,4.4031,1.5684,1.0,27.1385,49.3219,48.9553,83.8938
180,my colleague had taken from me 1 lakhs of rupees on 12.2015.but still he did not return me the said amount.recently he give me a cheque on 03.05.18 which is also bounced from bank . can i file a case at consumer forum????,PC::Loan Taken from Bank → HKG::CCS_ME → PC::Forum for Consumer Grievances Established → PC::Appellant Did Not Surrender,PC::Loan Taken from Bank → HKG::CCS_ME → PC::Forum for Consumer Grievances Established → PC::Appellant Did Not Surrender → PC::Auction Conducted for Recovery of Dues → HKG::LIM_104 → HKG::LIM → HKG::LIM_97,"Sir a present municipal commissioner registered a contract Co. in his office to participate in works contract. . an elected councillor is a major partner in the company The company took many contract payments . They produced fake TDS tax remitted certificates and misappropriated tax revenue 38 lacs. HC ordered for recovery. Recovery was effected. FIR registered against the Co. But still present commissioner awarding contact to same Co. But no criminal action initiated against the commissioner. So many petition sent to higher officers. All are waste. Pl tell what's the procedure to get prosecution sanction against the commissioner sir( Vijayawada, Andhra Pradesh )","Sir I've mads omplaint n  filed a WP  in 2018 against an assistant Commr commercial tax for his alleged activities in filing complain against a trader. ie he has shown less crime of forgery docs instead of huge.  ie 150 nos instead of 8. and made favour the accused n weakened the FIR. By this trader evaded 45 lakhs VAT. Only department action taken on him. 

As expected FIR is now dropped  by police  since non coop of AC the complainant. In these three yrs AG audit sent report that he has committed 17 crores revenue loss in his service period.  

Can I  withdraw my earlier WP n file a fresh WP to  take criminal action as well as department action?  I'm the root cause for AG Audit report.( Salem, Tamil Nadu )","Shall i file objection in JMFC or approach to high court to quash police final report in 498a F.I.R ?
In 498a, 406 F.I.R last alleged incident of date 01.08.2020 after 2 year on 20.02.2022 F.I.R gets registered&nbsp;in different state&nbsp;till now police final report is not yet submitted , in term on evidence&nbsp;police will submit 2 -3 fake whatsup&nbsp;messges&nbsp;on year 2019.&nbsp;

IO told me he is going to submit charge sheet in few days.
The day IO submit final report in MM court ,&nbsp;shall i reach court and submit objection u/s 468(2)(c), now court is bared to take cognizance&nbsp;due to limitation act.also jurisdiction&nbsp;ground as per recent judgment of supreme court on dated 25.09.2024 KAILASHBEN MAHENDRABHAI PATEL c ?
shall i approach&nbsp;to delhi high court&nbsp; to quash on the judgment on A.Kaliyaperumal of madardh high court of 2024 on limitation groud&nbsp;?
can i go the delhi high to quash even after submission of final report in MM court( New Delhi, Delhi )",The first step is to issue Legal demand notice from your colleague .No you cant file at consumer forum.,"A case cannot be filed in a consumer forum for the recovery of a personal loan as it does not involve a consumer transaction. Instead, a case under Section 138 of the Negotiable Instruments Act, 1881 can be filed for the bounced cheque, provided a legal notice is sent to the issuer within 30 days of the cheque bounce, demanding payment within 15 days. If the payment is not made, a complaint can be filed in the Magistrate's court within 30 days after the notice period expires. Additionally, a civil suit for recovery of the loan amount can be considered.",0.8914,40.2093,18.644,3.9559,16.4299,20.5111,3.2801,20.0199,4.4031,1.5684,1.0,27.1385,49.3219,48.9553,83.8938
181,"My sister was harassed by one of her known friend. The boy use to stop her on roads, have broken her phone & was giving threats to her about her life and mine. 
we did fir in which sec 354, 427, 506 were applied. we have voice recording of this person in which he is continuously trying to harres ous. Further we have a written piece of paper on which the boy himself wrote that he will not do any thing in future, but he did tryed to contact my sister. 
I want this person to be in such a way that he is legally bound by law & can never contact ous.",HKG::KSEA_26 → HKG::EC_RULES_39 → HKG::RPSR_156B → HKG::KSEA_5C,"HKG::KSEA_26 → HKG::EC_RULES_39 → HKG::RPSR_156B → HKG::KSEA_5C → HKG::leave → HKG::overtime → HKG::EC_RULES → HKG::Kerala Shops and Commercial Establishments Act, 1960","Sir a present municipal commissioner registered a contract Co. in his office to participate in works contract. . an elected councillor is a major partner in the company The company took many contract payments . They produced fake TDS tax remitted certificates and misappropriated tax revenue 38 lacs. HC ordered for recovery. Recovery was effected. FIR registered against the Co. But still present commissioner awarding contact to same Co. But no criminal action initiated against the commissioner. So many petition sent to higher officers. All are waste. Pl tell what's the procedure to get prosecution sanction against the commissioner sir( Vijayawada, Andhra Pradesh )","Dear Sir, 

One of the nationalised bank lodged an FIR against me under IPC SEC 420 for cheating and fraud related to ATM transactions in the year 2015.

For your kind information, i and my two relatives made 50 + atm transactions using their two atm. And all the transactions was unsuccessful. After raising disputes, they reverse the amount for 30+ claims. But they refused to settle the claims for last few transactions and alleged me and my relatives that we falsely lodged complaints due to ATM malfunctions. The ATM machine is failed to provide valid journal log of the all these transactions and also not providing CCTV Footage.

I raised a complaint for two of the said unsettled transactions in banking ombudsman, RBI and RBI also made decisions in my favour and asked the bank to refund the amount due to lack of evidence and CCTV Footage. And bank also bound to refund the amount after the RBI Mumbai rejects their appeal.

I also submits a petition at the high court for quashing the FIR. But the concerned IO and public prosecutor urged the court that investigation is still pending and they need some time to complete the investigation. And for that reason, the high court dismissed my petition and ordered the concerned IO to start the investigation without further delay and complete the same as soon as possible. The said judgement was made almost two years ago.

So I cordially request you to look into the matter and give me some advice what can I do right now.

With regards,

S Dasgupta.( Guwahati, Assam )","Sir I've mads omplaint n  filed a WP  in 2018 against an assistant Commr commercial tax for his alleged activities in filing complain against a trader. ie he has shown less crime of forgery docs instead of huge.  ie 150 nos instead of 8. and made favour the accused n weakened the FIR. By this trader evaded 45 lakhs VAT. Only department action taken on him. 

As expected FIR is now dropped  by police  since non coop of AC the complainant. In these three yrs AG audit sent report that he has committed 17 crores revenue loss in his service period.  

Can I  withdraw my earlier WP n file a fresh WP to  take criminal action as well as department action?  I'm the root cause for AG Audit report.( Salem, Tamil Nadu )","Dear Client , your FIR should have been covered by stalking of girl, 354B, And if she is minor then pocso, file a complaint petition in District and Session Court, record her statement before court. Court will issue order to add Sections in FIR.","Under Indian Penal Code, Sections 354 (assault or criminal force to woman with intent to outrage her modesty), 427 (mischief causing damage), and 506 (criminal intimidation) are applicable to the situation. Given the ongoing harassment and threats, you can apply for a restraining order or an injunction under Section 144 of the Code of Criminal Procedure, which can prevent the accused from contacting your sister or you. Additionally, you can request the court to impose conditions on the accused's bail, if granted, to ensure he does not contact or harass your sister further. If the harassment persists, consider filing a contempt of court petition if the restraining order is violated.",0.579,57.0708,18.644,3.9559,16.4299,20.5111,3.2801,20.0199,4.4031,1.5684,1.0,27.1385,49.3219,48.9553,83.8938
182,"A person came to my cousin marriage in 2016 nov 6 with my friend after that he sent a req on Fb I saw it on 17 nov 2016 after That daily he chatted about normal things we met first time normally on 31st dec 2017 for new yr after that In April 2017 he chatted about love and marriage I said Iâm elder than you and our caste are different will your family agree he Said there is no pblm He asked in your home I said they donât agree then We run away and get marry I asked after some days if u leave me then he said if u donât trust then leave it then i said if we got fight then u leave like that i said i asked about earning he said listen Iâm a designer till July he talking about u like me u trust me or not in aug he called me he talked about this and strongly said yes I want to marry you then Iâm confirmed Iâm loving him after that we met outside on oct17 2020 he kissed on my hand and I kissed on her cheek and he tried to lip to lip kiss but i stopped after next day normally we are talking and he normally said I dint met you I said normally slap with footwear for he got angry and block me after that Iâm contacting through texts After that Iâm trying to talk about this he talks to me but dint give clarity He asks me to meet but i dint in 2018 aug he saw me and called to meet so I met to talk him so he said nothing becoz of ur calling Iâm ignoring thatâs it I asked about marriage my brother is there after that i will marry will u wait I said yes after he kissed me lip to lip and touched my body after in 2019 he calls asks for going anywhere I said I canât whenever he calls he asks to meet in 2020 from Jan he is not talking when I called him continuously he called and said donât text me I donât like why what is the Reason I asked he said I donât say he know Iâm waiting for him after 2 yrs he said so I started enquiring about him with his friends so they inform him and he called me and giving warning Iâll go to police station or ill come to home I said do whatever u want but I wonât leave you Iâm asking if u donât want to marry y did u said love and marriage and promised Now he is lining and refusing I have proofs of fb chat what he talked to me no what should I do becoz I want to marry him if I do police complaint what will happen so Iâm stepping if I get clarity after giving complaint i get justice of get marry him means Iâll proceed please sugesst me what to do( Hyderabad, Telangana )",HKG::IDA_17B → HKG::EPF_12 → HKG::ESI_72 → HKG::ISM_12,HKG::IDA_17B → HKG::EPF_12 → HKG::ESI_72 → HKG::ISM_12 → HKG::ISM → HKG::Industrial Disputes Act 1947 → HKG::Employees State Insurance Act 1948 → HKG::wages,"Sir a present municipal commissioner registered a contract Co. in his office to participate in works contract. . an elected councillor is a major partner in the company The company took many contract payments . They produced fake TDS tax remitted certificates and misappropriated tax revenue 38 lacs. HC ordered for recovery. Recovery was effected. FIR registered against the Co. But still present commissioner awarding contact to same Co. But no criminal action initiated against the commissioner. So many petition sent to higher officers. All are waste. Pl tell what's the procedure to get prosecution sanction against the commissioner sir( Vijayawada, Andhra Pradesh )","Sir I've mads omplaint n  filed a WP  in 2018 against an assistant Commr commercial tax for his alleged activities in filing complain against a trader. ie he has shown less crime of forgery docs instead of huge.  ie 150 nos instead of 8. and made favour the accused n weakened the FIR. By this trader evaded 45 lakhs VAT. Only department action taken on him. 

As expected FIR is now dropped  by police  since non coop of AC the complainant. In these three yrs AG audit sent report that he has committed 17 crores revenue loss in his service period.  

Can I  withdraw my earlier WP n file a fresh WP to  take criminal action as well as department action?  I'm the root cause for AG Audit report.( Salem, Tamil Nadu )","Dear Sir, 

One of the nationalised bank lodged an FIR against me under IPC SEC 420 for cheating and fraud related to ATM transactions in the year 2015.

For your kind information, i and my two relatives made 50 + atm transactions using their two atm. And all the transactions was unsuccessful. After raising disputes, they reverse the amount for 30+ claims. But they refused to settle the claims for last few transactions and alleged me and my relatives that we falsely lodged complaints due to ATM malfunctions. The ATM machine is failed to provide valid journal log of the all these transactions and also not providing CCTV Footage.

I raised a complaint for two of the said unsettled transactions in banking ombudsman, RBI and RBI also made decisions in my favour and asked the bank to refund the amount due to lack of evidence and CCTV Footage. And bank also bound to refund the amount after the RBI Mumbai rejects their appeal.

I also submits a petition at the high court for quashing the FIR. But the concerned IO and public prosecutor urged the court that investigation is still pending and they need some time to complete the investigation. And for that reason, the high court dismissed my petition and ordered the concerned IO to start the investigation without further delay and complete the same as soon as possible. The said judgement was made almost two years ago.

So I cordially request you to look into the matter and give me some advice what can I do right now.

With regards,

S Dasgupta.( Guwahati, Assam )","I have gone through your query in detail.1)	Any kind of Police Complaint CANNOT guarantee you of Marriage. Also you have not mentioned from which state, City, Village etc. you both are.2)	What kind of job is he doing?? what he will give you to eat after doing a marriage think in long terms..3)	Are you having your independent source of income as â¦.what if it does not support you after marriage... Don't jump for the conclusion of marriage just because he was good when he was calling you or just for his sake of promise...4)	Remember after marriage he can also go ahead for divorceâ¦. so think in long terms...5)	Then too if you feel this is the right person to marry then there are ways out ahead..& the said marriage can be performed.If you realize my professional skills, the time & efforts put in by me needs to be truly appreciated, and then Please âCLICK MY LIKES/ THUMBS UP/GIFTâ button shown below this reply format & also CLICK/ WRITE a âREVIEWâ in 5 star as I have answered your query in detail. Hope this information is usefulADV. ANISH PALKAR (High Court)","The primary legal issue here involves the potential for a breach of promise to marry, which is not directly actionable under Indian law unless it involves deceit or fraud, as per Section 415 of the Indian Penal Code (IPC). However, if there is evidence of coercion or false promises made with the intent to exploit, it could potentially lead to charges under Section 417 IPC for cheating. 

Legally, you cannot compel someone to marry you based on a promise unless there is evidence of fraud or deceit. Filing a police complaint may not result in a legal obligation for him to marry you but could lead to an investigation if there is evidence of wrongdoing. Consider consulting with a local attorney to assess the viability of any legal claims and gather all relevant evidence, such as documented communications, before proceeding.",0.7064,68.3902,18.644,3.9559,16.4299,20.5111,3.2801,20.0199,4.4031,1.5684,1.0,27.1385,49.3219,48.9553,83.8938
183,"I was charged u/s 406/407/408/409/420/467/468/471/120B and sacked from my service. After 11 years I am aquitted from the court for  no evidence.  After dismissal from service I had filed case in Labour Court, but the judgement passed against me. I have challanged the judgment in High Court. Under many SC judgment, it was passed that after aquital in criminal case internal investigation was dropped. Can I file a case in the Lower Court for reinstatement ?( Purba Singhbhum, Jharkhand )",HKG::MEPS_26 → HKG::MEPS_40 → HKG::IDA_17B → HKG::EPF_12,HKG::MEPS_26 → HKG::MEPS_40 → HKG::IDA_17B → HKG::EPF_12 → HKG::Employees Provident Fund Act 1952 → HKG::leave → HKG::MEPS → HKG::Industrial Disputes Act 1947,"Sir a present municipal commissioner registered a contract Co. in his office to participate in works contract. . an elected councillor is a major partner in the company The company took many contract payments . They produced fake TDS tax remitted certificates and misappropriated tax revenue 38 lacs. HC ordered for recovery. Recovery was effected. FIR registered against the Co. But still present commissioner awarding contact to same Co. But no criminal action initiated against the commissioner. So many petition sent to higher officers. All are waste. Pl tell what's the procedure to get prosecution sanction against the commissioner sir( Vijayawada, Andhra Pradesh )","Sir I've mads omplaint n  filed a WP  in 2018 against an assistant Commr commercial tax for his alleged activities in filing complain against a trader. ie he has shown less crime of forgery docs instead of huge.  ie 150 nos instead of 8. and made favour the accused n weakened the FIR. By this trader evaded 45 lakhs VAT. Only department action taken on him. 

As expected FIR is now dropped  by police  since non coop of AC the complainant. In these three yrs AG audit sent report that he has committed 17 crores revenue loss in his service period.  

Can I  withdraw my earlier WP n file a fresh WP to  take criminal action as well as department action?  I'm the root cause for AG Audit report.( Salem, Tamil Nadu )","Dear Sir, 

One of the nationalised bank lodged an FIR against me under IPC SEC 420 for cheating and fraud related to ATM transactions in the year 2015.

For your kind information, i and my two relatives made 50 + atm transactions using their two atm. And all the transactions was unsuccessful. After raising disputes, they reverse the amount for 30+ claims. But they refused to settle the claims for last few transactions and alleged me and my relatives that we falsely lodged complaints due to ATM malfunctions. The ATM machine is failed to provide valid journal log of the all these transactions and also not providing CCTV Footage.

I raised a complaint for two of the said unsettled transactions in banking ombudsman, RBI and RBI also made decisions in my favour and asked the bank to refund the amount due to lack of evidence and CCTV Footage. And bank also bound to refund the amount after the RBI Mumbai rejects their appeal.

I also submits a petition at the high court for quashing the FIR. But the concerned IO and public prosecutor urged the court that investigation is still pending and they need some time to complete the investigation. And for that reason, the high court dismissed my petition and ordered the concerned IO to start the investigation without further delay and complete the same as soon as possible. The said judgement was made almost two years ago.

So I cordially request you to look into the matter and give me some advice what can I do right now.

With regards,

S Dasgupta.( Guwahati, Assam )",Dear client you can approach to hon'ble high court with expert lawyer for challenge that judgement.,"The key legal issue is whether acquittal in a criminal case affects the outcome of employment-related proceedings. Under Indian law, particularly the principles laid out in cases like *Capt. M. Paul Anthony v. Bharat Gold Mines Ltd.* (1999), an acquittal in a criminal case can influence disciplinary proceedings if the charges in both are identical and the acquittal is based on merits. However, the Labour Court's decision against you suggests that they did not find the acquittal sufficient to alter their ruling on your dismissal.

You cannot file a new case in the Lower Court for reinstatement if the matter is already pending in the High Court. Instead, focus on your appeal in the High Court, emphasizing the Supreme Court judgments that support reinstatement following acquittal. Consider seeking a legal expert to strengthen your argument that the acquittal should impact the employment decision.",0.3583,43.5205,18.644,3.9559,16.4299,20.5111,3.2801,20.0199,4.4031,1.5684,1.0,27.1385,49.3219,48.9553,83.8938
184,"I have filed a petition under 482 of CrPC to quash or set aside the charges against me on 30.01.2018.
The high court admit my petition and directed to the CBI to file counter affidavit with in four weeks. But CBI has not file counter affidavit and it is still pending . That after 30.01.18 the cas has been listed once in 17.05.18 but not heard by hobble court. After that two listing application has been filed and case listed on 31.07.18 and 24.08.18 but it is neither admitted not heard by court.
Being a innocent I am very depressed because advance bail may not taken in u.p.. kindly advice me what can I do in such circumstances sothat I can obtain justice. And what ground should be raised in listing application. I'll very thankful to you.( Lucknow, Uttar Pradesh )",PC::Counter-Affidavit Not Filed by District Magistrate → PC::Appellant Not Heard in Writ Petition → PC::Appellant Not Heard on Merits → PC::Appellants Not Heard Before High Court Decision,PC::Counter-Affidavit Not Filed by District Magistrate → PC::Appellant Not Heard in Writ Petition → PC::Appellant Not Heard on Merits → PC::Appellants Not Heard Before High Court Decision → HKG::LIM_133 → HKG::leave → PC::Review Application Dismissed Without Hearing → HKG::EC_RULES_3,"Sir a present municipal commissioner registered a contract Co. in his office to participate in works contract. . an elected councillor is a major partner in the company The company took many contract payments . They produced fake TDS tax remitted certificates and misappropriated tax revenue 38 lacs. HC ordered for recovery. Recovery was effected. FIR registered against the Co. But still present commissioner awarding contact to same Co. But no criminal action initiated against the commissioner. So many petition sent to higher officers. All are waste. Pl tell what's the procedure to get prosecution sanction against the commissioner sir( Vijayawada, Andhra Pradesh )","Sir I've mads omplaint n  filed a WP  in 2018 against an assistant Commr commercial tax for his alleged activities in filing complain against a trader. ie he has shown less crime of forgery docs instead of huge.  ie 150 nos instead of 8. and made favour the accused n weakened the FIR. By this trader evaded 45 lakhs VAT. Only department action taken on him. 

As expected FIR is now dropped  by police  since non coop of AC the complainant. In these three yrs AG audit sent report that he has committed 17 crores revenue loss in his service period.  

Can I  withdraw my earlier WP n file a fresh WP to  take criminal action as well as department action?  I'm the root cause for AG Audit report.( Salem, Tamil Nadu )","Shall i file objection in JMFC or approach to high court to quash police final report in 498a F.I.R ?
In 498a, 406 F.I.R last alleged incident of date 01.08.2020 after 2 year on 20.02.2022 F.I.R gets registered&nbsp;in different state&nbsp;till now police final report is not yet submitted , in term on evidence&nbsp;police will submit 2 -3 fake whatsup&nbsp;messges&nbsp;on year 2019.&nbsp;

IO told me he is going to submit charge sheet in few days.
The day IO submit final report in MM court ,&nbsp;shall i reach court and submit objection u/s 468(2)(c), now court is bared to take cognizance&nbsp;due to limitation act.also jurisdiction&nbsp;ground as per recent judgment of supreme court on dated 25.09.2024 KAILASHBEN MAHENDRABHAI PATEL c ?
shall i approach&nbsp;to delhi high court&nbsp; to quash on the judgment on A.Kaliyaperumal of madardh high court of 2024 on limitation groud&nbsp;?
can i go the delhi high to quash even after submission of final report in MM court( New Delhi, Delhi )",You can insist stay till the disposal of the case.,"The primary legal issue here is the delay in the hearing of your petition under Section 482 of the CrPC due to the CBI's failure to file a counter affidavit. Under Section 482 of the CrPC, the High Court has inherent powers to make such orders as may be necessary to prevent abuse of the process of any court or otherwise to secure the ends of justice. You can file an urgent application requesting the High Court to expedite the hearing of your petition, emphasizing the undue delay and the CBI's non-compliance with the court's directive to file a counter affidavit. Additionally, you can argue that the delay is causing undue hardship and affecting your rights, which may prompt the court to prioritize your case.",0.968,32.9855,18.644,3.9559,16.4299,20.5111,3.2801,20.0199,4.4031,1.5684,1.0,27.1385,49.3219,48.9553,83.8938
185,"om
 Hello sir. 
Some peoples atack on me 5 feb 2017. I had head injury and docters take opration . But today am disiable . Do not walk . And p.g.i give me disable certificate .  But police can not throw case in court . Chalan ni pesh hoeya hun tak. Naa police ne ipc 307 lagayi .. te naa ipc 34 ... Today am on bed full day ... But no body help me .. my fir numbr is 0027 f.i.r date - 5 feb 2017 . Police station - kurali district - mohali state - punjab 
Please advice me .. help me",HKG::CCS_ME → PC::Police Personnel Took Court Officers to Police Station → PC::Section 307 IPC → PC::Accused Failed to Seek Medical Help,HKG::CCS_ME → PC::Police Personnel Took Court Officers to Police Station → PC::Section 307 IPC → PC::Accused Failed to Seek Medical Help → PC::Section 302 of the Indian Penal Code → HKG::FIN_A_1952 → HKG::labour_court → HKG::FIN_A,"Sir a present municipal commissioner registered a contract Co. in his office to participate in works contract. . an elected councillor is a major partner in the company The company took many contract payments . They produced fake TDS tax remitted certificates and misappropriated tax revenue 38 lacs. HC ordered for recovery. Recovery was effected. FIR registered against the Co. But still present commissioner awarding contact to same Co. But no criminal action initiated against the commissioner. So many petition sent to higher officers. All are waste. Pl tell what's the procedure to get prosecution sanction against the commissioner sir( Vijayawada, Andhra Pradesh )","Sir I've mads omplaint n  filed a WP  in 2018 against an assistant Commr commercial tax for his alleged activities in filing complain against a trader. ie he has shown less crime of forgery docs instead of huge.  ie 150 nos instead of 8. and made favour the accused n weakened the FIR. By this trader evaded 45 lakhs VAT. Only department action taken on him. 

As expected FIR is now dropped  by police  since non coop of AC the complainant. In these three yrs AG audit sent report that he has committed 17 crores revenue loss in his service period.  

Can I  withdraw my earlier WP n file a fresh WP to  take criminal action as well as department action?  I'm the root cause for AG Audit report.( Salem, Tamil Nadu )","Shall i file objection in JMFC or approach to high court to quash police final report in 498a F.I.R ?
In 498a, 406 F.I.R last alleged incident of date 01.08.2020 after 2 year on 20.02.2022 F.I.R gets registered&nbsp;in different state&nbsp;till now police final report is not yet submitted , in term on evidence&nbsp;police will submit 2 -3 fake whatsup&nbsp;messges&nbsp;on year 2019.&nbsp;

IO told me he is going to submit charge sheet in few days.
The day IO submit final report in MM court ,&nbsp;shall i reach court and submit objection u/s 468(2)(c), now court is bared to take cognizance&nbsp;due to limitation act.also jurisdiction&nbsp;ground as per recent judgment of supreme court on dated 25.09.2024 KAILASHBEN MAHENDRABHAI PATEL c ?
shall i approach&nbsp;to delhi high court&nbsp; to quash on the judgment on A.Kaliyaperumal of madardh high court of 2024 on limitation groud&nbsp;?
can i go the delhi high to quash even after submission of final report in MM court( New Delhi, Delhi )","You can take advice & help from legal welfare forum in your district to guide, help & provide required assistance. Or Bar council in your district .","The primary legal issue is the failure of the police to file a charge sheet under Section 307 IPC (attempt to murder) despite the severity of your injuries. Under Section 173(2) of the CrPC, the police are obligated to submit a charge sheet once the investigation is complete. You can file a writ petition in the Punjab and Haryana High Court under Article 226 of the Constitution of India to compel the police to complete their investigation and file the charge sheet. Additionally, you may consider filing a complaint with the Superintendent of Police or the District Magistrate to expedite the investigation process.",0.9155,31.6315,18.644,3.9559,16.4299,20.5111,3.2801,20.0199,4.4031,1.5684,1.0,27.1385,49.3219,48.9553,83.8938
186,"The mob of around 100 Scheduled caste persons buried a dead body which belongs to my own agriculture land,I have all the documents which are belongs to the land.
I filed a FIR against the persons involved,later one of the accused person who is in FIR filed SC atrocity case against my entire family.
Could you please Help me on this ,what we can do in this case according to law.( Nalgonda, Telangana )",PC::Candidate Belongs to Scheduled Caste → PC::FIR Filed After Delay → PC::FIR Filed Under IPC Sections → PC::Accused Named in FIR,PC::Candidate Belongs to Scheduled Caste → PC::FIR Filed After Delay → PC::FIR Filed Under IPC Sections → PC::Accused Named in FIR → PC::Independent Witness Statement Recorded After Delay → PC::Writ Petition Filed to Quash FIR → PC::High Court Directed to Join Investigation → HKG::LIM_133,"Sir a present municipal commissioner registered a contract Co. in his office to participate in works contract. . an elected councillor is a major partner in the company The company took many contract payments . They produced fake TDS tax remitted certificates and misappropriated tax revenue 38 lacs. HC ordered for recovery. Recovery was effected. FIR registered against the Co. But still present commissioner awarding contact to same Co. But no criminal action initiated against the commissioner. So many petition sent to higher officers. All are waste. Pl tell what's the procedure to get prosecution sanction against the commissioner sir( Vijayawada, Andhra Pradesh )","Sir I've mads omplaint n  filed a WP  in 2018 against an assistant Commr commercial tax for his alleged activities in filing complain against a trader. ie he has shown less crime of forgery docs instead of huge.  ie 150 nos instead of 8. and made favour the accused n weakened the FIR. By this trader evaded 45 lakhs VAT. Only department action taken on him. 

As expected FIR is now dropped  by police  since non coop of AC the complainant. In these three yrs AG audit sent report that he has committed 17 crores revenue loss in his service period.  

Can I  withdraw my earlier WP n file a fresh WP to  take criminal action as well as department action?  I'm the root cause for AG Audit report.( Salem, Tamil Nadu )","Shall i file objection in JMFC or approach to high court to quash police final report in 498a F.I.R ?
In 498a, 406 F.I.R last alleged incident of date 01.08.2020 after 2 year on 20.02.2022 F.I.R gets registered&nbsp;in different state&nbsp;till now police final report is not yet submitted , in term on evidence&nbsp;police will submit 2 -3 fake whatsup&nbsp;messges&nbsp;on year 2019.&nbsp;

IO told me he is going to submit charge sheet in few days.
The day IO submit final report in MM court ,&nbsp;shall i reach court and submit objection u/s 468(2)(c), now court is bared to take cognizance&nbsp;due to limitation act.also jurisdiction&nbsp;ground as per recent judgment of supreme court on dated 25.09.2024 KAILASHBEN MAHENDRABHAI PATEL c ?
shall i approach&nbsp;to delhi high court&nbsp; to quash on the judgment on A.Kaliyaperumal of madardh high court of 2024 on limitation groud&nbsp;?
can i go the delhi high to quash even after submission of final report in MM court( New Delhi, Delhi )",You can file case,"Under the Scheduled Castes and the Scheduled Tribes (Prevention of Atrocities) Act, 1989, false allegations can be challenged through a writ petition under Article 226 of the Constitution to quash the FIR if it is deemed malicious or lacks evidence. Given the potential misuse of the SC/ST Act, the Supreme Court in *Subhash Kashinath Mahajan v. State of Maharashtra* (2018) outlined safeguards against false accusations, including preliminary inquiries before FIR registration.

The user can file a petition in the High Court under Section 482 of the CrPC to quash the FIR if it lacks merit or is filed with malicious intent. It is crucial to gather evidence proving the legitimacy of the land ownership and any documentation or witness statements that can demonstrate the false nature of the atrocity claim. Engaging a lawyer experienced in handling SC/ST Act cases will be beneficial to navigate the legal complexities and ensure proper representation.",0.4172,27.4079,18.644,3.9559,16.4299,20.5111,3.2801,20.0199,4.4031,1.5684,1.0,27.1385,49.3219,48.9553,83.8938
187,"What is the validity of Anticipatory Bail? Valid till chargesheet been filed ?( South Andaman, Andaman and Nicobar )",PC::Anticipatory Bail Granted → PC::Appellant Denied Anticipatory Bail → PC::Appellant Sought Anticipatory Bail → PC::High Court Granted Anticipatory Bail,"PC::Anticipatory Bail Granted → PC::Appellant Denied Anticipatory Bail → PC::Appellant Sought Anticipatory Bail → PC::High Court Granted Anticipatory Bail → PC::Section 70 of the Code of Criminal Procedure, 1973 → HKG::EC_RULES_17 → HKG::EC_RULES → HKG::SOC_REG_22","Sir a present municipal commissioner registered a contract Co. in his office to participate in works contract. . an elected councillor is a major partner in the company The company took many contract payments . They produced fake TDS tax remitted certificates and misappropriated tax revenue 38 lacs. HC ordered for recovery. Recovery was effected. FIR registered against the Co. But still present commissioner awarding contact to same Co. But no criminal action initiated against the commissioner. So many petition sent to higher officers. All are waste. Pl tell what's the procedure to get prosecution sanction against the commissioner sir( Vijayawada, Andhra Pradesh )","Shall i file objection in JMFC or approach to high court to quash police final report in 498a F.I.R ?
In 498a, 406 F.I.R last alleged incident of date 01.08.2020 after 2 year on 20.02.2022 F.I.R gets registered&nbsp;in different state&nbsp;till now police final report is not yet submitted , in term on evidence&nbsp;police will submit 2 -3 fake whatsup&nbsp;messges&nbsp;on year 2019.&nbsp;

IO told me he is going to submit charge sheet in few days.
The day IO submit final report in MM court ,&nbsp;shall i reach court and submit objection u/s 468(2)(c), now court is bared to take cognizance&nbsp;due to limitation act.also jurisdiction&nbsp;ground as per recent judgment of supreme court on dated 25.09.2024 KAILASHBEN MAHENDRABHAI PATEL c ?
shall i approach&nbsp;to delhi high court&nbsp; to quash on the judgment on A.Kaliyaperumal of madardh high court of 2024 on limitation groud&nbsp;?
can i go the delhi high to quash even after submission of final report in MM court( New Delhi, Delhi )","Sir I've mads omplaint n  filed a WP  in 2018 against an assistant Commr commercial tax for his alleged activities in filing complain against a trader. ie he has shown less crime of forgery docs instead of huge.  ie 150 nos instead of 8. and made favour the accused n weakened the FIR. By this trader evaded 45 lakhs VAT. Only department action taken on him. 

As expected FIR is now dropped  by police  since non coop of AC the complainant. In these three yrs AG audit sent report that he has committed 17 crores revenue loss in his service period.  

Can I  withdraw my earlier WP n file a fresh WP to  take criminal action as well as department action?  I'm the root cause for AG Audit report.( Salem, Tamil Nadu )",It's valid till your presences in courtAsk vidhikarya,"Anticipatory bail, under Section 438 of the Code of Criminal Procedure, 1973, remains valid until the conclusion of the trial unless it is canceled or modified by the court. The validity does not automatically expire upon the filing of the chargesheet. However, the court may impose conditions or review the bail once the chargesheet is filed. You can apply to the court for confirmation or modification of anticipatory bail conditions if necessary. It is advisable to monitor any court proceedings or orders that may affect the status of your anticipatory bail.",0.4269,33.4227,18.644,3.9559,16.4299,20.5111,3.2801,20.0199,4.4031,1.5684,1.0,27.1385,49.3219,48.9553,83.8938
188,"Fraud Case/FIR was lodged in 376, 315 and 420, NBW was issued, accused is in HC for Anticipatory bail, complainant did medical and gave statements.

Now, Complainant ready to take down the case as its already 4-5 months and all are fed up.

Please advise what is the fastest/easiest legal way to finish this. This should be done from Police station or Court or both ?
Does the complainant needs to give the affidavit in court and police station or both?
For expunge, what will be the process ?( Hyderabad, Telangana )",HKG::PGA_7 → HKG::EPF_7D → HKG::ESI_55 → HKG::IRC_44,HKG::PGA_7 → HKG::EPF_7D → HKG::ESI_55 → HKG::IRC_44 → HKG::labour_court → HKG::gratuity → HKG::Employees State Insurance Act 1948 → HKG::PROC_GRATUITY_CLAIM,"Sir a present municipal commissioner registered a contract Co. in his office to participate in works contract. . an elected councillor is a major partner in the company The company took many contract payments . They produced fake TDS tax remitted certificates and misappropriated tax revenue 38 lacs. HC ordered for recovery. Recovery was effected. FIR registered against the Co. But still present commissioner awarding contact to same Co. But no criminal action initiated against the commissioner. So many petition sent to higher officers. All are waste. Pl tell what's the procedure to get prosecution sanction against the commissioner sir( Vijayawada, Andhra Pradesh )","Sir I've mads omplaint n  filed a WP  in 2018 against an assistant Commr commercial tax for his alleged activities in filing complain against a trader. ie he has shown less crime of forgery docs instead of huge.  ie 150 nos instead of 8. and made favour the accused n weakened the FIR. By this trader evaded 45 lakhs VAT. Only department action taken on him. 

As expected FIR is now dropped  by police  since non coop of AC the complainant. In these three yrs AG audit sent report that he has committed 17 crores revenue loss in his service period.  

Can I  withdraw my earlier WP n file a fresh WP to  take criminal action as well as department action?  I'm the root cause for AG Audit report.( Salem, Tamil Nadu )","Dear Sir, 

One of the nationalised bank lodged an FIR against me under IPC SEC 420 for cheating and fraud related to ATM transactions in the year 2015.

For your kind information, i and my two relatives made 50 + atm transactions using their two atm. And all the transactions was unsuccessful. After raising disputes, they reverse the amount for 30+ claims. But they refused to settle the claims for last few transactions and alleged me and my relatives that we falsely lodged complaints due to ATM malfunctions. The ATM machine is failed to provide valid journal log of the all these transactions and also not providing CCTV Footage.

I raised a complaint for two of the said unsettled transactions in banking ombudsman, RBI and RBI also made decisions in my favour and asked the bank to refund the amount due to lack of evidence and CCTV Footage. And bank also bound to refund the amount after the RBI Mumbai rejects their appeal.

I also submits a petition at the high court for quashing the FIR. But the concerned IO and public prosecutor urged the court that investigation is still pending and they need some time to complete the investigation. And for that reason, the high court dismissed my petition and ordered the concerned IO to start the investigation without further delay and complete the same as soon as possible. The said judgement was made almost two years ago.

So I cordially request you to look into the matter and give me some advice what can I do right now.

With regards,

S Dasgupta.( Guwahati, Assam )",If both the parties ready to settlement then withdraw the case,"For offenses under Sections 376 (rape) and 315 (causing miscarriage without woman's consent) of the IPC, these are non-compoundable offenses and cannot be withdrawn solely based on the complainant's desire. However, Section 420 (cheating) is compoundable with the court's permission under Section 320 of the CrPC. The complainant can submit an affidavit expressing their desire to withdraw the complaint for the Section 420 charge, but for Sections 376 and 315, the accused may need to seek quashing of the FIR from the High Court under Section 482 of the CrPC, citing reasons such as settlement or lack of evidence.

Next steps include: 1) Filing an application in the High Court for quashing the FIR under Section 482 CrPC, supported by the complainant's affidavit. 2) If the High Court quashes the FIR, the police will be directed to expunge the charges.",0.5835,36.835,18.644,3.9559,16.4299,20.5111,3.2801,20.0199,4.4031,1.5684,1.0,27.1385,49.3219,48.9553,83.8938
189,"My friend wife filed a flase case about attempted to murder a women against him and also all his family members.How to deal with this case i want to close this case please give some suggestions what to do as we don't have any proof against his wife as she is very clever than us.( Howrah, West Bengal )",HKG::PGA_7 → HKG::EPF_7D → HKG::ESI_55 → HKG::IRC_44,HKG::PGA_7 → HKG::EPF_7D → HKG::ESI_55 → HKG::IRC_44 → HKG::labour_court → HKG::PROC_GRATUITY_CLAIM → HKG::Employees State Insurance Act 1948 → HKG::gratuity,"Sir a present municipal commissioner registered a contract Co. in his office to participate in works contract. . an elected councillor is a major partner in the company The company took many contract payments . They produced fake TDS tax remitted certificates and misappropriated tax revenue 38 lacs. HC ordered for recovery. Recovery was effected. FIR registered against the Co. But still present commissioner awarding contact to same Co. But no criminal action initiated against the commissioner. So many petition sent to higher officers. All are waste. Pl tell what's the procedure to get prosecution sanction against the commissioner sir( Vijayawada, Andhra Pradesh )","Sir I've mads omplaint n  filed a WP  in 2018 against an assistant Commr commercial tax for his alleged activities in filing complain against a trader. ie he has shown less crime of forgery docs instead of huge.  ie 150 nos instead of 8. and made favour the accused n weakened the FIR. By this trader evaded 45 lakhs VAT. Only department action taken on him. 

As expected FIR is now dropped  by police  since non coop of AC the complainant. In these three yrs AG audit sent report that he has committed 17 crores revenue loss in his service period.  

Can I  withdraw my earlier WP n file a fresh WP to  take criminal action as well as department action?  I'm the root cause for AG Audit report.( Salem, Tamil Nadu )","Shall i file objection in JMFC or approach to high court to quash police final report in 498a F.I.R ?
In 498a, 406 F.I.R last alleged incident of date 01.08.2020 after 2 year on 20.02.2022 F.I.R gets registered&nbsp;in different state&nbsp;till now police final report is not yet submitted , in term on evidence&nbsp;police will submit 2 -3 fake whatsup&nbsp;messges&nbsp;on year 2019.&nbsp;

IO told me he is going to submit charge sheet in few days.
The day IO submit final report in MM court ,&nbsp;shall i reach court and submit objection u/s 468(2)(c), now court is bared to take cognizance&nbsp;due to limitation act.also jurisdiction&nbsp;ground as per recent judgment of supreme court on dated 25.09.2024 KAILASHBEN MAHENDRABHAI PATEL c ?
shall i approach&nbsp;to delhi high court&nbsp; to quash on the judgment on A.Kaliyaperumal of madardh high court of 2024 on limitation groud&nbsp;?
can i go the delhi high to quash even after submission of final report in MM court( New Delhi, Delhi )",You need to proceed with the case and prove that such case is false by way of evidence.Also if such case is lodged by way of an FIR then you also have an option to Quash such FIR in the High Court.As you do not have evidence to prove anything it will become difficult to do so. However if you have the evidence either go for quashing or else fight it out and prove yourself innocent. Hire a good lawyer and take his advise on the same.,"To address the false attempted murder case, file a petition under Section 482 of the Criminal Procedure Code (CrPC) in the High Court to quash the FIR, arguing that the allegations are baseless and malicious. Demonstrate that the case lacks substantial evidence and is intended to harass. Additionally, gather any evidence or witnesses that can support your claim of innocence, such as alibis or inconsistencies in the complainant's story. If the High Court finds merit in your petition, it can quash the proceedings. Consult with a local attorney to ensure all procedural requirements are met when filing the petition.",3.6532,69.4918,18.644,3.9559,16.4299,20.5111,3.2801,20.0199,4.4031,1.5684,1.0,27.1385,49.3219,48.9553,83.8938
190,"I caught in a Drunk & drive case . Police has given me a memo mentioning date to present in court. Is it possible to present in a court on a date other than that either earlier or later? Is it possible that any lawyer will represent in court on my behalf ? What is the minimum fine that have to pay in pune for that( Pune, Maharashtra )",PC::Arbitration Clause Present in Agreement → PC::Victim Identified in Court → PC::Prosecution Failed to Present Required Order → PC::Arbitration Clause Present in Partnership Deed,"PC::Arbitration Clause Present in Agreement → PC::Victim Identified in Court → PC::Prosecution Failed to Present Required Order → PC::Arbitration Clause Present in Partnership Deed → PC::High Court Allowed Appointment of Sole Arbitrator → PC::Section 11 of the Arbitration and Conciliation Act, 1996 → HKG::FIN_A_160 → HKG::FIN_A","Sir a present municipal commissioner registered a contract Co. in his office to participate in works contract. . an elected councillor is a major partner in the company The company took many contract payments . They produced fake TDS tax remitted certificates and misappropriated tax revenue 38 lacs. HC ordered for recovery. Recovery was effected. FIR registered against the Co. But still present commissioner awarding contact to same Co. But no criminal action initiated against the commissioner. So many petition sent to higher officers. All are waste. Pl tell what's the procedure to get prosecution sanction against the commissioner sir( Vijayawada, Andhra Pradesh )","Sir I've mads omplaint n  filed a WP  in 2018 against an assistant Commr commercial tax for his alleged activities in filing complain against a trader. ie he has shown less crime of forgery docs instead of huge.  ie 150 nos instead of 8. and made favour the accused n weakened the FIR. By this trader evaded 45 lakhs VAT. Only department action taken on him. 

As expected FIR is now dropped  by police  since non coop of AC the complainant. In these three yrs AG audit sent report that he has committed 17 crores revenue loss in his service period.  

Can I  withdraw my earlier WP n file a fresh WP to  take criminal action as well as department action?  I'm the root cause for AG Audit report.( Salem, Tamil Nadu )","Shall i file objection in JMFC or approach to high court to quash police final report in 498a F.I.R ?
In 498a, 406 F.I.R last alleged incident of date 01.08.2020 after 2 year on 20.02.2022 F.I.R gets registered&nbsp;in different state&nbsp;till now police final report is not yet submitted , in term on evidence&nbsp;police will submit 2 -3 fake whatsup&nbsp;messges&nbsp;on year 2019.&nbsp;

IO told me he is going to submit charge sheet in few days.
The day IO submit final report in MM court ,&nbsp;shall i reach court and submit objection u/s 468(2)(c), now court is bared to take cognizance&nbsp;due to limitation act.also jurisdiction&nbsp;ground as per recent judgment of supreme court on dated 25.09.2024 KAILASHBEN MAHENDRABHAI PATEL c ?
shall i approach&nbsp;to delhi high court&nbsp; to quash on the judgment on A.Kaliyaperumal of madardh high court of 2024 on limitation groud&nbsp;?
can i go the delhi high to quash even after submission of final report in MM court( New Delhi, Delhi )",Dear client no need to worry about it.if that was your first offense then judge impose fine on you,"Under the Motor Vehicles Act, 1988, driving under the influence is a punishable offense. You must appear in court on the specified date given in the memo. If you cannot attend on that date, you or your lawyer can request the court for a different date, but this is subject to the court's discretion. A lawyer can represent you in court, but your presence may still be required for certain proceedings. In Pune, fines for drunk driving can range from ₹2,000 to ₹10,000, and repeat offenses may lead to imprisonment. Consult with a lawyer to prepare for your court appearance and discuss potential defenses or plea options.",0.4853,38.7043,18.644,3.9559,16.4299,20.5111,3.2801,20.0199,4.4031,1.5684,1.0,27.1385,49.3219,48.9553,83.8938
191,"My name is karthik. I was married on 2016.after marriage i have affair with another girl (SC cast)who worked as my co staff. We had sexual intercourse many times.she knows that am already married.  She forced me to marry her but i refused. The girls parents arranged marriage for both by threatening me. Since that i was absconded The girl was filed case against me & my parents under mentioned sec.420,417,506(2),496 on feb 19th 2018.After that till now am in abscond. My parents was arrested with the same sec and remanded by police.my parents are aged 55&60.I approach advocate to get bail for us. He took bail for my parents with some condition.after condition bail he put relaxation petitions then they relived from condition bail. My advocate tried bail for me two times directly in high Court. But my bail application was rejected by high Court bcs the girl put some petition that me n the girl had sexual intercourse before the marriage. Till now am in abscond. Now police was came to my wife's house for searching me without any warrant.they threaten me to give 50lakhs for settlement.police said they will go to my brother home n took my brother to station for getting me surrender. I need suggestion. They have rights to arrest my brother for getting surrender me. Can i surrrender myself or continues abscond.is there any problem for absconding.help to sort out this issue.( Chennai, Tamil Nadu )",HKG::ATA_19,HKG::ATA_19 → HKG::Administrative Tribunals Act 1985 → HKG::govt_service → HKG::labour_court → HKG::PROC_GOVT_SERVICE_DISPUTE,"Sir a present municipal commissioner registered a contract Co. in his office to participate in works contract. . an elected councillor is a major partner in the company The company took many contract payments . They produced fake TDS tax remitted certificates and misappropriated tax revenue 38 lacs. HC ordered for recovery. Recovery was effected. FIR registered against the Co. But still present commissioner awarding contact to same Co. But no criminal action initiated against the commissioner. So many petition sent to higher officers. All are waste. Pl tell what's the procedure to get prosecution sanction against the commissioner sir( Vijayawada, Andhra Pradesh )","Sir I've mads omplaint n  filed a WP  in 2018 against an assistant Commr commercial tax for his alleged activities in filing complain against a trader. ie he has shown less crime of forgery docs instead of huge.  ie 150 nos instead of 8. and made favour the accused n weakened the FIR. By this trader evaded 45 lakhs VAT. Only department action taken on him. 

As expected FIR is now dropped  by police  since non coop of AC the complainant. In these three yrs AG audit sent report that he has committed 17 crores revenue loss in his service period.  

Can I  withdraw my earlier WP n file a fresh WP to  take criminal action as well as department action?  I'm the root cause for AG Audit report.( Salem, Tamil Nadu )","Shall i file objection in JMFC or approach to high court to quash police final report in 498a F.I.R ?
In 498a, 406 F.I.R last alleged incident of date 01.08.2020 after 2 year on 20.02.2022 F.I.R gets registered&nbsp;in different state&nbsp;till now police final report is not yet submitted , in term on evidence&nbsp;police will submit 2 -3 fake whatsup&nbsp;messges&nbsp;on year 2019.&nbsp;

IO told me he is going to submit charge sheet in few days.
The day IO submit final report in MM court ,&nbsp;shall i reach court and submit objection u/s 468(2)(c), now court is bared to take cognizance&nbsp;due to limitation act.also jurisdiction&nbsp;ground as per recent judgment of supreme court on dated 25.09.2024 KAILASHBEN MAHENDRABHAI PATEL c ?
shall i approach&nbsp;to delhi high court&nbsp; to quash on the judgment on A.Kaliyaperumal of madardh high court of 2024 on limitation groud&nbsp;?
can i go the delhi high to quash even after submission of final report in MM court( New Delhi, Delhi )","I wonder why your first wife has not made a complaint against you. In fact, making a complaint would be safe for her. And please do surrender. Later, you can get bail. AB is near impossible.","Under Indian law, police cannot legally detain or arrest your brother to compel your surrender unless he is directly implicated in the offense. The charges against you, particularly under Sections 420 (cheating), 417 (punishment for cheating), 506(2) (criminal intimidation), and 496 (marriage ceremony fraudulently gone through without lawful marriage) of the Indian Penal Code, are serious. Continuing to abscond can worsen your legal position and affect future bail applications.

Surrendering voluntarily can demonstrate good faith and may improve your chances of obtaining bail. Consider filing a fresh bail application, possibly highlighting any changed circumstances or errors in the previous proceedings, and consult your advocate about negotiating a settlement or compromise if feasible and legal.",1.0519,34.2076,18.644,3.9559,16.4299,20.5111,3.2801,20.0199,4.4031,1.5684,1.0,27.1385,49.3219,48.9553,83.8938
192,"I am suffering from bipolar disorder with an outbreak of psychosis in which a person has delusions and hallucinations. In May 2020 during my psychosis breakdown, I sent sexually explicit messages to one of my seniors ( a lady officer).

I was under the delusion that she along with the departmental head is plotting against my life. Now the department on her complaint is implicating me under the provisions of the POSH Act, 2013.

I have sought defense that I am having a bipolar disorder with an outbreak of psychosis and produced discharge and follow-up certificates and documents of PGI, Chandigarh, but the administration is not accepting my plea.

The administration is not accepting my plea of mental illness and it turned down my plea. The administration is of the opinion that when I can use the internet and laptop then my plea of psychosis is not admissible.( Chandigarh, Chandigarh )",PC::Defence Plea of Not Guilty → HKG::MHA_3 → PC::Plea of Self-Defence Not Accepted → PC::Plea of Self-Defence Rejected,PC::Defence Plea of Not Guilty → HKG::MHA_3 → PC::Plea of Self-Defence Not Accepted → PC::Plea of Self-Defence Rejected → PC::Prosecution Established Murder Charge → HKG::LIM_104 → HKG::LIM → HKG::MHA,"Sir a present municipal commissioner registered a contract Co. in his office to participate in works contract. . an elected councillor is a major partner in the company The company took many contract payments . They produced fake TDS tax remitted certificates and misappropriated tax revenue 38 lacs. HC ordered for recovery. Recovery was effected. FIR registered against the Co. But still present commissioner awarding contact to same Co. But no criminal action initiated against the commissioner. So many petition sent to higher officers. All are waste. Pl tell what's the procedure to get prosecution sanction against the commissioner sir( Vijayawada, Andhra Pradesh )","Sir I've mads omplaint n  filed a WP  in 2018 against an assistant Commr commercial tax for his alleged activities in filing complain against a trader. ie he has shown less crime of forgery docs instead of huge.  ie 150 nos instead of 8. and made favour the accused n weakened the FIR. By this trader evaded 45 lakhs VAT. Only department action taken on him. 

As expected FIR is now dropped  by police  since non coop of AC the complainant. In these three yrs AG audit sent report that he has committed 17 crores revenue loss in his service period.  

Can I  withdraw my earlier WP n file a fresh WP to  take criminal action as well as department action?  I'm the root cause for AG Audit report.( Salem, Tamil Nadu )","Shall i file objection in JMFC or approach to high court to quash police final report in 498a F.I.R ?
In 498a, 406 F.I.R last alleged incident of date 01.08.2020 after 2 year on 20.02.2022 F.I.R gets registered&nbsp;in different state&nbsp;till now police final report is not yet submitted , in term on evidence&nbsp;police will submit 2 -3 fake whatsup&nbsp;messges&nbsp;on year 2019.&nbsp;

IO told me he is going to submit charge sheet in few days.
The day IO submit final report in MM court ,&nbsp;shall i reach court and submit objection u/s 468(2)(c), now court is bared to take cognizance&nbsp;due to limitation act.also jurisdiction&nbsp;ground as per recent judgment of supreme court on dated 25.09.2024 KAILASHBEN MAHENDRABHAI PATEL c ?
shall i approach&nbsp;to delhi high court&nbsp; to quash on the judgment on A.Kaliyaperumal of madardh high court of 2024 on limitation groud&nbsp;?
can i go the delhi high to quash even after submission of final report in MM court( New Delhi, Delhi )","See if you take plea of bipolar disorder your employment will be at stake so get the disorder be corrected, where do you work","Under the Protection of Women from Sexual Harassment (POSH) Act, 2013, the defense of mental illness can be complex but is not automatically inadmissible. The key legal issue here is whether your mental condition at the time of the incident can negate the intent required for the alleged misconduct. You should seek a medical evaluation from a court-recognized psychiatrist to substantiate your claim of psychosis impacting your ability to form intent. Legally, you can present this evidence during any internal or legal proceedings to argue that your actions were not intentional due to your mental health condition. Consider filing a petition in the High Court to challenge the administrative decision not to accept your plea, potentially under Article 226 of the Constitution for violation of natural justice principles.",0.4325,42.3201,18.644,3.9559,16.4299,20.5111,3.2801,20.0199,4.4031,1.5684,1.0,27.1385,49.3219,48.9553,83.8938
193,"Sir,
I have been honey trapped for last 1 year. when I got to know then I asked the money which I have given her and her friend then girl threten me for blackmailing and making rape charges against me. I don't know what to do?( Gurgaon, Haryana )",HKG::CCS_ME → PC::Charges Against Respondent Proved → HKG::LIM_51 → PC::Charges Against Appellants Under IPC,HKG::CCS_ME → PC::Charges Against Respondent Proved → HKG::LIM_51 → PC::Charges Against Appellants Under IPC → PC::Respondent Dismissed from Service → HKG::EPF_AT_4 → HKG::labour_court → PC::Punishment Reduced to Compulsory Retirement,"Sir a present municipal commissioner registered a contract Co. in his office to participate in works contract. . an elected councillor is a major partner in the company The company took many contract payments . They produced fake TDS tax remitted certificates and misappropriated tax revenue 38 lacs. HC ordered for recovery. Recovery was effected. FIR registered against the Co. But still present commissioner awarding contact to same Co. But no criminal action initiated against the commissioner. So many petition sent to higher officers. All are waste. Pl tell what's the procedure to get prosecution sanction against the commissioner sir( Vijayawada, Andhra Pradesh )","Sir I've mads omplaint n  filed a WP  in 2018 against an assistant Commr commercial tax for his alleged activities in filing complain against a trader. ie he has shown less crime of forgery docs instead of huge.  ie 150 nos instead of 8. and made favour the accused n weakened the FIR. By this trader evaded 45 lakhs VAT. Only department action taken on him. 

As expected FIR is now dropped  by police  since non coop of AC the complainant. In these three yrs AG audit sent report that he has committed 17 crores revenue loss in his service period.  

Can I  withdraw my earlier WP n file a fresh WP to  take criminal action as well as department action?  I'm the root cause for AG Audit report.( Salem, Tamil Nadu )","Shall i file objection in JMFC or approach to high court to quash police final report in 498a F.I.R ?
In 498a, 406 F.I.R last alleged incident of date 01.08.2020 after 2 year on 20.02.2022 F.I.R gets registered&nbsp;in different state&nbsp;till now police final report is not yet submitted , in term on evidence&nbsp;police will submit 2 -3 fake whatsup&nbsp;messges&nbsp;on year 2019.&nbsp;

IO told me he is going to submit charge sheet in few days.
The day IO submit final report in MM court ,&nbsp;shall i reach court and submit objection u/s 468(2)(c), now court is bared to take cognizance&nbsp;due to limitation act.also jurisdiction&nbsp;ground as per recent judgment of supreme court on dated 25.09.2024 KAILASHBEN MAHENDRABHAI PATEL c ?
shall i approach&nbsp;to delhi high court&nbsp; to quash on the judgment on A.Kaliyaperumal of madardh high court of 2024 on limitation groud&nbsp;?
can i go the delhi high to quash even after submission of final report in MM court( New Delhi, Delhi )","Dear Client,First of all you will have to make an application to the local police station highlighting the fact of the honey trap alongwith the evidence (digital or non digital) if any. Please do not forget to get a received copy with the sign and seal of the respective police station.Along with this you have to file a cybercrime complaint in cyber cell along with proper evidence and complaining about blackmailing.","The situation involves potential extortion and false accusations, which are criminal offenses under the Indian Penal Code (IPC). Under Section 383 of the IPC, extortion is defined as intentionally putting a person in fear of injury to obtain property or valuable security. If there is a threat of false rape charges, it may also amount to criminal intimidation under Section 503 IPC.

You can file a complaint with the local police station detailing the extortion and threats, providing any evidence you have, such as messages or recordings. Additionally, consider filing a petition under Section 482 of the Criminal Procedure Code in the High Court to seek protection against false charges. Consulting with a criminal defense lawyer to assist with drafting and filing these complaints is advisable.",3.5616,49.1779,18.644,3.9559,16.4299,20.5111,3.2801,20.0199,4.4031,1.5684,1.0,27.1385,49.3219,48.9553,83.8938
194,"I have been summoned by CBI Court CMM Rouse Avenue, New Delhi as Accused in a case referred above. Court has asked me to appear in person or through Lawyer. I have no idea about the procedures.  Kindly advise me the possible way to go about it. Investigation was carried betn 2010 to 2012.( Ahmedabad, Gujarat )",PC::Appellant Figures as Accused in Companyplaint Case → PC::Charge-Sheet Filed by CBI → PC::Prosecution Case Found to Have No Merit → PC::Identification of Accused in Court,PC::Appellant Figures as Accused in Companyplaint Case → PC::Charge-Sheet Filed by CBI → PC::Prosecution Case Found to Have No Merit → PC::Identification of Accused in Court → PC::High Court Dismissed Revision on Merits and Delay → HKG::LIM_133 → HKG::leave → PC::Trial Court Acquitted Respondent Due to Identification Issues,"Sir a present municipal commissioner registered a contract Co. in his office to participate in works contract. . an elected councillor is a major partner in the company The company took many contract payments . They produced fake TDS tax remitted certificates and misappropriated tax revenue 38 lacs. HC ordered for recovery. Recovery was effected. FIR registered against the Co. But still present commissioner awarding contact to same Co. But no criminal action initiated against the commissioner. So many petition sent to higher officers. All are waste. Pl tell what's the procedure to get prosecution sanction against the commissioner sir( Vijayawada, Andhra Pradesh )","Sir I've mads omplaint n  filed a WP  in 2018 against an assistant Commr commercial tax for his alleged activities in filing complain against a trader. ie he has shown less crime of forgery docs instead of huge.  ie 150 nos instead of 8. and made favour the accused n weakened the FIR. By this trader evaded 45 lakhs VAT. Only department action taken on him. 

As expected FIR is now dropped  by police  since non coop of AC the complainant. In these three yrs AG audit sent report that he has committed 17 crores revenue loss in his service period.  

Can I  withdraw my earlier WP n file a fresh WP to  take criminal action as well as department action?  I'm the root cause for AG Audit report.( Salem, Tamil Nadu )","Shall i file objection in JMFC or approach to high court to quash police final report in 498a F.I.R ?
In 498a, 406 F.I.R last alleged incident of date 01.08.2020 after 2 year on 20.02.2022 F.I.R gets registered&nbsp;in different state&nbsp;till now police final report is not yet submitted , in term on evidence&nbsp;police will submit 2 -3 fake whatsup&nbsp;messges&nbsp;on year 2019.&nbsp;

IO told me he is going to submit charge sheet in few days.
The day IO submit final report in MM court ,&nbsp;shall i reach court and submit objection u/s 468(2)(c), now court is bared to take cognizance&nbsp;due to limitation act.also jurisdiction&nbsp;ground as per recent judgment of supreme court on dated 25.09.2024 KAILASHBEN MAHENDRABHAI PATEL c ?
shall i approach&nbsp;to delhi high court&nbsp; to quash on the judgment on A.Kaliyaperumal of madardh high court of 2024 on limitation groud&nbsp;?
can i go the delhi high to quash even after submission of final report in MM court( New Delhi, Delhi )",Go to a lawyer with the summons copy provided to you.,"Under Section 205 of the CrPC, the accused can apply for exemption from personal appearance in court and appear through a lawyer. Since you have been summoned by the CBI Court, it is crucial to ensure compliance with the summons to avoid any adverse legal consequences. You can legally request your lawyer to appear on your behalf if the court permits it. 

Next steps: Engage a criminal defense attorney to represent you in court, and have them file an application under Section 205 CrPC for exemption from personal appearance if necessary. Ensure that your lawyer reviews the charge sheet and any evidence collected during the investigation from 2010 to 2012 to prepare an appropriate defense strategy.",1.5522,54.9618,18.644,3.9559,16.4299,20.5111,3.2801,20.0199,4.4031,1.5684,1.0,27.1385,49.3219,48.9553,83.8938
195,"4 persons  armed with sword entered a house and assaulted X living there . They compelled Y another inmate of the house on pain of death to catch hold of the hands of X so that he couldn't struggle and then beheaded X , Y was sent up with the other four persons for protection under section 302 with the aid of section 34 of IPC . Can Y be held guilty and convicted of that offence or of any other minor offence?( Bangalore, Karnataka )",PC::Section 34 of the IPC → PC::Section 302 read with Section 34 of the Indian Penal Code → PC::Section 302 of IPC → PC::Appellant Assaulted Deceased with Sword,"PC::Section 34 of the IPC → PC::Section 302 read with Section 34 of the Indian Penal Code → PC::Section 302 of IPC → PC::Appellant Assaulted Deceased with Sword → PC::Injuries Found to be Simple in Nature → PC::Section 307 of the Indian Penal Code, 1860 → HKG::RPSR_3213 → HKG::RPSR","Sir a present municipal commissioner registered a contract Co. in his office to participate in works contract. . an elected councillor is a major partner in the company The company took many contract payments . They produced fake TDS tax remitted certificates and misappropriated tax revenue 38 lacs. HC ordered for recovery. Recovery was effected. FIR registered against the Co. But still present commissioner awarding contact to same Co. But no criminal action initiated against the commissioner. So many petition sent to higher officers. All are waste. Pl tell what's the procedure to get prosecution sanction against the commissioner sir( Vijayawada, Andhra Pradesh )","Shall i file objection in JMFC or approach to high court to quash police final report in 498a F.I.R ?
In 498a, 406 F.I.R last alleged incident of date 01.08.2020 after 2 year on 20.02.2022 F.I.R gets registered&nbsp;in different state&nbsp;till now police final report is not yet submitted , in term on evidence&nbsp;police will submit 2 -3 fake whatsup&nbsp;messges&nbsp;on year 2019.&nbsp;

IO told me he is going to submit charge sheet in few days.
The day IO submit final report in MM court ,&nbsp;shall i reach court and submit objection u/s 468(2)(c), now court is bared to take cognizance&nbsp;due to limitation act.also jurisdiction&nbsp;ground as per recent judgment of supreme court on dated 25.09.2024 KAILASHBEN MAHENDRABHAI PATEL c ?
shall i approach&nbsp;to delhi high court&nbsp; to quash on the judgment on A.Kaliyaperumal of madardh high court of 2024 on limitation groud&nbsp;?
can i go the delhi high to quash even after submission of final report in MM court( New Delhi, Delhi )","Sir I've mads omplaint n  filed a WP  in 2018 against an assistant Commr commercial tax for his alleged activities in filing complain against a trader. ie he has shown less crime of forgery docs instead of huge.  ie 150 nos instead of 8. and made favour the accused n weakened the FIR. By this trader evaded 45 lakhs VAT. Only department action taken on him. 

As expected FIR is now dropped  by police  since non coop of AC the complainant. In these three yrs AG audit sent report that he has committed 17 crores revenue loss in his service period.  

Can I  withdraw my earlier WP n file a fresh WP to  take criminal action as well as department action?  I'm the root cause for AG Audit report.( Salem, Tamil Nadu )",Y under the fear of instant death or grievous injury has done such act as such he will be acquitted. He has no mens rea in his mind to commit any offense. Let your experienced advocate get him discharged.,"Under Section 34 of the Indian Penal Code (IPC), when a criminal act is done by several persons in furtherance of the common intention of all, each of them is liable for that act as if it were done by him alone. In this scenario, Y can potentially be held guilty under Section 302 read with Section 34 IPC if it is proven that he shared the common intention with the other accused to commit murder. The fact that Y was compelled on pain of death may serve as a defense under duress, but it must be convincingly established that he had no opportunity to escape or resist.

Y should gather evidence supporting the claim of coercion and lack of intent to participate in the crime. Consulting with a legal expert to prepare a defense strategy focusing on duress and lack of common intention is advisable.",0.9494,46.9417,18.644,3.9559,16.4299,20.5111,3.2801,20.0199,4.4031,1.5684,1.0,27.1385,49.3219,48.9553,83.8938
196,"my husband submitted false evidences in family court to get order in his favor and same has happened. now my present advocate said to file application under section 340 but Chief jmfc refused to take application and family court said the case is over so he can not do anything. so what to do?( Navsari, Gujarat )",PC::Application Under Section 340 CrPC Filed → PC::Interim Order Pending Family Court Decision → PC::Section 340 of CrPC → PC::High Court Dismissed Application Under Section 482,PC::Application Under Section 340 CrPC Filed → PC::Interim Order Pending Family Court Decision → PC::Section 340 of CrPC → PC::High Court Dismissed Application Under Section 482 → HKG::EC_RULES_3 → HKG::EC_RULES → HKG::LIM_122 → HKG::LIM,"Sir a present municipal commissioner registered a contract Co. in his office to participate in works contract. . an elected councillor is a major partner in the company The company took many contract payments . They produced fake TDS tax remitted certificates and misappropriated tax revenue 38 lacs. HC ordered for recovery. Recovery was effected. FIR registered against the Co. But still present commissioner awarding contact to same Co. But no criminal action initiated against the commissioner. So many petition sent to higher officers. All are waste. Pl tell what's the procedure to get prosecution sanction against the commissioner sir( Vijayawada, Andhra Pradesh )","Sir I've mads omplaint n  filed a WP  in 2018 against an assistant Commr commercial tax for his alleged activities in filing complain against a trader. ie he has shown less crime of forgery docs instead of huge.  ie 150 nos instead of 8. and made favour the accused n weakened the FIR. By this trader evaded 45 lakhs VAT. Only department action taken on him. 

As expected FIR is now dropped  by police  since non coop of AC the complainant. In these three yrs AG audit sent report that he has committed 17 crores revenue loss in his service period.  

Can I  withdraw my earlier WP n file a fresh WP to  take criminal action as well as department action?  I'm the root cause for AG Audit report.( Salem, Tamil Nadu )","Shall i file objection in JMFC or approach to high court to quash police final report in 498a F.I.R ?
In 498a, 406 F.I.R last alleged incident of date 01.08.2020 after 2 year on 20.02.2022 F.I.R gets registered&nbsp;in different state&nbsp;till now police final report is not yet submitted , in term on evidence&nbsp;police will submit 2 -3 fake whatsup&nbsp;messges&nbsp;on year 2019.&nbsp;

IO told me he is going to submit charge sheet in few days.
The day IO submit final report in MM court ,&nbsp;shall i reach court and submit objection u/s 468(2)(c), now court is bared to take cognizance&nbsp;due to limitation act.also jurisdiction&nbsp;ground as per recent judgment of supreme court on dated 25.09.2024 KAILASHBEN MAHENDRABHAI PATEL c ?
shall i approach&nbsp;to delhi high court&nbsp; to quash on the judgment on A.Kaliyaperumal of madardh high court of 2024 on limitation groud&nbsp;?
can i go the delhi high to quash even after submission of final report in MM court( New Delhi, Delhi )","Dear client,we would advise you to file an appeal and in addition prosecute your husband under section 193 of IPC for giving/fabricating false evidence","Under Section 340 of the Criminal Procedure Code (CrPC), an application can be filed to initiate an inquiry into offenses related to false evidence and offenses against public justice. If the Chief Judicial Magistrate's Court (JMFC) refused your application and the family court stated it cannot act since the case is closed, consider filing an appeal or revision petition in the High Court against the refusal to entertain your Section 340 application. The High Court has the power under Section 482 of the CrPC to intervene in matters where lower courts have failed to act on applications concerning false evidence. Ensure that you provide substantial evidence to demonstrate that false evidence was indeed submitted and that it materially affected the outcome of the case.",0.9933,53.8205,18.644,3.9559,16.4299,20.5111,3.2801,20.0199,4.4031,1.5684,1.0,27.1385,49.3219,48.9553,83.8938
197,"Can I file a case Zero FIR or online now against to my father and his third wife on attempt murder which was happened in Jan 2020 in Andhra Pradesh. Please suggest. Currently I am in Bangalore.( Bangalore, Karnataka )",HKG::IDA_17B → HKG::EPF_12 → HKG::ESI_72 → HKG::ISM_12,HKG::IDA_17B → HKG::EPF_12 → HKG::ESI_72 → HKG::ISM_12 → HKG::ISM → HKG::Industrial Disputes Act 1947 → HKG::Employees State Insurance Act 1948 → HKG::Employees Provident Fund Act 1952,"Sir a present municipal commissioner registered a contract Co. in his office to participate in works contract. . an elected councillor is a major partner in the company The company took many contract payments . They produced fake TDS tax remitted certificates and misappropriated tax revenue 38 lacs. HC ordered for recovery. Recovery was effected. FIR registered against the Co. But still present commissioner awarding contact to same Co. But no criminal action initiated against the commissioner. So many petition sent to higher officers. All are waste. Pl tell what's the procedure to get prosecution sanction against the commissioner sir( Vijayawada, Andhra Pradesh )","Sir I've mads omplaint n  filed a WP  in 2018 against an assistant Commr commercial tax for his alleged activities in filing complain against a trader. ie he has shown less crime of forgery docs instead of huge.  ie 150 nos instead of 8. and made favour the accused n weakened the FIR. By this trader evaded 45 lakhs VAT. Only department action taken on him. 

As expected FIR is now dropped  by police  since non coop of AC the complainant. In these three yrs AG audit sent report that he has committed 17 crores revenue loss in his service period.  

Can I  withdraw my earlier WP n file a fresh WP to  take criminal action as well as department action?  I'm the root cause for AG Audit report.( Salem, Tamil Nadu )","Shall i file objection in JMFC or approach to high court to quash police final report in 498a F.I.R ?
In 498a, 406 F.I.R last alleged incident of date 01.08.2020 after 2 year on 20.02.2022 F.I.R gets registered&nbsp;in different state&nbsp;till now police final report is not yet submitted , in term on evidence&nbsp;police will submit 2 -3 fake whatsup&nbsp;messges&nbsp;on year 2019.&nbsp;

IO told me he is going to submit charge sheet in few days.
The day IO submit final report in MM court ,&nbsp;shall i reach court and submit objection u/s 468(2)(c), now court is bared to take cognizance&nbsp;due to limitation act.also jurisdiction&nbsp;ground as per recent judgment of supreme court on dated 25.09.2024 KAILASHBEN MAHENDRABHAI PATEL c ?
shall i approach&nbsp;to delhi high court&nbsp; to quash on the judgment on A.Kaliyaperumal of madardh high court of 2024 on limitation groud&nbsp;?
can i go the delhi high to quash even after submission of final report in MM court( New Delhi, Delhi )","Zero FIR is very helpful for immediate reporting of offences. In your case, it needs to be seen, where you were positioned at the time of the offence. In case, you were at Andhra for quite sometime, post the offence, then police at Karnataka may refuse to register your complaint, as there is delay on your part. However, you may try filing a zero fir at the Bangalore police station nearer to your residence.At best, you may now address an email to the jurisdictional Superintendent of Police at Andhra, i.e. near your house at Andhra, so that a record of the offence remains. Later, follow it up for action post covid lockdown relaxation.","Under Indian law, a Zero FIR can be filed in any police station regardless of the jurisdiction where the crime occurred, as per the directives of the Supreme Court of India. This allows you to file a Zero FIR in Bangalore for an incident that occurred in Andhra Pradesh. However, the police will transfer the FIR to the appropriate jurisdiction for investigation. Given the time elapsed since January 2020, it is crucial to provide substantial evidence to support your claim of attempted murder. Consider consulting with a local attorney in Bangalore to assist with drafting and filing the FIR and to ensure that all necessary legal protocols are followed.",2.919,76.2572,18.644,3.9559,16.4299,20.5111,3.2801,20.0199,4.4031,1.5684,1.0,27.1385,49.3219,48.9553,83.8938
198,"Where can I lodge the complaint against corrupted govt employees as per the IPC sections.( Warangal, Telangana )",HKG::IDA_2A → HKG::ESI_73 → HKG::IDA_25F → HKG::IDA_25H,HKG::IDA_2A → HKG::ESI_73 → HKG::IDA_25F → HKG::IDA_25H → HKG::Industrial Disputes Act 1947 → HKG::Employees State Insurance Act 1948 → HKG::esi → HKG::PROC_ESI_CLAIM,"Sir a present municipal commissioner registered a contract Co. in his office to participate in works contract. . an elected councillor is a major partner in the company The company took many contract payments . They produced fake TDS tax remitted certificates and misappropriated tax revenue 38 lacs. HC ordered for recovery. Recovery was effected. FIR registered against the Co. But still present commissioner awarding contact to same Co. But no criminal action initiated against the commissioner. So many petition sent to higher officers. All are waste. Pl tell what's the procedure to get prosecution sanction against the commissioner sir( Vijayawada, Andhra Pradesh )","Sir I've mads omplaint n  filed a WP  in 2018 against an assistant Commr commercial tax for his alleged activities in filing complain against a trader. ie he has shown less crime of forgery docs instead of huge.  ie 150 nos instead of 8. and made favour the accused n weakened the FIR. By this trader evaded 45 lakhs VAT. Only department action taken on him. 

As expected FIR is now dropped  by police  since non coop of AC the complainant. In these three yrs AG audit sent report that he has committed 17 crores revenue loss in his service period.  

Can I  withdraw my earlier WP n file a fresh WP to  take criminal action as well as department action?  I'm the root cause for AG Audit report.( Salem, Tamil Nadu )","Shall i file objection in JMFC or approach to high court to quash police final report in 498a F.I.R ?
In 498a, 406 F.I.R last alleged incident of date 01.08.2020 after 2 year on 20.02.2022 F.I.R gets registered&nbsp;in different state&nbsp;till now police final report is not yet submitted , in term on evidence&nbsp;police will submit 2 -3 fake whatsup&nbsp;messges&nbsp;on year 2019.&nbsp;

IO told me he is going to submit charge sheet in few days.
The day IO submit final report in MM court ,&nbsp;shall i reach court and submit objection u/s 468(2)(c), now court is bared to take cognizance&nbsp;due to limitation act.also jurisdiction&nbsp;ground as per recent judgment of supreme court on dated 25.09.2024 KAILASHBEN MAHENDRABHAI PATEL c ?
shall i approach&nbsp;to delhi high court&nbsp; to quash on the judgment on A.Kaliyaperumal of madardh high court of 2024 on limitation groud&nbsp;?
can i go the delhi high to quash even after submission of final report in MM court( New Delhi, Delhi )",Dear ClientYou can contact your nearest Anti-Corruption official in person or through telephone or even email. More information can be obtained even on phone through the Toll Free numbers: 180023344444 or 1064. The complaint can be filed with the Deputy Superintendent of Police or Inspector of Police.Hope it helps.,"Complaints against corrupt government employees can be lodged with the Anti-Corruption Bureau (ACB) in Telangana, which is the appropriate authority for investigating corruption-related offenses. Under the Prevention of Corruption Act, 1988, public servants can be prosecuted for offenses such as bribery or abuse of official position. Additionally, you can file a First Information Report (FIR) with the local police under relevant sections of the Indian Penal Code (IPC) such as Section 409 (Criminal breach of trust by public servant) or Section 420 (Cheating and dishonestly inducing delivery of property). 

Next steps include gathering evidence of the alleged corruption and submitting a detailed complaint to the ACB or police, ensuring that all relevant details and documents are included to support your claim.",1.2237,63.9926,18.644,3.9559,16.4299,20.5111,3.2801,20.0199,4.4031,1.5684,1.0,27.1385,49.3219,48.9553,83.8938
199,"The accused is charged u/s 366 IPC and pleaded not guilty of the charges and the summons were served upon PWs. the victim in her statement u/s164 stated that she had love and affairs with accused person and they solemnised their marriage and she lived with accused for one month thereafter she appeared before the I.O of the case she was taken to hospital but she refused her medical examination. When the victim girl appeared before the court she in her examination in chief stated that accused forcibly took her and taken her to a unknown place and she stayed there for one phone. Prosecution exhibited her original birth certificate which reveals her age was 17 years at the time of occurrence. The statement of victim u/s 164 was also exhibited. 
The informant in her examination in chief stated that she didn't see any occurrence and other witnesses were also gave hearsay evidence and there is absence of Corroborative evidence supporting the version of victim. But it is a fact that  victim was a minor at the time of occurrence, the defense in cross examination only gave suggestion that at the time of occurrence she was above 18 years, but her evidence is marked by flaws and gaps in such a situation whether it is proved that the victim was minor at the time of occurrence or prosecution succeed in proving the essential condition of section 366 IPC. and whether the prosecution will suceeds in securing a conviction of accused. please help with suggestion in preparing the argument of this case with landmark judgement in the light of the present case.( Cachar, Assam )",HKG::IEA_114B,HKG::IEA_114B → HKG::IEA → HKG::sexual_harassment → HKG::IEA_145 → HKG::IEA_81,"Sir a present municipal commissioner registered a contract Co. in his office to participate in works contract. . an elected councillor is a major partner in the company The company took many contract payments . They produced fake TDS tax remitted certificates and misappropriated tax revenue 38 lacs. HC ordered for recovery. Recovery was effected. FIR registered against the Co. But still present commissioner awarding contact to same Co. But no criminal action initiated against the commissioner. So many petition sent to higher officers. All are waste. Pl tell what's the procedure to get prosecution sanction against the commissioner sir( Vijayawada, Andhra Pradesh )","Sir I've mads omplaint n  filed a WP  in 2018 against an assistant Commr commercial tax for his alleged activities in filing complain against a trader. ie he has shown less crime of forgery docs instead of huge.  ie 150 nos instead of 8. and made favour the accused n weakened the FIR. By this trader evaded 45 lakhs VAT. Only department action taken on him. 

As expected FIR is now dropped  by police  since non coop of AC the complainant. In these three yrs AG audit sent report that he has committed 17 crores revenue loss in his service period.  

Can I  withdraw my earlier WP n file a fresh WP to  take criminal action as well as department action?  I'm the root cause for AG Audit report.( Salem, Tamil Nadu )","Shall i file objection in JMFC or approach to high court to quash police final report in 498a F.I.R ?
In 498a, 406 F.I.R last alleged incident of date 01.08.2020 after 2 year on 20.02.2022 F.I.R gets registered&nbsp;in different state&nbsp;till now police final report is not yet submitted , in term on evidence&nbsp;police will submit 2 -3 fake whatsup&nbsp;messges&nbsp;on year 2019.&nbsp;

IO told me he is going to submit charge sheet in few days.
The day IO submit final report in MM court ,&nbsp;shall i reach court and submit objection u/s 468(2)(c), now court is bared to take cognizance&nbsp;due to limitation act.also jurisdiction&nbsp;ground as per recent judgment of supreme court on dated 25.09.2024 KAILASHBEN MAHENDRABHAI PATEL c ?
shall i approach&nbsp;to delhi high court&nbsp; to quash on the judgment on A.Kaliyaperumal of madardh high court of 2024 on limitation groud&nbsp;?
can i go the delhi high to quash even after submission of final report in MM court( New Delhi, Delhi )","Dear Client,The essential condition for the application of Section 366 I.P.C. is that there is kidnapping or abduction of a woman with the intention to compel her or knowing it to be likely that she will be compelled to marry any person against her will or will be forced or seduced to illicit intercourse. Section 366 I.P.C. only applies when the woman abducted has no intention of marriage or lawful intercourse when abducted. Mere abduction does not bring the accused under the ambit of this penal section. In Shahjahan Vs. State, 2011 Cr.L.J. 573, the Supreme Court has held that to establish an offence u/s 366 I.P.C., it must first be established that the offence of kidnapping under Section 361 I.P.C. or abduction under Section 362 I.P.C. has been proved. It must then be shown that such kidnapping or abduction was with the contumacious intent referred to under Section 366 I.P.C. Further, in the case of  Gabbu Vs. The state of M.P., AIR 2006 SC 2461, the Apex Court has held that so far as the charge u/s 366 I.P.C. is concerned, mere finding that a woman was abducted is not enough. It must further be proved that the abduction is for the purposes mentioned in Section 366 I.P.C. Given the provision of relevant law and averments of the Apex Court, you can defend your case to before the Court.","Under Section 366 of the IPC, the prosecution must prove that the accused kidnapped or abducted a woman with the intent to compel her to marry against her will or to force or seduce her to illicit intercourse. The victim's age is crucial, as she was a minor (17 years), making her consent legally irrelevant. The prosecution can argue that the victim's statement under Section 164 CrPC and her birth certificate establish her minority and the accused's intent, despite her inconsistent testimony.

In preparing arguments, emphasize the legal principle that a minor cannot consent, as per the Indian Penal Code and relevant case law such as *State of Haryana v. Raja Ram*, which underscores the irrelevance of consent from a minor. Focus on the lack of corroborative evidence and inconsistencies in the victim's testimony as potential weaknesses in the prosecution's case. Consider filing a motion to dismiss based on these inconsistencies and the lack of corroborative evidence.",3.9683,66.584,18.644,3.9559,16.4299,20.5111,3.2801,20.0199,4.4031,1.5684,1.0,27.1385,49.3219,48.9553,83.8938
200,"So my lawyer had filed the case on 27th Jan and we received another date on 2 feb as hearing.  The lawyer said there is no need for me to be present there. And when I checked the ecourt I saw that the case status is Notice_Unready and next date is 4 March 2021. I just want to understand what does Notice Unready means in Domestic Violence case ?( Thane, Maharashtra )",PC::Need for Police Sensitization Against Domestic Violence → PC::Call for Legislative Action on Domestic Violence → PC::Court Found No Need for Interference at Interlocutory Stage → HKG::EPF_AT_15,PC::Need for Police Sensitization Against Domestic Violence → PC::Call for Legislative Action on Domestic Violence → PC::Court Found No Need for Interference at Interlocutory Stage → HKG::EPF_AT_15 → HKG::labour_court → PC::Managing Director Found Competent to Impose Penalties → HKG::IRC_86 → HKG::IRC,"Sir a present municipal commissioner registered a contract Co. in his office to participate in works contract. . an elected councillor is a major partner in the company The company took many contract payments . They produced fake TDS tax remitted certificates and misappropriated tax revenue 38 lacs. HC ordered for recovery. Recovery was effected. FIR registered against the Co. But still present commissioner awarding contact to same Co. But no criminal action initiated against the commissioner. So many petition sent to higher officers. All are waste. Pl tell what's the procedure to get prosecution sanction against the commissioner sir( Vijayawada, Andhra Pradesh )","Sir I've mads omplaint n  filed a WP  in 2018 against an assistant Commr commercial tax for his alleged activities in filing complain against a trader. ie he has shown less crime of forgery docs instead of huge.  ie 150 nos instead of 8. and made favour the accused n weakened the FIR. By this trader evaded 45 lakhs VAT. Only department action taken on him. 

As expected FIR is now dropped  by police  since non coop of AC the complainant. In these three yrs AG audit sent report that he has committed 17 crores revenue loss in his service period.  

Can I  withdraw my earlier WP n file a fresh WP to  take criminal action as well as department action?  I'm the root cause for AG Audit report.( Salem, Tamil Nadu )","Shall i file objection in JMFC or approach to high court to quash police final report in 498a F.I.R ?
In 498a, 406 F.I.R last alleged incident of date 01.08.2020 after 2 year on 20.02.2022 F.I.R gets registered&nbsp;in different state&nbsp;till now police final report is not yet submitted , in term on evidence&nbsp;police will submit 2 -3 fake whatsup&nbsp;messges&nbsp;on year 2019.&nbsp;

IO told me he is going to submit charge sheet in few days.
The day IO submit final report in MM court ,&nbsp;shall i reach court and submit objection u/s 468(2)(c), now court is bared to take cognizance&nbsp;due to limitation act.also jurisdiction&nbsp;ground as per recent judgment of supreme court on dated 25.09.2024 KAILASHBEN MAHENDRABHAI PATEL c ?
shall i approach&nbsp;to delhi high court&nbsp; to quash on the judgment on A.Kaliyaperumal of madardh high court of 2024 on limitation groud&nbsp;?
can i go the delhi high to quash even after submission of final report in MM court( New Delhi, Delhi )","Hi,This means that notice has not been given to the other party, as of that moment.If you found this helpful, please rate us.","In the context of a Domestic Violence case, ""Notice_Unready"" typically indicates that the court has not yet issued a notice to the other party or that procedural requirements have not been fully met, causing a delay in proceedings. This status suggests that the case is not ready to proceed to the next stage, such as a hearing or trial. Under the Protection of Women from Domestic Violence Act, 2005, it is crucial for both parties to be notified properly to ensure fair proceedings.

The user should verify with their lawyer why the notice is unready and ensure that all necessary documents and procedural steps have been completed. It may also be prudent to follow up with the court registry to confirm the status and ensure that no additional information or documentation is required from their side.",2.4666,45.7634,18.644,3.9559,16.4299,20.5111,3.2801,20.0199,4.4031,1.5684,1.0,27.1385,49.3219,48.9553,83.8938
