sample_id,question,chain_q_orig,chain_q_extended,answer_ref,answer_pred,bleu4_sample,cosine_sim_sample,rouge1,rouge2,rougel,meteor,bleu1,bleu2,bleu3,bleu4,bleu_bp,chrf,cosine_sim,cosine_sim_med,bertscore
1,"If a fake porn of a girl has been shown and circulated to defame her then what could be the punushment for the person who tried to defame that girl?( Hooghly, West Bengal )",IPC_465 -> IPC_467 -> IPC_468 -> IPC_471,IPC_465 -> IPC_467 -> IPC_468 -> IPC_471 -> Indian Penal Code 1860 -> PROC_FORGERY -> forgery -> IPC_120B,"Dear Client,If someone creates or circulates a fake pornographic video of a girl to defame her, it is a serious criminal offense in India under multiple sections of the law.Such an act is punishable under various sections of the Information Technology Act, 2000, and the Indian Penal Code. Under Section 67 and 67A of the IT Act, transmitting obscene or sexually explicit content electronically can lead to imprisonment of up to five years and a fine of up to Rs. 10 lakhs. Additionally, under IPC Sections 469 and 500 for defamation and forgery to harm reputation, the offender can be punished with imprisonment up to three years. Section 509 IPC, which deals with insulting the modesty of a woman, can also apply and carries a sentence of up to three years. If the content is morphed or AI-generated (deepfake), it still qualifies as cybercrime and forgery, and the accused can be prosecuted accordingly. These laws are designed to protect individuals from digital harassment and uphold their dignity and privacy.","The act of creating and circulating fake porn to defame someone could involve charges related to forgery under IPC sections like 465, 467, 468, and 471. Additionally, if there was a conspiracy involved, IPC 120B could apply. The punishment would depend on the specific charges and circumstances, but forgery-related offenses can lead to imprisonment.",1.1048,72.7805,18.8586,2.7611,16.4574,16.2359,28.0095,4.7494,1.3102,1.7171,0.5575,19.7191,49.1454,49.9085,84.9892
2,"Respected Sir/Madam
                                 I am a 28 year old resident of Kolkata.My parents put me in a rehabilitation center against my will by calling the center  and making arrangements , on the 8th of March 2021,  5-6 men came to house and DRAGGED  me from there,SHOVED  me in an ambulance and drove me to the rehab.There I was asked asked to sign a consent form and upon refusing , two individuals including a counsellor of the rehab GRABBED my hand and took a thumb impression..While in the rehab I was forced to be BATHED FULLY NAKED  by ANOTHER  INMATE as I being a 28 year old was deemed incompetent to take proper baths by authorities . The counsellors and my parents  decided how long I would stay I HAD NO SAY WHATSOEVER. My question is .. how do I go about filing the lawsuit.( Kolkata, West Bengal )",CRPC_210 -> ART_20 -> CRPC_317 -> NI_ACT_AMENDMENT_2018,CRPC_210 -> ART_20 -> CRPC_317 -> NI_ACT_AMENDMENT_2018 -> NIA_138 -> Negotiable Instruments Act 1881 -> IPC_120A -> Indian Penal Code 1860,"Dear Client,According to the Mental Health Care Bill 2016,  no one else can forcefully admit anyone in a hospital if they are lucid and understand what is happening to them. Hence in your case please consult a lawyer near you and file a petition against your parents and the rehabilitation Centre for going against the law and treating you in a defamatory manner and in a way which makes you lose access to your basic fundamental rights.Thank you so much, I hope this answer helped you.",You may consider filing a complaint with the local police regarding the forced actions and treatment you experienced. It might also be helpful to consult a lawyer to explore potential legal actions against those involved. Legal advice can guide you on the specific steps to take in your situation.,2.0669,46.7845,18.8586,2.7611,16.4574,16.2359,28.0095,4.7494,1.3102,1.7171,0.5575,19.7191,49.1454,49.9085,84.9892
3,"If I do a cross case, can I share the proof I have (personal photos of the girl) with the police?because the police had already got me to delete the private photos of the girl..But I had some private photos kept which I did not tell the police..Today I have to do a cross case against the girl that the girl had implicated me in a false case..I have call recording and private photos for proof..I even tried to commit suicide because of that girl..I lost my job because of that girl. Lost respect. I don't understand anything.. I feel like committing suicide.what legal action can i take against the girl..please tell in details..help me..( Chhindwara, Madhya Pradesh )",IPC_309 -> PROC_CRIMINAL_BREACH_TRUST -> IPC_120B -> CRPC_210,IPC_309 -> PROC_CRIMINAL_BREACH_TRUST -> IPC_120B -> CRPC_210 -> Code of Criminal Procedure 1973 -> Indian Penal Code 1860 -> fir -> charge_sheet,"Dear Sir,You can get sympathy at the most by the Police and the Courts. It is advised to go to High Court by filing quashing petition instead of lodging a counter complaint against her and see that such false complaint be quashed and you may come out of false allegations.","You should not share private photos without consent, as it may lead to legal issues. Consider discussing your situation with a lawyer to explore legal actions like filing a cross case. If you feel overwhelmed, seek support from mental health professionals.",1.1877,23.4534,18.8586,2.7611,16.4574,16.2359,28.0095,4.7494,1.3102,1.7171,0.5575,19.7191,49.1454,49.9085,84.9892
4,"Whom should i approach to curb the loudspeaker nuisance created by the vegetable vendors( Jhajjar, Haryana )",IPC_268 -> public_nuisance -> ICA_73 -> PROC_SCST_COMPLAINT,IPC_268 -> public_nuisance -> ICA_73 -> PROC_SCST_COMPLAINT -> criminal_breach_of_trust -> Indian Penal Code 1860 -> cheating -> Indian Contract Act 1872,"Dear Client,To address the issue of loudspeaker nuisance created by vegetable vendors, you can take several steps. Initially, try to have a polite and direct conversation with the vendors, explaining the disturbance caused by the loudspeakers and requesting them to lower the volume. If this approach proves ineffective, you may contact the local municipal authorities or the respective municipal corporation office in your area, filing a complaint about the noise disturbance. Provide specific details such as the location, time, and duration of the disturbance to strengthen your case. Additionally, check if your locality has a designated noise control department or a local police station that handles noise-related complaints. They can guide you on the relevant local regulations and take appropriate action against the vendors if they are violating noise control norms. Documenting instances of disturbance with video or audio recordings can serve as supporting evidence. Consistent communication with the relevant authorities and adherence to established procedures will contribute to effectively curbing the loudspeaker nuisance created by the vegetable vendors in your vicinity.","You may consider approaching local authorities or law enforcement in Jhajjar, Haryana, to address the loudspeaker nuisance. Public nuisance issues can be related to IPC_268. They can guide you on the appropriate steps to take.",0.6594,77.3819,18.8586,2.7611,16.4574,16.2359,28.0095,4.7494,1.3102,1.7171,0.5575,19.7191,49.1454,49.9085,84.9892
5,"I have been accused wrongly in a suicide case. Section 306 in police Fir.
Our school guard is committed suicide & leave a note in which a comment with name is that i harassed & insulted him. But the true fact is that i communicate with him only 3 times that was normal talk like hi hello. He was working here from last 2 months. I was shocked when police told my name is in suicide note. Now what can i do please suggest?( Jaipur, Rajasthan )",CRPC_154 -> CRPC_156 -> CRPC_200 -> CRPC_210,CRPC_154 -> CRPC_156 -> CRPC_200 -> CRPC_210 -> charge_sheet -> PROC_SCST_COMPLAINT -> PROC_FIR_FILING -> PROC_CHEATING_FRAUD,"Dear Sir,You may approach High Court for immediate relief and ultimately it may be quashed if you engage an intelligent advocate.Rate me Five Star*",You may consider filing a complaint under CRPC_200 to contest the allegations. It's important to cooperate with the investigation process under CRPC_154 and CRPC_156. Consulting a legal professional for guidance on your specific situation might be helpful.,2.0919,25.8292,18.8586,2.7611,16.4574,16.2359,28.0095,4.7494,1.3102,1.7171,0.5575,19.7191,49.1454,49.9085,84.9892
6,"I unknowingly forwarded a fake message in what's app group regarding tenth class time table again with in 2 minutes I delted it for all by knowing that was fake . Will this come under criminal case( Chittoor, Andhra Pradesh )",IPC_494 -> IPC_200 -> DP_3 -> IPC_467,IPC_494 -> IPC_200 -> DP_3 -> IPC_467 -> Indian Penal Code 1860 -> perjury -> forgery -> bigamy,No. as you have deleted in time and should send a clarification SMS to protect your interest.,"Based on the fact-rule-chain, forwarding a fake message does not directly relate to bigamy, perjury, or forgery under the Indian Penal Code 1860. Since you deleted the message quickly, it is unlikely to be considered a criminal case. However, always be cautious with sharing information.",1.0747,48.3554,18.8586,2.7611,16.4574,16.2359,28.0095,4.7494,1.3102,1.7171,0.5575,19.7191,49.1454,49.9085,84.9892
7,"A member of Hsg Society died and two of three sons got the property transferred being nominees and sold it without knowledge of third brother living abroad. On his return to India he filed a civil  suit against the two brothers, the buyer and the Society and that makes sense but he filed a criminal case against new chairman and secretary who knew nothing about it. How can this be done?( Mumbai suburban, Maharashtra )",IPC_120B -> DP_3 -> PROC_CRIMINAL_BREACH_TRUST -> IPC_149,IPC_120B -> DP_3 -> PROC_CRIMINAL_BREACH_TRUST -> IPC_149 -> Indian Penal Code 1860 -> criminal_conspiracy -> dowry_harassment -> rioting,"Hi,Since the third brother knew nothing about the transferred property he can file a civil suit as well as a criminal suit against his brothers if the circumstances and the facts of the case permit so. But in an event when the suit is filed against the Housing Society Secretary and Chairman the courts will evaluate their involvement in the work and for imposing criminal liability malicious intention on part of the accused is necessary of that remains unproven or non established they cannot be held criminally liable.If you find this answer helpful please rate my answer. Thank you.","The criminal case against the new chairman and secretary may be difficult to justify if they had no knowledge or involvement in the property transfer. The fact-rule-chain does not directly relate to this situation, as it involves criminal conspiracy, dowry harassment, and rioting, which are not applicable here. It might be more appropriate to focus on the civil suit for resolving the property dispute.",2.3828,59.824,18.8586,2.7611,16.4574,16.2359,28.0095,4.7494,1.3102,1.7171,0.5575,19.7191,49.1454,49.9085,84.9892
8,"From the age of 26 i have been continiously caught and put in mental asylum..now the public are after me again..poisoning shopping complexes ..taxis..( Bangalore, Karnataka )",DP_3 -> public_nuisance -> IPC_268 -> PROC_CHEQUE_BOUNCE,DP_3 -> public_nuisance -> IPC_268 -> PROC_CHEQUE_BOUNCE -> Indian Penal Code 1860 -> dowry_harassment -> PROC_DOWRY_HARASSMENT -> Dowry Prohibition Act 1961,"Dear Sir,You may lodge complaint with higher police officers or directly approach Magistrate I filing private complaint under Section 200 Cr.P.C. On registration of private complaint you are sworn statement will be recorded and documents produced by you will be taken on record and then summons will be issued to Accused persons.Rate me Five Star*","If your actions are causing harm or danger to the public, it may be considered a public nuisance under IPC 268. It is important to seek legal advice to understand your situation better. Consider reaching out to a legal professional for guidance.",0.9351,43.6717,18.8586,2.7611,16.4574,16.2359,28.0095,4.7494,1.3102,1.7171,0.5575,19.7191,49.1454,49.9085,84.9892
9,"Iam a railway employee. In 2014 one case is registered by my superior about preventing dooing duty by a native in railway gate. That time i was not in there. The incident was in night. My superior give my name as 4th witness . Still the day i didn't know that iam a witness. Now i got a sameness from court to reported as witness but i never seen the incident. Iam also going to tell this in court.  If there is any  problems by this?( Palakkad, Kerala )",CRPC_210 -> DP_3 -> PROC_CHEQUE_BOUNCE -> PROC_SCST_COMPLAINT,CRPC_210 -> DP_3 -> PROC_CHEQUE_BOUNCE -> PROC_SCST_COMPLAINT -> fir -> charge_sheet -> Code of Criminal Procedure 1973 -> dowry_harassment,Whatever you may be known . U will need to speak before court. Honestly,"If you were not present at the incident and have no knowledge of it, you can inform the court of this when you appear as a witness. It is important to be truthful about your lack of involvement or observation. There should not be a problem if you honestly state your position.",1.0155,49.8829,18.8586,2.7611,16.4574,16.2359,28.0095,4.7494,1.3102,1.7171,0.5575,19.7191,49.1454,49.9085,84.9892
10,"If the judgment is passed saying issue of NBW. I. How much time or days  the NB warrant gets issued( Mumbai, Maharashtra )",NIA_138 -> CRPC_41 -> CRPC_73 -> CRPC_160,NIA_138 -> CRPC_41 -> CRPC_73 -> CRPC_160 -> Code of Criminal Procedure 1973 -> Negotiable Instruments Act 1881 -> PROC_CHEQUE_BOUNCE -> cheque_bounce,"Dear client,An NBW will stay in effect as long as it is not executed or periodically recalled; the magistrate must extend its validity in order for it to do so. Therefore, you must contact an attorney to request the issuance of an anticipatory bail against the Non-Bailable Warrant of Arrest from the relevant Court and to take additional actions for the recall of said NBW if one is issued in a case involving a cheque bounce.","The fact-rule-chain does not specify the exact time frame for issuing a Non-Bailable Warrant (NBW) after a judgment. Generally, the issuance depends on the court's discretion and procedural efficiency. It is advisable to check with the local court for specific timelines.",1.5413,77.0191,18.8586,2.7611,16.4574,16.2359,28.0095,4.7494,1.3102,1.7171,0.5575,19.7191,49.1454,49.9085,84.9892
11,"i have filed a criminal case section 354d.506,509,446 in 2016. Now i want to withdraw it. Please advise the step. This lodged as STATE versus accused name in patiala house court.( New Delhi, Delhi )",CRPC_154 -> CRPC_156 -> CRPC_200 -> CRPC_210,CRPC_154 -> CRPC_156 -> CRPC_200 -> CRPC_210 -> fir -> PROC_FIR_FILING -> PROC_DEFAMATION -> PROC_CHEATING_FRAUD,"Dear Sir,If it is compoundable then it can be compromised otherwise you have to examine yourself and turn hostile or ask the accused to approach High Court where you can file an affidavit saying that you have no objection to close the criminal case.Please contact me through the administrators of this website.","To withdraw a criminal case, you may need to approach the court where the case is filed. Since it's a state case, the public prosecutor's consent might be required. Consult with your lawyer for the specific procedure in your situation.",2.4091,52.025,18.8586,2.7611,16.4574,16.2359,28.0095,4.7494,1.3102,1.7171,0.5575,19.7191,49.1454,49.9085,84.9892
12,"What should be done when opposite party is absent since starting in 498 , and 128( Beed, Maharashtra )",JOGINDER_KUMAR_1994 -> CRPC_239 -> CRPC_167 -> CRPC_210,JOGINDER_KUMAR_1994 -> CRPC_239 -> CRPC_167 -> CRPC_210 -> fir -> PROC_REGULAR_BAIL -> arrest -> CRPC_41,"Dear Client,If the Opposite party does not appear at the hearing of criminal prosecution initiated under Sec.12 of PWDV Act even on receipt of summon of the Court, then the Court can issue a non-bailable warrant against the O P","If the opposite party is absent since the start, the court may proceed with the case based on available evidence and legal provisions. The court might consider actions under relevant sections like CRPC_239 for discharge if evidence is insufficient. It's advisable to follow court procedures and seek legal guidance.",1.9768,50.936,18.8586,2.7611,16.4574,16.2359,28.0095,4.7494,1.3102,1.7171,0.5575,19.7191,49.1454,49.9085,84.9892
13,"On Which Grounds Can ChargeSheet be Quashed in High Court.
In My Case Complainant  is Already Dead.( West Delhi, Delhi )",CRPC_173 -> CRPC_205 -> CRPC_210 -> CRPC_216,CRPC_173 -> CRPC_205 -> CRPC_210 -> CRPC_216 -> charge_sheet -> fir -> Code of Criminal Procedure 1973 -> CRPC_302,"Dear ClientIn India, a charge sheet can be quashed in the High Court under certain circumstancesIf the court does not have the appropriate jurisdiction to hear the case, it may be a valid reason for quashing the charge sheet. If it can be demonstrated that the charge sheet was filed with malicious intent or as a means of harassment, it could be a basis for seeking its quashing. : If the charge sheet violates the fundamental rights of the accused, such as the right to privacy or the right against self-incrimination, it could be a valid ground for seeking its quashing.","A chargesheet can be quashed by the High Court if there are legal grounds such as lack of evidence, procedural errors, or if the case is frivolous. The death of the complainant might affect the case, but it is not solely a ground for quashing. It is advisable to consult a legal expert for specific guidance based on the case details.",3.8796,77.0197,18.8586,2.7611,16.4574,16.2359,28.0095,4.7494,1.3102,1.7171,0.5575,19.7191,49.1454,49.9085,84.9892
14,"sir I am a victim of false 498a case, fir was registered in 8-9 sections but chargesheet in court presented with 2 sections, 498a and 406 and 6 bills of jewellery are in chargesheet. there is no other evidence in chargesheet and no recovery, only 6 bills of jewellery.
now my question is that can I present crpc 91 application in court and request the court to summon opposite party to bring their (income tax return, balance sheet) as they have alleged to spent 20 lacs cash in marriage.( Alwar, Rajasthan )",CRPC_154 -> CRPC_156 -> CRPC_200 -> CRPC_210,CRPC_154 -> CRPC_156 -> CRPC_200 -> CRPC_210 -> charge_sheet -> fir -> PROC_SCST_COMPLAINT -> PROC_CHEATING_FRAUD,You can proceed with the applications.,"You may consider filing a CRPC 91 application to request the court to summon documents like income tax returns and balance sheets from the opposite party. This can be done to challenge the claims made in the chargesheet. However, the court will decide whether to grant this request based on its relevance and necessity.",0.8851,20.8189,18.8586,2.7611,16.4574,16.2359,28.0095,4.7494,1.3102,1.7171,0.5575,19.7191,49.1454,49.9085,84.9892
15,"Sir/madam....i hav filed residence under dv, but nw my husb filed divorce...i wish to save my marriage n i hav 4yr old kid...Can i stay in a seperate residence tat belongs to my inlaws,evn if my husband gets divorce?( Chennai, Tamil Nadu )",CRPC_125 -> HMA_9,CRPC_125 -> HMA_9 -> maintenance -> Code of Criminal Procedure 1973 -> PROC_MAINTENANCE -> Hindu Marriage Act 1955,"Dear Madam,After divorce such order may not survive but you may try for it.","You can file for maintenance under CRPC_125 and seek to save your marriage under HMA_9. If your husband gets a divorce, your right to stay in the in-laws' residence may depend on specific circumstances and legal proceedings. It's advisable to consult a local legal expert for guidance based on your situation.",0.9196,39.4462,18.8586,2.7611,16.4574,16.2359,28.0095,4.7494,1.3102,1.7171,0.5575,19.7191,49.1454,49.9085,84.9892
16,"I was offered 2 acres of land in jejuri by Mr Steven Menezes , I payed full amount plus registration charges 
But when I went for 7/12 the land is in dispute what do I do( Mumbai suburban, Maharashtra )",IPC_415 -> IPC_417 -> IPC_419 -> IPC_420,IPC_415 -> IPC_417 -> IPC_419 -> IPC_420 -> PROC_CHEATING_FRAUD -> cheating -> Indian Penal Code 1860 -> IPC_120B,"Dear Client,The 7/12 extract is an important document needed for various financial and legal transactions pertaining to the land and is maintained by the land revenue department of the State of Maharashtra and Gujarat. The 7/12 Document is prepared by the Talathi and signed by the Tahasildar. In the given scenario, serving a strong legal notice, you can file a criminal suit against the Seller for criminal breach of trust and cheating under Section 316 and Section 318 of the Bharatiya Nyaya Sanhita(BNS) seeking damages/compensation. Apart, you can also file a money recovery suit against the Seller. Hire an experienced Advocate to navigate the issue in the right way.","You may be dealing with a situation that could involve cheating under the Indian Penal Code, such as IPC_415 or IPC_420. It might be helpful to consult with a legal professional to explore options like filing a complaint or seeking legal recourse. Consider checking if IPC_120B, related to criminal conspiracy, might also apply.",0.7418,48.5687,18.8586,2.7611,16.4574,16.2359,28.0095,4.7494,1.3102,1.7171,0.5575,19.7191,49.1454,49.9085,84.9892
17,"My case is of Rs 156825, for which I had compromised with the party and appealed for queshing, but  denied high court for fir queshinh , now what should I do next?( Mumbai, Maharashtra )",CRPC_154 -> CRPC_156 -> CRPC_200 -> CRPC_210,CRPC_154 -> CRPC_156 -> CRPC_200 -> CRPC_210 -> fir -> PROC_DOWRY_HARASSMENT -> PROC_CHEATING_FRAUD -> PROC_KIDNAPPING,"Dear Client,When the case involves a compromise with the side of the opponent and the High Court denied the application to quash, it becomes essential to know the rationale behind such a decision. It is recommended to seek assistance from an attorney to provide more specific guidance and ensure the proper functioning in the legal field. That is why, if the decision of the High Court is not appropriate for You, You may file an appeal to the next higher court i.e., the Supreme Court. If unable to pay for it, free legal services can be sought under Legal Services Authorities Act, 1987 which is meant for the needy. Make sure to provide all witnesses and documents that support your position to avoid falling for traps. Free Legal Aid Act is related to the act regulating free legal services in India providing justice to the needy people economically.I hope this answer is sufficient to answer your query.","You may consider approaching the appropriate court for further legal options, such as filing a petition under CRPC_200 or CRPC_210. Consulting with a legal professional for guidance on the next steps based on your specific case details might be helpful.",0.2211,40.576,18.8586,2.7611,16.4574,16.2359,28.0095,4.7494,1.3102,1.7171,0.5575,19.7191,49.1454,49.9085,84.9892
18,"What ipc sections can be attracted against the daughter in law if she is harassing her in laws, hurting them, causing them mental agony, torturing them under IPC( East Delhi, Delhi )",ART_14 -> SUBRAMANIAN_SWAMY_2016 -> IPC_120B -> PROC_CRIMINAL_INTIMIDATION,ART_14 -> SUBRAMANIAN_SWAMY_2016 -> IPC_120B -> PROC_CRIMINAL_INTIMIDATION -> CRPC_154 -> PROC_CHEATING_FRAUD -> PROC_KIDNAPPING -> PROC_FIR_FILING,"Dear client,If its a mental harassment you will immediately need to lodge a police compliant against her, send her a legal notice and then initiate legal proceedings against her.","Based on the fact-rule-chain, IPC Section 120B related to criminal conspiracy could be considered if there is a conspiracy involved. Additionally, if the actions involve criminal intimidation, relevant sections under PROC_CRIMINAL_INTIMIDATION might apply. Filing a First Information Report (FIR) under PROC_FIR_FILING could initiate the legal process.",0.983,28.2398,18.8586,2.7611,16.4574,16.2359,28.0095,4.7494,1.3102,1.7171,0.5575,19.7191,49.1454,49.9085,84.9892
19,"I want to appear ""In Person"" in my 482 application pending before Allahabad High Court by removing my existing Junior Lawyer but want to retain my designated Senior Advocate. Can I do this? If yes, how? Is it necessary to remove both Junior and Senior Lawyer if I want to appear ""In Person"" in my case? Alternatively, can I appear along with both Junior and Senior Lawyer in my case? If yes, what should be done for this?( Allahabad, Uttar Pradesh )",PROC_SCST_COMPLAINT -> PROC_FIR_FILING -> ART_14 -> JOGINDER_KUMAR_1994,PROC_SCST_COMPLAINT -> PROC_FIR_FILING -> ART_14 -> JOGINDER_KUMAR_1994 -> CRPC_41 -> Code of Criminal Procedure 1973 -> CRPC_154 -> PROC_CHEATING_FRAUD,"Dear Client,Section 32 of the Advocate's Act 1961 states that the court may allow any person to appear before it even if he is not an Advocate. Therefore, one gets the statutory right to defend one's own case on appeal before the Court. In fact, with the leave of the Court, a non-advocate is still permitted to appear and represent his own case even without a local advocate. Accordingly, you can apply to the Court where the case is pending on the next date of hearing with a prayer to allow you to represent your own case.","You can appear ""In Person"" in your case while retaining your Senior Advocate. It is not necessary to remove both lawyers if you want to appear yourself. You may also appear along with both Junior and Senior Lawyer; you should inform the court about your decision to appear ""In Person"" and coordinate with your lawyers.",1.5919,64.5923,18.8586,2.7611,16.4574,16.2359,28.0095,4.7494,1.3102,1.7171,0.5575,19.7191,49.1454,49.9085,84.9892
20,"My driving licence criminal case any issue dl remark( Ramanagara, Karnataka )",rash_driving -> IPC_279 -> criminal_intimidation -> IPC_503,rash_driving -> IPC_279 -> criminal_intimidation -> IPC_503 -> Indian Penal Code 1860 -> PROC_CRIMINAL_INTIMIDATION -> IPC_120B -> criminal_conspiracy,"Dear client,The license holder, upon expiry of the suspension period, must make an application to the licensing authority that issued or last renewed the license. After the application is submitted to the licensing authority, the driver must undergo and pass a fresh test of competence to drive.","If your case involves rash driving, it may relate to IPC 279. This could potentially affect your driving license status. It's best to check with local authorities in Ramanagara for specific details.",0.9733,24.3466,18.8586,2.7611,16.4574,16.2359,28.0095,4.7494,1.3102,1.7171,0.5575,19.7191,49.1454,49.9085,84.9892
21,"My 85 years old grandmother is and living alone in the flat. We also stay sometimes wither. Also we have been fighting a court case against my the person who lured me to buy this and then have done a fraud of selling twice and showing the real owner of the house. Now it's been 3 years this person and family members keep harassing, threatening and use abuses language. Repeatedly I have lodged a complaint at the police station. Please do help in as he has threatened people who deliver vegetables to my house.( Mumbai, Maharashtra )",IPC_354D -> IPC_415 -> IPC_417 -> IPC_419,IPC_354D -> IPC_415 -> IPC_417 -> IPC_419 -> Indian Penal Code 1860 -> cheating -> PROC_CHEATING_FRAUD -> stalking,"Dear client,Here are a few routes that you may consider while dealing with neighbor harassment:1.     Gather evidence- You may take photos and videos of what your neighbor might be doing.2.     Call the police- You may call 100 and call the police on your neighbor. The police can arrive at their house and investigate the matter. In many cases, the police can also confiscate items that may cause harassment to you, if any.3.     Do not engage- As difficult as it is, do not engage with your neighbor. You do not want any sort of evidence that shows that you yelled at your neighbor or undertook violent measures. It is very difficult to stay calm in such situations and you may think of losing your calm in the moment but it is not going to work in your favor.4.     File a complaint against them- You can file a complaint against your neighbor. Even though it may not always mean that the police are going to investigate the matter at once, it is recorded proof of your complaint against them.5.     You may file for a restraining order- You can definitely file for a restraining order against your neighbor, especially in matters like trespass and stalking. It is a temporary order by the court that prohibits any person from undertaking a particular action. It also prohibits a person from approaching and contacting someone.6.     Try settling the matter amicably- It is always for the best if you can settle the matter amicably with your neighbor as a harassment suit can be expensive and time-consuming as well. This also protects you from having animosity with your neighbor and maintaining civil relations.","It seems you are dealing with issues related to fraud and harassment. The fact-rule-chain mentions cheating and stalking, which might be relevant to your situation. You should continue to report these incidents to the police and consider seeking legal advice for further action.",0.0186,47.9782,18.8586,2.7611,16.4574,16.2359,28.0095,4.7494,1.3102,1.7171,0.5575,19.7191,49.1454,49.9085,84.9892
22,"Hi we have worked with commqui technologies pvt ltd. the owner has not paid our dues for the month of february yet. he ignores our follow ups and answers whenever he wants . the owner said the client has denied paying commqui stating that we havnt worked for that month , however we did . everyday we are juggled by the owner yashesh sawalkar ( owner of commqui technologies and kalpatru site head Mr Imran . in all of this we have not recieved our salaries. please help us get our salaries. the company has sent us mail stating that we have been laid off and will be paid the dues of feb soon and now they claim that we never worked.( Mumbai, Maharashtra )",DP_3 -> ART_39A -> JOGINDER_KUMAR_1994 -> IPC_489A,DP_3 -> ART_39A -> JOGINDER_KUMAR_1994 -> IPC_489A -> Indian Penal Code 1860 -> CRPC_41 -> Code of Criminal Procedure 1973 -> counterfeiting,"Dear client,From the content of your query it appears that your employer is involved in unfair labour practice.Reach out to concerned office of Labour Commissioner with your appointment letter and all other relevant papers that prove your complaint or the office of concerned Chief Inspector, Shops and Establishments if your Company comes under the purview of them for redressal of your grievance ASAP.Wish you all the best.",The fact-rule-chain provided does not directly address employment disputes or salary issues. It mainly relates to criminal procedures and counterfeiting. You may need to seek advice from a labor lawyer or contact local labor authorities for assistance with your salary dispute.,1.1983,47.3634,18.8586,2.7611,16.4574,16.2359,28.0095,4.7494,1.3102,1.7171,0.5575,19.7191,49.1454,49.9085,84.9892
23,"No defence counsel permitted in GCM. Prosecution represented by qualified counsel( Jaipur, Rajasthan )",CRPC_302 -> IPC_205 -> IPC_149 -> CRPC_195,CRPC_302 -> IPC_205 -> IPC_149 -> CRPC_195 -> Code of Criminal Procedure 1973 -> perjury -> Indian Penal Code 1860 -> fir,"Dear client,No person can force him to appear guilty or ask him to prove himself guilty against his will. The accused have the right to defence counsel in case of General court-martial when the accused may face bad conduct discharge.","The fact-rule-chain does not directly address the issue of defense counsel in a General Court Martial (GCM). It mainly references sections of the Indian Penal Code and Code of Criminal Procedure. For specific rules about GCM proceedings, further details outside this chain would be needed.",2.1366,47.9526,18.8586,2.7611,16.4574,16.2359,28.0095,4.7494,1.3102,1.7171,0.5575,19.7191,49.1454,49.9085,84.9892
24,"I have joined in DAV Public School, Bistupur, Jamshedpur as a PGT Physics Teacher on 14th June, 2024 as per given offer letter (attached below) with the mentioned salary. But even after more than 80 days I have not been given any appointment letter or ID card from the school, salary is also not given as per mentioned salary. After joining of one month, principal maâam tried to provide me lower post, but I was not agreed with her because same post and salary had been offered from Odisha and I left that opportunity on the basis of this offer letter. On 3rd September, 2024 when I emailed to Principal maâam demanding my appointment letter, ID card and salary, she became aggressive and ousted me from the school without any written notice or explanation. Also I have been removed from all necessary Whatsapp groups of the school. Next day, on 4th September, 2024 I went to school on time (7:30AM), but guards were not permitting me to enter inside the school, saying that principal maâam and management is not giving me permission to enter into the school. I tried to contact to the other teachers and principal maâam, both by calling and messaging, but no reply has come from the school. I had been waiting there for 3 hours and then returned back to home. Again next day 5th September, 2024 (It was Teachersâ Day) I went to school as usual, but in front of the students and parents I was ousted me from the school gate again. I called to Bistupur Police Station helpline number to mention this issue, but they also behave aggressively and didnât do anything, saying that it is a public school and decision of allowing or not allowing inside the school is totally the choice of the principal (I have recorded the call also). Total incident is with me in video and audio recording format of those two days.

Then I have given one application mentioning these situations to Bistupur Police Station, but from them also no reply has come till today (24th September, 2024).

I have sent a legal notice mentioning all these to the Principal maâam, but no reply has come till now. I request you to do the needful as soon as possible so that I can continue my teaching profession in the same school with full efficiency. I am totally confused what to do now, as a teacher if my respect is outside the school gate then how a teacher can lead our society for betterment.

I need suggestions from you sir, what to do now?

Thanks and Regards.

1. Attendance register (for joining date)
2. Soft copy of id card from school 
3. Bank statement (for not giving proper salary)
4. Advertisement (for requirement of PGT physics teacher in 2024-25)
5. WhatsApp (removal from each group) 
6. Google map timeline (for getting the time of approach to the school on 4th and 5th September)
7. Offer letter of Bistupur.
8. Offer letter from Odisha.( Jamshedpur, Jharkhand )",DP_3 -> PROC_CHEQUE_BOUNCE -> ART_39A -> CRPC_210,DP_3 -> PROC_CHEQUE_BOUNCE -> ART_39A -> CRPC_210 -> Code of Criminal Procedure 1973 -> fir -> CRPC_125 -> PROC_MAINTENANCE,"Dear Madam,Such highhandedness is in practice In many of the public schools and the remedy lies if your approach the concerned government Higher educational Officers and the Ministry of education to teach them a lesson. But it may cost your bright future. Think twice before taking aggressive action against such rude Principal.",It seems you are facing issues with your employment at the school. You have already taken steps by sending a legal notice and contacting the police. It might be helpful to consult a legal professional for further guidance on how to proceed with your employment rights.,1.1245,37.2277,18.8586,2.7611,16.4574,16.2359,28.0095,4.7494,1.3102,1.7171,0.5575,19.7191,49.1454,49.9085,84.9892
25,"I have been in a relationship with a guy since last January. Our families also known to each other. But on 24th December he left from his place with his mother. Since then he has blocked me.. from all the sources and also my parents and friends contacts.His father has no idea about our matter. Before he left we had a argument and his mother interfered there and she even asked me to commit suicide. He promised me for marriage and did everything. What should i do?( Hooghly, West Bengal )",IPC_309 -> GIAN_KAUR_1996 -> IPC_308 -> IPC_182,IPC_309 -> GIAN_KAUR_1996 -> IPC_308 -> IPC_182 -> perjury -> Indian Penal Code 1860 -> ART_21 -> CRPC_41,"You have a difficult case that is all is well that stick to gether, if not it will end, if you wanted you can file a case through a LAWYER FROM THIS PANEL , better to start a new life in this new year with good understanding & well being.","It's important to prioritize your safety and well-being. If you feel threatened or pressured, consider reaching out to local authorities or support services for guidance. Legal actions can be complex, so consulting with a legal professional might help you understand your options.",1.2166,36.4917,18.8586,2.7611,16.4574,16.2359,28.0095,4.7494,1.3102,1.7171,0.5575,19.7191,49.1454,49.9085,84.9892
26,"Please help sir, I am in a big trouble. Sir, a girl who was minor met me in a wedding. She sent me request on instagram and kept asking me to get into relationship. Initially, I was avoiding her but After a period, I also said yes but I didn't know her age at that time as she lied about it(Her actual age was16 then). So, then one day she asked me to pick her up and we roamed in my car. She wanted to stay the night with me in hotel. But, since my parents don't allow me to stay anywhere for the night, so I couldn't accept her proposal. Then she told me to drop at her some sister's place which I did. I later found out she was not informing her parents about the night out. So her parents somehow got my contact and suspected her to be with me. Her phone was off meanwhile. And, I did tell her parents about her whereabout. Her parents then found her the next day in a boys room( which earlier she told me to be her some sister's room). But, then the girl took U turn and blamed everything on me for raping her on the pretext of marriage and abandoning her on the road. The boy who she stayed with was released as she blamed me and told police that the boy saved and gave shelter for the night to her as she was abandoned on the road. I was sent to jail for 2 months in POCSO case and then got bail. Now, the scene is that she is asking me an iPhone to settle the case in court(she's ready to give a statement supporting me) . She is saying that she would convince her parents to settle the case after she gets the phone. I am willing to meet her demand but I can't trust her. Can you suggest something that I can get rid of the case even if I have to give her the iphone ( I have already bought it and it is with me ). How can I make sure that she will be doing what she is saying. Also, to be noted that she has already given her statement once against me in the court already. Can I somehow prove in the court that she is blackmailing me to get a phone to settle the fake case. Please, reply .( Guwahati, Assam )",CRPC_154 -> CRPC_156 -> CRPC_200 -> CRPC_210,CRPC_154 -> CRPC_156 -> CRPC_200 -> CRPC_210 -> fir -> PROC_SCST_COMPLAINT -> PROC_KIDNAPPING -> PROC_CHEATING_FRAUD,"Dear Sir,If any FIR is registered against you then you must challenge the same for quashing before High court. You must take the defense that you do not know the her age and all other allegations are false.",It is important to be cautious and avoid any actions that could be seen as bribery or coercion. You may consider reporting the blackmail attempt to the authorities. Consulting with a legal professional for guidance on how to proceed with your case is advisable.,2.3246,29.0456,18.8586,2.7611,16.4574,16.2359,28.0095,4.7494,1.3102,1.7171,0.5575,19.7191,49.1454,49.9085,84.9892
27,"Is it a domestic violence case? In sec. 498a Or 352( Kolkata, West Bengal )",IPC_320 -> IPC_323 -> IPC_324 -> IPC_325,IPC_320 -> IPC_323 -> IPC_324 -> IPC_325 -> Indian Penal Code 1860 -> assault -> IPC_120B -> criminal_conspiracy,"Dear Client,Domestic violence in India is covered under several laws, primarily under the Protection of Women from Domestic Violence Act, 2005 (PWDVA), and the Indian Penal Code (IPC). Section 498A and Section 352 of the IPC address specific aspects of domestic violence.Understanding the Sections:Section 498A IPC:Objective: To protect married women from cruelty by their husbands and in-laws.Definition: It covers any willful conduct that is likely to drive a woman to suicide or cause grave injury to her life, limb, or health (whether mental or physical). It also includes harassment with the aim of coercing her or her relatives to meet any unlawful demand for property or valuable security.Punishment: Imprisonment for up to three years and a fine.Section 352 IPC:Objective: To address assault or use of criminal force otherwise than on grave provocation.Definition: It penalizes the act of assault or use of criminal force against any person without grave and sudden provocation by that person.Punishment: Imprisonment for up to three months, or a fine of up to five hundred rupees, or both.Determining the Applicability:Section 498A: If the case involves a married woman being subjected to cruelty by her husband or in-laws, particularly with respect to harassment for dowry or inflicting harm that could cause serious mental or physical trauma, then it falls under Section 498A.Section 352: If the situation involves an incident where assault or use of criminal force occurred without grave provocation but does not fit the specific criteria of cruelty in a matrimonial context as described in Section 498A, it might fall under Section 352.","The fact-rule-chain provided does not mention IPC 498A or 352, which are related to domestic violence and assault. It focuses on sections like IPC 320, 323, 324, 325, and 120B, which are about assault and criminal conspiracy. Therefore, based on the chain, it does not directly indicate a domestic violence case under sections 498A or 352.",0.0953,61.9593,18.8586,2.7611,16.4574,16.2359,28.0095,4.7494,1.3102,1.7171,0.5575,19.7191,49.1454,49.9085,84.9892
28,"Owner of a company has been arrested by the Telangana police under 420 a month ago but Haryana police took his custody today on production warrent by saying same case has been registered by us in Haryana and Telangana court has accepted their application of Production Warrent but the advocate of accused has told me that Telangana court has granted him bail ........but my sources saying accused is been taken on production warrent.....so that I am confused the accused got bail or not ?( Hyderabad, Telangana )",CRPC_167 -> CRPC_397 -> CRPC_439 -> CRPC_482,CRPC_167 -> CRPC_397 -> CRPC_439 -> CRPC_482 -> fir -> PROC_FIR_FILING -> Code of Criminal Procedure 1973 -> PROC_REGULAR_BAIL,"For details, pl. contact some advocate through vidhikarya.com","The accused was granted bail by the Telangana court, but he was taken into custody by Haryana police on a production warrant. This means he is still in custody despite the bail in Telangana. The situation involves multiple jurisdictions, which can complicate custody status.",0.9799,28.2889,18.8586,2.7611,16.4574,16.2359,28.0095,4.7494,1.3102,1.7171,0.5575,19.7191,49.1454,49.9085,84.9892
29,"Hi,
Recently we closed a case by compromise with my aunt's family and had give sketch of the parts given to them in the agriculture land to the court and my aunt's family got the sketch prepared by govt surveyor and got the lands transferred to their name. But now I found my aunt's family has forged my sign in the survey sketch document and got the sketch changed and it is not same as what we have agreed upon in court. I plan to lodge a police complaint for forgery but I have few questions here:
1. Will I be responsible for providing all required evidence after filing complaint.?
2. Will I be responsible for hiring a lawyer to fight this case in court or will a PP be appearing for me.?
3. If my aunt's family wants to compromise with us to withdraw the case will I be able to close the case?( Ramanagara, Karnataka )",CRPC_173 -> CRPC_205 -> CRPC_210 -> CRPC_216,CRPC_173 -> CRPC_205 -> CRPC_210 -> CRPC_216 -> Code of Criminal Procedure 1973 -> fir -> charge_sheet -> CRPC_302,"Dear Sir,It is not so easy to convince the Police to register your complaint unless you get report from the private handwriting expert that forged signature of yourself was misused by your Aunt. Get such report and approach Police or file a private complaint.","1. Generally, after filing a complaint, the police investigate and gather evidence, but you may need to provide any evidence you have. 2. You can hire a lawyer, but a Public Prosecutor (PP) usually represents the state in criminal cases. 3. If both parties agree, you may be able to withdraw the case, but it depends on the court's approval.",0.8882,38.3954,18.8586,2.7611,16.4574,16.2359,28.0095,4.7494,1.3102,1.7171,0.5575,19.7191,49.1454,49.9085,84.9892
30,"FIR lodge under section 420/406. only against my brother. But in charge sheet police added section 174{A} , 120 (b) and chit fund act. Police apprehended my brother on 10 Oct 2017 and charge sheet filed on 13 Dec 2017 after 60 days and in main charge sheet no any witness mentioned name of his wife and my father. Antricipatary bail of Wife of my bother rejected on 28 feb 2018. She surrendered on 13 march 2018 and my father surrendered on 09 april 2018. Supplementary CS submitted by Police on 10 May 2018 just before completion of 60 days. Accordingly bail of 167(2) rejected. Thereafter 2 bail application application rejected by CMM and ASJ. Now bail application is in pending with high court in which IO submitted that more application is being received hence enquiry is pending therefore opposed bail application. All 03 pers are on Jail since mentioned above. Request intimate what I can do.( South West Delhi, Delhi )",CRPC_173 -> CRPC_205 -> CRPC_210 -> CRPC_216,CRPC_173 -> CRPC_205 -> CRPC_210 -> CRPC_216 -> charge_sheet -> fir -> Code of Criminal Procedure 1973 -> CRPC_302,"YOU CAN APPEAL IN HIGH COURT . For details, pl. contact some advocate through vidhikarya.com","The police added additional charges and submitted a supplementary charge sheet, which affected the bail decisions. Since the bail applications were rejected and are pending in the high court, you may need to wait for the court's decision or consult a legal professional for further steps. It's important to follow the legal process and consider any new developments in the case.",0.7753,33.4521,18.8586,2.7611,16.4574,16.2359,28.0095,4.7494,1.3102,1.7171,0.5575,19.7191,49.1454,49.9085,84.9892
31,"I want to go for FIR and Chargesheet quashing both in my 482 application pending before the Allahabad High Court after a stay of the same as the complaint belongs to repealed Section 66A of the Information Technology Act, 2000. However, these prayers were not specifically mentioned in my revision petition under 482 as it was dismissed by lower Courts. Can I pray the same in my final arguments or I should amend/add my prayer by an application in this regard separately in the High Court?( Allahabad, Uttar Pradesh )",CRPC_154 -> CRPC_156 -> CRPC_200 -> CRPC_210,CRPC_154 -> CRPC_156 -> CRPC_200 -> CRPC_210 -> fir -> PROC_CHEATING_FRAUD -> PROC_FIR_FILING -> PROC_DEFAMATION,"Dear Client,In your final arguments before the Allahabad High Court, you can certainly bring up the issue of quashing the FIR and chargesheet based on the repealed Section 66A of the Information Technology Act, 2000. While it would have been ideal to explicitly mention these prayers in your initial petition, you can still address them during the final arguments. It's crucial to emphasize the legal grounds and provide reasoning for seeking quashing. If you feel the need to make it more formal, you may consider filing a separate application to amend or add these prayers, ensuring clarity and precision. Reference relevant sections of the Criminal Procedure Code (CrPC), such as Section 482, to support your request for quashing.Thankyou",You should consider filing an application to amend or add your prayer for FIR and chargesheet quashing in the High Court. This ensures that your specific requests are formally on record. It's generally better to have clear and specific prayers in your application.,2.4191,71.0116,18.8586,2.7611,16.4574,16.2359,28.0095,4.7494,1.3102,1.7171,0.5575,19.7191,49.1454,49.9085,84.9892
32,"Sir/madam.    I was caught in drink and drive 10 days before and police taken my RC and DL and told to pay 10000 fine through virtual court website. But if I put challan no or mobile no it is telling challan not exist. What I have to do and what is the time time limit for closing the challan pls tell the procedure of this case in chennai( Chennai, Tamil Nadu )",CRPC_210 -> DP_3 -> JOGINDER_KUMAR_1994 -> PROC_REGULAR_BAIL,CRPC_210 -> DP_3 -> JOGINDER_KUMAR_1994 -> PROC_REGULAR_BAIL -> fir -> Code of Criminal Procedure 1973 -> CRPC_41 -> arrest,Dear SirYou may pay the file directly in the court or engage one advocate to pay the fine on behalf . in either case there will be no consequence on your future career it being a petty case.Please give me RANK FIVE (5) if my answer satisfies you.,"You should contact the local police station or traffic department in Chennai to verify the challan details. If the challan is not found online, they can provide guidance on the next steps. Ensure to resolve the issue promptly to avoid further complications.",1.2138,28.9325,18.8586,2.7611,16.4574,16.2359,28.0095,4.7494,1.3102,1.7171,0.5575,19.7191,49.1454,49.9085,84.9892
33,"I am Govt Group A officer and area police filed kalandra before SDM under sec 107 against false complaint by neighbour.  Kalandra was filed under sec 107 against both i. e.  Myself and neighbour.
Being a Govt officer there is no scope for me to breach the peace. 
Now can I file application under section 115 to dispense me from personal appearance due my occupancy to official assignments( North West Delhi, Delhi )",PROC_MAINTENANCE -> IPC_504 -> PROC_CRIMINAL_INTIMIDATION -> PROC_ANTICIPATORY_BAIL,PROC_MAINTENANCE -> IPC_504 -> PROC_CRIMINAL_INTIMIDATION -> PROC_ANTICIPATORY_BAIL -> Indian Penal Code 1860 -> criminal_intimidation -> IPC_120B -> criminal_conspiracy,"You can file the same. However, it is subject to acceptance.If accepted you shall not be brought to court and if not accepted you need to follow the orders of the court as a dutiful citizen.Thanks",The fact-rule-chain does not directly address Section 115 or personal appearance exemptions. It mainly covers criminal intimidation and conspiracy under the Indian Penal Code. You may need to consult legal advice for specific procedures related to Section 115 and personal appearance exemptions.,2.4315,26.7112,18.8586,2.7611,16.4574,16.2359,28.0095,4.7494,1.3102,1.7171,0.5575,19.7191,49.1454,49.9085,84.9892
34,"IPC 323,324,326 Fake FIR Registered on me Via Against Party After SSP investigation SP Crashed Fake FIR . How Can I File Case Against Party via Legal Process ?( Bathinda, Punjab )",CRPC_154 -> CRPC_156 -> CRPC_200 -> CRPC_210,CRPC_154 -> CRPC_156 -> CRPC_200 -> CRPC_210 -> fir -> PROC_DOWRY_HARASSMENT -> PROC_FIR_FILING -> PROC_CHEATING_FRAUD,"Dear Sir,You can first try to get quash FIR against you or atleast get stay order on further investigation and in the meanwhile lodge a complaint against him or directly approach Magistrate by filing private complaint.Thanks.","You can consider filing a private complaint under CRPC_200 if you believe the FIR was false. The court may then proceed under CRPC_210 if there is an ongoing investigation. It might be helpful to consult a local legal professional for guidance specific to Bathinda, Punjab.",2.6565,59.5372,18.8586,2.7611,16.4574,16.2359,28.0095,4.7494,1.3102,1.7171,0.5575,19.7191,49.1454,49.9085,84.9892
35,"My wife is having illegal affairs and I have documents for that. She was in affair when she was carrying my child. Even the child birth was not normal. We had to take out the child under  emergency only. All the expense was bared by me only and none from her side visited my wife or our home. Now she ran away with my child. What should we do( Bangalore, Karnataka )",CRPC_154 -> CRPC_156 -> CRPC_200 -> CRPC_210,CRPC_154 -> CRPC_156 -> CRPC_200 -> CRPC_210 -> fir -> PROC_KIDNAPPING -> PROC_DEFAMATION -> PROC_CHEATING_FRAUD,"Dear Client, I'm sorry to hear about the distressing situation you're facing. In India, family matters like these are complex and require careful navigation of legal avenues. Given the gravity of the situation, it's crucial to act swiftly. Firstly, gather all relevant documents, including evidence of your wife's affairs and any communication indicating her intentions to leave with your child. Then, consult with a family law attorney who can advise you on the appropriate legal steps to take. This may involve filing for custody of your child and seeking legal recourse against your wife for her actions. Additionally, consider documenting any financial contributions you've made towards your child's upbringing and medical expenses, as this may strengthen your case in court. Remember to prioritize the well-being of your child throughout this process, and seek emotional support for yourself during this challenging time.","You may consider filing a complaint with the police regarding your wife's actions. If you believe there is a legal issue, you might explore options under relevant procedures like PROC_KIDNAPPING. Consulting with a legal professional in Bangalore could provide guidance specific to your situation.",0.4076,54.559,18.8586,2.7611,16.4574,16.2359,28.0095,4.7494,1.3102,1.7171,0.5575,19.7191,49.1454,49.9085,84.9892
36,"We are healthcare workers. Yesterday we (5 people) were stopped by a police sergeant while on a yellow cab for overloading. We were in an emergency because we were called from the hospital from a luncheon because a patient of ours became critical. We requested him to let us go because a life was at stake but he started to yell and berate us, threatening to call the media upon us. There was some verbal altercation only. Then he held us up for about 40 minutes, which is serious in case of a medical emergency. Then he asked for â¹500 as a ""stop fine"" and said he was going to let us go with a verbal warning. He did not even make a documentation of the fine. I was pissed off at this and took a video of the situation (as far as I know is legal to take of a police officer in a public space) which angered him more and he took away my mobile and deleted the video himself. Thereafter he dragged us to the police station, berated us some more and then forced us to write an apology letter and took our names and addresses. What are the legal consequences and what can I do about this sergeant?( Uttar Dinajpur, West Bengal )",PROC_SCST_COMPLAINT -> DP_3 -> PROC_SEXUAL_ASSAULT_COMPLAINT -> PROC_CRIMINAL_INTIMIDATION,PROC_SCST_COMPLAINT -> DP_3 -> PROC_SEXUAL_ASSAULT_COMPLAINT -> PROC_CRIMINAL_INTIMIDATION -> dowry_harassment -> Dowry Prohibition Act 1961 -> PROC_DOWRY_HARASSMENT -> CRPC_154,"Dear Client,You can proceed to take legal action in this regard and file a complain. Please reach out to the number on the website for more queries.",The situation you described involves potential misconduct by the police sergeant. You may consider filing a complaint with higher police authorities or a relevant oversight body. It's important to document the incident and seek legal advice if needed.,1.5509,42.0173,18.8586,2.7611,16.4574,16.2359,28.0095,4.7494,1.3102,1.7171,0.5575,19.7191,49.1454,49.9085,84.9892
37,"My father (government employee) was under an anti corruption enquiry when he passed away. After he passed away I was called to give a application that about what I know regarding his financials. 1.5 years later they told me that now they need my mother's application and when we got there they started enquiring us about things we did not know. What should I do in this scenario?( Rajkot, Gujarat )",IPC_409 -> PCA_7 -> PCA_13,IPC_409 -> PCA_7 -> PCA_13 -> corruption -> criminal_breach_of_trust -> Indian Penal Code 1860 -> Prevention of Corruption Act 1988,"Dear Client,Here are some steps you can take:Consult an Attorney: It's advisable to consult with an attorney who specializes in legal matters related to government employees, anti-corruption inquiries, and administrative proceedings. An attorney can provide you with legal guidance and help protect your rights and interests.Request Clarity: If you are uncertain about the nature of the questions or the purpose of the inquiry, you can politely request clarification from the authorities conducting the inquiry. Understand the specific issues they are interested in and the relevance of your knowledge to the case.Avoid Speculation: It's essential not to speculate or provide information that you are not sure about. Stick to the facts and provide accurate and truthful responses to the best of your knowledge.Protect Your Interests: Your primary concern should be to protect your legal interests and those of your family. If you feel uncomfortable or believe that the inquiry is becoming intrusive or unjust, consult with your attorney on how best to proceed.Document Everything: Keep records of all communications, including any written requests, notices, or interactions with the authorities conducting the inquiry. These records can be valuable in case you need to challenge any actions or decisions.Maintain Confidentiality: Be cautious about discussing the inquiry with others, especially in a public or unsecured setting. It's generally best to keep such matters confidential to protect your interests.Follow Legal Procedures: Ensure that you follow any legal procedures and requirements as advised by your attorney. This may include providing responses in writing, attending hearings or meetings, or taking any other necessary steps as part of the inquiry.Legal Representation: Depending on the complexity of the case and the potential implications, you may consider having legal representation for your mother as well, especially if she is being questioned or required to provide information.Remember that each case is unique, and the course of action to take may vary based on the specific circumstances and legal advice you receive.Thank you.","You should provide the information you know and cooperate with the enquiry. If you or your mother are unsure about certain details, it's okay to communicate that to the authorities. Consider seeking legal advice if you feel uncertain about the process.",0.0068,49.934,18.8586,2.7611,16.4574,16.2359,28.0095,4.7494,1.3102,1.7171,0.5575,19.7191,49.1454,49.9085,84.9892
38,"10 years back my wifes father has cheated me taken my wife's and filed missing complaint
is there any law and order where i can raise a case against my wife's father for cheating,
is there any way where the judge to give order to police or commissioner to arrest my wife's father and find out where she is,( Thane, Maharashtra )",IPC_415 -> IPC_417 -> IPC_419 -> IPC_420,IPC_415 -> IPC_417 -> IPC_419 -> IPC_420 -> Indian Penal Code 1860 -> PROC_CHEATING_FRAUD -> cheating -> IPC_120B,"Hi,False claims can be punished under S.209 IPC. In addition, you can file a complaint against him for cheating and fraud under Sections 415 and 420 IPC.If you found this helpful, please rate us.","You may consider filing a complaint under IPC sections related to cheating, such as IPC 415 or IPC 420. These sections deal with cheating and fraud. It might be possible for the court to direct the police to investigate the matter.",5.0899,75.1419,18.8586,2.7611,16.4574,16.2359,28.0095,4.7494,1.3102,1.7171,0.5575,19.7191,49.1454,49.9085,84.9892
39,"Hello sir 
2011 me mere bhai ke against 
Magistrate ke paas complaint case file hua
406 act lga unke upar 
2014 me case revoked ho gya
Lekin 2015 me hearing fir suru ho gyi

2019 me case ka status appearance se evidence stage me aa gya

2024 tak aise hi chalta tha
Lekin mere bhai ne November me hearing miss krdi
Or sayad next bhi
To warrent issue ho gya

Feb 2025 me wo arrest ho gya

March Tak bail nhi mili
Fir mili to usme 1 lakh ka personal bond
2 1 1 lakh ki guarantee ke sath
Jo mein kal nhi pa rha finance itna strong nhi h

Ab kya kru bail decision ko bhi 15 din ho gye h
Mera lawyer bhi bas aaj nhi kal kr rha h
Or sabse bdi problem ye h
Jo complaint hui thi wo 10000 ke liye hui thi
Or complaint krne wala 40000 ki demand krta h settlement pr
To guarantee itni jyada q
I am helpless and out of money( Ghaziabad, Uttar Pradesh )",CRPC_154 -> CRPC_156 -> CRPC_200 -> CRPC_210,CRPC_154 -> CRPC_156 -> CRPC_200 -> CRPC_210 -> fir -> PROC_SCST_COMPLAINT -> PROC_CHEATING_FRAUD -> PROC_FIR_FILING,"Dear Client,Section 406 of the Indian Penal Code (IPC) deals with the punishment for criminal breach of trust, which involves dishonestly misappropriating or converting property entrusted to someone, or using it in violation of a legal contract or direction. Under this section, whoever commits criminal breach of trust shall be punished with imprisonment of either description for a term which may extend to three years, or with a fine, or with both. It is a non-bailable offense, meaning an accused person cannot claim bail as a matter of right.  The offence is compoundable by the owner of the property in respect of which breach of trust has been committed, with the permission of the court. In the given scenario, when you are facing financial constraints/hardship to arrange the funds for the bail bond, you can discuss the matter with the complainant to resolve or settle the matter amicably and legally. Ask your counsel to mediate the matter with the opposite party to cope with the situation, which is a viable option in the given situation.","It seems your brother's case has progressed through various stages and now involves bail conditions. The bail amount and guarantees are set by the court, possibly considering the case details and circumstances. You might need to discuss options with your lawyer to address the financial difficulties related to the bail conditions.",0.2659,51.2843,18.8586,2.7611,16.4574,16.2359,28.0095,4.7494,1.3102,1.7171,0.5575,19.7191,49.1454,49.9085,84.9892
40,"My mobile phone is submitted in court I have filled return of property it was a gifted phone I don't have bill even my husband doesn't have bill now what is argument on exh_ready means( Mumbai City, Maharashtra )",SCST_7 -> IPC_420 -> JOGINDER_KUMAR_1994 -> CRPC_457,SCST_7 -> IPC_420 -> JOGINDER_KUMAR_1994 -> CRPC_457 -> theft -> PROC_CHEATING_FRAUD -> CRPC_41 -> Code of Criminal Procedure 1973,"Dear Client,The term âExhâ refers to an exhibit, which can be a document, an application, or any submission filed as physical or documentary evidence during criminal proceedings. The fact that the status has changed to âargument on Exh_readtâ means that the court is about to pass an order related to a specific exhibit or application that has been submitted in your case post-hearing of argument by the parties on the exhibits. It is suggested that you speak to your designated lawyer who is the advocate on record in the case.","If your mobile phone is submitted in court and you have filed for its return, the lack of a bill may complicate proving ownership. The court may consider other evidence or circumstances to decide on the return. ""Exh_ready"" likely refers to the readiness of exhibits or evidence for the court's consideration.",1.7757,40.6567,18.8586,2.7611,16.4574,16.2359,28.0095,4.7494,1.3102,1.7171,0.5575,19.7191,49.1454,49.9085,84.9892
41,"present case charge sheet lo undi but case pettina ammai court ki hajar avtledu case lounna person ki central university lo seat vachhindi ,how to solve this case emina document verification time lo problem aeity ela solve chesukoni join avvalii( Prakasam, Andhra Pradesh )",CRPC_173 -> CRPC_205 -> CRPC_210 -> CRPC_216,CRPC_173 -> CRPC_205 -> CRPC_210 -> CRPC_216 -> charge_sheet -> fir -> Code of Criminal Procedure 1973 -> CRPC_302,"A.Dear Sir,You have to approach High Court to remove your name from Rowdy sheeter and place before the Court all the necessary credentials to prove your innocence and also to prove that you have good conduct for all these years. Further, you can challenge POSCO case in High Court by filing quashing petition.","If the charge sheet is filed and the person is not appearing in court, they may need to seek legal advice to address the non-appearance issue. For document verification and joining the university, they should ensure all legal matters are resolved or obtain necessary permissions. Consulting a lawyer for specific guidance on handling court obligations and university admission is advisable.",1.0959,47.3677,18.8586,2.7611,16.4574,16.2359,28.0095,4.7494,1.3102,1.7171,0.5575,19.7191,49.1454,49.9085,84.9892
42,"A criminal case was registered against me . Its compromised in lok Adalat. I eligible for govt jobs .if  eligibleis it necessary to mention those details application .eg are you involved any criminal cases yes or no( Hyderabad, Telangana )",criminal_intimidation -> IPC_503 -> criminal_conspiracy -> IPC_350,criminal_intimidation -> IPC_503 -> criminal_conspiracy -> IPC_350 -> assault -> Indian Penal Code 1860 -> PROC_CRIMINAL_INTIMIDATION -> IPC_120B,"Dear Client,If you are acquitted, and eligible for government jobs, you can mention that you were charged on a crime, however not convicted. You can request an expunction order from the court for complete removal of this particular record from the public eye.","If the case was compromised in Lok Adalat, it might not be considered a conviction. However, you should answer truthfully on job applications if asked about involvement in criminal cases. It's best to mention the compromise if required.",2.2669,50.6812,18.8586,2.7611,16.4574,16.2359,28.0095,4.7494,1.3102,1.7171,0.5575,19.7191,49.1454,49.9085,84.9892
43,"Society people parking and blocking entrance of my shop. The place is public in front of my shop. Can IPC 339 or any other section applicable to prevent them.( Mumbai suburban, Maharashtra )",IPC_429 -> NI_ACT_AMENDMENT_2018 -> PROC_FIR_FILING -> IPC_499,IPC_429 -> NI_ACT_AMENDMENT_2018 -> PROC_FIR_FILING -> IPC_499 -> PROC_DEFAMATION -> Indian Penal Code 1860 -> mischief -> defamation,Hello. You can file for an injunction.,The fact-rule-chain provided does not directly mention IPC 339 or sections related to obstruction. It mainly covers topics like mischief and defamation. You may need to consult legal advice for specific sections applicable to obstruction in public spaces.,2.1297,28.4905,18.8586,2.7611,16.4574,16.2359,28.0095,4.7494,1.3102,1.7171,0.5575,19.7191,49.1454,49.9085,84.9892
44,"My friend has got cheated by a person now he married to other girl but she is not listening she saying she want to stay with him only or else she lives alone after knowing that she is texting and calling to that person and and he forwarding that texts to her brother and her brother is mentally torchuring her she ran away from home also so many times even police also not helping becoz they are saying that she is contacting that person now they made house arrest and her family forcing her to agree to do marry to someone but she dont want she decided to live alone if she cant live with that person she want to marry him only even he is married is there any way, now her family is not giving privacy and freedom not sending outside she want to stay infront them only now what to do( Hyderabad, Telangana )",CRPC_154 -> CRPC_156 -> CRPC_200 -> CRPC_210,CRPC_154 -> CRPC_156 -> CRPC_200 -> CRPC_210 -> fir -> PROC_SCST_COMPLAINT -> PROC_FIR_FILING -> PROC_CHEATING_FRAUD,"Hi,You can file a FIR in police station against family torture.",Your friend may consider filing a complaint under relevant sections if she feels harassed or her freedom is restricted. She can approach the police or a legal advisor for guidance on her rights and possible actions. It's important to seek help from authorities or legal professionals to address her situation.,0.9711,41.1423,18.8586,2.7611,16.4574,16.2359,28.0095,4.7494,1.3102,1.7171,0.5575,19.7191,49.1454,49.9085,84.9892
45,"Respected sir , 
I , Chirla Lakshmana Reddy S/o Chirla Brahma Reddy resident of Arthamuru  
In 2009 , The AP Government sanctioned us the free loan for House Repair. but the Loan Amount was taken by My dad's Elder Brother ( Chirla Atchi Reddy ) illegally. 
Also , my dad Committed Sucides in June 2020 in Visakhapatnam. Without intimating to any officials in Visakhapatnam, Mr. Chirla Atchi Reddy and his wife brought My dad's dead body to Arthamuru Secretly. Also we didn't get any things of my dad. All my dad things are kept aside by My dad elder Brothers family only. Sir. Aslo they are harrassing my family very family sir. 
What is the best way to get Justice Sir( East Godavari, Andhra Pradesh )",IPC_415 -> IPC_417 -> IPC_419 -> IPC_420,IPC_415 -> IPC_417 -> IPC_419 -> IPC_420 -> cheating -> Indian Penal Code 1860 -> PROC_CHEATING_FRAUD -> IPC_120B,"Dear Client,To claim for justice in a fatherâs death controversy, ensure that you prepare all your borrowing statements, a report of a fatherâs death, texting or calling your uncle, and your family members. The Indian Succession Act, 1925 may be of help if you want to claim your fatherâs property after his demise if he left no will behind him. If your uncle and his family were abusive and harassing towards you, report it to the police. Seek the services of a family lawyer as well as a property law expert to get advice on the legal procedures to follow and the possibility of filing a civil case.  Issue a legal notice to your uncle and his family to return properties belonging to your father and stop harassing you. In case the situation does not get solved in negotiation or even with the intervention of the police, then you need to file a civil case in court to seek recovery of your fatherâs property and an award of damages.I hope this advice is fruitful.","You may consider reporting the matter to the local police, as the situation involves potential cheating and fraud, which could relate to IPC sections like 415, 417, 419, or 420. Additionally, if there is any conspiracy involved, IPC 120B might be relevant. Seeking legal advice from a lawyer in your area could also help you understand your options.",0.4622,28.6912,18.8586,2.7611,16.4574,16.2359,28.0095,4.7494,1.3102,1.7171,0.5575,19.7191,49.1454,49.9085,84.9892
46,"I filed a complaint against my fiance last year, charges 306,307,376,377,etc.
An Fir was not lodged as the accuse and his family pleaded and begged like anything to withdraw the complaint. There was a lot of emotional drama and blackmailing.I had to compromise and we got married with family consent and understanding and promises of being there and the things abuse etc not being repeated.Post marriage everything changed. Family vanished,I was left all alone,so called husband moved to other City and forced me to come there.has been ill treating me, demeaning and torturing me mentally and emotionally now.what can I do?( Delhi, Delhi )",CRPC_154 -> CRPC_156 -> CRPC_200 -> CRPC_210,CRPC_154 -> CRPC_156 -> CRPC_200 -> CRPC_210 -> fir -> PROC_SCST_COMPLAINT -> PROC_CHEATING_FRAUD -> PROC_KIDNAPPING,"A.Dear Madam,Now you can file multiple cases as a wife under section 498(A) of IPC,  domestic violence case etc....","You can consider filing a new complaint with the police, as the previous FIR was not lodged. If the police do not register an FIR, you may approach the magistrate under CRPC_200. It might also be helpful to seek legal advice for further steps.",1.2705,25.4358,18.8586,2.7611,16.4574,16.2359,28.0095,4.7494,1.3102,1.7171,0.5575,19.7191,49.1454,49.9085,84.9892
47,"I have filed divorce petition against wife in 2020 before family court . In the same year of 2020, I have filed private complaint against wife and her parents  under section 156(3) for theft of golden ornaments and household material from locked house of mine before JMFC . In the year 2021, JMFC  ordered for registration of FIR under section 378, 379, 34  against wife and her parents and directed concerned police station for investigation. Thereafter, wife and parents moved application for quashing of FIR before High court. Thereafter, I have filed reply and objections against petition of quashing of FIR . This  Case in high court is pending.
Therefore, my question is if I withdraw divorce petition now  from family court and file restitution of conjugal rights petition in family court in the interest of future of kids , will that affect  my objections in high court for quashing of FIR against wife and parents? Please explain in detail.( Pune, Maharashtra )",CRPC_154 -> CRPC_156 -> CRPC_200 -> CRPC_210,CRPC_154 -> CRPC_156 -> CRPC_200 -> CRPC_210 -> fir -> PROC_SEXUAL_ASSAULT_COMPLAINT -> PROC_CHEATING_FRAUD -> PROC_KIDNAPPING,"Dear Client,your withdrawal of the case will not have any effect on your ongoing issue in Hih Court.",Withdrawing the divorce petition and filing for restitution of conjugal rights in family court is a separate matter from the criminal case. The objections in the High Court regarding the quashing of the FIR are based on the criminal complaint and investigation. Changing your family court petition should not directly affect the High Court proceedings on the FIR.,1.7312,52.4185,18.8586,2.7611,16.4574,16.2359,28.0095,4.7494,1.3102,1.7171,0.5575,19.7191,49.1454,49.9085,84.9892
48,"My bf utilized me physically in the name of love and pretext of mrge  and cheated me by flirting with some other girl. Now he broke up with me. When I told I will complaint, he told he will marry me but he will not stay with me after the mrge. Also he hav two elder bros. So he s saying he won't marry me until unless there bros r getting married and also he s saying I shud not contact him till his bros r getting married. I felt he agreed for mrge just to shut my mouth for time being. So I contacted his elder brother to convince him for register mrge... His entire family hav agreed for register mrge but my boyfrd s not agreeing for reg mrge as he s not interested to marry me. He told after his bros getting married only he will marry me... After few days my family contacted my bf regarding d mrge( my family doesn't know Dat we had physical relationship) .. My bf is saying he s not interested to marry me. And he will just marry me as we r threatening him. And he told after mrge he won't stay with me. I feel so much depressed for his cheating and utilizing me physically. Can I go legally for dis. Will the court accept it as a legal case?? Will I able to win in dis!? . I hav enuf proof of pictures calls chats etc. If he don't marry me, is dere any punishment for him for cheating me like dis??( Bangalore, Karnataka )",IPC_320 -> IPC_323 -> IPC_324 -> IPC_325,IPC_320 -> IPC_323 -> IPC_324 -> IPC_325 -> Indian Penal Code 1860 -> assault -> IPC_120B -> criminal_conspiracy,"A.Dear Madam,You may immediately threaten to file rape case against him then he may come down and agree for marriage. Please read the following section.Section 375 in The Indian Penal Code375. Rape.âA man is said to commit ârapeâ who, except in the case hereinafter excepted, has sexual intercourse with a woman under circumstances falling under any of the six following deÂ­scriptions:â(First) â Against her will.(Secondly) âWithout her consent.(Thirdly) â With her consent, when her consent has been obtained by putting her or any person in whom she is interested in fear of death or of hurt.Rate me Five Star*","Your situation involves personal and emotional issues, but based on the fact-rule-chain provided, it does not directly relate to any specific sections of the Indian Penal Code mentioned. Cheating in a relationship is not typically covered under criminal law unless it involves elements like criminal conspiracy or assault, which are not clearly indicated here. It may be helpful to consult with a legal professional for advice specific to your circumstances.",1.173,56.2973,18.8586,2.7611,16.4574,16.2359,28.0095,4.7494,1.3102,1.7171,0.5575,19.7191,49.1454,49.9085,84.9892
49,"My senior citizen father (79) and mother are second floor of a Delhi house. There is a court lawsuit related to probate currently going on. However the opposite party, who live on ground floor and first  floor of the same house, are building unauthorized construction on the property, despite the ongoing court case. On Monday when my father protested against the construction, my relative (40) pushed him violently and verbally threatened to kill my mother and father. I am quite scared of their safety, since I live and work in a different city and am unable to come to their aid immediately when such incidents happen. How can I protect my parents against such violence and threatening incidents?( South Delhi, Delhi )",IPC_320 -> IPC_323 -> IPC_324 -> IPC_325,IPC_320 -> IPC_323 -> IPC_324 -> IPC_325 -> assault -> Indian Penal Code 1860 -> IPC_120B -> criminal_conspiracy,"Hi,Sir, you should first approach the nearest Police station and file the complaint against your relative for the concerned incident","You can consider reporting the incident to the local police, as it involves assault and threats. The Indian Penal Code has provisions like IPC_323 and IPC_324 for dealing with such situations. It might also be helpful to inform the court about the unauthorized construction and threats during the ongoing probate case.",1.0003,57.217,18.8586,2.7611,16.4574,16.2359,28.0095,4.7494,1.3102,1.7171,0.5575,19.7191,49.1454,49.9085,84.9892
50,"Whatâs gonna be my fate in future? Iâm a google employee and my girlfriend has pressed charges . I was in jail for 3 months now got released and filed for dismissal. Yet Iâm confused and sacred abt my future. What is usually happens in this kinda of cases?? Itâs gonna be marriage or aqquaital? Pls guide me pls( Bangalore, Karnataka )",CRPC_154 -> CRPC_156 -> CRPC_200 -> CRPC_210,CRPC_154 -> CRPC_156 -> CRPC_200 -> CRPC_210 -> fir -> PROC_SCST_COMPLAINT -> PROC_CHEATING_FRAUD -> PROC_KIDNAPPING,"share complete facts to get a prominent revert, however, from the available fact, i can say, a marriage may save you from such serious charges and 498a etc is less serious then SC/ST and 376.","Your future depends on the legal proceedings and the outcome of the charges against you. The fact-rule-chain suggests processes related to complaints and charges, but it doesn't specify outcomes like marriage or acquittal. It's best to follow legal advice and court decisions for clarity on your situation.",1.2374,42.5704,18.8586,2.7611,16.4574,16.2359,28.0095,4.7494,1.3102,1.7171,0.5575,19.7191,49.1454,49.9085,84.9892
51,"Can resident of Gujarat play International lottery online?
Is it prohibited under FOREIGN EXCHANGE MANAGEMENT ACT.?",PROC_CHEATING_FRAUD -> PROC_CORRUPTION_COMPLAINT -> PROC_DEFAMATION -> PROC_MAINTENANCE,PROC_CHEATING_FRAUD -> PROC_CORRUPTION_COMPLAINT -> PROC_DEFAMATION -> PROC_MAINTENANCE -> CRPC_154 -> PROC_KIDNAPPING -> PROC_FIR_FILING -> fir,It can be played but it's legality can be known only when complaint lodged against you.,"The fact-rule-chain does not provide specific information about playing international lotteries online or the Foreign Exchange Management Act. It mainly covers procedures related to complaints and FIR filing. Without more details, it's unclear if playing international lotteries is prohibited under the act.",1.046,49.9599,18.8586,2.7611,16.4574,16.2359,28.0095,4.7494,1.3102,1.7171,0.5575,19.7191,49.1454,49.9085,84.9892
52,"Hi - I am tenant staying in One of the apartment in gottigere , Bangalore . Last night I had a beer bottle in my car and I kept the empty bottle in the parking basement . There was no dustbin . So I kept it in one corner of the basement . CCTV captured this and they are imposing penalty on me . Which I am ready to pay because I made the mistake . But they are asking me to pay 10,000 for this . Should I pay such high amount ? Also they made this video Viral in the society what's app group where there are 200 members the the group . Now every one in the society are calling me and saying this is shameful act . People are making comments like I am a criminal . I think the society association should have talked to me personally and ask for penalty . But they put the video in what's app group . Isn't it a defamation ? Now I need to leave this society because of this . Please advice",IPC_499 -> IPC_500,IPC_499 -> IPC_500 -> Indian Penal Code 1860 -> PROC_DEFAMATION -> defamation -> IPC_120B,Just ignore the demand and write a reply letter with acknowledgement stating that whatever below Rs. 300/- only you can pay. Lets see what happens .,"If the video sharing caused harm to your reputation, it might be considered defamation under IPC_499 and IPC_500. Defamation involves making false statements that harm someone's reputation. You may consider discussing the situation with a legal professional to explore your options.",1.2521,17.5197,18.8586,2.7611,16.4574,16.2359,28.0095,4.7494,1.3102,1.7171,0.5575,19.7191,49.1454,49.9085,84.9892
53,"If fIR is registered under sec 420,467,471,120b
For forging of wasiyat(will) and using it in nagar nigam office and civil suit is also pending regarding that wasiya(will).. i have following questions 
1) if the accused refused to give the ORIGINAL WILL FOR FSL investigation then what should police do??
2)If the accused said the he has lost the original will?but not FIR has loged for finding the original will
3)powers of I.O in the case( Barabanki, Uttar Pradesh )",CRPC_154 -> CRPC_156 -> CRPC_200 -> CRPC_210,CRPC_154 -> CRPC_156 -> CRPC_200 -> CRPC_210 -> charge_sheet -> PROC_DOWRY_HARASSMENT -> PROC_FIR_FILING -> PROC_CHEATING_FRAUD,"Dear client,If the accused refuses to provide the original will for forensic examination, the I.O. can seek court orders under Section 91 of the CrPC to compel the accused to produce the document. The I.O. can also gather evidence from other sources, such as witness testimonies or related documents, and document the refusal to use as evidence in court. If the accused claims to have lost the will, the I.O. should investigate the claim, look for the will through other sources, and might consider filing a complaint for the missing document if there is suspicion of obstruction.The I.O. has several powers under the CrPC, including the ability to investigate the case, search and seize evidence, arrest individuals involved, examine witnesses, and file charge sheets. These powers allow the I.O. to conduct a thorough investigation and ensure that necessary evidence is collected, even if there are obstacles such as the accusedâs refusal to produce documents or claims of lost evidence. Hope this answer will help you","1) If the accused refuses to give the original will, the police can proceed with their investigation using available evidence and may seek court directions if needed.  
2) If the accused claims the original will is lost, the police can investigate the claim and circumstances around the loss.  
3) The Investigating Officer (I.O) has powers to investigate the case, gather evidence, and question involved parties as per CRPC provisions.",4.9813,73.6912,18.8586,2.7611,16.4574,16.2359,28.0095,4.7494,1.3102,1.7171,0.5575,19.7191,49.1454,49.9085,84.9892
54,"whether defamation case can be filed both under civil and criminal law( Chennai, Tamil Nadu )",IPC_499 -> IPC_500,IPC_499 -> IPC_500 -> PROC_DEFAMATION -> Indian Penal Code 1860 -> defamation -> IPC_120B,"Dear Client,A person aggrieved by defamation has a right to proceed both in the civil Court as well as in the criminal Court. He can take either one or the other or both courses. Law does not debar him from enforcing civil and criminal rights at the same time. In India, defamation is categorized as either criminal or civil, and both types are covered by the Indian Penal Code (IPC) and the Code of Civil Procedure (CPC). In Civil Defamation, a person who is defamed can move the competent Court having pecuniary jurisdiction and seek damages in the form of monetary compensation. Under Section 19 of the Civil Procedure Code (CPC), a civil suit can be filed either where the Defendant resides or where the Defamatory statement was made/published. A defamation of a criminal nature has been codified under Sections 499 and 500 of the Indian Penal Code 1860 and to file a criminal suit under this Section, a person must have made an imputation about another person with either an intention, knowledge, or reason to believe that such an imputation will harm the reputation of the said person. Under criminal defamation, individuals can be charged with an offense punishable by imprisonment for two years or a fine. As per the Limitation Act, there is a limitation period of one year for filing a civil defamation suit and the limitation to file a criminal defamation complaint is 3 years from the period of knowledge of offense.","Yes, a defamation case can be filed under both civil and criminal law in India. The fact-rule-chain mentions IPC_499 and IPC_500, which relate to criminal defamation under the Indian Penal Code. Civil defamation can be pursued separately for damages.",0.1215,75.6286,18.8586,2.7611,16.4574,16.2359,28.0095,4.7494,1.3102,1.7171,0.5575,19.7191,49.1454,49.9085,84.9892
55,"Is there any written Rule/Procedure, etc. exists in Allahabad High Courts that have made it mandatory for respondents in Application under 482 of Cr.P.C. to file their counter affidavits within a certain time frame after receipt of court notice? If yes, please mention it.( Allahabad, Uttar Pradesh )",PROC_FIR_FILING -> PROC_CHEQUE_BOUNCE -> PROC_ANTICIPATORY_BAIL -> PROC_DEFAMATION,PROC_FIR_FILING -> PROC_CHEQUE_BOUNCE -> PROC_ANTICIPATORY_BAIL -> PROC_DEFAMATION -> CRPC_154 -> PROC_CHEATING_FRAUD -> PROC_KIDNAPPING -> Code of Criminal Procedure 1973,"Dear Sir,It seems no Court has prescribed outer limit to file counter and it is at the discretion of the Honâble High Court and take such counter not filed and on merits your petition may be decided.","The fact-rule-chain provided does not mention any specific rule or procedure regarding the mandatory filing of counter affidavits within a certain time frame in the Allahabad High Court for applications under 482 of Cr.P.C. Without additional information, it is unclear if such a rule exists.",2.6067,60.9759,18.8586,2.7611,16.4574,16.2359,28.0095,4.7494,1.3102,1.7171,0.5575,19.7191,49.1454,49.9085,84.9892
56,"Hi Team,
I have to ask some question I found one person who did two marriage both girls he took money and first wife not divorce. First marriage he did told anything about marriage single person got married and second girls also he found from matrimony site and got married. For second marriage he involved parents. afer marriage also he took new number and registered matrimony site and talking to dovorced girls. all thing we found and have proof about his first marriage and matrimony regirsted ID. He is trapping girls and taking money in the name of business. Paying interest to them. How many years punishment he will get, If we complaint aggainst him.( Nagpur, Maharashtra )",IPC_494,IPC_494 -> bigamy -> Indian Penal Code 1860 -> IPC_120B -> criminal_conspiracy,"Dearlegal consequences for the offense of bigamy (marrying someone while already legally married to another person) can include imprisonment and/or a fine, as per the Indian Penal Code (IPC) under Section 494 and Section 495. The severity of the punishment can vary based on the specific circumstances of the case and the evidence presented.Section 494 of the Indian Penal Code deals with the offense of bigamy and prescribes punishment for individuals who marry again during the lifetime of their spouse. The punishment can extend to imprisonment for up to 7 years and a fine. Additionally, Section 495 deals with the offense of marrying again during the lifetime of the former husband or wife, which can result in a punishment of up to 7 years of imprisonment and a fine.","If a person marries again without divorcing the first spouse, it may be considered bigamy under IPC Section 494. Bigamy is a criminal offense in India. The punishment can vary, and it is advisable to consult legal authorities for specific consequences.",1.1979,82.4646,18.8586,2.7611,16.4574,16.2359,28.0095,4.7494,1.3102,1.7171,0.5575,19.7191,49.1454,49.9085,84.9892
57,"Is it sufficient only oral complaint of a complainant for proceed to appoint Witness 1 and 2 and to action of raid also? If yes, please specify rule.( Kolhapur, Maharashtra )",CRPC_200 -> PROC_DEFAMATION -> JOGINDER_KUMAR_1994 -> PROC_CHEATING_FRAUD,CRPC_200 -> PROC_DEFAMATION -> JOGINDER_KUMAR_1994 -> PROC_CHEATING_FRAUD -> PROC_FIR_FILING -> CRPC_41 -> Code of Criminal Procedure 1973 -> ART_21,"Hi,Please state complete facts of the case or consult a lawyer in this regard.","The fact-rule-chain does not clearly specify if an oral complaint alone is sufficient to appoint witnesses and conduct a raid. Generally, procedures like FIR filing and CRPC provisions guide such actions. It is advisable to refer to specific local rules or consult legal authorities for clarity.",1.8338,40.5279,18.8586,2.7611,16.4574,16.2359,28.0095,4.7494,1.3102,1.7171,0.5575,19.7191,49.1454,49.9085,84.9892
58,Hello sir case is little different like others. I am a astrologer and I gave numbers according to ASTROLOGY to my friend for  playing. He plays online and goes in loss due to his own fault. Now he is saying that he played on borrowed money and the owner wants there money Back.and he is making pressure on me. What should I do :(,CRPC_210 -> IPC_489A -> ART_21 -> DP_3,CRPC_210 -> IPC_489A -> ART_21 -> DP_3 -> dowry_harassment -> CRPC_41 -> Code of Criminal Procedure 1973 -> counterfeiting,32,It seems your situation is not directly covered by the fact-rule-chain provided. The chain mainly relates to criminal procedures and specific offenses like dowry harassment and counterfeiting. You might consider discussing the issue with your friend to resolve it amicably or seek legal advice for more guidance.,0.0,6.1099,18.8586,2.7611,16.4574,16.2359,28.0095,4.7494,1.3102,1.7171,0.5575,19.7191,49.1454,49.9085,84.9892
59,"A wife and her two children were abandoned by a husband . The wife and her two children created his death certificate and got some property to her name. The guy filed a complaint against her.how can the wife and kids get a clean chit here ?( Davanagere, Karnataka )",IPC_415 -> IPC_417 -> IPC_419 -> IPC_420,IPC_415 -> IPC_417 -> IPC_419 -> IPC_420 -> cheating -> Indian Penal Code 1860 -> PROC_CHEATING_FRAUD -> IPC_120B,"Dear Client,Since the wife has made a fake death certificate to obtain property unlawfully and has performed a fraud, the husband is well within his rights to file a complaint against the wife.Thank you so much I hope this answer helped you.","The wife and children might face charges related to cheating under IPC sections like 415, 417, 419, or 420. To get a clean chit, they would need to prove they did not intend to deceive or commit fraud. Legal advice from a lawyer would be necessary to navigate the specifics of their case.",1.1251,37.2083,18.8586,2.7611,16.4574,16.2359,28.0095,4.7494,1.3102,1.7171,0.5575,19.7191,49.1454,49.9085,84.9892
60,"What is police station bail and what will effect in future ?( Bangalore, Karnataka )",CRPC_167 -> CRPC_397 -> CRPC_439 -> CRPC_482,CRPC_167 -> CRPC_397 -> CRPC_439 -> CRPC_482 -> fir -> PROC_ANTICIPATORY_BAIL -> PROC_SCST_COMPLAINT -> PROC_REGULAR_BAIL,"Dear Sir,In case of bailable offence police will take bail bound on a format and you have to sign it.","Police station bail allows a person to be released from custody at the police station itself, usually for minor offenses. Future effects depend on the case's progress and any conditions set by the police or court. The fact-rule-chain does not provide specific future implications.",1.2791,49.821,18.8586,2.7611,16.4574,16.2359,28.0095,4.7494,1.3102,1.7171,0.5575,19.7191,49.1454,49.9085,84.9892
61,"How much time it takes for the police to expunge/dispose the case in police station if complainant is ready to give her statement/consent and affidavit mentioning she does not want this case to go any further investigation etc.

Already, FIR lodged, NBW issued, accused in HC for Anticipatory Bail.
But now complainant ready to finish the case.( Kochi, Kerala )",CRPC_154 -> CRPC_156 -> CRPC_200 -> CRPC_210,CRPC_154 -> CRPC_156 -> CRPC_200 -> CRPC_210 -> fir -> PROC_FIR_FILING -> PROC_DEFAMATION -> PROC_CHEATING_FRAUD,Go to the high court and quashing FIR under section 482 of crpc,The fact-rule-chain does not specify the exact time it takes for the police to expunge or dispose of a case. The process may vary based on local procedures and the specifics of the case. It is advisable to consult with the local police station or legal counsel for more precise information.,0.9526,25.1494,18.8586,2.7611,16.4574,16.2359,28.0095,4.7494,1.3102,1.7171,0.5575,19.7191,49.1454,49.9085,84.9892
62,"I was cheated by a guy for a online game big money payment..He told he will refund money but didnt return..So I complained to cyber crime and they took action and freezed/blocked his all bank accounts(around 3) to which I paid money.. Even after complaint he was threatening me like do wtever u want etc..Later after few days he started pleading that pls take back compliant , I'm poor,u did mistake and gave all reasons..He told he will give back my money somehow. I didn't want to go ahead with full investigation since it would take long time if at all my money is recovered and police said they recovered very little amount..Also I dint want to go to courts and spending lot again...So I decided to take back complaint and complaint was closed..When closing complaint police told this is like a false complaint but we are letting you go dont do it next time and case was closed..I asked that fraud guy to pay my money in installments at least but he says I will die ,i have no option etc..So now I stopped messaging completely and all blocked his number from 10 days.. The most important things is still his bank accounts are not unblocked by police..I'm expecting he will come back to me one day, so I have decided that let him pay my full money first, then he will have to contact the police to unblock his bank accounts..I don't want to involve in this.. My queries are
1) Case is closed from my end. But account unblocking not yet done..In case if I get my money back should I ask the culprit to approach police and unblock his account? I don't want to run behind police helping culprits again.Let culprits do it themselves? Is this better option?
2) I guess the culprit is locked/struck from all sides.If at all he commits suicide or anything will I be in trouble ?
3) I have not harassed him in anyway .. I even took back complaint which nobody will do and given time to pay in installments also..Still in anyway i will be in trouble?( Bangalore, Karnataka )",IPC_107 -> IPC_415 -> IPC_417 -> IPC_419,IPC_107 -> IPC_415 -> IPC_417 -> IPC_419 -> Indian Penal Code 1860 -> cheating -> PROC_CHEATING_FRAUD -> abetment,"Hi,You are at liberty to file a complaint with the police again since the factual circumstances surrounding your case might be true. Your interest in your due money would not be levelled up with the crime of abetment of suicide, so you need not worry about that. You may work out a negotiation with him on this matter.If you find my answer helpful then kindly rate me.","1) It is reasonable to let the culprit handle the unblocking of his accounts with the police. 2) If he commits suicide, it is unlikely you would be in trouble if you have not harassed him. 3) Since you have not harassed him and withdrew the complaint, you should not be in trouble.",3.5172,57.8511,18.8586,2.7611,16.4574,16.2359,28.0095,4.7494,1.3102,1.7171,0.5575,19.7191,49.1454,49.9085,84.9892
63,"I am a new resident of mira road and have been booked under ipc 279 and 184. The situation - i was trying to take a u turn which passed few blocks when the police caught. They told me you have to pay fine at the police station and over there file a fir directly. Till date I have already paid 2500 rupees to the sub inspector they have not given a single piece of paper / receipt of anything. And have take my driving license. This happened on 12th April and about 2 months now. I keep visiting the police station but they say Kal ao hojayga.( Thane, Maharashtra )",CRPC_154 -> CRPC_156 -> CRPC_200 -> CRPC_210,CRPC_154 -> CRPC_156 -> CRPC_200 -> CRPC_210 -> fir -> PROC_DOWRY_HARASSMENT -> PROC_FIR_FILING -> PROC_KIDNAPPING,"Hi,As per the sections that you are charged under you can only be charged up to Rs. 1000. Kindly consult a suitable advocate and take necessary action.Thank you.","It seems you have been asked to pay a fine without receiving a receipt, and your driving license has been retained. You may consider filing a formal complaint or FIR regarding the situation at the police station. It might also be helpful to seek legal advice to address the issue.",1.1978,22.7701,18.8586,2.7611,16.4574,16.2359,28.0095,4.7494,1.3102,1.7171,0.5575,19.7191,49.1454,49.9085,84.9892
64,"What to do if a witness refuses to give a statement in a case( Chhindwara, Madhya Pradesh )",CRPC_41 -> CRPC_73 -> CRPC_160 -> CRPC_167,CRPC_41 -> CRPC_73 -> CRPC_160 -> CRPC_167 -> bail -> PROC_REGULAR_BAIL -> arrest -> Code of Criminal Procedure 1973,"Hi client,Once a person receives a summon to be a witness in any of the matter before the court he/ she cannot deny the same. Once denied the person will be charged with contempt of court and  a warrant can be issued for  arrest.There are specific vital grounds where a witness may not attend a case-1.Death2.Hospitalized3.Somebody in the family is dead/ illetc.Thanks and RegardsSimi Paul","If a witness refuses to give a statement, the police may issue a notice under CRPC_160 to require their attendance. The witness is legally obligated to comply with such a notice. If they continue to refuse, further legal action may be considered under the Code of Criminal Procedure 1973.",1.4642,56.9108,18.8586,2.7611,16.4574,16.2359,28.0095,4.7494,1.3102,1.7171,0.5575,19.7191,49.1454,49.9085,84.9892
65,"I have a friend she and I are friends since 2 months in new year I visited her home to wish her and she invited me for dinner with her parents, I ate dinner her father and her mother was also there and then I came back home nothing happened I just talked with her parents wished them new year and came back home I have fear that they can do false case against me of harassment and sexually and all the fake cases to earn money from me, let me clear you nothing happened she is my classmate we only talk class related talks on college she invited me for dinner that's all but I felt bad for going at her house and having dinner because I am afraid of false cases going these days( Ranchi, Jharkhand )",CRPC_154 -> CRPC_156 -> CRPC_200 -> CRPC_210,CRPC_154 -> CRPC_156 -> CRPC_200 -> CRPC_210 -> charge_sheet -> PROC_SCST_COMPLAINT -> PROC_CHEATING_FRAUD -> PROC_KIDNAPPING,"Dear Sir,If any FIR was registered which is false then you have every right to approach High Court for staying and quashing of such baseless FIR.","If no incident occurred and there is no evidence of wrongdoing, it is less likely for a false case to succeed. However, if you are concerned about potential false allegations, it may be helpful to document your interactions and seek legal advice if needed. Stay cautious and maintain clear communication.",1.1539,45.0546,18.8586,2.7611,16.4574,16.2359,28.0095,4.7494,1.3102,1.7171,0.5575,19.7191,49.1454,49.9085,84.9892
66,"One of my friends(ST) got into altercation with a muslim and scolded him couple of bad words and that muslim is threatening to give a police complaint ... what is the process regarding this and should my friend worry ?( Hyderabad, Telangana )",SATENDER_ANTIL_2022 -> SATENDER_ANTIL_BAIL_GUIDELINES_2022 -> PROC_SCST_COMPLAINT -> JOGINDER_KUMAR_1994,SATENDER_ANTIL_2022 -> SATENDER_ANTIL_BAIL_GUIDELINES_2022 -> PROC_SCST_COMPLAINT -> JOGINDER_KUMAR_1994 -> CRPC_41 -> Code of Criminal Procedure 1973 -> CRPC_167 -> PROC_REGULAR_BAIL,"Dear Sir,You need not bother since law will take its course. However, ask your friend to lodge counter complaint saying that the other party used abusive words touching the caste of your friend which is more serious.","If a complaint is filed, the police may investigate under the Code of Criminal Procedure 1973. Your friend should be aware of the procedures under CRPC_41 and CRPC_167 regarding arrest and bail. It might be helpful for your friend to consult a legal professional for guidance.",3.546,47.3462,18.8586,2.7611,16.4574,16.2359,28.0095,4.7494,1.3102,1.7171,0.5575,19.7191,49.1454,49.9085,84.9892
67,"What is uncertified copy in cross examination and why is it requires?( Bharatpur, Rajasthan )",CRPC_200 -> POCSO_RULES_2020 -> CRPC_161 -> JOGINDER_KUMAR_1994,CRPC_200 -> POCSO_RULES_2020 -> CRPC_161 -> JOGINDER_KUMAR_1994 -> CRPC_41 -> Code of Criminal Procedure 1973 -> PROC_CHEATING_FRAUD -> PROC_DEFAMATION,"Hello,Uncertified copy means an unofficial copy of a registered vital record which is not printed on security paper and which does not contain any authentication by the issuing jurisdiction.","An uncertified copy in cross-examination is a document that has not been officially verified or authenticated. It may be required to challenge the credibility or accuracy of evidence presented. The fact-rule-chain does not provide specific details on uncertified copies, so the necessity can vary based on the context of the case.",2.0245,65.152,18.8586,2.7611,16.4574,16.2359,28.0095,4.7494,1.3102,1.7171,0.5575,19.7191,49.1454,49.9085,84.9892
68,"Informing about the extra marital affairs of a husband to his wife is comes under blackmailing?( Amritsar, Punjab )",IPC_494 -> IPC_182 -> SUBRAMANIAN_SWAMY_2016 -> HUSSAINARA_KHATOON_1979,IPC_494 -> IPC_182 -> SUBRAMANIAN_SWAMY_2016 -> HUSSAINARA_KHATOON_1979 -> ART_21 -> CRPC_41 -> Code of Criminal Procedure 1973 -> perjury,"Hello Sir,If someone is threatening the husband that he will tell his(husband) wife that he is having extramarital affair and asking for money or some favors by saying that he will not disclose his secrets then it is a blackmailing.","The fact-rule-chain does not directly address blackmailing in the context of informing about extramarital affairs. Blackmail typically involves threats to reveal information unless demands are met. Without more context, it's unclear if this situation constitutes blackmail.",1.2376,73.5226,18.8586,2.7611,16.4574,16.2359,28.0095,4.7494,1.3102,1.7171,0.5575,19.7191,49.1454,49.9085,84.9892
69,"Hi
What is the procedure to make settlement in 420 case.
There are 3 people named in FIR. I am in different state.all have come to consensus to compromise. No chargesheet is filed yet.What is the procedure to do settlement from here.can I execute compromise deed without visiting that state.please explain( Jaipur, Rajasthan )",CRPC_154 -> CRPC_156 -> CRPC_200 -> CRPC_210,CRPC_154 -> CRPC_156 -> CRPC_200 -> CRPC_210 -> charge_sheet -> PROC_CHEATING_FRAUD -> PROC_KIDNAPPING -> PROC_DEFAMATION,"Along with settlement, the FIR will have to be be quashed by the High CourtSo you will have to visit the jurisdictional High Court","To settle a 420 case, parties can agree to a compromise, but since it's a criminal matter, court approval is needed. You may need to visit the state for legal proceedings, as personal presence might be required. Consult a local lawyer for specific steps and to check if a compromise deed can be executed remotely.",2.689,58.3485,18.8586,2.7611,16.4574,16.2359,28.0095,4.7494,1.3102,1.7171,0.5575,19.7191,49.1454,49.9085,84.9892
70,"sir, earthsquare phase-i developer pvt limited director sell a plot and handed over fake  registry to us it find when documents puts for mutation process  builder not return my money( Agra, Uttar Pradesh )",IPC_489A -> CRPC_195 -> IPC_200 -> CRPC_239,IPC_489A -> CRPC_195 -> IPC_200 -> CRPC_239 -> Code of Criminal Procedure 1973 -> perjury -> Indian Penal Code 1860 -> counterfeiting,Dear ClientYou can complaint to the Real Estate Regulating Authority for this issueHope it helps.,"If the director handed over a fake registry, it might involve counterfeiting under IPC_489A. You may consider reporting this to the authorities as it could relate to perjury or counterfeiting. Seeking legal advice for further steps could be helpful.",2.14,40.2011,18.8586,2.7611,16.4574,16.2359,28.0095,4.7494,1.3102,1.7171,0.5575,19.7191,49.1454,49.9085,84.9892
71,"Violation of fundamental rights:-
Entire village Boycotted Rajaka(dhobi) community for not washing their clothes and choosing another profession, in srikakulam district of Andhra pradesh.
There was a proclamation issued by sarpanch by beat of tom-tom.. and hence shopkeepers, villagers showed discrimination towards those people and stopped selling goods and helping them...can we approach courts for this matter as these issues are occurring in every villages to minority castes..( East Godavari, Andhra Pradesh )",IPC_489A -> JOGINDER_KUMAR_1994 -> ICA_73 -> IPC_499,IPC_489A -> JOGINDER_KUMAR_1994 -> ICA_73 -> IPC_499 -> PROC_DEFAMATION -> criminal_breach_of_trust -> CRPC_41 -> Code of Criminal Procedure 1973,"Respected sir/ma'am,You can file a writ petition in the Supreme Court or the High Court for violation of right to life, right against discrimination and right to equality.","The situation described may involve discrimination and violation of fundamental rights. Approaching the courts could be a way to address these issues, as courts can provide remedies for rights violations. It is advisable to seek legal assistance to explore this option.",3.0265,58.187,18.8586,2.7611,16.4574,16.2359,28.0095,4.7494,1.3102,1.7171,0.5575,19.7191,49.1454,49.9085,84.9892
72,"Ake banda dusre ke bike se ja raha hai aur uske bike ka accident  ho jaye jisme usme usko bhi serious chote lage aur samne wale insan bhi serious injury ho jaye to

1. bike owner per kya case hoga 
2. Jo bike chala raha tha uspe konsa case hoga( Garhwa, Jharkhand )",CRPC_154 -> CRPC_156 -> CRPC_200 -> CRPC_210,CRPC_154 -> CRPC_156 -> CRPC_200 -> CRPC_210 -> Code of Criminal Procedure 1973 -> PROC_CHEATING_FRAUD -> PROC_KIDNAPPING -> PROC_DEFAMATION,"Dear Client,In the hit-and-run case, police filed an FIR on both the persons involved in a road accident under Sec. 279 of IPC(now Section 281 of BNS) for rash and negligent driving and Section 337 of IPC (now Section 125 of BNS)  for causing hurt to any person. Both offenses are cognizable and bailable offence and triable by a Magistrate. On appeal, bail can be provided by the police officer who has custody of the offender or by the court. To obtain bail, a bail bond needs to be executed, with or without the presence of sureties.   In motor accident cases both the owner and driver of the vehicle are liable to face prosecution proceedings initiated before the Motor Accident Claim Tribunal once an FIR is lodged in the police station in hit and run case and the legal heirs of the deceased victim and the injured persons apply to the Tribunal under Section 166 of the Motor Vehicle Act, 1988 within six months of the occurrence of the accident.  Section 164 of the Motor Vehicles Act, 1988 (as amended in 2019) states that the owner of the motor vehicle or the authorized insurer shall be liable to pay compensation of five lakh rupees in case of death or two and a half lakh rupees in case of grievous hurt to the legal heirs or the victim, as the case may be. The claimant is not required to prove that the death or grievous hurt was due to any wrongful act or neglect of the owner or any other person. In this context, the judgment passed by the Calcutta High Court in the case of Senjuti Roy (Nee Sengupta) VS New India Assurance Co. Ltd. and the judgment passed by the Rajasthan High Court in the case of Ganesh Bairwa VS Ramphool Bairwa may be referred. Given the complexity of the motor accident case as stated in the query that involves delayed registration of the vehicle, driving a vehicle on the road without insurance and other vital documents, absconding of a vehicle in hit and run case, contradictory statements of the witnesses and finally the investigation report of the police, the Tribunal may pass an order for payment of compensation to the claimant against the defaulted parties. Fine as a penalty is imposed only if there is a criminal prosecution. You have to establish the fact before the Court denying that you were not driving the vehicle rashly and that the accident arose not on account of your negligence. You have to take the defense that in spite of cautious driving you met with an accident. Unless you plead guilty generally fine is not imposed. The maximum fine for both offences is around Rs.1500. under Section 279 and 337 IPC if you are ready to plead guilty then the court will impose the fine and close the case but it is better if you can engage the service of an Advocate to navigate the issue in the right way. You may like to contest the case but the court case will drag you for years and you may have to waste your time, energy, and money on litigation as well as lawyer fees which may be ten times the amount that you may pay as a fine, hence better pay the fine amount, which appears to be very minimum and come out of this crisis.","1. Bike owner par koi specific case nahi banega agar usne bike kisi aur ko chalane ke liye diya tha aur usne koi galti nahi ki.  
2. Jo bike chala raha tha, uspar accident aur injury ke liye negligence ya rash driving ka case ban sakta hai.",0.0,44.0591,18.8586,2.7611,16.4574,16.2359,28.0095,4.7494,1.3102,1.7171,0.5575,19.7191,49.1454,49.9085,84.9892
73,"Hi,

I have visited an astrologer couple of months ago, recently found out that the gems sold by him is worth 10k for which i paid approx 1.5 lakhs( Mumbai City, Maharashtra )",HUSSAINARA_KHATOON_1979 -> ART_39A -> IPC_199 -> DP_3,HUSSAINARA_KHATOON_1979 -> ART_39A -> IPC_199 -> DP_3 -> dowry_harassment -> perjury -> Indian Penal Code 1860 -> ART_21,"Dear Sir,You may lodge a police complaint and also file a civil suit and get back your amount.Please take PAID phone call with me through VIDHIKARYA and get more legal guidance.",It seems you may have been overcharged for the gems. The fact-rule-chain does not directly address this situation. You might consider seeking legal advice to explore possible remedies.,1.5263,46.2437,18.8586,2.7611,16.4574,16.2359,28.0095,4.7494,1.3102,1.7171,0.5575,19.7191,49.1454,49.9085,84.9892
74,"Calendar case registered against the person who is working in Abroad. He canât receive the Summon if served. What will be the implications.( Thiruvallur, Tamil Nadu )",IPC_120B -> CRPC_210 -> PROC_KIDNAPPING -> ART_20,IPC_120B -> CRPC_210 -> PROC_KIDNAPPING -> ART_20 -> IPC_120A -> Indian Penal Code 1860 -> IEA_27 -> confession,"Dear client,A âcalendarâ is the court's term for the schedule of cases appearing in court on a particular day. This may consist of civil cases in civil courts and criminal cases in criminal courts. If a calendar case is registered against a person working abroad and they cannot receive the summons, the case can proceed in their absence, potentially resulting in an ex parte decision or the issuance of a non-bailable warrant. The court might also seek international legal assistance for the enforcement of orders. The individual has legal rights to challenge the process, including requesting an adjournment, filing a petition to quash the proceedings, or arguing jurisdictional issues.To handle the situation, the person or their legal representative should inform the Indian court of their inability to receive the summons and provide documentation of their employment abroad. Seeking legal advice from an expert in international law is crucial for managing the case, including potential actions like requesting a delay, challenging the case, or coordinating with legal resources in India. Engaging a local lawyer for representation and addressing jurisdictional concerns are essential steps in ensuring that the person's legal rights are protected. Hope our prompt support in this matter would be greatly appreciated.","If a person working abroad cannot receive a summons, the case may face delays. The court might explore alternative methods to serve the summons. If unresolved, it could impact the proceedings under the Indian Penal Code and related procedures.",0.3755,72.5173,18.8586,2.7611,16.4574,16.2359,28.0095,4.7494,1.3102,1.7171,0.5575,19.7191,49.1454,49.9085,84.9892
75,"Is there any way out apart form marriage against the ipc 376( Mumbai suburban, Maharashtra )",CRPC_173 -> CRPC_205 -> CRPC_210 -> CRPC_216,CRPC_173 -> CRPC_205 -> CRPC_210 -> CRPC_216 -> Code of Criminal Procedure 1973 -> fir -> charge_sheet -> CRPC_302,Not clear the issue please,"The fact-rule-chain provided does not directly address IPC 376 or alternatives to marriage in such cases. It mainly references procedural aspects of the Code of Criminal Procedure. For specific legal options, consulting a legal professional is advisable.",0.8954,15.7476,18.8586,2.7611,16.4574,16.2359,28.0095,4.7494,1.3102,1.7171,0.5575,19.7191,49.1454,49.9085,84.9892
76,"There is case of my family member where a lady teacher accussed the teacher for misbehavior. And then she sent the written complaint to principle . To enquire on above matter the committee was formed. One of the committee member asked the teacher to go and enquire in class about the accussed behavior with girl student.  
My question is : is this right way to publically announce the name of the accussed and ask students if he has done anything wrong with the students .( Pune, Maharashtra )",CRPC_210 -> PROC_FIR_FILING -> PROC_CORRUPTION_COMPLAINT -> IPC_504,CRPC_210 -> PROC_FIR_FILING -> PROC_CORRUPTION_COMPLAINT -> IPC_504 -> Indian Penal Code 1860 -> Code of Criminal Procedure 1973 -> charge_sheet -> criminal_intimidation,"Dear ClientIt is not appropriate to publicly announce the name of the accused and ask students if he has done anything wrong with them. This can be harmful to the accused's reputation and can create a hostile and intimidating environment for the students. Instead, any investigation should be conducted in a confidential and professional manner.",The fact-rule-chain does not directly address the procedure for handling accusations in educational settings. Publicly announcing the accused's name and asking students about their behavior might not align with best practices for maintaining confidentiality and fairness. It may be advisable to follow institutional guidelines and legal procedures for such inquiries.,2.094,65.2874,18.8586,2.7611,16.4574,16.2359,28.0095,4.7494,1.3102,1.7171,0.5575,19.7191,49.1454,49.9085,84.9892
77,"Respected Sir,
My friend hang himself May 2017, but case not registered . I have file RTI and got some document from Police and Government Hospital. But now , I dont have a money to file pettion . Can i get the permanent lawyer to fight the case without any charge.( Ghaziabad, Uttar Pradesh )",CRPC_210 -> CRPC_156 -> PROC_CHEQUE_BOUNCE -> CRPC_41,CRPC_210 -> CRPC_156 -> PROC_CHEQUE_BOUNCE -> CRPC_41 -> Code of Criminal Procedure 1973 -> fir -> PROC_FIR_FILING -> charge_sheet,"Dear Client,You can avail free legal services under Section 12 of the Legal Services Authority Act, if you meet the criteria under the said section. Further, you can approach the District Legal Services Authority or the State Legal Services Authority and seek for free legal services. The authorities would be able to provide you with a counsel and appropriate legal assistance in the matter.Hope it helps.Thank you.","You can seek legal aid services that provide free legal assistance to those who cannot afford a lawyer. Contact the legal aid authority in Ghaziabad, Uttar Pradesh, for guidance on obtaining a lawyer without charge.",1.6035,71.4784,18.8586,2.7611,16.4574,16.2359,28.0095,4.7494,1.3102,1.7171,0.5575,19.7191,49.1454,49.9085,84.9892
78,"We raised a case through court 144/107 then will we be called by the court or not( Dhubri, Assam )",CRPC_439 -> PROC_SCST_COMPLAINT -> PROC_CHEQUE_BOUNCE -> IPC_467,CRPC_439 -> PROC_SCST_COMPLAINT -> PROC_CHEQUE_BOUNCE -> IPC_467 -> Indian Penal Code 1860 -> PROC_REGULAR_BAIL -> PROC_ANTICIPATORY_BAIL -> forgery,"Dear Client,After filing a complaint under Sec. 144 Cr.PC and Sec. 107 of IPC before the Executive Magistrate's Court, notices will be sent to both the plaintiffs and defendants, scheduling a hearing date. The Magistrate may take cognizance at the initial stage by applying judicial scrutiny to the facts in the complaint, police report, or information received from any person, indicating that an offense has been committed.","The fact-rule-chain provided does not directly address court procedures for cases under sections 144/107. Generally, if a case is raised, parties involved may be called by the court. It's best to check with local legal authorities for specific procedures in Dhubri, Assam.",0.8126,46.7244,18.8586,2.7611,16.4574,16.2359,28.0095,4.7494,1.3102,1.7171,0.5575,19.7191,49.1454,49.9085,84.9892
79,"It happened two years ago during covid time I was working at a nbfc.Unfortunately i was laid off from my job during covid as my company was doing cost cutting.One day I met my childhood friend at a bank.He promised me if i pay him 270000 rupees he would manage to get a contractual job at a state govt office.I gave him this money in 6 installments.He did not help me get this job and now he is not returning my money.What to do?( Jalpaiguri, West Bengal )",NIA_138,NIA_138 -> Negotiable Instruments Act 1881 -> PROC_CHEQUE_BOUNCE -> cheque_bounce -> Q_9,"Dear Sir,Nicely you may get a postdated cheque/s so that you can file cheque bounce case. Giving such amount for favoring you illegally is an offence. If your friend does similar things to others then go to the Police and get register criminal case.","You may consider sending a legal notice to your friend demanding the return of your money. If he issued any cheques that bounced, you might explore options under the Negotiable Instruments Act, 1881. Consulting a local lawyer could help you understand your options better.",2.7651,68.4181,18.8586,2.7611,16.4574,16.2359,28.0095,4.7494,1.3102,1.7171,0.5575,19.7191,49.1454,49.9085,84.9892
80,"Sir/Madam, 
One of my father's friend (say X) has used my father's bank account for some transactions. Those transactions were from my father's friend's girlfriend (say Y) who later realized that she has been cheated by X. Y registered a case against my X and my father under sections 376 and 420. My father had been in police custody for 1 week and in judicial custody since past 30 days. My father is not aware of the purpose for which Y transferred money to his account. My father transferred all the money he received from Y to X account immediately on the same day he received (Except 10k out of total 10Lakhs, my father asked X to adjust 10k for some urgent needs and he asked to cut 10k from the money sent my Y and transfer remaining to his account). My father is 50+, diabetic and has BP and migraine, but we don't have any medical documents to prove that. We have bail hearing next week. What are the chances of getting bail in this case? Please advice.( Thane, Maharashtra )",CRPC_167 -> CRPC_397 -> CRPC_439 -> CRPC_482,CRPC_167 -> CRPC_397 -> CRPC_439 -> CRPC_482 -> PROC_FIR_FILING -> fir -> PROC_REGULAR_BAIL -> bail,"Dear Client,Since 420 is a Non-bailable offense it is the discretion of the court to grant bail. But the same can be granted if the court feels satisfied the accused shall not escape and will attend the proceedings and be present before the police when called upon. You can apply for bail citing the medical condition of your father. But you will need proof to get bail. so, gather all the medical reports you have. If the court is satisfied it may grant bail, and please clarify whether 376 is of  IPC or any other Act.Thank you","Your father's bail hearing will consider factors like his health, age, and role in the transactions. The fact-rule-chain suggests that bail procedures (PROC_REGULAR_BAIL) are available, but the decision depends on the court's assessment of the case details. It's important to present any relevant information during the hearing.",1.1192,65.3622,18.8586,2.7611,16.4574,16.2359,28.0095,4.7494,1.3102,1.7171,0.5575,19.7191,49.1454,49.9085,84.9892
81,"Criminal appeal dismissed in session court against acquittal of all accused in 498crpc order by MM district court.can appeal be filed in Delhi high court, time period?( North Delhi, Delhi )",CRPC_439 -> CRPC_482 -> NI_ACT_AMENDMENT_2018 -> CRPC_317,CRPC_439 -> CRPC_482 -> NI_ACT_AMENDMENT_2018 -> CRPC_317 -> Code of Criminal Procedure 1973 -> PROC_ANTICIPATORY_BAIL -> PROC_FIR_FILING -> PROC_REGULAR_BAIL,"Dear client,Section 378(5) of the CrPC provides a time limit for approaching the High Court against an order of acquittal under Section 378(4). In a case where the complainant is a public servant, the time limit is 6 months. In all other cases, the time limit is 60 days from the date of order of acquittal.",An appeal can be filed in the Delhi High Court against the dismissal of a criminal appeal by the session court. The time period for filing such an appeal is generally 60 days from the date of the session court's order. It's advisable to check specific procedural rules or consult legal counsel for precise guidance.,10.6145,42.1763,18.8586,2.7611,16.4574,16.2359,28.0095,4.7494,1.3102,1.7171,0.5575,19.7191,49.1454,49.9085,84.9892
82,"A person payed me 900rs for i thing that i supposed to send him online and i have to move out of the town suddenly because of the circumstances and was not having any cntact wid him for few days and in these days he lodged a fir and got my paytm accnt having 40k in it blocked when i came back and told him the situation he agreed and i payed him his money back immediately and he agreed to take his complain back and he tried really well to take it back but the officer who lodged a complain went out of the city and situation changed thn i again went outsode fr 15 days and after i came back and asked him abut the comolain he said he will take 50% of the amunt which is blocked i e 20k as his frnds suggested him what shuld i do knw and that 900rs complain can be sended at my home or will i face any trouble in future please clarify( Jaipur, Rajasthan )",CRPC_154 -> CRPC_156 -> CRPC_200 -> CRPC_210,CRPC_154 -> CRPC_156 -> CRPC_200 -> CRPC_210 -> fir -> PROC_FIR_FILING -> PROC_CHEATING_FRAUD -> PROC_KIDNAPPING,Send him a legal notice.,"You should try to resolve the issue with the person directly and ensure any agreement is documented. If the FIR is still active, you may need to contact the police to clarify the situation and provide proof of repayment. It might be helpful to seek legal advice to understand your options and any potential consequences.",0.7314,48.9979,18.8586,2.7611,16.4574,16.2359,28.0095,4.7494,1.3102,1.7171,0.5575,19.7191,49.1454,49.9085,84.9892
83,"I am an 18 yr old btech 1st yr student and my teacher asked me to stand up and asked the reason for missing the previous class to which I said that I was having a headache hence I could not attend the class to which he asked me to leave and so I left then he came out in the corridor and asked me to lean down in front of him and he was going to hit me but he stopped then I leaned down on my knees in front of the entire class and he said now tell me and after that he went inside and I went home..are teachers allowed to humiliate students in the name of punishment .if not what legal action can I take against the teacher.( Asansol, West Bengal )",DP_3 -> ART_39A -> CRPC_317 -> DK_BASU_1997,DP_3 -> ART_39A -> CRPC_317 -> DK_BASU_1997 -> CRPC_41 -> Code of Criminal Procedure 1973 -> CRPC_125 -> maintenance,"Dear Student,See the Rules and Regulations of your State.The teacher can give punishment as per provision but can not humiliate.Shanti Ranjan BeheraAdvocate","The fact-rule-chain provided does not directly address the issue of teachers humiliating students. However, generally, teachers are expected to maintain a respectful and professional environment. If you feel your rights were violated, you may consider discussing the incident with school authorities or seeking legal advice.",1.2374,67.7329,18.8586,2.7611,16.4574,16.2359,28.0095,4.7494,1.3102,1.7171,0.5575,19.7191,49.1454,49.9085,84.9892
84,"My wife filed a FIR against me two weeks back with 498a section, but now she is ready to take it back. Do I have to still take a anticipatory bail from court even if she is ready to come to police station and give her statement to take the FIR back? Will the police still arrest me saying as a part of there process? Please advice.( Pune, Maharashtra )",CRPC_154 -> CRPC_156 -> CRPC_200 -> CRPC_210,CRPC_154 -> CRPC_156 -> CRPC_200 -> CRPC_210 -> fir -> PROC_CHEATING_FRAUD -> PROC_FIR_FILING -> PROC_KIDNAPPING,"Dear Client,FIR filed cannot be taken back. If both you and your wife are willing to resolve the matter amicably, you can approach the High Court under Section 482 of CrPC to quash the FIR. To avoid arrest, you may consider applying for anticipatory bail.","If your wife is ready to withdraw the FIR, she can give a statement to the police. However, the police may still proceed with their process, and it's possible they might arrest you. It might be prudent to consider anticipatory bail to avoid arrest.",3.7259,73.6012,18.8586,2.7611,16.4574,16.2359,28.0095,4.7494,1.3102,1.7171,0.5575,19.7191,49.1454,49.9085,84.9892
85,"What is the process when a person is already in jail and another case was registered against him in another state during that period?( Mumbai City, Maharashtra )",SATENDER_ANTIL_BAIL_GUIDELINES_2022 -> PROC_KIDNAPPING -> SATENDER_ANTIL_2022 -> CRPC_210,SATENDER_ANTIL_BAIL_GUIDELINES_2022 -> PROC_KIDNAPPING -> SATENDER_ANTIL_2022 -> CRPC_210 -> Code of Criminal Procedure 1973 -> fir -> charge_sheet -> CRPC_167,"Dear Client,The same depends on the case if the court feels that he should be present he will summon him and the police authorities shall make sure that he is present during the trial.Thank you","When a person is already in jail and another case is registered against them in another state, the process generally involves informing the court about the new case. The court may then decide on the next steps, such as transferring the person for trial or coordinating with the other state's authorities. The procedures may vary based on specific circumstances and legal provisions.",2.0885,44.5829,18.8586,2.7611,16.4574,16.2359,28.0095,4.7494,1.3102,1.7171,0.5575,19.7191,49.1454,49.9085,84.9892
86,"A fir file against me case under 506,406,420. This FIR is fake against me. No transaction is given in my account. Please remove my name against this.( Varanasi, Uttar Pradesh )",CRPC_173 -> CRPC_205 -> CRPC_210 -> CRPC_216,CRPC_173 -> CRPC_205 -> CRPC_210 -> CRPC_216 -> charge_sheet -> fir -> Code of Criminal Procedure 1973 -> CRPC_302,"Dear client,First Go to the police station where the FIR was lodged and ask for a copy of it. You are entitled to this document to review the charges made against you.You may approach the same police station to file a formal complaint against the person who made the false FIR. In your complaint, you should clearly outline the reasons why the FIR is false and request that an investigation be carried out.Another course of action is to file a petition in the High Court under Section 482 of the Criminal Procedure Code (CrPC) to get the FIR dismissed if it is determined to be false and no real offense has been committed. You will need the help of an advocate for this legal process. Hope this answer will help you.","To address a fake FIR, you may need to present evidence and argue your case during the investigation or in court. The Code of Criminal Procedure provides procedures for challenging charges, such as through CRPC_173 and CRPC_216. Consulting a legal professional can help you navigate these processes effectively.",0.6865,64.8564,18.8586,2.7611,16.4574,16.2359,28.0095,4.7494,1.3102,1.7171,0.5575,19.7191,49.1454,49.9085,84.9892
87,"Sir I'm Mohammad Javed from Visakhapatnam, Sir i have paid 150000 to Europe job consultancy in Hyderabad 10 months ago on March 2024 they said in 2 months we will be in Belarus, from March they giving me dates,  after 7 months on September she said the Belarus visa was rejected, and they applying for Georgia country and again made 2 months late after i asked my money and passport to return she returned my passport through courier to my home and said my money will return in 1 month from December they again giving me date by date whenever i call madam and her husband both saying they will return my money soon  just giving again dates only. Sir i have all proofs of chatting, call recording conversation, phonepe which i paid money to them. I was full of in debt with two kids sir, financiers are coming to my home and always shouting to return they money back even now i'm not able to pay they interest also. please help me im from Andhra Pradesh and they are from Telangana don't know what to do where to complaint.( Visakhapatnam, Andhra Pradesh )",IPC_489A -> DP_3 -> IPC_494 -> JOGINDER_KUMAR_1994,IPC_489A -> DP_3 -> IPC_494 -> JOGINDER_KUMAR_1994 -> CRPC_41 -> Code of Criminal Procedure 1973 -> counterfeiting -> Indian Penal Code 1860,"Dear Sir,You may lodge a complaint with Police. Then also get issue a legal notice and try to file a civil suit for recovery. Normally, the Corporates are afraid of litigations. They may settle the matter amicably if you adopt as above.","It seems you are dealing with a financial dispute. You may consider contacting local authorities or a legal advisor for guidance on how to proceed. Keep all your evidence safe, as it may be useful in resolving the issue.",3.0536,63.8125,18.8586,2.7611,16.4574,16.2359,28.0095,4.7494,1.3102,1.7171,0.5575,19.7191,49.1454,49.9085,84.9892
88,"My wife has filed wrong DVC case 3 years back. In the affedevit she has falsely mentioned that she has no means of earning and obtained maintenance order from the court. I approached her company and obtained her experience letter.

Question:
1. Do we need to file a separate 193 ipc case against my wife in the lower court or can we give a 193 ipc petition to the same DVC case court.

2. What is the time limit or limitation for filing 193 ipc in the lower court. Since it is a criminal case I think there will be no time limit. Please confirm.( Hyderabad, Telangana )",IPC_182 -> IPC_191 -> IPC_192 -> IPC_193,IPC_182 -> IPC_191 -> IPC_192 -> IPC_193 -> perjury -> Indian Penal Code 1860 -> IPC_120B -> criminal_conspiracy,"Dear client,Hon'ble Supreme Court held that private complaint alleging offence under sec 193 IPC is not maintainable. You can file petition under section 340 Cr.PC read with 195 (1)(b) Cr.PC and then court proceed for case of false evidence.Thank You.","You can file a petition under IPC 193 in the same DVC case court. Generally, there is no specific time limit for filing a criminal case like IPC 193, but it's best to act promptly. Consult a local legal expert for precise guidance.",4.0493,58.5615,18.8586,2.7611,16.4574,16.2359,28.0095,4.7494,1.3102,1.7171,0.5575,19.7191,49.1454,49.9085,84.9892
89,"Today I have received a bill on my WhatsApp number, in the bill there is a bill for the purchase of a computer printer, the bill is about 18000, I have not bought the goods written in the bill, yet the shopkeeper has made a confirmed bill in my name, which is The shopkeeper's Gst  number is also in the bill. The shopkeeper is doing something wrong by making a false bill in my name.
please help
thanking you
from bharti thakkar( Chandrapur, Maharashtra )",IPC_199 -> NIA_138 -> CRPC_317 -> CRPC_210,IPC_199 -> NIA_138 -> CRPC_317 -> CRPC_210 -> fir -> PROC_CHEQUE_BOUNCE -> perjury -> Negotiable Instruments Act 1881,Dear ClientYou can complaint in writing to the nesrest police station about this act.I hope it helps,It seems the shopkeeper may have issued a false bill in your name. You might consider reporting this issue to the authorities or seeking legal advice. It's important to address such discrepancies to prevent any potential misuse of your information.,2.1433,37.4313,18.8586,2.7611,16.4574,16.2359,28.0095,4.7494,1.3102,1.7171,0.5575,19.7191,49.1454,49.9085,84.9892
90,"I was into relationship with a person who promised to marry me and accept my daughter later on knowing that i was pregnant with is baby 5 months he abused me and ran away to UP after which my featus got spoiled . I went to police for help who filed a case of 376 against me and arrested him on 31st may but now he has got a bail and the case is in his favour. His lawyer and family now claims that it was not his baby as his medical  is not conducted .No proper investigation is done.I am not getting any timely update. His father payed 50k for his bail.( Mumbai, Maharashtra )",CRPC_167 -> CRPC_397 -> CRPC_439 -> CRPC_482,CRPC_167 -> CRPC_397 -> CRPC_439 -> CRPC_482 -> PROC_FIR_FILING -> fir -> arrest -> bail,"Dear Client,In that case, you should immediately consult with an attorney. You can appeal for review of the granted bail in the High Court for the reason that his release is dangerous to you and your daughter since there was no proper investigation conducted. If you feel the police did not carry out their investigation appropriately you can report to the Superintendent of Police or the State Human Rights Commission to seek justice. A lawyer with specialization in sexual assault and family law is the best for the case since he or she will understand the legal policies that you need to follow. Collect any record of contact with the police as well as records of court hearings as this may form evidence. Besides, appeal to the NGOs or support groups to get emotional and legal help. Some of the related laws are Bharatiya Nyaya Sanhita section 63 (previously, Indian Penal Code) section  376 that deals with rape and Protection of Women from Domestic Violence Act, 2005. Please do not forget that you have the right to get justice and there are people and resources to help you in the process which might be really difficult for you.I hope this answer solves your problem.","It seems the case involves FIR filing, arrest, and bail processes. The accused was arrested under section 376 but has been granted bail. For further action or updates, you may need to consult with your legal representative or follow up with the police for investigation details.",0.2493,51.0515,18.8586,2.7611,16.4574,16.2359,28.0095,4.7494,1.3102,1.7171,0.5575,19.7191,49.1454,49.9085,84.9892
91,"Respondent has filed a counter affidavit in the name of IO of the case in which IO held the petitioner guilty of offence under section 376 and signed it. Can this counter affidavit lead to dismissal of my bail application?( Jamshedpur, Jharkhand )",CRPC_167 -> CRPC_397 -> CRPC_439 -> CRPC_482,CRPC_167 -> CRPC_397 -> CRPC_439 -> CRPC_482 -> Code of Criminal Procedure 1973 -> PROC_REGULAR_BAIL -> PROC_ANTICIPATORY_BAIL -> fir,Your query is not clear to my understanding  therefore no comments.,"The counter affidavit by the IO stating the petitioner is guilty may influence the court's decision on the bail application. However, the final decision on bail will depend on the court's assessment of all facts and circumstances, not just the affidavit. The court may consider other factors under the Code of Criminal Procedure 1973.",0.8094,13.934,18.8586,2.7611,16.4574,16.2359,28.0095,4.7494,1.3102,1.7171,0.5575,19.7191,49.1454,49.9085,84.9892
92,"Police arrested me and let me out with only warning they said. But the fir is filed against me with some stranger under 35(I) police didn't tell me about FIR. I checked in online . In my name there is spelling mistake in FIR. The FIR status is referred further action dropped. What can I do now? can I get govt job? How to delete or remove this FIR is it possible please someone tell me a solution. Please.( Chennai, Tamil Nadu )",CRPC_154 -> CRPC_156 -> CRPC_200 -> CRPC_210,CRPC_154 -> CRPC_156 -> CRPC_200 -> CRPC_210 -> fir -> PROC_FIR_FILING -> PROC_CHEATING_FRAUD -> PROC_KIDNAPPING,"Dear Sir,It seems though FIR was registered the further action was dropped as per the contents of online status. Thus, it will not effect your future career. Always mention that there was no criminal case against you in applications that you may submit to your employers.","The FIR status shows ""referred further action dropped,"" which means no further action is being taken. You may still be eligible for a government job, but it's best to check specific job requirements. To address the spelling mistake or seek removal, consider consulting a legal professional for guidance.",2.1108,74.9575,18.8586,2.7611,16.4574,16.2359,28.0095,4.7494,1.3102,1.7171,0.5575,19.7191,49.1454,49.9085,84.9892
93,"Can an 19 year old boy kiss a 17 year old on the lips in India? Uttarakhand( Almora, Uttarakhand )",POCSO_RULES_2020 -> SUBRAMANIAN_SWAMY_2016 -> PROC_CORRUPTION_COMPLAINT -> NI_ACT_AMENDMENT_2018,POCSO_RULES_2020 -> SUBRAMANIAN_SWAMY_2016 -> PROC_CORRUPTION_COMPLAINT -> NI_ACT_AMENDMENT_2018 -> NIA_138 -> Negotiable Instruments Act 1881 -> CRPC_154 -> PROC_CHEATING_FRAUD,If it is consensual then no problem. But if it is done without the consent of female rhen it is a crime.,"The POCSO_RULES_2020 are relevant here, as they deal with protection of children from sexual offenses. Under these rules, a 17-year-old is considered a minor. Therefore, kissing a minor could potentially lead to legal issues under these rules.",1.1133,43.3114,18.8586,2.7611,16.4574,16.2359,28.0095,4.7494,1.3102,1.7171,0.5575,19.7191,49.1454,49.9085,84.9892
94,"Me and my friends were added in the FIR for a fight IPC 147,148,149,294(b),324,506(2). 3 of my friends were arrested along with 3 of the opposition. Same sections were filed for them also. After that all of them got bail, now the fir status is final report and charge sheet prepared. The police need to file it in the court but its actually been over a year now I have got a Job offer from Nigeria for that I need PCC.
my question is the chargesheet have not filed yet if I apply for PCC will I get one or not or should I move the case forward for hearing because both the  parties are ready to compromise.
I have only two months to process the visa and PCC 
What should I do?
In ecourt services site the for shows has dismissed because we only got bail and the police need to file the chargesheet yet.

Please give us solutiy( Kanchipuram, Tamil Nadu )",CRPC_173 -> CRPC_205 -> CRPC_210 -> CRPC_216,CRPC_173 -> CRPC_205 -> CRPC_210 -> CRPC_216 -> charge_sheet -> fir -> Code of Criminal Procedure 1973 -> CRPC_302,"Dear client,In my humble suggestion, PCC can be allotted to you as no charge sheet has been filed yet.","If the charge sheet has not been filed yet, it might affect your PCC application. You may consider discussing with a legal professional about moving the case forward or exploring options for compromise. Since you have a time constraint, acting promptly is advisable.",5.5403,73.2787,18.8586,2.7611,16.4574,16.2359,28.0095,4.7494,1.3102,1.7171,0.5575,19.7191,49.1454,49.9085,84.9892
95,"For second marriage what is the punishment by law to that person( Thane, Maharashtra )",IPC_199 -> IPC_419 -> IPC_417 -> SATENDER_ANTIL_2022,IPC_199 -> IPC_419 -> IPC_417 -> SATENDER_ANTIL_2022 -> CRPC_167 -> PROC_REGULAR_BAIL -> perjury -> Code of Criminal Procedure 1973,"7 to 10 years.if you are second wife then you can file for Void marriage and not 494.only first wife or father can file for 494.Hope this clarifies,Advocate Ankur Goel(Complete Law Shield)  #YourLifeYourChoiceNote - This is just a small advice. Proper advice can happen only after going through details.","The fact-rule-chain provided does not directly address the punishment for second marriage. Generally, under Indian law, second marriage while the first spouse is still alive can be punishable under IPC Section 494. For specific legal advice, consulting a legal professional is recommended.",1.8102,52.8282,18.8586,2.7611,16.4574,16.2359,28.0095,4.7494,1.3102,1.7171,0.5575,19.7191,49.1454,49.9085,84.9892
96,"How to give a Notice  to a doctor for  serious matter pertaining to his  involvement in issuing a false medical certificate and wrongfully attesting LIC policy document in the absence of the signatory( Mumbai, Maharashtra )",CRPC_317 -> JOGINDER_KUMAR_1994 -> IPC_182 -> NIA_138,CRPC_317 -> JOGINDER_KUMAR_1994 -> IPC_182 -> NIA_138 -> PROC_CHEQUE_BOUNCE -> perjury -> CRPC_41 -> Code of Criminal Procedure 1973,"Dear client,Please engage a good advocate who will help you draft the notice. The notice must contain doctor's name and address, the dispute in brief, the remedy you seek etc","To address the issue of a doctor issuing a false medical certificate and wrongfully attesting a document, you may consider sending a formal notice outlining the allegations. Reference relevant legal provisions like perjury or related sections under the Indian Penal Code if applicable. It is advisable to consult a legal professional for drafting the notice to ensure it meets legal standards.",1.7056,54.1703,18.8586,2.7611,16.4574,16.2359,28.0095,4.7494,1.3102,1.7171,0.5575,19.7191,49.1454,49.9085,84.9892
97,"there is a system where you need to pay rs 2200 as help, donation, charity or beg to 6 people and you get enrolled in this system after that you will have to find 4 people to pay rs 2200 each, if these 4 people pay rs 2200 each then you can take back your investment of rs 2200 and rest of the amount will get distributed among 6 people as it keeps going at the last level you will receive a grand total of rs 57 Lacs as help, donation, charity or beg from the people....so my question is, is it illegal under prize chit and money circulation banning act 1978 ? or is legal ?( Mumbai City, Maharashtra )",ART_39A -> CRPC_210 -> DP_3 -> NI_ACT_AMENDMENT_2018,ART_39A -> CRPC_210 -> DP_3 -> NI_ACT_AMENDMENT_2018 -> NIA_138 -> Negotiable Instruments Act 1881 -> fir -> CRPC_125,"YOU HAVE NOT GIVEN THE REAL FACTS ONLY PROCEDURE.. For details, pl. contact some advocate through vidhikarya.com","The fact-rule-chain does not directly address the Prize Chits and Money Circulation Schemes (Banning) Act, 1978. However, such schemes often resemble money circulation schemes, which are generally banned. It is advisable to consult legal authorities for a definitive answer.",1.0992,11.1329,18.8586,2.7611,16.4574,16.2359,28.0095,4.7494,1.3102,1.7171,0.5575,19.7191,49.1454,49.9085,84.9892
98,"Sir i have filed a F.I.R my o.m.r sheet has been forged by college principal and staff under section 420,467,468,218 of IPC but police is taking unfair advantage from the accused and preventing the arrest of accused .How can i Approach high court to Cancel accussed Arrest Stay and Anticipatory bail( Firozabad, Uttar Pradesh )",IPC_465 -> IPC_467 -> IPC_468 -> IPC_471,IPC_465 -> IPC_467 -> IPC_468 -> IPC_471 -> forgery -> Indian Penal Code 1860 -> PROC_FORGERY -> IPC_120B,"Hi,You can move to SP office and give a complaint. If proper investigation does not take place, with your complaint receipt, you can move to court and file a complaint. Forgery is a crime in India and whoever commits forgery shall be punished with imprisonment of either description for a term which may extend to two years, or with fine, or with both.Please rate my answerThank You","You can approach the High Court by filing a petition to challenge the anticipatory bail or arrest stay of the accused. Mention the sections under IPC related to forgery, like IPC 467 and IPC 468, in your petition. It's advisable to seek legal assistance to ensure proper filing and representation.",1.5557,43.9421,18.8586,2.7611,16.4574,16.2359,28.0095,4.7494,1.3102,1.7171,0.5575,19.7191,49.1454,49.9085,84.9892
99,"I jave given my phone number in public smoking issue.. Police have called me and asked to attend the court for paying fine . with my adhaar card is it.  Necessary to produce adhaar card before them( Hyderabad, Telangana )",CRPC_195 -> JOGINDER_KUMAR_1994 -> DP_3 -> ARNESH_KUMAR_DIRECTIONS_2014,CRPC_195 -> JOGINDER_KUMAR_1994 -> DP_3 -> ARNESH_KUMAR_DIRECTIONS_2014 -> CRPC_167 -> bail -> Dowry Prohibition Act 1961 -> perjury,"Dear Sir,King can do no wrong, like that you cannot question the authority of police except before High Court. It being a petty issue just oblige them and close the matter to avoid side effect.","It is generally necessary to comply with police requests, but the fact-rule-chain does not specifically mention the requirement to produce an Aadhaar card. You may need to verify your identity, but the specific document required can vary. It's best to ask the police directly what identification they need.",1.2211,26.0963,18.8586,2.7611,16.4574,16.2359,28.0095,4.7494,1.3102,1.7171,0.5575,19.7191,49.1454,49.9085,84.9892
100,"Only on condition to marry I said yes to relationship he lied about his age said he is 18 bt he is 17 nd iam 18 after 8 month I got to know I tried to break up bt he creates drama cried nd threats me he will sucide nd viral my pics he loves me truely he wanted to marry in any condition his brother aslo convinced me that he will marry he really loves me they said at age 21 he will marry bt now dont leave be in relationship he will marry for sure iam sc he is obc he said his parents are open minded nd age doesn't matter he loves me when he turns 18 I gave him consent  for physical on condition he will marry bt after 1 month he leave me without a word saying his brother abused me nd threats me his father is police he can do anything if I contact him he will come my home no contact with bf only his brother contact me after that I told my parents we met his parents they said they will marry when he turns 21 nd they don't have any issue about me nd cast even they call me daughter in law bt month later my dad died I am very depressed nd tried to talk to bf bt his father refused nd start blaming me that he is 18 nd am 19 he is mentally sick nd bleam all on me  they started makin excuses when I call his mom only one time they complain about me to ngo that I am harrasing them ngo man call me nd insult ,threats me what should I do now if I go there home to talk they will again complain his father is police they said they can do anything nd not clearly told me what they mean  I only want to talk with peace bt they doing this what to do now I have proof pics what's app chat , call recording of promise to marry,ngo man cl record nd his brother aslo defame me in my frnd circles what to do now I want to talk to them in person bt they giving excuses/threats should I file case can his age make my case weak or I should wait for he turns 21 bt after he refused to marry can I file case on him( Aurangabad, Maharashtra )",CRPC_154 -> CRPC_156 -> CRPC_200 -> CRPC_210,CRPC_154 -> CRPC_156 -> CRPC_200 -> CRPC_210 -> fir -> PROC_SCST_COMPLAINT -> PROC_CHEATING_FRAUD -> PROC_FIR_FILING,"Dear Madam,You can lodge complaint against him but he must have attained and crossed 21 years of age without which you cannot marry him. The Police may warn him not to give trouble to you and if any further trouble is given FIR will be issued and he will arrested.Rate me Five Star*","You can consider filing a complaint under the relevant sections of the CRPC, such as CRPC_154 or CRPC_200, if you believe there has been wrongdoing. The age factor might influence the case, but it does not necessarily prevent you from filing a complaint. It may be helpful to consult with a legal professional for guidance on your specific situation.",2.1274,37.4372,18.8586,2.7611,16.4574,16.2359,28.0095,4.7494,1.3102,1.7171,0.5575,19.7191,49.1454,49.9085,84.9892
101,"My father were three brothers, Ramesh, Suresh and Kamalesh. My father Kamalesh was the Youngest of them. 

My mother first got married in 1967 to Suresh and birthed 2 sons Manjeet and Navjeet, of which the youngest one Manjeet was treated horribly and was kicked out of house in child age by my mother. His existence is unknown. The other son Navjeet (age 50) is married and works as a teacher.

The first husband died for reasons unknown. And then she was married (chudi-phenana, chadar-dalna) to my father (Kamalesh)(between 1977-78), who was once married but his wife passed away after few days of giving birth to only 1 son Mukul. She gave birth to me in 1979. My stepbrother Mukul is 7 years elder to me.

During this period we used to live in a joint family but at around age 3 we moved out I, Mukul, Navjeet, my mother and father. And lived separately in same city.

After we had moved out my mother kept in touch with the family of husband's side from where they left home. Mukul left home at age 17 because of my mother (his stepmother/chachi) treated him horribly. When I turned 14 my mother started making contacts with my fatherâs eldest brother or my Tau (Ramesh). (In 1988 my Tai commited sucide). Tau had 2 sons and 2 daughters. 1 daughter's mental condition wasn't good. My mother used this opportunity to make frequent contacts with Tau with pretext of helping his challenged daughter. Also during this period She made contacts with Tau's daughter in law as an entry way into the home. This went on for months. And soon enough when I was 14 Â½ we moved back into the same home we left when I was 3. I, Navjeet and my mother moved in. My father at the time was working in Delhi. 

My father agreed to it that we're moving to Tau's home. Realising our poor condition. That maybe Tau could fund our education and remove the burden of living in rent. 

And cunningly she started creating divisions between every family member of Tau. After few months my stepbrother Navjeet left home and started living with our aunt (Bua). After 5-6 months I too left home and moved to Delhi with my Father. 

Till I turned 18 I lived with my father. Soon my Tau and my mother married me off (kicked me out). Because of my father wasnât competent to take care of me. 

In between year 2001-2002 my mother and Tau sold off the home and it parts to Tauâs children. And moved to another city. Because of immense shame in the society.

After my mother and Tau (Ramesh) moved to another current city. She started developing the perception around the people that her current husband (Ramesh) was her second husband only and her first husband died (Navjeet father). Basically she neglected my father Kamalesh and me her daughter. 

And she also is lying with people in society, that her daughter (me) was an adopted one, stating her mother died.

After 2002 (year unknown) my mother forged a false marriage certificate with my Tau. In 2012 my Tau passed away. And since then my mother has been taking the Army pension as a wife.

I am a living proof of her second marriage. And she didnât take a divorce from my father.

My request is how can I stop the pension fraud? And to which authority should I write to? And what will be my role. Will I be a whistleblower or something else?( Aligarh, Uttar Pradesh )",IPC_494 -> IPC_415 -> IPC_417 -> IPC_419,IPC_494 -> IPC_415 -> IPC_417 -> IPC_419 -> Indian Penal Code 1860 -> PROC_CHEATING_FRAUD -> bigamy -> cheating,"Dear Sir,You may lodge complaint with the police and the department enclosing relevant documents.  If not worked out file a writ petition against the department to act upon your representation to stop pension to her.","You can report the pension fraud to the relevant authorities, such as the Army or a local fraud investigation unit. Your role would likely be that of a whistleblower, providing evidence of the fraudulent activities. It's important to gather any documentation or proof you have regarding the false marriage and pension claims.",1.2099,68.2847,18.8586,2.7611,16.4574,16.2359,28.0095,4.7494,1.3102,1.7171,0.5575,19.7191,49.1454,49.9085,84.9892
102,"Copy of Judgement of Ranchi High Court: Ashok Kr Mujju reported in 2005 CrLJ 1795( Betul, Madhya Pradesh )",CRPC_482 -> CRPC_439 -> PROC_SCST_COMPLAINT -> PROC_ANTICIPATORY_BAIL,CRPC_482 -> CRPC_439 -> PROC_SCST_COMPLAINT -> PROC_ANTICIPATORY_BAIL -> PROC_REGULAR_BAIL -> fir -> PROC_FIR_FILING -> Code of Criminal Procedure 1973,"Hi,You may download soft copy of the judgment from the respective High Court's site.If you find this answer helpful, please rate us.","The fact-rule-chain provided does not include specific information about the Ranchi High Court judgment or the case of Ashok Kr Mujju. For a copy of the judgment, you may need to refer to legal databases or court records.",7.2188,59.1314,18.8586,2.7611,16.4574,16.2359,28.0095,4.7494,1.3102,1.7171,0.5575,19.7191,49.1454,49.9085,84.9892
103,"meri wife or useke ghar wale hamare sat marpit karkar wife ko lekar gaye he 3 month ho gaye he to muje ye matter khatam karana he per uska kya destion he ye kaise patta chal sakata he or muje kya karana chiye( Pune, Maharashtra )",IPC_494 -> PROC_MAINTENANCE -> DP_3 -> IPC_354B,IPC_494 -> PROC_MAINTENANCE -> DP_3 -> IPC_354B -> Indian Penal Code 1860 -> bigamy -> sexual_harassment -> dowry_harassment,"Dear client,You have multiple options available with you through which you can solve the problem.1) you can try to contact your wife and her family members and ask for their decision.2) you can file a divorce petition if you are no more interested in living with her.3) a police complaint can be filed if you getting harassed from them.There are few other alternatives available through which you can step out of the problem.Kindly revert and get my details and contact me. I will be happy to solve your problem and guide you towards the right trackThank you","To resolve the matter, you may consider discussing with your wife and her family to understand their decision. If communication is not possible, you might seek legal advice or mediation to address the situation. It's important to handle the situation carefully and consider legal options if necessary.",3.4936,76.5238,18.8586,2.7611,16.4574,16.2359,28.0095,4.7494,1.3102,1.7171,0.5575,19.7191,49.1454,49.9085,84.9892
104,"Hi 
I am based out of Visakhapatnam , Andhra Pradesh. I came in touch with a person online and I have invested Rs Ten Lakh in a Investment Management Company of him called ""Revtrade"" based in Haldia (West Bengal).   The company policy is to return 6-8% i.e 60000 to 80000 per month by investing in stock market irrespective of the performance.

 I later came to know that this is not even a company. This is not registered and this is plain fraud.

I have never met them in person. I came to know of this person on Facebook and he has talked to him post that.  I take the blame in believing and luring me into the deal. That's a mistake on my part which I regret. 

 I have transferred the money via NEFT to the account and I also have an acknowledgment from them through email. Not only they stopped paying the returns every month. Now that I have asked my premium back - they are not returning it.  It's been already more than 2 years 6 months  now and still no response from him.

I have audio recordings, whatsapp chats , emails confirming to the same.

He has done this to many people in Haldia too. He got arrested and stayed in jail for 6 months last year and released on bail. That case is still running as well.

What would be the best way to go forward? 

Go to Haldia - Register a case with local police ? WIth this current situation of COVID - looks like travelling is not possible .

I tried to give complaint in my hometown but police are making me roam saying its a cyber case and not registering an FIR .  On what accounts can we file a case? 


What is the best way for me to get my money back?( Visakhapatnam, Andhra Pradesh )",CRPC_154 -> CRPC_156 -> CRPC_200 -> CRPC_210,CRPC_154 -> CRPC_156 -> CRPC_200 -> CRPC_210 -> Code of Criminal Procedure 1973 -> PROC_CHEATING_FRAUD -> PROC_KIDNAPPING -> PROC_FIR_FILING,the fraud is done to return money ?you will not get your money back.Advocate Ankur Goel(Complete Law Shield)  #YourLifeYourChoiceNote - This is just a small advice and final advice can be given only after going through your case in detail .,"You can file a complaint under PROC_CHEATING_FRAUD and PROC_FIR_FILING. Since the police in your hometown are not registering an FIR, you might consider approaching a magistrate under CRPC_200. It's important to follow the procedures outlined in the Code of Criminal Procedure 1973.",1.1817,47.5049,18.8586,2.7611,16.4574,16.2359,28.0095,4.7494,1.3102,1.7171,0.5575,19.7191,49.1454,49.9085,84.9892
105,"My friend borrowed an amount of rs 4 lacs , which i inturn borrowed from my another friend in good faith, no it is 4 ,months , she is giving me all reasons and not answering my phone , to pay back the amount . 
I dont have any money to return to my friend , who gave the money , i am in total fix , please advice how to recover the amount ,

My friend had lot of outstanding from private banks and they had controls on her bank accounts , so my friend , made me deposit the 4 lacs cheque in my account and i issued cheques to her loan accounts from my account , so i dont have any proof that she took the amout( Mumbai suburban, Maharashtra )",IPC_427 -> IPC_499 -> IPC_489A -> DP_3,IPC_427 -> IPC_499 -> IPC_489A -> DP_3 -> dowry_harassment -> PROC_DEFAMATION -> counterfeiting -> mischief,"Dear client,To recover the money, you can file a court summons against anyone. For example, you could send the intimation to a friend's dealer, bank, or other institution. When your sum is unpaid or not managed to recover from the person due to their misconduct, you must send a legal notice for recovery of money.","It seems you are in a difficult situation without direct proof of the loan. You might consider discussing the issue with your friend and trying to reach an amicable solution. If that doesn't work, seeking legal advice could be an option, but the fact-rule-chain provided does not directly address this situation.",1.1051,42.693,18.8586,2.7611,16.4574,16.2359,28.0095,4.7494,1.3102,1.7171,0.5575,19.7191,49.1454,49.9085,84.9892
106,"I strongly contested the anticipatory bail of the accused, however, court has granted the AB to the accused. This accused's application for AB was u/s 438 of Cr.P.C.

After 2 days of granting AB, accused applied for relaxation/modification of conditions and within 12 days, final order was given and conditions were relaxed. However, I was not aware of this relaxation/modification since I was not party respondent but only the State/Police.

Shouldn't Judge be asking for my/complainant's SAY during relaxation application under 439(1)(b) since initially I already opposed/contested accused's anticipatory bail under 438 of Cr.P.C? Is there any Supreme Court case law supporting the same that says complainant should be given the chance to be heard before modifying the conditions as the conditions involve complainant that he should be threatened, induced, contacted etc?( Mumbai, Maharashtra )",CRPC_167 -> CRPC_397 -> CRPC_439 -> CRPC_482,CRPC_167 -> CRPC_397 -> CRPC_439 -> CRPC_482 -> fir -> PROC_SCST_COMPLAINT -> PROC_REGULAR_BAIL -> PROC_FIR_FILING,"Dear Client,Yes, the judge should have given you an opportunity to be heard before modifying the conditions of the accused's anticipatory bail under Section 439(1)(b) of the Code of Criminal Procedure (CrPC). This is because you are the complainant in the case and the conditions of the anticipatory bail directly affect your safety and security. Under Section 439(1)(b) of the Criminal Procedure Code, the court has the power to modify or revoke any conditions of bail at any time during the bail period. However, the court must give notice to the public prosecutor or the complainant of the hearing of the application for modification of bail conditions and hear their objections.The Supreme Court of India has held in several cases that the complainant should be given a chance to be heard before modifying the conditions of anticipatory bail. In the case of Lalita Kumari v. State of Uttar Pradesh, the Supreme Court held that ""the complainant has a right to be heard when the question of modification of conditions imposed on the grant of anticipatory bail arises."" In another case, Shashi Kant Jha v. State of Bihar, the Supreme Court held that ""the complainant should be given an opportunity to be heard before the conditions of anticipatory bail are modified, as the complainant is the person who is most affected by the modification of the conditions.""Therefore, you should file an application with the court to set aside the order modifying the conditions of the anticipatory bail. In your application, you should argue that you were not given an opportunity to be heard before the modification of the conditions.","The fact-rule-chain does not explicitly mention the requirement for the complainant to be heard during the relaxation of bail conditions under Section 439(1)(b) of Cr.P.C. It primarily involves procedural aspects like FIR filing and regular bail processes. For specific case law or detailed requirements, consulting a legal expert or referring to relevant case law might be necessary.",0.7067,61.6867,18.8586,2.7611,16.4574,16.2359,28.0095,4.7494,1.3102,1.7171,0.5575,19.7191,49.1454,49.9085,84.9892
107,"Sir/ madam, two year ago a girl propose me , and I agree , and after sometime we are in relationship , but now one month ago , I come know that , she is married 2 and half year ago, before she proposed me, and everyone in college and my frnd and her know that we are in relationship , but no one knows that she is married, but now slow slow all secret of her is open , because everyone knows that we are in relationship , and when everyone knows that she is married before we meet , and one-day this secert is goes to her husband and family. Now she blame me and told me that if this matter is goes to her husband and family from any one , she sucied and write my name, and one day some told to her family . What can I do , if she do any thing, am I victim of abedment of sucied charge. Help me.( Patna, Bihar )",DP_3 -> ARNESH_KUMAR_DIRECTIONS_2014 -> JOGINDER_KUMAR_1994 -> IPC_354,DP_3 -> ARNESH_KUMAR_DIRECTIONS_2014 -> JOGINDER_KUMAR_1994 -> IPC_354 -> Indian Penal Code 1860 -> CRPC_41 -> Code of Criminal Procedure 1973 -> CRPC_167,"A.Dear Sir,You should start ignoring her as when you have already knew that she is married otherwise there will be a huge problem for you. Kindly avoid meeting her and taking her calls.Kindly rate the response.","If she threatens suicide and blames you, it could be serious. Under Indian law, abetment of suicide is a criminal offense, but proving it requires specific evidence of intent and instigation. It is advisable to seek legal advice to understand your position and options.",1.2967,27.0024,18.8586,2.7611,16.4574,16.2359,28.0095,4.7494,1.3102,1.7171,0.5575,19.7191,49.1454,49.9085,84.9892
108,"One married women Asked me for dating,,  I said if there is no problem I'll come with you,,,, and we both are went to a date 2 time's,,, after 4 day's  the married woman whole family came to my house,, and all are was fighting with me,, they are all beated,,, is there any possible to raise a complaint against them through court...( Hyderabad, Telangana )",CRPC_210 -> PROC_ANTICIPATORY_BAIL -> PROC_DEFAMATION -> DP_3,CRPC_210 -> PROC_ANTICIPATORY_BAIL -> PROC_DEFAMATION -> DP_3 -> dowry_harassment -> fir -> Code of Criminal Procedure 1973 -> charge_sheet,"Dear Sir,You may raise by filing private complaint.",You may consider filing a complaint with the police for assault or harassment. The police can investigate and take appropriate action based on the situation. It might be helpful to provide any evidence or witnesses to support your case.,2.1962,52.7015,18.8586,2.7611,16.4574,16.2359,28.0095,4.7494,1.3102,1.7171,0.5575,19.7191,49.1454,49.9085,84.9892
109,"I have a flat on first floor in Bangalore with extended balcony which solely belongs to me . Our apt is of 22 floors . Now and then residents from top floor throw dirty things whichc falls in our balcony . Recently some resident threw big stone and next day huge lock . Luckily no one was there in balcony . If it would have fallen on our head serious injury would have happened or may be we would hav lost life . After repeated request to association to put fiber sheet or give some solution for our safety nothing is working out . Association is taking for granted . Can I file a police complaint against association that if any thing goes hay wire with life association will be held responsible . Plss guide me . 
Thank you in advance( Bangalore, Karnataka )",DP_3 -> JOGINDER_KUMAR_1994 -> PROC_CORRUPTION_COMPLAINT -> CRPC_73,DP_3 -> JOGINDER_KUMAR_1994 -> PROC_CORRUPTION_COMPLAINT -> CRPC_73 -> Code of Criminal Procedure 1973 -> CRPC_41 -> arrest -> ART_21,"Dear Client,In a community living in a gated society, this kind of affair from co-residents regardless of the age and class of people staying in the housing complex is usually compromised and resolved on mutual understanding for peaceful co-existence and to protect common interests because every person either children or elders bears different perceptions and way of living. However, in case such affairs or incidents become unbearable, especially to Sr. Citizen, then you may bring the matter collectively through a mass protest petition to the notice of the Association for necessary action. In case your approach to the Association yields no results, you may inform the matter to the competent Authority appointed under the state-specific Apartment Ownership Act under whom the Association is registered to resolve the issue amicably.",You can file a police complaint if you believe there is a threat to your safety. The police may investigate under relevant provisions like CRPC_41 if they find grounds for arrest or action. It's important to document incidents and communicate your concerns clearly.,0.382,36.9091,18.8586,2.7611,16.4574,16.2359,28.0095,4.7494,1.3102,1.7171,0.5575,19.7191,49.1454,49.9085,84.9892
110,"My home has been vandalised by the miscreants and also a threat to life was given to me..How and what proofs i have to submit in the court to substantiate my stand as police has investigated but has not provided any evidence on their part to the court...please let me know how i should move forward with the case( Madurai, Tamil Nadu )",IPC_268 -> IPC_290 -> CRPC_107 -> CRPC_116,IPC_268 -> IPC_290 -> CRPC_107 -> CRPC_116 -> public_nuisance -> Indian Penal Code 1860 -> PROC_CRIMINAL_INTIMIDATION -> Code of Criminal Procedure 1973,"Dear Client,The reply in detail has already been answered.I have nothing to add.You simply see whether you fit in ?Shanti Ranjan BeheraAdvocate","You should gather any evidence you have, such as photos of the vandalism, witness statements, or any threatening messages. Present these to the court to support your case. Consider consulting a local legal professional for guidance on proceeding with the case in Madurai.",1.2521,11.0026,18.8586,2.7611,16.4574,16.2359,28.0095,4.7494,1.3102,1.7171,0.5575,19.7191,49.1454,49.9085,84.9892
111,"He started relationship by committing marriage with me . My boyfriend always cheated on me and after two years of relationship he forcely tried to sex with me . When I said No he don't want to marry me.( Kangra, Himachal Pradesh )",DP_3 -> PROC_DOWRY_HARASSMENT -> PROC_REGULAR_BAIL -> Hindu Marriage Act 1955,DP_3 -> PROC_DOWRY_HARASSMENT -> PROC_REGULAR_BAIL -> Hindu Marriage Act 1955 -> dowry_harassment -> Dowry Prohibition Act 1961 -> CRPC_154 -> PROC_CHEATING_FRAUD,"Dear Madam,You may lodge complaint and save yourself from his false promises. You will get all protection from the State Authorities.",It seems like your situation involves issues of cheating and possibly coercion. You might consider reporting the matter to the police under relevant sections like those dealing with cheating or harassment. Legal advice from a professional could help clarify your options.,2.1904,52.4731,18.8586,2.7611,16.4574,16.2359,28.0095,4.7494,1.3102,1.7171,0.5575,19.7191,49.1454,49.9085,84.9892
112,"My Dad's advocate is asking me to pay 2 lakh rs. In judicial bonds to court for release of confiscated accounts by court. This is after my father's death. I feel he is scamming us. Kindly suggest( Bangalore, Karnataka )",IPC_415 -> IPC_417 -> IPC_419 -> IPC_420,IPC_415 -> IPC_417 -> IPC_419 -> IPC_420 -> cheating -> Indian Penal Code 1860 -> PROC_CHEATING_FRAUD -> IPC_120B,"Dear Client,It is crucial to exercise caution in such situations. If your instincts are signaling potential fraud, it's advisable to verify the legitimacy of the request. Firstly, confirm the details directly with the court to ensure that there is a legitimate process requiring the payment of judicial bonds for the release of confiscated accounts. Additionally, seek a second opinion from another legal professional to assess the situation independently. Scams can be prevalent, and it's essential to prioritize due diligence to protect your interests. Never hesitate to clarify doubts or seek assistance from trusted legal advisors or authorities to validate the authenticity of any financial requests associated with legal proceedings.","It's important to verify the advocate's request with the court or another legal professional to ensure it's legitimate. If you suspect cheating or fraud, you may consider reporting it to the authorities. Consulting another lawyer for a second opinion might also be helpful.",2.9659,50.316,18.8586,2.7611,16.4574,16.2359,28.0095,4.7494,1.3102,1.7171,0.5575,19.7191,49.1454,49.9085,84.9892
113,"She was my friend and we live in a room. We both given 8k and 8k to owner. I left the room after 10 days. But she is not written my 4k even after 1 month is passed. I told her to take my 4k also but I don't want to have any connection with her so I told her to leave the room and I will pay you extra. But she is not agreed. So to convince her I send one message that I will hurt myself and you will be responsible then also she abuse and tell that she will complain. What should I do now.( Indore, Madhya Pradesh )",IPC_320 -> IPC_323 -> IPC_324 -> IPC_325,IPC_320 -> IPC_323 -> IPC_324 -> IPC_325 -> assault -> Indian Penal Code 1860 -> IPC_120B -> criminal_conspiracy,You were not supposed to send a message like that for petty matters. Anyways you are not to do anything and just ignore all that happened in past and move on. If your friend is willing to give the money then fine or else forget it and move on else you can land yourself into unnecessary legal issues.,It seems your situation involves a personal dispute over money and communication issues. The fact-rule-chain provided does not directly address this type of situation. It might be helpful to seek a peaceful resolution or consult a local legal advisor for guidance.,1.8058,66.8666,18.8586,2.7611,16.4574,16.2359,28.0095,4.7494,1.3102,1.7171,0.5575,19.7191,49.1454,49.9085,84.9892
114,"I filed FIR for lost child age 17yrs (domestic helper) on 26th July. Police was trying to threaten me after that for minting money. In the meantime got a call from an NGO that the girl was with them, as she was found by CWC. I went to a legal advisor, in which he said to file a Status Report etc. I did so. After 1 month he called me up and said that the girl was taken to magistrate for statement of 164 which he does not know and showed me the IO statement in which it was written that they are trying to send the girl back to her home. Also the lawyer said that you are free now, incase if u get any summon from court then you should tell us. But he made sure that it would not come since i have not done anything. Plz help me know the procedure for the same.( South West Delhi, Delhi )",CRPC_154 -> CRPC_156 -> CRPC_200 -> CRPC_210,CRPC_154 -> CRPC_156 -> CRPC_200 -> CRPC_210 -> fir -> PROC_CHEATING_FRAUD -> PROC_KIDNAPPING -> PROC_DEFAMATION,"Sir,As you are somewhere related to the case, you might get a witness summonA statement u/s 164 is nothing but statement recorded by the party stating what exactly happened to find the truth of such incidents which are criminal in nature.At max you might receive a summons to witness and you shall honestly tell the court everything you knew about the case.You have nothing to worry.","You filed an FIR for the missing child, and the police were involved. The NGO found the child, and legal procedures like a statement under section 164 were followed. Your lawyer advised you that you are free now, and you should only respond if you receive a court summons.",2.1629,50.032,18.8586,2.7611,16.4574,16.2359,28.0095,4.7494,1.3102,1.7171,0.5575,19.7191,49.1454,49.9085,84.9892
115,"a girl pic is mis used in a social media with a fake id , so she told one of his frnd who recently joined as a police pc for help,
 so that police pc stating "" he was traced the fakeid person with his influence and he warned him ,so
for this action he paid 10thousand rupees to the cybercrime department so this police men demanding 10thousand rupee with the victim girl .....

question no1:
what to do to teach him a lesson legally ?(police pc )
question no2:
does a normal police pc men can really contact a cyber crime department and get a fake id person details without filing any complaint ? is that really possible illegaly ? 

as a law student i just want to clarify this with experts like u all ... waiting for your replies .. thankyou in advance...( Villupuram, Tamil Nadu )",CRPC_154 -> CRPC_156 -> CRPC_200 -> CRPC_210,CRPC_154 -> CRPC_156 -> CRPC_200 -> CRPC_210 -> fir -> PROC_FIR_FILING -> PROC_CHEATING_FRAUD -> PROC_KIDNAPPING,"Hi,At first you should demand the receipt of the payment which he has allegedly paid, additionally you can file a complaint to the higher degree of Police officials.","To address the police officer's misconduct, the girl can file a complaint under CRPC_154 to initiate legal action. Normally, a police officer should follow proper procedures like filing a complaint to access cybercrime details, and bypassing this process may be illegal.",7.2915,47.9521,18.8586,2.7611,16.4574,16.2359,28.0095,4.7494,1.3102,1.7171,0.5575,19.7191,49.1454,49.9085,84.9892
116,My name is karthik. I was in love with 1 girl in my office since 2014. During this period we both travel in my native place hyderabad. We both had sexual activities till 2016. Now in 2017 my parents r not accepted my love due to the girl is sc. Now she gave n filed FIR against my parents n me too. U/c 420 506 417 496 376. Can any 1 help me how to relieve from this case. Can medically possible to prove that we both have sexual intercourse. Any 1 suggest,CRPC_154 -> CRPC_156 -> CRPC_200 -> CRPC_210,CRPC_154 -> CRPC_156 -> CRPC_200 -> CRPC_210 -> fir -> PROC_DEFAMATION -> PROC_CHEATING_FRAUD -> PROC_KIDNAPPING,First move anticipatory bail and file a petition u/s 482 in high court for quashing the f.I.R.,The FIR filed against you includes serious charges. You may need to consult a legal professional to explore your options and gather evidence. The fact-rule-chain does not provide specific guidance on proving past sexual intercourse medically.,1.4105,28.0179,18.8586,2.7611,16.4574,16.2359,28.0095,4.7494,1.3102,1.7171,0.5575,19.7191,49.1454,49.9085,84.9892
117,"i buyed a bike on this year2023 but the given me 2022 model bike as 2023 model i have paid the amount and take delivered to me but year of manufactring is cheat and the exshowroom get me money for on this year rate how can we took forward to consumer court for law( Theni, Tamil Nadu )",IPC_427 -> IPC_489A -> VISHAKHA_1997 -> NI_ACT_AMENDMENT_2018,IPC_427 -> IPC_489A -> VISHAKHA_1997 -> NI_ACT_AMENDMENT_2018 -> NIA_138 -> Negotiable Instruments Act 1881 -> Indian Penal Code 1860 -> ART_14,"Dear client,You can file a case at the consumer forum against them. Based on the amount to be claimed, you can file a case at District Consumer Forum or the State Consumer Forum accordingly.",You can consider filing a complaint in the consumer court for misrepresentation and unfair trade practice. The consumer court can address issues related to the sale of goods and services. It's advisable to gather all relevant documents and evidence before proceeding.,2.9597,63.5177,18.8586,2.7611,16.4574,16.2359,28.0095,4.7494,1.3102,1.7171,0.5575,19.7191,49.1454,49.9085,84.9892
118,"PS is Negociated with Pimp.I had been  victim of marital fraud 8yrs while my husband nd in laws constanly made me injure physically nd sent me 2 hospital nd 2twice with  outofcourt settlement frm my husbands side so that nothing goes to police nd law.2yrs back a same murder attempt was there by my husband nd the last settlement cum threat with financial black mail was there.the mutual divorce was filed but he didnt attend nd didnt let me attend in name of reconciliation.in this whole span at all his residance in nd out side my native when ever i went to stay either i was attempted to burn by his mother nd fr many years i found my in laws entertaining other males nd females at there residance nd passive voyarism threat by making very low labour class people assault me inside my husbands bedroom in my  inlaws support,so i stayed with them fr very short.he kept on claiming he works in another city nd was taking me nd was beating me to death mentally nd physically nd with all sort of murder nd financial blackmail kept me away frm any legal step nd kept on blackmailing wlnt divorce me nd to  wl pretend to be insane.but last yr august onwards the smell of fleshtrade in him nd his family beame very prominant nd i found bunch of professional escorts raw picture pan india in his phn.sitting at my paternal house by heating me on eyes abdomen head nd making me bleed he was killing me and my mother nd sibling nd his wife enjoyed it closing door nt even calling police at midnight emergency but after11days I threw him out of my house but since he forcefully kept the marriage on fr many years his nd his parents horrible murder attempt has been encashed by my sibling nd his wife along with my mother trying framing rubbish false allegations against me as I am insane i am torturing all of them to grab property while the truth is just opposite,still choiceless i tried staying with him again going to his office state few months back.while staying there I smelled he negociated all the way with my mentioned paternal family,may be commission is offered or the marriage was itself an eyewash they sold me to him or bribed him to finish me off.while my fathers death was doubtful by my sibling on road nd I am eye witness nd my sibling maa nd 1 paternal muncle framed the death by bringing false death certificate manipulating doctor nd didnt let autopsy happen nd the main culprit or the executor was my elder male sibling while he was married with kid that time nd from then on torture started happening on me which led me to this marriage.but this yr while staying he tried murdering me 1st by towel nd wiith every day beating made me bled nd started bringing knife nd tried hitting me by his car nd finally stripped me in full light in dining of the house while its on commercial parking while different men was stalkig me frnt of the house24/7nd if i am out side I was  chased also nd he did crest of cyber fraud using my name no with false adsresses from shops.He is Pimp nd may be having multiple marriage nd in to professional flesh trade with his relatives fr sure.all his adsress in native nd out station false nd rented.I never allowed in his office nd never met any colleague.I am home arrest when ever with him nd nw about to die while my family backup is0 whild they r waiting to manipulate the opportunity.in outstation he was murdering me openly nd plolice nd low constable level goons were backing him while in native the scenario is same nd even unwilling to entertain my vocal cimplain and i can be raped nd killed by ps itself as they r negociated nd the only reason can be trafficking nd is.thats why by manipulating shops he made bills with my name nd phn number under different false address nd the day threw me out on road next day filed a false missing person fir to hide his crime nd police is cooperating all the way as they hv taken it while the whole community knows the story nd next day onwards my network got barred.nd being on road fr3dyas when i reached my mother at native unless i ranaway frm that place she kept on claiming she dsnt hv my address nd anything so she cant do a thing but after coming back to native half dead I found all information was given to her by that pimp as she wrote in her own handwriting.his phn is blocked asusually nd mother is absconded while his actual address to all details r unknown nd in previous div. I didnt get a single notice frm court by post as my mails nd all postal documents r in hand of my mother nd sibling nd they made me attack my my siblings maid also in past while chasing me nd its highly apprehensive she has escort background as she brought false husband in my siblings support inside the intested house.reg. all claim against my paternal criminals my mother kept on telling i am hallucinating nd last yr august tonwards she was pressurising me to make her nominee of all my liquids.this pimp witnessing all these fr last 15yrs while he is in marriage fr7.5yrs.if i file anything through ps I will be murdered immediately.How to divorce or anny him one sided as asusually he nd his mother is absconded making phn blocked24/7 nd even mails nd his father died at2016 nd if even he comes near by me that will be a murder attempt only.what to do.help me with right advice immediately",IPC_415 -> IPC_417 -> IPC_419 -> IPC_420,IPC_415 -> IPC_417 -> IPC_419 -> IPC_420 -> PROC_CHEATING_FRAUD -> Indian Penal Code 1860 -> cheating -> IPC_120B,You immediately take professional help from vidhikarya lawyer,"It seems you are facing serious issues involving potential cheating and fraud, which may relate to sections like IPC 415, IPC 417, IPC 419, and IPC 420. You might consider seeking legal assistance to explore options for filing a complaint or pursuing a divorce. It is important to prioritize your safety and consult with a legal professional for guidance.",0.652,35.2889,18.8586,2.7611,16.4574,16.2359,28.0095,4.7494,1.3102,1.7171,0.5575,19.7191,49.1454,49.9085,84.9892
119,"I am a govt employee who got beaten by a auto driver on road what to do?? i have his vehicle number( Kolkata, West Bengal )",DK_BASU_1997 -> IPC_182 -> LALITA_KUMARI_2014 -> JOGINDER_KUMAR_1994,DK_BASU_1997 -> IPC_182 -> LALITA_KUMARI_2014 -> JOGINDER_KUMAR_1994 -> ART_21 -> CRPC_167 -> PROC_REGULAR_BAIL -> perjury,"Dear Client,You can make a police complaint, the police will further enquire the matter for evidence. You may provide them with the vehicle number for identification. Let us know if you require any further clarification.Thank you!",You can report the incident to the police and provide them with the vehicle number. They may investigate the matter under relevant laws. Ensure to follow up on the complaint process.,14.5821,84.6657,18.8586,2.7611,16.4574,16.2359,28.0095,4.7494,1.3102,1.7171,0.5575,19.7191,49.1454,49.9085,84.9892
120,"If i charge with section 34 police act,is it affect my police varification( Uttar Dinajpur, West Bengal )",IPC_268 -> IPC_290 -> CRPC_107 -> CRPC_116,IPC_268 -> IPC_290 -> CRPC_107 -> CRPC_116 -> Code of Criminal Procedure 1973 -> Indian Penal Code 1860 -> PROC_CRIMINAL_INTIMIDATION -> public_nuisance,"Dear client,Yes, Section 34 of the Police Act (varies by state in India) generally deals with maintaining public order by prohibiting nuisances, obstructions, or acts that disturb public peace and safety.While the exact wording and provisions can differ from state to state, it typically empowers the police to take action against individuals or activities that:Obstruct public roads or pathways â Preventing free movement of people or vehicles.Cause public nuisance â Loud noises, illegal gatherings, or unsanitary conditions.Endanger public safety â Actions that may lead to riots, fights, or disorder.Interfere with lawful activities â Hindering officials, emergency services, or lawful occupations.Violations under Section 34 can result in penalties like fines, warnings, or legal proceedings. Would you like details on a specific state's Police Act?Violations under Section 34 can result in penalties like fines, warnings, or legal proceedings.Kindly contact an advocate for a better understanding","Being charged under section 34 of the Police Act may affect your police verification, as it could be considered a public nuisance. The impact on verification can depend on the specifics of the charge and local procedures. It is advisable to check with local authorities for precise implications.",0.9189,57.5546,18.8586,2.7611,16.4574,16.2359,28.0095,4.7494,1.3102,1.7171,0.5575,19.7191,49.1454,49.9085,84.9892
121,"I have taken personal loan and 2 credit cards, as my father got severe burnt due to this my financial situation become weak and now unable to pay. Today I got notice from the bank under sector 25 of pssa 2007( Faridabad, Haryana )",IPC_415 -> IPC_417 -> IPC_419 -> IPC_420,IPC_415 -> IPC_417 -> IPC_419 -> IPC_420 -> Indian Penal Code 1860 -> PROC_CHEATING_FRAUD -> cheating -> IPC_120B,"Dear Client,Section 25 of the Payment and Settlement System Act 2007(PSSA), states that if an electronic transfer cannot be completed due to insufficient money or if an amount required to be paid out exceeds the limit on the credit card of the payer, the payer can be imprisoned or fined twice the amount or both similar to the dishonor of a cheque under the Negotiable Instruments Act 1881. Section 25 of the Act states that the payee, before filing a complaint under said Act to recover money, must inform the payer via a written notification/legal notice seeking payment of the dishonored amount. If the person initiating an electronic funds transfer does not pay the money to the beneficiary within 15 days of receiving the legal notice, a complaint is filed before the Court for recovery of dues/loan. So, on receipt of notice under Sec.25 of PSSA, you should try your best to negotiate the loan with the lender/financier. You can try to negotiate a debt settlement on your own (under OTS- One-time settlement scheme) if your pocket permits, but sometimes it's typically done through third parties like debt relief companies, which you may hire to negotiate the settlement matter with the lender on your behalf. With this method, you will make payments to the debt settlement company rather than your creditors/lenders, along with the payment of fees or service charges. Debt settlement is an agreement between a lender Bank and a borrower in which the borrower repays a portion of a loan balance and the lender forgives the balance. You may consider starting the negotiation by offering to pay 25% or 30% of your outstanding balance in return for forgiveness on the rest. But, it may be noted that while there are legitimate debt relief/settlement companies, there are also many fraud/scam operations. So, if you're considering one, the Consumer Financial Protection Bureau(CFPB) suggests contacting your state Attorney General's(AG) office and local consumer protection agency to ask if they have any consumer complaints pending on file about that company. Some states require that debt settlement companies be licensed, which may provide some added protection. Although a debt settlement can offload some of your financial burden, there are also a few potential risks and downsides to consider. First, a debt settlement will affect your credit score in CIBIL. That will make it more difficult for you to get credit or good interest rates in the future. Another potential drawback is that when you settle debt, you could face tax consequences. Finally, when you settle a debt with a credit card company, your account is closed once the settlement is complete. So you could potentially have no credit facility to use a credit card further owing to your poor credit score. Further, a quick counseling session with a certified credit counselor can help you discover your options and choose the right path forward.","If you received a notice from the bank, it is important to address it promptly. The fact-rule-chain mentions sections related to cheating and fraud under the Indian Penal Code, but your situation seems to involve financial distress rather than intentional fraud. Consider contacting the bank to discuss your financial difficulties and explore possible solutions.",0.0009,42.4023,18.8586,2.7611,16.4574,16.2359,28.0095,4.7494,1.3102,1.7171,0.5575,19.7191,49.1454,49.9085,84.9892
122,"Mr. X (his wife,& 3 friends) car and Mr. Y(carrying 12 members) auto had an accident. At the time of accident, mr. X (remaining people left)was only one there at the accident spot ,he was in a shock after the incident. The accident took place on an agency highway, so 20 people gathered and threatened mr. X that they will beat him till his death. They took mr. X to a lawyer, dt mr. X will get those injured persons (2 mem, nothing serious, just minor injuries, gets well in a week)get treated and will repair the damaged auto., In dt case they don't go to police station. The lawyer and the remaining persons threatened and frightened mr. X and they forcefully signed into an agreement(a4 sheet, no stamp paper). They demanded that mr. X should take them to a private hospital . Mr. X did al the treatment and they discharged. Now the problem is one of the patient filed a case against Mr. X in police station and FIR filed. Now mr. Y is asking money for the damaged auto. And the lawyer of mr. Y is threatening that he will file a cheating case if mr. X don't give money to mr. Y.
My ques: 1) can a lawyer threaten mr. X like this? He also threatened mr. X and forcefully signed an agreement on A4 sheet paper at the tym of accident.( Amaravati, Andhra Pradesh )",CRPC_154 -> CRPC_156 -> CRPC_200 -> CRPC_210,CRPC_154 -> CRPC_156 -> CRPC_200 -> CRPC_210 -> fir -> PROC_DOWRY_HARASSMENT -> PROC_CHEATING_FRAUD -> PROC_FIR_FILING,"Dear client,First of all such cases fall into the category of MACP cases and criminal cases can't be filed against Mr. X by Mr. Y or his advocate.You (Mr.X) can file claim case against Mr. Y by hiring an advocate and get the compensation for the loss suffered by you.Kindly feel free to contact me for any further needs and I shall help you out.I hope you have got a satisfactory result and kindly rate me appropriate stars.Thank youAdv. Hardik Sheth","A lawyer should not threaten or force someone to sign an agreement. If Mr. X feels threatened or coerced, he may report this to the police. The fact-rule-chain does not directly address this situation, but it suggests that legal procedures like FIR filing are available for grievances.",1.5176,38.8994,18.8586,2.7611,16.4574,16.2359,28.0095,4.7494,1.3102,1.7171,0.5575,19.7191,49.1454,49.9085,84.9892
123,"dat tutna par konsi dara lagti ha?( Birbhum, West Bengal )",DK_BASU_1997 -> cybercrime -> PROC_CRIMINAL_INTIMIDATION -> PROC_FORGERY,DK_BASU_1997 -> cybercrime -> PROC_CRIMINAL_INTIMIDATION -> PROC_FORGERY -> CRPC_41 -> Code of Criminal Procedure 1973 -> CRPC_167 -> PROC_REGULAR_BAIL,Go to the nearest police station and file complaint against them immediately,"The fact-rule-chain provided does not directly mention a specific section for ""dat tutna"" (breaking a tooth). It mainly covers cybercrime, criminal intimidation, forgery, and procedures under the Code of Criminal Procedure. For specific legal advice, consulting a legal expert in West Bengal is recommended.",0.7861,17.8551,18.8586,2.7611,16.4574,16.2359,28.0095,4.7494,1.3102,1.7171,0.5575,19.7191,49.1454,49.9085,84.9892
124,"How many times and in front of whom does the woman victim have to give her statement and appearance after FIR for molestation has been lodged? Victim's family and police has discouraged the victim saying lots of up and downs and hassle will come for her if she choose police to continue inquiry.( Hissar, Haryana )",CRPC_173 -> CRPC_205 -> CRPC_210 -> CRPC_216,CRPC_173 -> CRPC_205 -> CRPC_210 -> CRPC_216 -> charge_sheet -> fir -> Code of Criminal Procedure 1973 -> CRPC_302,"Dear Client,In this context, Standard Operating Procedure (SOP) for Investigation and Prosecution of victims of rape/sexual assault circulated by the Ministry of Home Affairs, Govt of India may be referred wherein it is stated that  1) The victim of such crime should be treated with honor and sensitivity.  The officer interacting with her (the victim) should be extremely courteous. No indecent questions should be put to the victim. Care should be taken to protect dignity and prevent embarrassing situations for the victim. The identity of the victim should not be made public and due care should be taken not to reveal her identity in print and electronic media. 2) A copy of the FIR shall be sent immediately within 24 hours to the Magistrate under Section 157, Cr.P.C. 3) Investigation of crime against women shall be conducted by a woman officer. There should be, at least, one lady officer on the investigating team. 4) As regards the recording of the statement of the victim under section 161, Cr.P.C, the victim should not be called to the police station. The statement of the victim should be recorded at the residence of the victim or in the place of her choice by a woman police officer in the presence of parents or guardians or a near relative or a social worker of the locality. 5) It shall be the duty of the investigating officer/SHO to inform the Judicial Magistrate for the recording of the statement of the person against whom such an offence has been committed, as soon as the commission of offence is brought to the notice of the police (as mandated under sub-section (5-A) of Section 164, Cr.P.C. A copy of the statement under Section 164, Cr.P.C. should be handed over to the investigating officer immediately with specific directions that the content of such statement under Section 164, Cr.P.C. should not be disclosed to any person till the charge sheet/report under Section 173, Cr.P.C. is filed. A copy of the report of the medical examination of the victim, if any, should be immediately handed over to the Magistrate who records Promptly the statement of the victim under section 164, Cr.P.C. In cases of a delay exceeding 24 hours in taking the victim to the Magistrate, the Investigating officer should record the reasons for the same in the case diary and hand over a copy of the same to the Magistrate. 6) Section 164(A),Cr.P.C. imposes an obligation on the part ofinvestigating officer to get the victim of rape medically examined within 24 hours from the time of receiving the information relating to the commission of such offense. The report of such medical examination should be immediately forwarded to the Magistrate by the I.O., who records the statement of the victim under section 164, Cr.P.C. The victim as well as the accused person should be sent for medical examination by the I.O. under a properly filled-in, medicalexamination sheet. The female victim shall be examined medically, only by a lady doctor or under her supervision. A Rape victim above 18 years of age can be examined only after obtaining her written consent. A copy of the report of such examination shall be furnished by the medical officer, or registered medical practitioner, as the case may be, to the victim or her parents/guardian. All offences against women shall be promptly investigated and charge sheets should be filed in the court of law within sixty days as per section 173 Cr.P.C. While briefing media about sex crimes, the identity of the victim should not be disclosed. Under no circumstances, should the victim be produced before the media. Authorized officers alone, should brief the media. Therefore, given the protocol or SPPs of the MHA, if any unethical issues are observed in the investigation by the police, you can file a complaint with the Chairperson, State Human Rights Commission or the State Police Complaint Authority, which are independent bodies empowered to investigate any complaints against police officials. If required, you can hire an Advocate to navigate the issues in the right way.","The fact-rule-chain does not specify the exact number of times a victim must give a statement or appear after an FIR for molestation. Generally, the victim may need to provide a statement during the investigation and possibly appear in court if the case proceeds. The exact process can vary based on the case and jurisdiction.",0.0,51.1913,18.8586,2.7611,16.4574,16.2359,28.0095,4.7494,1.3102,1.7171,0.5575,19.7191,49.1454,49.9085,84.9892
125,"I am a lady and filed a dowry case which is genuine against my in laws family. They had demanded for dowry after marriage but have never fulfilled that and it turned out violent. The things given by my parents and family at the time of marriage were without any demand. In the draft I attached that list of all those things as 'dahej ka saamaan' . We had no idea of difference between dahej(dowry) and streedhan. The case is at final stage and again my husband has sent a legal notice through lawyer to my parents that why did they have given dowry when giving and taking dowry is a crime. And asked us to reply within 15 days otherwise they will file a case. What should I do in that case?( Jaipur, Rajasthan )",DP_3 -> PROC_CHEQUE_BOUNCE -> PROC_DOWRY_HARASSMENT -> dowry_harassment,DP_3 -> PROC_CHEQUE_BOUNCE -> PROC_DOWRY_HARASSMENT -> dowry_harassment -> Dowry Prohibition Act 1961 -> CRPC_154 -> PROC_CHEATING_FRAUD -> PROC_KIDNAPPING,"Dear Madam,Be informed that the Honâble Supreme Court kept at rest the question of giving dowry as a claim and such legal notice is illegal. Under forcible circumstances the parents of girl might have agreed to pay dowry and it is not an offence but taking dowry is an offence.","You should respond to the legal notice within the given time frame. Clarify that the items given were not dowry but gifts, known as streedhan, which are legally different. It may be helpful to consult a lawyer to ensure your response is appropriate.",2.6847,66.5552,18.8586,2.7611,16.4574,16.2359,28.0095,4.7494,1.3102,1.7171,0.5575,19.7191,49.1454,49.9085,84.9892
126,"I own a 200 sq yds plot at  Tigri village, GB Nagar, UP.  Mr.R has built a house and a bore well in front of the plot and locked the gate.( Amritsar, Punjab )",IPC_448 -> NI_ACT_AMENDMENT_2018 -> PROC_CRIMINAL_BREACH_TRUST -> CRPC_210,IPC_448 -> NI_ACT_AMENDMENT_2018 -> PROC_CRIMINAL_BREACH_TRUST -> CRPC_210 -> fir -> Indian Penal Code 1860 -> Code of Criminal Procedure 1973 -> charge_sheet,"Dear Client,As the encroachment of land has already taken place, you will have to start with a title suit so that you can establish the title of your property. Along with the title suit you are adviced to file a case for eviction from your land against Mr.R.The proceeding for the same can be very lengthy and complicated so it is adviced consult a lawyer with detailed facts of the case before initating any legal actions.Thank You",You may consider filing a complaint with the local police regarding the unauthorized construction and obstruction. The police can investigate and take necessary action under relevant sections of the Indian Penal Code and Code of Criminal Procedure. Consulting a local lawyer for further steps might also be helpful.,1.6079,35.9573,18.8586,2.7611,16.4574,16.2359,28.0095,4.7494,1.3102,1.7171,0.5575,19.7191,49.1454,49.9085,84.9892
127,"The petitioner in High Court has filed an affidavit referring an Order in EP which was dismissed 7 years before and obtained favourable orders from High Court( Hyderabad, Telangana )",IPC_182 -> IPC_191 -> IPC_192 -> IPC_193,IPC_182 -> IPC_191 -> IPC_192 -> IPC_193 -> Indian Penal Code 1860 -> perjury -> IPC_120B -> criminal_conspiracy,"Dear Client,The law governing affidavits in India is the Indian Evidence Act, 1872. Section 191 of the said Act states that any person who is legally bound by an oath or affirmation to state the truth of any matter and makes a false statement in his/her affidavit is guilty of the offense of perjury which carries with it the possibility of imprisonment of either description for a term which may extend to seven years and shall also be liable to fine. Further, Section 193 of the Indian Evidence Act, 1872 states that any person who makes a false statement in an affidavit or any other document, knowing it to be false, shall be punishable with imprisonment of either description for a term which may extend to three years, or with fine, or with both. Section 191 of the IPC deals with the filing of false evidence, while section 340 of the Cr. PC outlines the process for making a complaint for this offense. Perjury is defined as the filing of false evidence or a false affidavit before a court knowing that it is false.","Filing an affidavit with false information may relate to perjury under IPC sections like 191, 192, and 193. If the affidavit was used to deceive the court, it could involve criminal conspiracy under IPC 120B. Legal consequences depend on the specific facts and court findings.",0.1391,69.5726,18.8586,2.7611,16.4574,16.2359,28.0095,4.7494,1.3102,1.7171,0.5575,19.7191,49.1454,49.9085,84.9892
128,"my husband retired from army without my singenture( Ganjam, Orissa )",IPC_494 -> CRPC_41 -> IEA_27 -> ART_22,IPC_494 -> CRPC_41 -> IEA_27 -> ART_22 -> CRPC_73 -> Code of Criminal Procedure 1973 -> Indian Penal Code 1860 -> bigamy,"Dear Client,The process of retirement for defence personnel is primarily governed by the relevant service regulations and does not necessitate the spouse's consent for the personnel to retire. However, the spouse's details are required for family pension purposes, and the spouse can be a nominee for pension benefits.",The fact-rule-chain provided does not directly address retirement procedures from the army or require a spouse's signature. It mainly relates to legal codes like bigamy and criminal procedures. You may need to consult a legal expert for specific advice on retirement matters.,2.0836,63.4729,18.8586,2.7611,16.4574,16.2359,28.0095,4.7494,1.3102,1.7171,0.5575,19.7191,49.1454,49.9085,84.9892
129,"Someone in my apartment wrote bad word on my wall.what action should I take?( Akola, Maharashtra )",IPC_509 -> PROC_CRIMINAL_BREACH_TRUST -> CRPC_173 -> CRPC_340,IPC_509 -> PROC_CRIMINAL_BREACH_TRUST -> CRPC_173 -> CRPC_340 -> perjury -> sexual_harassment -> Indian Penal Code 1860 -> Code of Criminal Procedure 1973,"Hi,You may complain to the association in your apartment and take action against such a person. You can also check the cctv footage if any is available to figure out the person. However, there is no law regarding such an issue so legality around this is ambiguous.If you like my answer, then please rate me.",You may consider reporting the incident to the police as it could be seen as an act of harassment. The Indian Penal Code 1860 may cover such actions under offenses related to insult or harassment. It's advisable to document the incident and seek local legal advice for further steps.,2.1114,52.0721,18.8586,2.7611,16.4574,16.2359,28.0095,4.7494,1.3102,1.7171,0.5575,19.7191,49.1454,49.9085,84.9892
130,"My friend is murdered by her husband by hanging her. Father of deceased registered fir against deceased husband. In the statement of the complainant he say that father, mother and uncle of deceased saw deceased women husband hanging her and tied his hand....
My question is that she was my friend and I talked to her 16 days ago. Is deceased women husband empled my name in case....or prove any illicit relationship with cdr....( Allahabad, Uttar Pradesh )",CRPC_154 -> CRPC_156 -> CRPC_200 -> CRPC_210,CRPC_154 -> CRPC_156 -> CRPC_200 -> CRPC_210 -> fir -> charge_sheet -> PROC_CHEATING_FRAUD -> PROC_FIR_FILING,"Dear Client,Section 319 of Cr.PC  allows a trial court, in the course of inquiry or trial in a criminal case, to implead a person where it appears from the evidence that any person, not being the accused, has committed an offense for which such person could be tried together with the accused. Impleading a person as a necessary party is a person who ought to have joined as a party and in whose absence no effective decree could be passed at all by the court. If a necessary party is not impleaded, the suit itself is liable to be dismissed. Since it is difficult to have an eyewitness to prove an illicit relationship; it can be proved indirectly by showing evidence such as hotel bills or travel records. Also, their public display of affection or their letters, SMS's etc. can be used as evidence against the offending party. Call Details Records (CDRs) can be used as effective pieces of evidence to assist the court in ascertaining the facts of the particular case and inquiring about the commission of an offense, and according to the judicial pronouncements, it is made clear that CDRs can be used as supporting or secondary evidence in the criminal prosecution.","The fact-rule-chain does not provide specific information about whether your name is implicated in the case or about proving any illicit relationship. The focus is on the FIR and the statements made by the complainant. For clarity on your involvement, it would be best to consult directly with legal authorities or a lawyer.",0.175,36.445,18.8586,2.7611,16.4574,16.2359,28.0095,4.7494,1.3102,1.7171,0.5575,19.7191,49.1454,49.9085,84.9892
131,"I am Hinduism and selling my property to Muslim religion.  On the besis of religion can they injunction on our land?.... Actually they are very cruel and they are repeatedly threatening us by using such a word(injunction)( Dhubri, Assam )",IPC_200 -> PROC_MAINTENANCE -> PROC_CRIMINAL_INTIMIDATION -> IPC_509,IPC_200 -> PROC_MAINTENANCE -> PROC_CRIMINAL_INTIMIDATION -> IPC_509 -> Indian Penal Code 1860 -> perjury -> sexual_harassment -> IPC_120B,"Dear Client,No, they cannot file an injunction on your land on the basis of religion. In India, property transactions are generally governed by civil laws, and the right to buy or sell property is not usually restricted based on religion. Therefore, no one can prevent you from selling your property to a person of a different religion. If they are threatening you, you can file a police complaint against them.","The fact-rule-chain provided does not directly address property sales based on religion or injunctions related to such sales. It mainly covers criminal intimidation and related offenses. If you feel threatened, it may be relevant to consider criminal intimidation aspects, but specific legal advice should be sought for property and injunction matters.",2.677,54.9456,18.8586,2.7611,16.4574,16.2359,28.0095,4.7494,1.3102,1.7171,0.5575,19.7191,49.1454,49.9085,84.9892
132,"I am skin doctor. My assistant and technician together have cheated lakhs of rupees from my patients for the last 3 years in my clinic. We got to know only after they absconded taking salary last month. Wen asked , they have admitted their cheating  but they say they have spent all that money robbed in my clinic. What should be next step. Please guide.( Bangalore, Karnataka )",IPC_415 -> IPC_417 -> IPC_419 -> IPC_420,IPC_415 -> IPC_417 -> IPC_419 -> IPC_420 -> Indian Penal Code 1860 -> cheating -> PROC_CHEATING_FRAUD -> IPC_120B,"Dear Client,As per the facts mentioned, you should lodge a police complaint for cheating and fraud under IPC against them.","You should consider reporting the matter to the police, as cheating is covered under sections like IPC_415 and IPC_420 of the Indian Penal Code. This could lead to an investigation and possible charges against your assistant and technician. Consulting a legal professional for further guidance may also be helpful.",1.1859,60.9738,18.8586,2.7611,16.4574,16.2359,28.0095,4.7494,1.3102,1.7171,0.5575,19.7191,49.1454,49.9085,84.9892
133,"I had a small substance abuse case registered and disposed off in 2019. Will it affect me applying for a student visa?( Mumbai, Maharashtra )",child_abuse -> IPC_467 -> POCSO_RULES_2020 -> P_CHIDAMBARAM_2019,child_abuse -> IPC_467 -> POCSO_RULES_2020 -> P_CHIDAMBARAM_2019 -> ART_21 -> CRPC_41 -> Code of Criminal Procedure 1973 -> CRPC_154,"Depending on which country you are applying they ask for the criminal background cases against you so, when you have to fill that form you will have to mention it and put all the details. The Visa authorities might ask you for more explanation when you are invited for the interview.","The fact-rule-chain provided does not directly address substance abuse cases or their impact on visa applications. Generally, past legal issues might affect visa applications, but it depends on the specific visa requirements and the nature of the case. It is advisable to check the specific visa guidelines or consult with a legal expert.",1.1884,46.9071,18.8586,2.7611,16.4574,16.2359,28.0095,4.7494,1.3102,1.7171,0.5575,19.7191,49.1454,49.9085,84.9892
134,"My niece who is a minor aged 17 has eloped with a boy without the consent of the girl's father.how I complain about it.( Dhanbad, Jharkhand )",IPC_504 -> IEA_27 -> CRPC_41 -> JOGINDER_KUMAR_1994,IPC_504 -> IEA_27 -> CRPC_41 -> JOGINDER_KUMAR_1994 -> ART_21 -> CRPC_482 -> fir -> criminal_intimidation,"Dear Client,This situation could escalate significantly if a complaint is lodged with the police, especially considering the girl is a minor. In addition to potential charges under various sections of the Indian Penal Code, the boy could also face prosecution under the Protection of Children from Sexual Offences Act, 2012 (POCSO). My advice would be to carefully assess the situation and, if feasible, attempt to resolve it by speaking with both the boy and the girl and encouraging them to return home. If this approach proves unsuccessful, then lodging a formal complaint with the police may become necessary.","You can file a complaint with the local police station in Dhanbad, Jharkhand. Mention the situation and any concerns about your niece's safety. The police may investigate based on the information provided.",1.0817,59.0001,18.8586,2.7611,16.4574,16.2359,28.0095,4.7494,1.3102,1.7171,0.5575,19.7191,49.1454,49.9085,84.9892
135,"In a contested circumstantial evidence case (U/s 302, 394, 411 IPC) can voice recording done by mobile phone be accepted as a prosecution evidence by the court when the original mobile on which the recording was done is missing and the recording was produced directly in court after 2 years of starting of the case. No one mentioned in the voice recording was examined by the court or any forensics were done. The voice recording as transcript and it's certificate U/s 65B was given by daughter of the deceased.( Kanpur, Uttar Pradesh )",CRPC_41 -> CRPC_73 -> CRPC_160 -> CRPC_167,CRPC_41 -> CRPC_73 -> CRPC_160 -> CRPC_167 -> PROC_REGULAR_BAIL -> arrest -> bail -> Code of Criminal Procedure 1973,"Dear Client,Hope this reply answers your query. Under some circumstances, a voice recording taken on a mobile phone may be admitted as evidence in court. Under Section 65 of the Indian Evidence Act, the recording would be regarded as secondary evidence because the original phone is missing. Both the legitimacy of the recording and an explanation for the loss of the original equipment must be provided by the party.A certificate certifying that the recording is an authentic copy from a trustworthy source is required by Section 65B for electronic evidence. The court may dismiss the evidence in the absence of this certificate. Furthermore, the two-year gap between recording and production could lead to suspicions of manipulation. The court will evaluate the chain of custody and the reasons behind the delay.","The acceptance of voice recordings as evidence depends on compliance with legal requirements, including certification under Section 65B of the Indian Evidence Act. If the original device is missing and no forensic examination or witness examination occurred, the court may question the reliability of the evidence. Ultimately, the court will decide based on the circumstances and adherence to procedural rules.",3.6371,80.6368,18.8586,2.7611,16.4574,16.2359,28.0095,4.7494,1.3102,1.7171,0.5575,19.7191,49.1454,49.9085,84.9892
136,"I was adopted by my aunt and her husband when I was a year old . My uncle passed away 10 years ago . Since the adoption happened between the family, my aunt uses black magic to separate me from my biological parents with whom I started to be very close to after my aunt was arrested 9 years ago right after my uncle's passing. I have proof with me where I found my name along with my parents name on a piece of paper and a few symbols drawn on top of it and tied to a neem tree along with another proof where I managed to click photos of my aunt's nails in one piece of paper and ashes with remains of her nails in another piece of paper which she mixes in the food I eat. How do I fight for my life from the woman harasses me and practices witchcraft on me?( Kolkata, West Bengal )",IPC_354 -> PROC_REGULAR_BAIL -> IPC_489A -> NI_ACT_AMENDMENT_2018,IPC_354 -> PROC_REGULAR_BAIL -> IPC_489A -> NI_ACT_AMENDMENT_2018 -> NIA_138 -> Negotiable Instruments Act 1881 -> counterfeiting -> Indian Penal Code 1860,"Dear ClientFirstly, you should consider contacting the police and reporting the harassment and the use of black magic against you. This is a serious offense, and the police can take appropriate action against your aunt.Additionally, it may be helpful to seek the support of a therapist or counselor to help you cope with the emotional impact of this situation. A therapist can also help you develop strategies to deal with your aunt's harassment and protect yourself from further harm.You may also want to consider seeking legal help to gain protection orders against your aunt, or even seek an order of protection from the court, which can legally restrict her from contacting you or coming near you.In the meantime, it's important to be vigilant about what you eat and where you stay. Make sure to only eat food that you prepare yourself or that comes from a trusted source. It may also be helpful to stay with someone you trust, who can provide you with emotional support and protect you from your aunt.Remember that you have the right to protect yourself and seek help from others. Don't hesitate to reach out to authorities, legal professionals, or other support resources to help you get through this difficult time.Thank You","The fact-rule-chain provided does not directly address issues related to black magic or harassment. You may consider contacting local authorities or seeking legal advice for protection and to address the harassment. It might also be helpful to gather more evidence and consult with a lawyer familiar with local laws in Kolkata, West Bengal.",0.4701,54.5211,18.8586,2.7611,16.4574,16.2359,28.0095,4.7494,1.3102,1.7171,0.5575,19.7191,49.1454,49.9085,84.9892
137,"My wife filed case against me and my family members in protection of women against domestic violence act in section 12,18,19,20,22,23. What is this case about? Should I have to appear in court? What steps should I have to take now?( Hooghly, West Bengal )",CRPC_41 -> CRPC_73 -> CRPC_160 -> CRPC_167,CRPC_41 -> CRPC_73 -> CRPC_160 -> CRPC_167 -> PROC_REGULAR_BAIL -> bail -> Code of Criminal Procedure 1973 -> arrest,"Dear ClientThe case is about to seek monetary relief for the loss or damage caused due to domestic violence., compensation to be paid to the woman for any injuries or harm caused as a result of domestic violence., to seek temporary or permanent custody of any children that may be involved in the case. You have to attend the court proceedings as per the schedule mentioned in the notice. Please consult a lawyer who specializes in family law.",This case is about allegations of domestic violence under the Protection of Women from Domestic Violence Act. You may need to appear in court as part of the proceedings. It is advisable to consult a lawyer to understand the steps you should take.,3.8757,72.0928,18.8586,2.7611,16.4574,16.2359,28.0095,4.7494,1.3102,1.7171,0.5575,19.7191,49.1454,49.9085,84.9892
138,"My relative was Trapped by ACB Red handed by demanding and accepting bribe amount of 5000/- in 2011, as stated by the charge sheet7and13(1)(d),13(2)(yet trials not started), but on the day of incident the acb forced the accused and man handled everything which was audio recorded by the accused son who is witness in the charge sheet, can they file quash petion in HC under 482crpc will that be standing as a base? Audio recording is the only evidence they have to prove them not guilty( Hyderabad, Telangana )",CRPC_173 -> CRPC_205 -> CRPC_210 -> CRPC_216,CRPC_173 -> CRPC_205 -> CRPC_210 -> CRPC_216 -> Code of Criminal Procedure 1973 -> fir -> charge_sheet -> CRPC_302,"Dear ClientA quash petition can be filed under Section 482 of the CrPC to challenge charges against the accused. The success of such a petition depends on various factors, including the evidence available. If an audio recording of the incident is available, it may be used as evidence to support the quash petition.Please seek an expert legal advice over this matter.","Filing a quash petition under Section 482 of the CrPC is possible, but success depends on the court's discretion and evaluation of the evidence. The audio recording may be considered, but it is not guaranteed to be sufficient to quash the proceedings. Legal advice from a lawyer familiar with the case specifics is recommended.",12.5827,79.9167,18.8586,2.7611,16.4574,16.2359,28.0095,4.7494,1.3102,1.7171,0.5575,19.7191,49.1454,49.9085,84.9892
139,"Is there in possibility of auto withdrawal of case?  I haven't got info about my case since last three months. I don't opted for lawyer.( Kolkata, West Bengal )",DK_BASU_1997 -> CRPC_210 -> CPC_24 -> CRPC_156,DK_BASU_1997 -> CRPC_210 -> CPC_24 -> CRPC_156 -> PROC_FIR_FILING -> CRPC_41 -> Code of Criminal Procedure 1973 -> CRPC_167,If you want to withdraw a case you need to file an application for the same. Thanks,The fact-rule-chain does not mention auto withdrawal of cases. It's important to check with the court or relevant authorities for updates on your case. Consider seeking legal advice for further assistance.,1.6277,62.5876,18.8586,2.7611,16.4574,16.2359,28.0095,4.7494,1.3102,1.7171,0.5575,19.7191,49.1454,49.9085,84.9892
140,"Sir, me Hindu mera land Muslim ke pass sale kar raha hu  iske Karan 50-60 neighbours humare Ghar me ake mera absence pe mera mammi ke upar bohot Dara dhamka ke gaya. Aur mera mammi case diya  direct court pe lagvag 2 mahine pahele,crpc section 144/107 ke adhar par. To Mera question hai ki kya kya mera mammi ya fir mujhe court se bulawa ayega. Agar ayega to mujhe kya karna padega( Dhubri, Assam )",CRPC_154 -> CRPC_156 -> CRPC_200 -> CRPC_210,CRPC_154 -> CRPC_156 -> CRPC_200 -> CRPC_210 -> Code of Criminal Procedure 1973 -> PROC_CHEATING_FRAUD -> PROC_KIDNAPPING -> PROC_DEFAMATION,Dear sirYou may go to session court and get stay or set aside order against 144/107 of crpc. You may file permanent injuction suit.,"If a case is filed in court, there is a possibility that you or your mother might receive a summons to appear. It is important to follow any court instructions you receive. You may want to consult a legal professional for guidance on the next steps.",3.3547,42.8355,18.8586,2.7611,16.4574,16.2359,28.0095,4.7494,1.3102,1.7171,0.5575,19.7191,49.1454,49.9085,84.9892
141,"My girlfriend is house arrested from past 5 month's she is 19 years old . She called me to take her from her home she is so strong to come out. What can i do please help me( Hyderabad, Telangana )",IPC_354 -> IPC_448 -> IEA_27 -> SUBRAMANIAN_SWAMY_2016,IPC_354 -> IPC_448 -> IEA_27 -> SUBRAMANIAN_SWAMY_2016 -> ART_21 -> CRPC_41 -> Code of Criminal Procedure 1973 -> Indian Penal Code 1860,"Dear Sir,You have to file a Writ Petition called Habeas Corpus in High Court. You must be sure that when she produced before the High Court she must say that she will marry you.","If your girlfriend is being held against her will, it may be a violation of her rights under Article 21. You can consider contacting local authorities or legal professionals for assistance. It's important to ensure her safety and seek appropriate help.",2.2996,44.0933,18.8586,2.7611,16.4574,16.2359,28.0095,4.7494,1.3102,1.7171,0.5575,19.7191,49.1454,49.9085,84.9892
142,"Hi Sir,

In my case Tasildhar office has lost original  Unnatural Death Report (UDR report) and Police officers have lost the original FIR report,is it suggest able to proceed with certified copies or do we have any other process to proceed further.

Please suggest

Thank you( Bangalore, Karnataka )",CRPC_154 -> CRPC_156 -> CRPC_200 -> CRPC_210,CRPC_154 -> CRPC_156 -> CRPC_200 -> CRPC_210 -> charge_sheet -> PROC_KIDNAPPING -> PROC_CHEATING_FRAUD -> PROC_DEFAMATION,"Dear client,There is some confusion here. FIR cannot be lost. It is not a lose document but a part of a register. If your complaint is lost, the remedy is to write another complaint, take it personally to the police station and insist on getting a receipt and registering it as an FIR if it constitutes a cognizable offence. You are entitled to get a copy of this . If there is a problem send a copy of this to the SP/ DCP by registered post.",You can proceed with certified copies if the original documents are lost. It's generally acceptable to use certified copies in legal processes. Consider consulting with a legal professional for specific guidance.,0.5256,54.9538,18.8586,2.7611,16.4574,16.2359,28.0095,4.7494,1.3102,1.7171,0.5575,19.7191,49.1454,49.9085,84.9892
143,"Sir gali galauz ke wajah se mere bhai ko mere padosh wale maar diye aur usko brain hemorrhage ho gya h aur wo log ulta me hmare taraf se mar pit ka ek application likh kr thana me de diye h jisase hmara case ekdm kamjod ho gya hai( Siwan, Bihar )",MANEKA_GANDHI_1978 -> CRPC_156 -> PROC_MAINTENANCE -> ARNESH_KUMAR_2014,MANEKA_GANDHI_1978 -> CRPC_156 -> PROC_MAINTENANCE -> ARNESH_KUMAR_2014 -> ART_21 -> CRPC_41 -> Code of Criminal Procedure 1973 -> ART_14,"Case ko strong banatee haai, magar aapne nahi bataya haai ki aap kuansee State aur City maai rehatee hoo. Hum court see order nikalengee aur case strong ho jayegaa  brain hemorrhage ho gya haai toh samnewale ko nuksaan harjannaa dena padegaa.If you realize my professional skills, the time & efforts put in by me needs to be truly appreciated, and then Please âCLICK MY LIKES/ THUMBS UP/GIFTâ button shown below this reply format & also CLICK/ WRITE a âREVIEWâ in 5 star as I have answered your query in detail. Hope this information is usefulADV. ANISH PALKAR (High Court)",Your brother's situation may involve issues of personal liberty and fair procedure under Article 21. The police should investigate the matter fairly as per the Code of Criminal Procedure. You may consider seeking legal advice to address the false application against you.,0.3017,24.0563,18.8586,2.7611,16.4574,16.2359,28.0095,4.7494,1.3102,1.7171,0.5575,19.7191,49.1454,49.9085,84.9892
144,"Arrest in NBW. Can a person be arrested in any part of India if traced in city where he is holidaying. What's the procedure how we inform police about this person as wanted and NBW is issued in his name( Mumbai City, Maharashtra )",CRPC_41 -> CRPC_73 -> CRPC_160 -> CRPC_167,CRPC_41 -> CRPC_73 -> CRPC_160 -> CRPC_167 -> Code of Criminal Procedure 1973 -> PROC_REGULAR_BAIL -> bail -> arrest,"Dear Sir,Under warrant (NBW) police have long hands to arrest such person anywhere in India. You may inform the Police or Accompany the police to trace out that person and immediately arrest him.","Yes, a person with a Non-Bailable Warrant (NBW) can be arrested in any part of India. The police in the city where the person is found should be informed about the NBW issued in Mumbai. They can then proceed with the arrest according to the Code of Criminal Procedure.",4.0718,80.5478,18.8586,2.7611,16.4574,16.2359,28.0095,4.7494,1.3102,1.7171,0.5575,19.7191,49.1454,49.9085,84.9892
145,"I given amount to Sunil Kumar by card for his car diesel and also through Google pay and also he taken mobile loan in my name and he promised he will pay loan amount every month for mobile loan and later he escaped with mobile neither he didn't my money and also he didn't pay mobile loan but he taken mobile on July 31st I traced his house but he harrested me in public.. some public person took me to hospital doctor given some medicine after then to escape from this incident Sunil taken fever tablet and I hospitalized him and I spent money for him evening Sunil wife came to hospital. Her name Sudha he black mailed me Sunil got kidney problem I should spend money if any thing happened him u r the responsible...but with out informing me they shifted hospital later on Sudha said she will give money she will pay for mobile loan she will responsible but later All number got switched off and home also shifted later I traced New house I gone on 25aug evening Sudha hold my hair and she pulled me inside They closed All window door and main door They brutally beaten me in instrument and I got nervous and I got wound in my wrist and they damaged my mobile and they used abuse words and actions and bad behaviour.Before IAM going to police station they went to police station they given complaint against me..I Black mailed them... they didn't damaged my mobile ..next day NCR complaint has raised from my end.Police said they will call next day but next day We went they are two damaged mobile one is me and one is Sunil took your mobile so I opened both the cover I saw my mobile full pieces mobile is there And police saying I damaged Sunil mobile also ...I don't know how because I never ever touch his mobile ... police saying come on next month 10th how careless police handling...Plz give information how to file fir against four persons.. what are the section against them...( Bangalore, Karnataka )",CRPC_154 -> CRPC_156 -> CRPC_200 -> CRPC_210,CRPC_154 -> CRPC_156 -> CRPC_200 -> CRPC_210 -> fir -> PROC_CHEATING_FRAUD -> PROC_FIR_FILING -> PROC_KIDNAPPING,You will need to file case against them immediately to the private complaint in court with the help of the local lawyer,"To file an FIR against the four persons, you can refer to CRPC_154 and PROC_FIR_FILING. You should visit the local police station and provide all relevant details and evidence about the incidents. The police will guide you on the specific sections applicable based on your complaint.",1.9405,52.9081,18.8586,2.7611,16.4574,16.2359,28.0095,4.7494,1.3102,1.7171,0.5575,19.7191,49.1454,49.9085,84.9892
146,"On 31st jan 2023 I being a public servant was severely physically assaulted by an person the police didnot lodged f.i.r. against him instead filed non fir prosecution report under 323 and 506 ipc in which the accused pleaded guilty and sentenced to pay fine after that he applied for sc certificate and filed a false fir on the same incident under sc st act please provide legal solutions( Kolkata, West Bengal )",CRPC_154 -> CRPC_156 -> CRPC_200 -> CRPC_210,CRPC_154 -> CRPC_156 -> CRPC_200 -> CRPC_210 -> fir -> PROC_FIR_FILING -> PROC_CHEATING_FRAUD -> PROC_KIDNAPPING,"Dear Client,You can file a petition before the High Court to quash the false FIR filed under the SC/ST Act. The grounds for quashing can be lack of prima facie evidence, malafide intent, and the fact that the FIR was lodged after the accused pleaded guilty in the previous case. If the police did not lodge an FIR against the accused in the first instance, you can approach higher authorities, like the Superintendent of Police or the State Human Rights Commission, to lodge a complaint against the police for negligence or malafide actions. You can also file a writ petition in the High Court, directing the police to take appropriate action. If the non-FIR prosecution was insufficient and the accused deserved more severe punishment, you can appeal the decision or file a revision petition in a higher court to challenge the leniency of the sentence. We hope that our response is helpful to you.","You may consider challenging the false FIR under the SC/ST Act by presenting evidence of the previous proceedings where the accused pleaded guilty. You can also seek legal advice to explore options for filing a complaint or application to quash the false FIR. Consulting a lawyer in Kolkata, West Bengal, could provide specific guidance based on local laws and procedures.",4.8987,84.2709,18.8586,2.7611,16.4574,16.2359,28.0095,4.7494,1.3102,1.7171,0.5575,19.7191,49.1454,49.9085,84.9892
147,"Actually a psychopath (AsPD) is continuously fabricating firs against me and my family and my witnesses. In this process he involves local police station on basis of corruption. Even though I have placed cctvs all around yet police invariably supports him. Police neglects all independent witnesses and cctv recordings and other vediographies.
He has fabricated 6 firs against me and my family and my witnesses. Going higher police officers paid least, but during 2019 and 2020 a higher police officer on visualising videos and hearing to independent witnesses stopped 2 firs and orally directed police station to only proceed if complainant provides independent witness. In all firs against us witnesses are from family members of psychopath.
As higher ips officer was posted here police station was not processing 2 pending firs due to lack of independent witness.
Recently said ips officer was transferred and said psychopath manipulated police on basis of corruption and they start harassing me again. Before I could have managed any help from higher ups, police raided my house and forcibly entered and arrested me. Now I am on bail. Even a non practising high court advocate have been fixed in one fir as he was eyewitness to a one fir against said psychopath.
My problem by now is that in these two pending firs police have fixed my children (other than one all being minor).
In recent Neet result my elder daughter got selected for MBBS and my 2nd daughter is one among toppers in CA foundation. Fixing my daughters in fabricated firs has put me in constant stress.
If you can help please advice.
During past 5 years only 1 challan has entered phase of witnesses, and 2 witnesses have submitted 2 different and distant places of occurance of act. Which proves perjury.
Further deficits in 4 challans are.
For 1 fir IO had recorded statements after 14 months of claimed occurrence with dates of same day as is of fir. Said IO got transferred in to said police station after 14 months of registration and statements are in his hand writings.
For other challan IO had himself written complaint and signed himself for complainant, as complainant is solely illiterate and has admitted in statement in cout that she only gives thumb impression and can neither identify signature nor can perform signature. Other documents too have signature of complainant instead of thumb impression.
For other challan same witness thumb impression is not present and some other person has made her signature. Further in court she did thumb impression.
MLC has been forged by IO and forgery is easily visible and at multiple places. Only date has been changed twice through forgery.
FIR has been lodged on 21th of month and application for fir is dated 22th. On 22th medical was done, to suit things IO has changed date of MLC at 2 different places. Simple injury and crpc 307 has been charged.
We have dozens of videos showing that psychopath entering my residence and indulging in violence with showels, breaking our glass pans and beating women along with his 2 mega sized sons and his uncontrolled wife.
Please advice some practical and short time consuming remedy?( Baramula, Jammu and Kashmir )",IPC_182 -> IPC_191 -> IPC_192 -> IPC_193,IPC_182 -> IPC_191 -> IPC_192 -> IPC_193 -> perjury -> Indian Penal Code 1860 -> IPC_120B -> criminal_conspiracy,"Dear client,file for criminal trespass, damage to your property, nuisance against him.Thank you","It seems you are dealing with false accusations and possible perjury, which are addressed under IPC sections like IPC 191, IPC 192, and IPC 193. You might consider gathering evidence of these false claims and presenting them to higher authorities or the court. Consulting a local legal expert could help you explore options like filing a complaint for perjury or criminal conspiracy under IPC 120B.",0.8557,34.0167,18.8586,2.7611,16.4574,16.2359,28.0095,4.7494,1.3102,1.7171,0.5575,19.7191,49.1454,49.9085,84.9892
148,"Group of 9 people done this to my mother,,
1.Finance at 25%
2.Mental harassment
3.Blackmail
4.Fraud
5.Violence
6.Notary fraud
7.Jewellery fraud
8.Document fraud
9.EMI fraud
10.organ fraud
But nobody is taking FIR in malwani police station what should I do.
I have evidence.
I have witness.
I have massages.
I have recordings.( Mumbai, Maharashtra )",CRPC_154 -> CRPC_156 -> CRPC_200 -> CRPC_210,CRPC_154 -> CRPC_156 -> CRPC_200 -> CRPC_210 -> fir -> PROC_CRIMINAL_BREACH_TRUST -> PROC_FIR_FILING -> PROC_CHEATING_FRAUD,"Give you mr return complnait in police stataion , and if police isn't taking any action then gave representation to SSP and still if no any action being taken then file direction petition in High Court of beofre Illaqa Magisrate... engeg any lawyer and talk with them they would good you.",You can approach the court to file a complaint under CRPC_200 if the police are not registering the FIR. The court may direct the police to investigate under CRPC_156. Ensure you have all your evidence and witnesses ready.,1.1577,54.8538,18.8586,2.7611,16.4574,16.2359,28.0095,4.7494,1.3102,1.7171,0.5575,19.7191,49.1454,49.9085,84.9892
149,"Sir I am working with SBI as manager one of my borrower has vacant the charge on the basis of photocopy of no dues the original is in bank which is issued by me but not delivered but the police says that it is a case of fraud which is committed by borrower with the help of me and arrested me 2 years ago right now I am on bail given by high court( Ganganagar, Rajasthan )",CRPC_154 -> CRPC_156 -> CRPC_200 -> CRPC_210,CRPC_154 -> CRPC_156 -> CRPC_200 -> CRPC_210 -> charge_sheet -> PROC_CHEATING_FRAUD -> PROC_KIDNAPPING -> PROC_DEFAMATION,"Dear Sir,Such cases are frequent and innocent officers like you are the scapegoat. Nothing to worry. Please hire the legal services of senior service advocate and on legal point get discharge or quash the FIR if charge is not filed. You will justice in High Court or Supreme Court only. You should not go for trial which may take years together.","It seems the police consider this a case of fraud, possibly linked to PROC_CHEATING_FRAUD. Since you are on bail, the legal process is ongoing. It might be important to consult with a legal professional for guidance on your situation.",1.9734,59.038,18.8586,2.7611,16.4574,16.2359,28.0095,4.7494,1.3102,1.7171,0.5575,19.7191,49.1454,49.9085,84.9892
150,"I paid money to builder for construction of building, against which he had agreed to sale flat at the agreed rate. Accordingly, he he had made an agreement in non-judicial stamp paper. After lapse of time, he did not sale the flat at the agreed rate, but agreed to refund my money with interest by an agreement in non-judicial stamp paper, and issued me cheques. Now I found that there in no money in his bank account. Then please advice me what I have to do now.( Kolkata, West Bengal )",NIA_138,NIA_138 -> Negotiable Instruments Act 1881 -> PROC_CHEQUE_BOUNCE -> cheque_bounce -> Q_9,"Hi client,You can send him a well drafted Legal Notice at first. Then if he doesn't respond lodge an F.I.R. . Accordingly file a case by consulting a good advocate.Thanks and Regards","You may consider initiating a cheque bounce case under the Negotiable Instruments Act, 1881. This act provides a legal remedy if a cheque is dishonored due to insufficient funds. It might be helpful to consult a legal professional for guidance on the process.",1.3822,32.8042,18.8586,2.7611,16.4574,16.2359,28.0095,4.7494,1.3102,1.7171,0.5575,19.7191,49.1454,49.9085,84.9892
151,"There is non congnizible case against me and my and father at homwtown under IPC 427,504,506,34 for damaging farm and abusing. That farm belong to my father with his brothers. Complaint registered by one of his brother's son. I work at diffrenet city hence no summons provided to us. 1) In that case will there be a bailable warrent against us? 2) As I work in diff city will that warrent go back to court and what may happen next? 3) How can I face this in high court under crpc 482 to cancel case 4) I dont trust any lawyer at my homtown. How can I decide to pay lawyer if he is from other city to travel, fees etc?( Pune, Maharashtra )",PROC_SCST_COMPLAINT -> PROC_FIR_FILING -> DP_3 -> CRPC_210,PROC_SCST_COMPLAINT -> PROC_FIR_FILING -> DP_3 -> CRPC_210 -> fir -> Code of Criminal Procedure 1973 -> charge_sheet -> dowry_harassment,"Dear Sir,You may immediately approach High Court and you may get stay on such investigation.Please call me and take PAID legal consultancy on my mobile through the administrators of this website.","If a non-cognizable case is filed, a bailable warrant might be issued if you fail to appear. The warrant could be returned to the court if not served, and further legal steps may follow. For legal proceedings like filing under CrPC 482, consider consulting a lawyer, possibly from another city, and discuss fees and travel arrangements directly with them.",0.9351,43.3874,18.8586,2.7611,16.4574,16.2359,28.0095,4.7494,1.3102,1.7171,0.5575,19.7191,49.1454,49.9085,84.9892
152,"Sir ladayi huyi thi 2 parties me . Us ladayi me done parties ke people injured huye the.. police ne hamari f.i.r me hospital ke c.r number bi likhe the jo admit the.. but hamare ik bande to jada injurey huyi thi. Doctrs ne head opration kiya tha . Aur aj vi wo walk nahi kr skta. Doctrs 61? disiable certificate diya hai... But police ne dusri party se mil kr ..dusri party ki help ki... Dusri party ne f.i.r nahi karvayi.. aur police ne i.p.c 307 nahi i.p.c 308 laga dii.... Sir m puchna chah ta hu ke jab dono parties ke people injured ho.. aur  dono parties ke people hospital admit ho .. fir police ne i.p.c 308 kaise laga dhi...please mujhe bata do m kya karu aab( Rupnagar, Punjab )",CRPC_154 -> CRPC_156 -> CRPC_200 -> CRPC_210,CRPC_154 -> CRPC_156 -> CRPC_200 -> CRPC_210 -> fir -> PROC_FIR_FILING -> PROC_CHEATING_FRAUD -> PROC_DEFAMATION,Make a complaint with SP. File a writ petition in the high court against the police. If you think the police had been bribed then give a written representation to the Vigilance department for inquiry. You can also approach human right commissioner for your grievances.,"If you believe the police have not applied the correct IPC section, you can file a complaint with higher police authorities or approach the court. You may also consider consulting a legal professional for guidance on challenging the police action. It's important to gather all relevant medical and incident evidence to support your case.",5.1021,62.3802,18.8586,2.7611,16.4574,16.2359,28.0095,4.7494,1.3102,1.7171,0.5575,19.7191,49.1454,49.9085,84.9892
153,"My girlfriend got married with me 2 years ago I have proof now she can't marry me due to her family's disapproval what should I do 8 years of love we still talk( Bankura, West Bengal )",IPC_354 -> DK_BASU_1997 -> JOGINDER_KUMAR_1994 -> PROC_DOWRY_HARASSMENT,IPC_354 -> DK_BASU_1997 -> JOGINDER_KUMAR_1994 -> PROC_DOWRY_HARASSMENT -> CRPC_41 -> Code of Criminal Procedure 1973 -> ART_21 -> CRPC_167,"Dear Client,In this context, a recent verdict of the Supreme Court passed in the case of Dolly Rani Vs. Manish Kumar Chanchal Citation: 2024 SCC OnLine SC 754 may be referred to access the status of your case in the given scenario. The Supreme Court said that if a Hindu marriage is not performed following the applicable rites or ceremonies such as 'saptapadi' (taking seven steps by the groom and the bride jointly before the sacred fire), the marriage will not be construed as a Hindu marriage. The Court held that a marriage certificate is valid proof of Hindu marriage only when the marriage ceremony has been performed as per Section 7 of the Court observed that for a valid marriage under the Act, the requisite ceremonies have to be performed and there must be proof of performance of the said ceremony when an issue/controversy arise. Unless the parties have undergone such ceremony, there would be no Hindu marriage according to Section 7 of the Act and a mere issuance of a certificate by an entity in the absence of the requisite ceremonies having been performed, would neither confirm any marital status to the parties nor establish a marriage under Hindu law. In view of the above averment of the Apex Court, even if a marriage certificate is issued on registration of marriage under HMA, in the absence of performance of ceremonies or rites post-registration of marriage cannot be considered a valid marriage. Accordingly,   no legal remedy or relief is feasible in the matter even through litigation.","It seems there might be a misunderstanding about your marital status. If you believe there is a legal issue, you may need to consult a legal professional to understand your rights and options. It's important to address any legal concerns with proper guidance.",0.0203,48.5749,18.8586,2.7611,16.4574,16.2359,28.0095,4.7494,1.3102,1.7171,0.5575,19.7191,49.1454,49.9085,84.9892
154,"Sir, i applied for NEW  voters I D and corrections voters ID names And address with all their necessary documents, through my mobile No receiving O T P Number, is it illigal ?( Bangalore, Karnataka )",IPC_411 -> JOGINDER_KUMAR_1994 -> ARNESH_KUMAR_DIRECTIONS_2014 -> PROC_FORGERY,IPC_411 -> JOGINDER_KUMAR_1994 -> ARNESH_KUMAR_DIRECTIONS_2014 -> PROC_FORGERY -> theft -> Indian Penal Code 1860 -> CRPC_41 -> Code of Criminal Procedure 1973,"Dear client,This is illegal. You have to give their own number for the purpose of maintaining privacy. Your action is misleading and in violation of privacy",Applying for a voter ID and making corrections with necessary documents and OTP verification is generally a legal process. The fact-rule-chain does not indicate any illegality in this action. Ensure all information provided is accurate to avoid issues related to forgery or misrepresentation.,1.3766,30.0274,18.8586,2.7611,16.4574,16.2359,28.0095,4.7494,1.3102,1.7171,0.5575,19.7191,49.1454,49.9085,84.9892
155,"Sir, my father had told the girl's family about the marriage. My father was known to the boy's family, so after seeing that, the girl's family got married...In this situation my father was mediator... Now the boy doesn't want to be with that girl because the boy likes another girl... So the girl's family is saying that they will file a police case against your father. Even if you knew, we got married to this boy... The truth is, my father didn't know that the boy likes another girl... Sir, what could have happened? Please help.( Ahmedabad, Gujarat )",DP_3 -> ART_39A -> IPC_182 -> HUSSAINARA_KHATOON_1979,DP_3 -> ART_39A -> IPC_182 -> HUSSAINARA_KHATOON_1979 -> CRPC_167 -> Code of Criminal Procedure 1973 -> perjury -> PROC_REGULAR_BAIL,"Dear Sir,It is beyond the knowledge of your father about the love affair of that guy. If any complaint is lodged then your father may approach High Court and get a stay and ultimately such complaints may be quashed.","It seems the girl's family might consider legal action against your father, possibly alleging some form of misrepresentation. However, if your father genuinely did not know about the boy's other relationship, it might be challenging to prove any wrongdoing. It could be helpful to seek legal advice to understand the situation better.",2.6796,70.9745,18.8586,2.7611,16.4574,16.2359,28.0095,4.7494,1.3102,1.7171,0.5575,19.7191,49.1454,49.9085,84.9892
156,"i bought a second hand car in second hand car showroom in november 2018.the showroom owner hasnât transferred to me and i have given a complaint in police station in march 2019 but they are not filed fir on that time. after two years showroom owner transferred to me in 2021febraury and i sold that car to x person in 2021 july. that x person wants to sell the car in 2023 february.but he failed to transfer to another person y. due to police filed a case u/s420ipc on showroom owner because showroom owner not given money to previous owner. so previous owner filed a case on showroom owner. so what should i have to do for car registration unblock from rto in andhra pradesh?( Vijayawada, Andhra Pradesh )",CRPC_154 -> CRPC_156 -> CRPC_200 -> CRPC_210,CRPC_154 -> CRPC_156 -> CRPC_200 -> CRPC_210 -> fir -> PROC_SCST_COMPLAINT -> PROC_CHEATING_FRAUD -> PROC_KIDNAPPING,"Dear Sir,You have to make a representation to the show room authorities and explain the situation to the Police so that you should be involved in future in the above case.","You may need to contact the RTO to understand the specific reason for the block and provide any necessary documents showing the transfer history. Since the issue involves a case under section 420 IPC, you might also need to consult with a legal professional to resolve any legal complications related to the car's registration.",2.0728,23.8428,18.8586,2.7611,16.4574,16.2359,28.0095,4.7494,1.3102,1.7171,0.5575,19.7191,49.1454,49.9085,84.9892
157,"IN FIR mentioned dated and spot of crime I was not there .I was in my company and used finger thumb access used in office.
1) My dought is court which date will take an action , FIR date ?
2)Iam having Company my office thumb biometric report and attendance report is it enough for court ?( Chittoor, Andhra Pradesh )",CRPC_173 -> CRPC_205 -> CRPC_210 -> CRPC_216,CRPC_173 -> CRPC_205 -> CRPC_210 -> CRPC_216 -> charge_sheet -> fir -> Code of Criminal Procedure 1973 -> CRPC_302,"Without seeing FIR, and what charges placed on you, your biometric proof may /may not be sufficient. If it is office, they will not only take Biometric, they take CCTV recordings and other information. That may be used in the actual Trial in criminal court. After FIR, Police do Investigation and then submit the report to Magistrate( Judge). Thumb access is prone to tampering, having limited value, may help.","The court will consider the FIR date as part of the proceedings. Your company's thumb biometric and attendance report can be presented as evidence to support your claim, but the court will decide its sufficiency. It's advisable to consult with a legal professional for guidance.",0.729,64.8995,18.8586,2.7611,16.4574,16.2359,28.0095,4.7494,1.3102,1.7171,0.5575,19.7191,49.1454,49.9085,84.9892
158,"Hello sir/madam, Sir one of my friend have filed a flase FIR stating that his house have been robbed and he have lost jewelry Worth 30 lakh.The police have found that no such robbery had happened.and the whole FIR was flase.he have been hiding from the police since 1 month. Now how can the police take action against him..or will the police just let him go by closing the case..can police take action against him for filling a false FIR.( Kolhapur, Maharashtra )",CRPC_154 -> CRPC_156 -> CRPC_200 -> CRPC_210,CRPC_154 -> CRPC_156 -> CRPC_200 -> CRPC_210 -> fir -> PROC_KIDNAPPING -> PROC_CHEATING_FRAUD -> PROC_DEFAMATION,Go to the high court or file petition for quashing FIR under section 482 of crpc,"The police can take action against your friend for filing a false FIR. Filing a false report is a serious offense, and the police may proceed with legal action based on their findings. It is unlikely they will just close the case without consequences.",1.0009,23.814,18.8586,2.7611,16.4574,16.2359,28.0095,4.7494,1.3102,1.7171,0.5575,19.7191,49.1454,49.9085,84.9892
159,"FIR registered in October and got ABA in sessions court in January 2024. 
After bail in court, IO visited for panchnama and 3 days later I was asked by IO in a call to visit the police station with witnesses for bail procedure. I followed the process at police station. It was then the IO handed a letter which stated that investigation is complete and I need to be in court for bail process next week. My lawyer back then advised to complete bail process in the court whenever we get a next date. However, for 3 months, there was nothing online about a case registered with our FIR number in the said magistrate court.

After 3 months, we got similar letter from IO stating that investigation is complete and we need to be at court with witnesses on 6th May.
This time , I visited the court and the clerk said that case gets filed when I come with witnesses to the court for bail process. Is this correct process?( Mumbai suburban, Maharashtra )",CRPC_154 -> CRPC_156 -> CRPC_200 -> CRPC_210,CRPC_154 -> CRPC_156 -> CRPC_200 -> CRPC_210 -> fir -> PROC_CHEATING_FRAUD -> PROC_KIDNAPPING -> PROC_FIR_FILING,"Dear Client,Your query does not provide enough clarity about the issue. It is important to know the cause of action in the said case to answer your question precisely. You can connect with your advocate for further recourse and guidance in the matter.Thank you.","The process described seems to involve procedural steps related to bail and court appearances. It is not uncommon for the case to be filed or updated in court records when you appear with witnesses for the bail process. However, if there are concerns about the procedure, consulting with a lawyer for clarification is advisable.",4.3188,20.3297,18.8586,2.7611,16.4574,16.2359,28.0095,4.7494,1.3102,1.7171,0.5575,19.7191,49.1454,49.9085,84.9892
160,"In my case Prosecution sanction has issued demanding money for recording Measurements Book, that was not my duty, while ACB challan has framed charges for demanding money for signing completion certificate. When and at what stage I should challenge it. How I can get benifits for this .( Jaipur, Rajasthan )",IPC_383 -> IPC_384 -> CRPC_173 -> CRPC_205,IPC_383 -> IPC_384 -> CRPC_173 -> CRPC_205 -> Code of Criminal Procedure 1973 -> Indian Penal Code 1860 -> extortion -> charge_sheet,"Dear Client,Under Section 19 of the Prevention of Corruption Act, 1988, sanction for prosecution is required for an offence punishable under Sections 7, 10, 11, 13, 15 of the Act, while under Section 197(1) Cr. P.C. sanction is required for an offence committed by a public servant while acting or purporting to act in the discharge of his official duty, and not otherwise. After the amendment of the Prevention of Corruption Act, in 2018, it significantly extended the provisions of PCA and gave it the required edge to tackle bribery/corruption involving commercial entities/private companies. According to Section 9 of the amended Act, a commercial organization can be held liable âif any person associated with such commercial organization gives or promises to give any undue advantage to a public servantâ with an intent to obtain or retain business or any advantage for that commercial organization. This provision covers all types of entities (including domestic companies, foreign companies, and partnerships) doing business in India. Thus, while the PCA, 1988 applied to public sector employees, the Act has been amended to encompass situations where private organizations and individuals can also be held accountable for indulging in corrupt practices. Further, the CBI investigates cases of corruption in compliance with the provisions of the Prevention of Corruption Act 1988, under the supervision of the Central Vigilance Commission (CVC). This can include cases of bribery, extortion, and other forms of corruption. The CBI has a special division called the Anti-Corruption Branch (ACB). This branch handles the investigation of corruption-related cases. The CBI can initiate suo moto investigations on the basis of information received from the public, the media, or other sources. CBI lays great emphasis on catching corrupt public servants who demand and take bribes. The process of catching such corrupt public servants red-handed while they demand and take bribes is popularly called the 'trap'. It is not a legal term. A set procedure has been devised in CBI to lay a trap against a corrupt public servant. The evidence collected during the process of trap is placed before the court along with the charge sheet and is quite important in securing the conviction of the public servant charged with corruption. So, given the proposition of relevant laws, you may choose the recourse/steps that suit your grievance most in the prevailing situation, If required, hire an experienced Advocate to navigate the issues in the right way.","You can challenge the charges at the stage when the charge sheet is filed, as per CRPC_173. You might consider addressing discrepancies in the charges related to your duties. Consulting a legal professional for specific guidance would be beneficial.",0.0005,30.2808,18.8586,2.7611,16.4574,16.2359,28.0095,4.7494,1.3102,1.7171,0.5575,19.7191,49.1454,49.9085,84.9892
161,"Police gave call to come down to the Police Station for an Investigation I remember going into Wellness store and couple other stores and and stealing some Items like facewash , chocolate and protein powder The officer on the call told there was going to be an arrest now or then I didn't visit the PS then But now I am worried that I might get arrest just stolling the streets( Pune, Maharashtra )",CRPC_154 -> CRPC_156 -> CRPC_200 -> CRPC_210,CRPC_154 -> CRPC_156 -> CRPC_200 -> CRPC_210 -> charge_sheet -> PROC_FIR_FILING -> PROC_CHEATING_FRAUD -> PROC_KIDNAPPING,"Dear Client,A police officer cannot ask you to come to the police station by giving you a call. He must follow the conditions laid down under section 160 of CrPC. The summon must be issued to you in writing and must include the investigating Officerâs name, title, and address as well as information on the FIR and the offence.","If the police have called you for an investigation related to theft, it's possible they may arrest you if there is evidence against you. It's advisable to cooperate with the investigation process. Consider seeking legal advice to understand your options.",1.6119,34.8958,18.8586,2.7611,16.4574,16.2359,28.0095,4.7494,1.3102,1.7171,0.5575,19.7191,49.1454,49.9085,84.9892
162,"One person first l love him but she activities are not good she talking very bad and always she say give money so i leave but but she black mail me i  i come your house and i told all and relation this problem i( Vellore, Tamil Nadu )",IPC_383 -> IPC_384 -> IPC_415 -> IPC_417,IPC_383 -> IPC_384 -> IPC_415 -> IPC_417 -> cheating -> extortion -> PROC_CHEATING_FRAUD -> Indian Penal Code 1860,"Dear Client,If someone is blackmailing you by threatening to reveal your past relationship and demanding money, you should know that such actions are illegal under Indian law. Blackmail and extortion are criminal offenses under Section 383 and Section 384 of the Indian Penal Code. You have the right to protect yourself from such harassment. It is advisable to file a complaint with the local police, providing all the evidence of blackmail and threats. Additionally, you can seek the assistance of a lawyer to guide you through the legal process and ensure your safety and privacy. Do not give in to the demands, and let the authorities handle the situation.","The situation you describe may involve elements of extortion, as per IPC_383 and IPC_384, if someone is threatening to harm your reputation to obtain money. If you feel threatened or coerced, it might be helpful to seek legal advice or contact local authorities for assistance.",0.9827,58.8501,18.8586,2.7611,16.4574,16.2359,28.0095,4.7494,1.3102,1.7171,0.5575,19.7191,49.1454,49.9085,84.9892
163,"I am Dipa Mukherjee age is 59+ and my Brother in-law Arun Mukherjee continuously mentally and economically harassing me and my husband. My husband is a Senior citizen and seriously ill almost bedridden. My Brother in-law Arun Mukherjee taking that advantage. Previously he filed a false case against my husband and submit a false deed. We won that case 2017. Now we decided to give our house for promoting and Arun  Mukherjee  had taken Rs. 50,000 from promoters and he with that promoters together threatening us and blackmailing us. Gave us layer letter claiming Rs. 5 lack. Can I filled a 498a case against Arun  Mukherjee for this kind of harassment. Is there any age limit for filling this case? If I can't fill this case then how can I go further to fight against my brother in-law?( Kolkata, West Bengal )",CRPC_154 -> CRPC_156 -> CRPC_200 -> CRPC_210,CRPC_154 -> CRPC_156 -> CRPC_200 -> CRPC_210 -> fir -> PROC_SCST_COMPLAINT -> PROC_CHEATING_FRAUD -> PROC_DEFAMATION,"Dear Madam,You may file FIR and Complaint case against him. If he is residing jointly with you then a Domestic violence case may be filed.If he has withdraw â¹50000/- without your permission from promoters then ask all about how promoters allowed to give him such money. Make a clear deed / agreement with promoters with rights and benefits, if ur Bro. In Law is shre holder then clearly specify not without ur permission for any payment.If promoters defrauded with you or breach you file FIR u/s 420 and 120 , 467, 468 of IPC.If needed , feel free to contact contact for further guidance.Thanks","Based on the fact-rule-chain, filing a 498A case may not be applicable as it typically involves cruelty by a husband or his relatives towards a wife. You might consider other legal actions like filing a complaint for harassment or fraud. Consulting a legal professional for specific guidance on your situation is advisable.",0.6698,39.3411,18.8586,2.7611,16.4574,16.2359,28.0095,4.7494,1.3102,1.7171,0.5575,19.7191,49.1454,49.9085,84.9892
164,"I want to get examples of some cases in  which court has given punishment to the party and his lawyer for filing false affidavit in the court( Giridih, Jharkhand )",CRPC_317 -> IPC_182 -> DP_3 -> IPC_193,CRPC_317 -> IPC_182 -> DP_3 -> IPC_193 -> perjury -> Code of Criminal Procedure 1973 -> Indian Penal Code 1860 -> charge_sheet,"Sure, will help you.","The fact-rule-chain mentions IPC_193 and perjury, which relate to giving false evidence or fabricating false evidence in court. While specific cases from Giridih, Jharkhand, are not listed, filing a false affidavit can lead to punishment under these sections. The court can penalize both the party and the lawyer involved in such acts.",0.7068,8.5694,18.8586,2.7611,16.4574,16.2359,28.0095,4.7494,1.3102,1.7171,0.5575,19.7191,49.1454,49.9085,84.9892
165,"I am 75 years old, me and one member of my family have land in same survey no. We have been cultivating that land for generations in our allotted portion. In 2022 , that family member plowed sorghum in my allocated portion of land, we removed some of plants after few days. That man, with his money, he filed a criminal case against us in the police station and started harassing us, because the land owned by that man was not in a shape. Please note that this was his real intention behind filing criminal case.  and also, for several years he barely cultivates his portion of land. We could re-partion the land and give in his desired shape, but my portion will be shapeless. The police have issued summons to us. We are attending to the court every 2 months like the wrongdoers but they do not listen to our arguments at this stage.I have never been to the police station and court in my life. And I wasn't aware that I can goto high court and get this case squashed at that time. I and my family are suffering a lot from this wicked man.  My questions are, can we not plead in such a criminal case? How many years will the court ask me to attend the court? When will the judge hear our words? Can such a case not be dismissed? Your suggestion is very helpful to me and Thank you in advance.( Warangal, Telangana )",CRPC_154 -> CRPC_156 -> CRPC_200 -> CRPC_210,CRPC_154 -> CRPC_156 -> CRPC_200 -> CRPC_210 -> fir -> PROC_CHEATING_FRAUD -> PROC_FIR_FILING -> PROC_KIDNAPPING,"Dear Client,To address a false FIR/complaint filed against you, you can seek its quashing through a petition before the High Court under Section 482 of the Code of Criminal Procedure, 1973(replaced by Section 528 of the BNSS). The Sec.482 Cr. PC (Section 528 of the BNSS) empowers the High Court to dismiss an FIR or criminal proceedings against the accused. It is essential to prove to the court that the FIR was lodged with malicious intent to cause harm or inconvenience and is devoid of truth. The burden of proof rests on the petitioner. An application for the quashing of an FIR or criminal proceedings can also be filed before the High Court under Article 226 of the Constitution of India through a Criminal Miscellaneous Writ Petition invoking the extraordinary jurisdiction of the Court to quash an FIR or criminal proceedings. Speedy trial is a fundamental right implicit in the guarantee of life and personal liberty enshrined in Article 21 of the Constitution of India and any party to a litigation who is denied this right of speedy trial is entitled to approach the High Court under Article 226 of the Constitution of India to enforce such right.  Apart, you can put up an application before the trial Court praying for the transfer of your case to a Fast Track Court or Lok Adalat for speedy trial by expressing the reasons/causes in the application The Chief Justice of India has addressed the Chief Justice of all the High Courts across the country advising them to identify and dispose of cases on a priority basis in which persons above 65 years of age are involved. These include long pending cases of senior citizens, pensioners, and retired Government servants on a priority basis.","You may need to continue attending court as required until the case progresses. The judge will hear your side when the court proceedings reach that stage. If you believe the case is unjust, you might consider consulting a legal professional about possible options, such as filing a petition in a higher court.",0.0344,50.5314,18.8586,2.7611,16.4574,16.2359,28.0095,4.7494,1.3102,1.7171,0.5575,19.7191,49.1454,49.9085,84.9892
166,"Itâs been 1 years and 3 months since I have been released from jail ,  because of 3,19 gram of heroin, now Iâm going every month for court appearance, my question is  will I go to jail again after trial ? And why itâs so taking long time in HIMACHAL  SHIMLA( Shimla, Himachal Pradesh )",DP_3 -> SATENDER_ANTIL_BAIL_GUIDELINES_2022 -> IPC_494 -> SATENDER_ANTIL_2022,DP_3 -> SATENDER_ANTIL_BAIL_GUIDELINES_2022 -> IPC_494 -> SATENDER_ANTIL_2022 -> ART_21 -> CRPC_41 -> Code of Criminal Procedure 1973 -> bigamy,"Dear Sir,In every State the Trials will take for a longer time due to heavy burden of cases, non-appearance of witnesses due to non service of summons etc. Be aware that allow it to be delayed so that witness may forget about what has happened really and thus you will get benefit of it.",It's uncertain if you will go to jail again after the trial; it depends on the court's decision based on the evidence and charges. Delays in trials can happen due to various reasons like court backlog or procedural issues. It's best to consult with your lawyer for specific guidance on your case.,2.2893,58.5519,18.8586,2.7611,16.4574,16.2359,28.0095,4.7494,1.3102,1.7171,0.5575,19.7191,49.1454,49.9085,84.9892
167,"My brother in law out matrimonial issue spoke to my parents in very abusive and filthy manner which is so shameful that we don't ever dare to repeat it, he does it often and threaten in aggressive way, we even have call recording of it. Now I want to file a legal case against him as it's a matter of dignity and self respect.( Wardha, Maharashtra )",CRPC_164 -> IPC_199 -> JOGINDER_KUMAR_1994 -> IPC_200,CRPC_164 -> IPC_199 -> JOGINDER_KUMAR_1994 -> IPC_200 -> perjury -> CRPC_41 -> Code of Criminal Procedure 1973 -> confession,"In my humble suggestion, yes you can go ahead and file a case against your brother in law with regard to his abusive behavior.","You may consider filing a complaint with the police under relevant sections of the Indian Penal Code for abusive behavior and threats. The call recordings could serve as evidence. Consulting a local lawyer might help in understanding the specific legal steps in Wardha, Maharashtra.",2.1512,37.3021,18.8586,2.7611,16.4574,16.2359,28.0095,4.7494,1.3102,1.7171,0.5575,19.7191,49.1454,49.9085,84.9892
168,"During interrogation confession statement of thief not made on a front of magistrate which is not admissible in the court but Police involve my father in false case u/s 380,457 and 411 ipc i am apply for anticipatory bail in sessions court it is rejected then apply in high court chandigarh and get interim relief after that my father join investigation but police ask for recovery in court and anticipatory bail gets rejected if i don't get stolen property how to get recovered My father acquitted in 3 other criminal cases of u/s 379, 411 and 482 Police can do this only for political pressure because my property case is pending in the court. How to get anticipatory bail can i file court case because confession statement not admissible in court and why police interrogate my father and go for jail( Jalandhar, Punjab )",CRPC_161 -> CRPC_164 -> IEA_27 -> CRPC_167,CRPC_161 -> CRPC_164 -> IEA_27 -> CRPC_167 -> arrest -> bail -> PROC_REGULAR_BAIL -> Indian Evidence Act 1872,You can file bail application..,"If the confession was not made before a magistrate, it may not be admissible in court. Since anticipatory bail was rejected, you might consider consulting a lawyer to explore other legal options. The police can interrogate based on their investigation, but you can challenge any wrongful actions through legal proceedings.",0.9176,48.7706,18.8586,2.7611,16.4574,16.2359,28.0095,4.7494,1.3102,1.7171,0.5575,19.7191,49.1454,49.9085,84.9892
169,"A man sexually exploited me under false promises of marriage. When I filed a complaint, the police facilitated a compromise to marry instead of registering an FIR. But then he refused and went missing so I filed a complaint reporting those events. The police sent me back saying they will register an FIR based on both the complaints but they registered only the second complaint under IPC 417, 420. When I asked why they did not register the offence of 376 I reported first, they said they will alter the section but after one month they are refusing. They have not yet remanded the accused either. What are my legal options now? How can I get 376 added?( Hyderabad, Telangana )",CRPC_154 -> CRPC_156 -> CRPC_200 -> CRPC_210,CRPC_154 -> CRPC_156 -> CRPC_200 -> CRPC_210 -> fir -> Code of Criminal Procedure 1973 -> PROC_CHEATING_FRAUD -> PROC_KIDNAPPING,You can file a petetion under section 482 crpc and you prayed in your petetion add section 376 IPC by your lawyer for the fair and impartial investigation in your consert high court Then you file the petetion attech all relaivent documents.,"You can approach the magistrate under CRPC_156 to direct the police to investigate the offence under section 376. Alternatively, you can file a private complaint under CRPC_200 to seek action. Consider consulting a legal professional for further assistance.",5.2609,48.6659,18.8586,2.7611,16.4574,16.2359,28.0095,4.7494,1.3102,1.7171,0.5575,19.7191,49.1454,49.9085,84.9892
170,"My husband had a workmate before our marriage, she was in an abusive marriage as per her, and wanted divorce from her husband, as per the information we got she has multiple affairs due to sympathy, she use to make friends than try to have a comfort with them, and than all of a sudden her husband comes into picture threatening and abusing the boys..
Currently my husband is in worst stage, he doesn't sleep , cannot focus on work.

They are threatening him saying that you forced her into this, behla fusla kar you had an affair, even if you both had consent no body can prove it.
She will say what I want her to say in court.
They threatened me yesterday that they will destroy us and our families and we will have to bear the consequences.

I have had bad thoughts yesterday about us living, women can blame anyone known or unknown.
This is sick.( Delhi, Delhi )",DP_3 -> JOGINDER_KUMAR_1994 -> IPC_354 -> PROC_MAINTENANCE,DP_3 -> JOGINDER_KUMAR_1994 -> IPC_354 -> PROC_MAINTENANCE -> sexual_harassment -> Indian Penal Code 1860 -> CRPC_41 -> Code of Criminal Procedure 1973,"Dear client,Here are a few suggestions:Safety first: If you or your husband feel threatened or unsafe, consider reaching out to local authorities or law enforcement to report the threats and seek their guidance on how to ensure your safety.Seek legal advice: Consult with a lawyer who specializes in family law or domestic issues. They can provide guidance on how to navigate the situation, protect your rights, and take appropriate legal steps if necessary. They may advise you on collecting evidence, filing for a restraining order, or taking other legal actions to protect yourselves.Document evidence: Keep a record of any threats, abusive behavior, or incidents that occur. Preserve any evidence such as text messages, emails, or other communication that may be relevant to your case.Build a support network: Reach out to friends, family, or support organizations that can offer emotional support and guidance during this challenging time. Surrounding yourselves with trusted individuals can provide some comfort and help you through the process.Focus on self-care: It's important to prioritize your mental and emotional well-being. Consider seeking therapy or counseling to help you cope with the stress and emotions you may be experiencing.","If your husband is being threatened with false accusations, it's important to know that the Indian Penal Code and the Code of Criminal Procedure provide guidelines for handling such situations. Under CRPC_41, police procedures must be followed, and any arrest should be based on proper investigation. Seeking legal advice from a professional may help in understanding the situation better and taking appropriate steps.",0.3682,50.8281,18.8586,2.7611,16.4574,16.2359,28.0095,4.7494,1.3102,1.7171,0.5575,19.7191,49.1454,49.9085,84.9892
171,"How to i solving  loan summan problems?( Tiruppur, Tamil Nadu )",IEA_27 -> IPC_309 -> CRPC_302 -> IPC_354B,IEA_27 -> IPC_309 -> CRPC_302 -> IPC_354B -> Indian Penal Code 1860 -> Code of Criminal Procedure 1973 -> confession -> fir,"Hi,Please make sure you appear before the court on the day of summon. You can seek more extension from the court to make the repayments.","The fact-rule-chain provided does not directly address loan summons issues. It mainly relates to criminal law provisions. For loan summons problems, consider consulting a local legal advisor in Tiruppur, Tamil Nadu.",1.45,55.124,18.8586,2.7611,16.4574,16.2359,28.0095,4.7494,1.3102,1.7171,0.5575,19.7191,49.1454,49.9085,84.9892
172,"Once a criminal case of dishonoring land sale agreement is settled will it reflect in PCC for GC to USA( Kottayam, Kerala )",IPC_467 -> ICA_75 -> IPC_406 -> PROC_DEFAMATION,IPC_467 -> ICA_75 -> IPC_406 -> PROC_DEFAMATION -> criminal_breach_of_trust -> Indian Penal Code 1860 -> cheating -> PROC_FORGERY,"Dear Sir,No, normally when the criminal cases are settled it should not be reflected in PCC.Please take PAID phone call with me through VIDHIKARYA and get more legal guidance.","If the case involved charges like cheating or criminal breach of trust under the Indian Penal Code, it might reflect in the Police Clearance Certificate (PCC). However, if the case is settled, it may not always appear. It's best to check with local authorities for specific PCC details.",1.2077,67.6079,18.8586,2.7611,16.4574,16.2359,28.0095,4.7494,1.3102,1.7171,0.5575,19.7191,49.1454,49.9085,84.9892
173,"My brother got expired few months back. Police given statement as it is sucide due to issues with his wife. When he committed sucide/got  murdered, he and his wife is only there in the home and no one saw when he was hanging. Now we locked the house where he(my brother) was expired as it is one the prime evidence and conveyed/ raised our quiries to police even though PM is given as aspoxiya due to hanging, but they didn't given proper answer.
 
Meanwhile my brother's  wife enter the  entered house by breaking the lock with out any notice to us and locked it again with her lock. Now we are suspecting that, she trespassed to the the house to clean any evidence. Now also police not responding to this and saying that what can we do if a wife enter to her husband house.

How to proceed with this...?( Hyderabad, Telangana )",DP_3 -> IPC_448 -> IPC_494 -> JOGINDER_KUMAR_1994,DP_3 -> IPC_448 -> IPC_494 -> JOGINDER_KUMAR_1994 -> CRPC_41 -> Code of Criminal Procedure 1973 -> bigamy -> Indian Penal Code 1860,"If you have any doubts regarding your brother's death, you must file a complaint and take it forward. In the absence of any material/complaint, you cannot prevent a wife from entering her husband's house where they last resided together.","It seems the police view the wife's entry as permissible since it was her husband's house. If you suspect foul play, you may need to pursue further legal action or consult a lawyer for guidance. The police's response may be based on their interpretation of the situation and available evidence.",4.3826,48.8425,18.8586,2.7611,16.4574,16.2359,28.0095,4.7494,1.3102,1.7171,0.5575,19.7191,49.1454,49.9085,84.9892
174,"I have been a regular customer at this shop I would steal occasionally steal face wash and soaps etc The owner filed complaint against me I am worried this might distroy my career( Ratnagiri, Maharashtra )",DP_3 -> VISHAKHA_1997 -> IPC_120B -> PROC_CORRUPTION_COMPLAINT,DP_3 -> VISHAKHA_1997 -> IPC_120B -> PROC_CORRUPTION_COMPLAINT -> ART_14 -> CRPC_154 -> PROC_CHEATING_FRAUD -> PROC_KIDNAPPING,"Hi client,I think you even know what the consequences should be and the shop owner has opted the right remedy. The options available for you-. Fight the case by appointing an advocate.. Go for a mutual settlement by paying the amounts you have stolen along with a compensation.","The complaint against you could lead to legal proceedings, which might impact your career. It's important to address the situation promptly and consider seeking legal advice. The outcome will depend on the specifics of the case and applicable laws.",2.3482,44.138,18.8586,2.7611,16.4574,16.2359,28.0095,4.7494,1.3102,1.7171,0.5575,19.7191,49.1454,49.9085,84.9892
175,"Hello everyone, 

Due to an ongoing property dispute between my Mother and my Aunty (case pending in civil court) my Aunty has filed a FALSE FIR that my parents and I have threatened to kill her. Now, the local thana has, without any investigation and clarification, filed an FIR against us in IPC 294, 506 and 34 for which we have taken a Bail from Court in Gwalior, MP.

I want to know how and at what stage I can file a Defamation case against my Aunt ? Can I file the same in a Delhi Court ?( Delhi, Delhi )",CRPC_154 -> CRPC_156 -> CRPC_200 -> CRPC_210,CRPC_154 -> CRPC_156 -> CRPC_200 -> CRPC_210 -> fir -> PROC_DEFAMATION -> PROC_CHEATING_FRAUD -> PROC_KIDNAPPING,"Dear Sir,You have to go to High Court to get such false FIR quashed. Alternatively, you must ask the Police to file B Report that is no case report in the above case and thereafter you have every right to file defamation case against your aunty.","You can consider filing a defamation case under PROC_DEFAMATION. Typically, you would file it in the jurisdiction where the alleged defamation occurred or where you reside. If the defamation affected you in Delhi, you might be able to file it there.",3.3442,58.1355,18.8586,2.7611,16.4574,16.2359,28.0095,4.7494,1.3102,1.7171,0.5575,19.7191,49.1454,49.9085,84.9892
176,"I was caught for drink and drive 3 years ago in gurgaon..i didnt go on court date till now..i dont have license from that time and it is showing blocked and seized..what should i do to get back my license.it is a very old matter( Gurgaon, Haryana )",JOGINDER_KUMAR_1994 -> PROC_DEFAMATION -> DP_3 -> ARNESH_KUMAR_DIRECTIONS_2014,JOGINDER_KUMAR_1994 -> PROC_DEFAMATION -> DP_3 -> ARNESH_KUMAR_DIRECTIONS_2014 -> CRPC_41 -> Code of Criminal Procedure 1973 -> ART_21 -> CRPC_167,"Hi client,I think your driving license is with the court. Contact an advocate immediately and get back your license. This rule varies according to the state. You might get the license without any court proceedings from the Motor Vehicle Departments. Or apply for a new license.Thanks",You should consider addressing the pending court matter related to your drink and drive case. Resolving the legal issue might help in unblocking and retrieving your license. It is advisable to consult with a legal professional for guidance on the next steps.,3.8781,66.6571,18.8586,2.7611,16.4574,16.2359,28.0095,4.7494,1.3102,1.7171,0.5575,19.7191,49.1454,49.9085,84.9892
177,"My brother signed in a sub magistrate court as witness for his friend's friend of not been violating a law for 2 years who was prisoned for 6 months under goonda section. My brother is a student of age 21 . Will there be any problem or issues on his future?( Pudukkottai, Tamil Nadu )",DP_3 -> PROC_REGULAR_BAIL -> IPC_489A -> DK_BASU_GUIDELINES_1997,DP_3 -> PROC_REGULAR_BAIL -> IPC_489A -> DK_BASU_GUIDELINES_1997 -> CRPC_41 -> Code of Criminal Procedure 1973 -> Indian Penal Code 1860 -> counterfeiting,"Dear Sir,There will be no issue and if that person did not violate any law even then liability of your brother is limited. Please discuss.","Based on the fact-rule-chain, there is no direct mention of issues arising from signing as a witness in this context. Generally, being a witness does not affect one's future unless there is involvement in illegal activities. If your brother simply signed as a witness, it is unlikely to cause problems.",1.8901,57.5712,18.8586,2.7611,16.4574,16.2359,28.0095,4.7494,1.3102,1.7171,0.5575,19.7191,49.1454,49.9085,84.9892
178,"Wife and daughter are making wrong allegations on extra marital affairs and filing wrong police complaints for violence. Wife has also not allowing husband enter his own house and and not allowing meeting 12 year old son.  Husband wants to first issue a legal notice documenting all these points to legally remind her the provisions of the various acts and take action against her . After that this legal notice shall be used to file anticipatory bail. Husband also wants to put a defmation suit. Please advise  what should be done.( Mumbai suburban, Maharashtra )",IPC_499 -> IPC_500 -> CRPC_438,IPC_499 -> IPC_500 -> CRPC_438 -> PROC_CRIMINAL_INTIMIDATION -> PROC_DEFAMATION -> anticipatory_bail -> PROC_ANTICIPATORY_BAIL,"Dear client,For instituting a complaint of defamation under section 499 of the IPC, the abusive words are required to be uttered against you in public. If the words have been uttered behind closed doors, it cannot be defamation. You can file suit for divorce","The husband can issue a legal notice documenting the allegations and actions of the wife. He may then use this notice to support an application for anticipatory bail under CRPC_438. Additionally, he can consider filing a defamation suit under IPC_499 and IPC_500.",2.3177,64.0922,18.8586,2.7611,16.4574,16.2359,28.0095,4.7494,1.3102,1.7171,0.5575,19.7191,49.1454,49.9085,84.9892
179,I give my salary certificate as surety to my friend for ksfe kury. He not pay the amount. I remit the amount and close the kury. Can i file a criminal case against him??? what is the procedure. How my money given back??,IPC_427 -> SATENDER_ANTIL_BAIL_GUIDELINES_2022 -> PROC_CHEATING_FRAUD -> DP_3,IPC_427 -> SATENDER_ANTIL_BAIL_GUIDELINES_2022 -> PROC_CHEATING_FRAUD -> DP_3 -> dowry_harassment -> Indian Penal Code 1860 -> mischief -> CRPC_167,Yes you can file.,"The fact-rule-chain does not directly address your situation. Generally, if you have suffered a financial loss due to your friend's actions, you might consider filing a civil case for recovery of money. Consulting a legal professional for specific advice on your situation would be advisable.",0.8671,16.3087,18.8586,2.7611,16.4574,16.2359,28.0095,4.7494,1.3102,1.7171,0.5575,19.7191,49.1454,49.9085,84.9892
180,my colleague had taken from me 1 lakhs of rupees on 12.2015.but still he did not return me the said amount.recently he give me a cheque on 03.05.18 which is also bounced from bank . can i file a case at consumer forum????,PROC_CHEQUE_BOUNCE -> NI_ACT_AMENDMENT_2018 -> IPC_199 -> IPC_427,PROC_CHEQUE_BOUNCE -> NI_ACT_AMENDMENT_2018 -> IPC_199 -> IPC_427 -> mischief -> perjury -> Indian Penal Code 1860 -> NIA_138,The first step is to issue Legal demand notice from your colleague .No you cant file at consumer forum.,"You can consider filing a case under the Negotiable Instruments Act, specifically NIA_138, for the bounced cheque. The consumer forum may not be the right place for this issue. It's advisable to consult a legal expert for the appropriate action.",2.1263,37.9093,18.8586,2.7611,16.4574,16.2359,28.0095,4.7494,1.3102,1.7171,0.5575,19.7191,49.1454,49.9085,84.9892
181,"My sister was harassed by one of her known friend. The boy use to stop her on roads, have broken her phone & was giving threats to her about her life and mine. 
we did fir in which sec 354, 427, 506 were applied. we have voice recording of this person in which he is continuously trying to harres ous. Further we have a written piece of paper on which the boy himself wrote that he will not do any thing in future, but he did tryed to contact my sister. 
I want this person to be in such a way that he is legally bound by law & can never contact ous.",CRPC_154 -> CRPC_156 -> CRPC_200 -> CRPC_210,CRPC_154 -> CRPC_156 -> CRPC_200 -> CRPC_210 -> fir -> PROC_FIR_FILING -> PROC_CHEATING_FRAUD -> PROC_DEFAMATION,You can file a compliant to police station again,"You have already filed an FIR under sections 354, 427, and 506, which address harassment and threats. The evidence you have, like voice recordings and the written note, can support your case. To ensure he is legally bound, you may need to follow up with the police and possibly seek a restraining order through legal channels.",0.8327,37.4185,18.8586,2.7611,16.4574,16.2359,28.0095,4.7494,1.3102,1.7171,0.5575,19.7191,49.1454,49.9085,84.9892
182,"A person came to my cousin marriage in 2016 nov 6 with my friend after that he sent a req on Fb I saw it on 17 nov 2016 after That daily he chatted about normal things we met first time normally on 31st dec 2017 for new yr after that In April 2017 he chatted about love and marriage I said Iâm elder than you and our caste are different will your family agree he Said there is no pblm He asked in your home I said they donât agree then We run away and get marry I asked after some days if u leave me then he said if u donât trust then leave it then i said if we got fight then u leave like that i said i asked about earning he said listen Iâm a designer till July he talking about u like me u trust me or not in aug he called me he talked about this and strongly said yes I want to marry you then Iâm confirmed Iâm loving him after that we met outside on oct17 2020 he kissed on my hand and I kissed on her cheek and he tried to lip to lip kiss but i stopped after next day normally we are talking and he normally said I dint met you I said normally slap with footwear for he got angry and block me after that Iâm contacting through texts After that Iâm trying to talk about this he talks to me but dint give clarity He asks me to meet but i dint in 2018 aug he saw me and called to meet so I met to talk him so he said nothing becoz of ur calling Iâm ignoring thatâs it I asked about marriage my brother is there after that i will marry will u wait I said yes after he kissed me lip to lip and touched my body after in 2019 he calls asks for going anywhere I said I canât whenever he calls he asks to meet in 2020 from Jan he is not talking when I called him continuously he called and said donât text me I donât like why what is the Reason I asked he said I donât say he know Iâm waiting for him after 2 yrs he said so I started enquiring about him with his friends so they inform him and he called me and giving warning Iâll go to police station or ill come to home I said do whatever u want but I wonât leave you Iâm asking if u donât want to marry y did u said love and marriage and promised Now he is lining and refusing I have proofs of fb chat what he talked to me no what should I do becoz I want to marry him if I do police complaint what will happen so Iâm stepping if I get clarity after giving complaint i get justice of get marry him means Iâll proceed please sugesst me what to do( Hyderabad, Telangana )",CRPC_125 -> HMA_9,CRPC_125 -> HMA_9 -> maintenance -> Hindu Marriage Act 1955 -> Code of Criminal Procedure 1973 -> PROC_MAINTENANCE,"Dear Madam,You have several options to bring him to the terms. Proceed to file Domestic Violence case with interim maintenance, dowry demand case and reconstitution of conjugal rights case. Discuss to clear doubts.  Please give me Rank 5 if you feel my answer helped you.",The fact-rule-chain does not directly address the situation of enforcing a promise to marry. The Code of Criminal Procedure and Hindu Marriage Act mainly deal with maintenance and restitution of conjugal rights. It might be helpful to consult a legal professional for advice specific to your situation.,3.7626,40.1807,18.8586,2.7611,16.4574,16.2359,28.0095,4.7494,1.3102,1.7171,0.5575,19.7191,49.1454,49.9085,84.9892
183,"I was charged u/s 406/407/408/409/420/467/468/471/120B and sacked from my service. After 11 years I am aquitted from the court for  no evidence.  After dismissal from service I had filed case in Labour Court, but the judgement passed against me. I have challanged the judgment in High Court. Under many SC judgment, it was passed that after aquital in criminal case internal investigation was dropped. Can I file a case in the Lower Court for reinstatement ?( Purba Singhbhum, Jharkhand )",PROC_KIDNAPPING -> PROC_SCST_COMPLAINT -> PROC_CHEQUE_BOUNCE -> PROC_REGULAR_BAIL,PROC_KIDNAPPING -> PROC_SCST_COMPLAINT -> PROC_CHEQUE_BOUNCE -> PROC_REGULAR_BAIL -> CRPC_154 -> PROC_CHEATING_FRAUD -> PROC_FIR_FILING -> Code of Criminal Procedure 1973,The way judicial system works that you should first approach your organization with the court order and give a representation to reinstate. If they do not take you back then you can file a case against them. Without giving them a chance of redressal the court will not entertain your case.,"You can consider filing a case in the Lower Court for reinstatement after acquittal. However, since you have already challenged the Labour Court judgment in the High Court, it might be best to wait for that outcome. Consulting a local legal expert could provide guidance specific to your situation.",2.1511,53.2702,18.8586,2.7611,16.4574,16.2359,28.0095,4.7494,1.3102,1.7171,0.5575,19.7191,49.1454,49.9085,84.9892
184,"I have filed a petition under 482 of CrPC to quash or set aside the charges against me on 30.01.2018.
The high court admit my petition and directed to the CBI to file counter affidavit with in four weeks. But CBI has not file counter affidavit and it is still pending . That after 30.01.18 the cas has been listed once in 17.05.18 but not heard by hobble court. After that two listing application has been filed and case listed on 31.07.18 and 24.08.18 but it is neither admitted not heard by court.
Being a innocent I am very depressed because advance bail may not taken in u.p.. kindly advice me what can I do in such circumstances sothat I can obtain justice. And what ground should be raised in listing application. I'll very thankful to you.( Lucknow, Uttar Pradesh )",CRPC_167 -> CRPC_397 -> CRPC_439 -> CRPC_482,CRPC_167 -> CRPC_397 -> CRPC_439 -> CRPC_482 -> PROC_FIR_FILING -> PROC_ANTICIPATORY_BAIL -> PROC_SCST_COMPLAINT -> fir,You may file a expedite application before court or your council will try to get an early date then mention it better if you contact us.,"You have filed a petition under Section 482 of CrPC, and the court has directed the CBI to respond, but they have not yet done so. You may consider following up with the court regarding the delay and the pending counter affidavit. For further steps, consulting a legal professional might help in addressing the specific grounds for your listing application.",1.5506,56.3514,18.8586,2.7611,16.4574,16.2359,28.0095,4.7494,1.3102,1.7171,0.5575,19.7191,49.1454,49.9085,84.9892
185,"om
 Hello sir. 
Some peoples atack on me 5 feb 2017. I had head injury and docters take opration . But today am disiable . Do not walk . And p.g.i give me disable certificate .  But police can not throw case in court . Chalan ni pesh hoeya hun tak. Naa police ne ipc 307 lagayi .. te naa ipc 34 ... Today am on bed full day ... But no body help me .. my fir numbr is 0027 f.i.r date - 5 feb 2017 . Police station - kurali district - mohali state - punjab 
Please advice me .. help me",CRPC_154 -> CRPC_156 -> CRPC_200 -> CRPC_210,CRPC_154 -> CRPC_156 -> CRPC_200 -> CRPC_210 -> fir -> PROC_FIR_FILING -> PROC_CHEATING_FRAUD -> PROC_KIDNAPPING,"You can take advice & help from legal welfare forum in your district to guide, help & provide required assistance. Or Bar council in your district .","It seems your FIR was filed, but the case has not progressed to court yet. You might consider following up with the police station or seeking legal assistance to understand the delay. It may also help to check if further action under CRPC provisions is possible.",1.263,29.2206,18.8586,2.7611,16.4574,16.2359,28.0095,4.7494,1.3102,1.7171,0.5575,19.7191,49.1454,49.9085,84.9892
186,"The mob of around 100 Scheduled caste persons buried a dead body which belongs to my own agriculture land,I have all the documents which are belongs to the land.
I filed a FIR against the persons involved,later one of the accused person who is in FIR filed SC atrocity case against my entire family.
Could you please Help me on this ,what we can do in this case according to law.( Nalgonda, Telangana )",CRPC_154 -> CRPC_156 -> CRPC_200 -> CRPC_210,CRPC_154 -> CRPC_156 -> CRPC_200 -> CRPC_210 -> fir -> PROC_FIR_FILING -> PROC_CHEATING_FRAUD -> PROC_KIDNAPPING,You can file case,"You have filed an FIR regarding the incident on your land. If an SC atrocity case is filed against your family, you may need to respond to that case as per legal procedures. It might be helpful to consult a legal professional for guidance on both matters.",0.8496,22.3723,18.8586,2.7611,16.4574,16.2359,28.0095,4.7494,1.3102,1.7171,0.5575,19.7191,49.1454,49.9085,84.9892
187,"What is the validity of Anticipatory Bail? Valid till chargesheet been filed ?( South Andaman, Andaman and Nicobar )",CRPC_173 -> CRPC_205 -> CRPC_210 -> CRPC_216,CRPC_173 -> CRPC_205 -> CRPC_210 -> CRPC_216 -> charge_sheet -> fir -> Code of Criminal Procedure 1973 -> CRPC_302,"Dear Sir,Normally it will be valid till charge sheet is filed unless otherwise worded by the Sessions Court or High Court as the case may be.For full procedure contact me on mobile through Vidhikarya.Rate me Five Star *Please visit the following link.https://vidhikarya.com/LawyerRating/9506c43f5d0b2d266a07","The fact-rule-chain does not directly address the validity period of anticipatory bail. Generally, anticipatory bail can remain valid until the chargesheet is filed, but this can vary based on court orders. It's best to consult legal advice for specific cases.",1.704,48.4506,18.8586,2.7611,16.4574,16.2359,28.0095,4.7494,1.3102,1.7171,0.5575,19.7191,49.1454,49.9085,84.9892
188,"Fraud Case/FIR was lodged in 376, 315 and 420, NBW was issued, accused is in HC for Anticipatory bail, complainant did medical and gave statements.

Now, Complainant ready to take down the case as its already 4-5 months and all are fed up.

Please advise what is the fastest/easiest legal way to finish this. This should be done from Police station or Court or both ?
Does the complainant needs to give the affidavit in court and police station or both?
For expunge, what will be the process ?( Hyderabad, Telangana )",CRPC_154 -> CRPC_156 -> CRPC_200 -> CRPC_210,CRPC_154 -> CRPC_156 -> CRPC_200 -> CRPC_210 -> fir -> PROC_KIDNAPPING -> PROC_CHEATING_FRAUD -> PROC_FIR_FILING,"Dear client,Withdrawal of case 8s not simply possible, bcz section 376 has been part of FIR, if girl has given consent that what has happened has been with her consent, and Fir has not been lodged by her by any body else. Then case may be dismissed before charge framed.You may take consultancy onlIne for more in detail discussion and legal advices.Thanks","The complainant may need to approach both the police station and the court to express their intention to withdraw the case. An affidavit might be required in both places to formalize this intention. The process for expunging the FIR would typically involve legal proceedings, which may vary based on local procedures.",0.9214,52.7679,18.8586,2.7611,16.4574,16.2359,28.0095,4.7494,1.3102,1.7171,0.5575,19.7191,49.1454,49.9085,84.9892
189,"My friend wife filed a flase case about attempted to murder a women against him and also all his family members.How to deal with this case i want to close this case please give some suggestions what to do as we don't have any proof against his wife as she is very clever than us.( Howrah, West Bengal )",CRPC_154 -> CRPC_156 -> CRPC_200 -> CRPC_210,CRPC_154 -> CRPC_156 -> CRPC_200 -> CRPC_210 -> fir -> PROC_CHEATING_FRAUD -> PROC_FIR_FILING -> PROC_KIDNAPPING,"Dear client,You have not said anything about your case stage, if FIR has been filed named accused ,then let the IO file the final report or charge to court , when the court decided on cognizance framing charge against all accused then move to H.C for quashing , but if you move to challenge the FIR u/s 482 this will very rare chance to quash .You may have legal advice further for needful action by showing your FIR or Complaint petition and police Report or diary copy .Thanks","Your friend can consider filing a counter-complaint if he believes the case is false. He may also seek legal advice to gather evidence and challenge the allegations in court. Consulting a lawyer for guidance on the specific procedures in Howrah, West Bengal, is advisable.",1.1437,38.6479,18.8586,2.7611,16.4574,16.2359,28.0095,4.7494,1.3102,1.7171,0.5575,19.7191,49.1454,49.9085,84.9892
190,"I caught in a Drunk & drive case . Police has given me a memo mentioning date to present in court. Is it possible to present in a court on a date other than that either earlier or later? Is it possible that any lawyer will represent in court on my behalf ? What is the minimum fine that have to pay in pune for that( Pune, Maharashtra )",DP_3 -> PROC_DEFAMATION -> ARNESH_KUMAR_DIRECTIONS_2014 -> IPC_499,DP_3 -> PROC_DEFAMATION -> ARNESH_KUMAR_DIRECTIONS_2014 -> IPC_499 -> Indian Penal Code 1860 -> CRPC_41 -> Code of Criminal Procedure 1973 -> CRPC_167,"you may contact concerned police Inspector and request him for change of  a date, he will informyou the next date then you attend the court through some advocate  and pay reasonable penalty","The fact-rule-chain does not provide specific information about drunk driving cases or fines. Generally, you must appear in court on the date mentioned unless the court allows a change. A lawyer might be able to represent you, but it's best to confirm with the court.",2.124,52.6102,18.8586,2.7611,16.4574,16.2359,28.0095,4.7494,1.3102,1.7171,0.5575,19.7191,49.1454,49.9085,84.9892
191,"My name is karthik. I was married on 2016.after marriage i have affair with another girl (SC cast)who worked as my co staff. We had sexual intercourse many times.she knows that am already married.  She forced me to marry her but i refused. The girls parents arranged marriage for both by threatening me. Since that i was absconded The girl was filed case against me & my parents under mentioned sec.420,417,506(2),496 on feb 19th 2018.After that till now am in abscond. My parents was arrested with the same sec and remanded by police.my parents are aged 55&60.I approach advocate to get bail for us. He took bail for my parents with some condition.after condition bail he put relaxation petitions then they relived from condition bail. My advocate tried bail for me two times directly in high Court. But my bail application was rejected by high Court bcs the girl put some petition that me n the girl had sexual intercourse before the marriage. Till now am in abscond. Now police was came to my wife's house for searching me without any warrant.they threaten me to give 50lakhs for settlement.police said they will go to my brother home n took my brother to station for getting me surrender. I need suggestion. They have rights to arrest my brother for getting surrender me. Can i surrrender myself or continues abscond.is there any problem for absconding.help to sort out this issue.( Chennai, Tamil Nadu )",CRPC_154 -> CRPC_156 -> CRPC_200 -> CRPC_210,CRPC_154 -> CRPC_156 -> CRPC_200 -> CRPC_210 -> fir -> PROC_CORRUPTION_COMPLAINT -> PROC_FIR_FILING -> PROC_CHEATING_FRAUD,"Surrender before the court and get bail. Police cannot arrest your brother, unless he his named in the FIR. If you are unaware of the content of the FIR, better engage a advocate from Vidhikarya to find it for your brother. If it is found that your brother had been clubbed together with you in the FIR then he must immediately get anticipatory bail from the High Court. If not then file a writ petition in the high court against police personals of such threats and abuse of their power. Once High Court interfere, police personal will shrink to their limits.","It is generally advisable to surrender to the authorities rather than continue absconding, as absconding can lead to further legal complications. The police typically cannot arrest your brother just to make you surrender unless he is directly involved in the case. Consider consulting with your advocate for guidance on the best course of action.",2.8426,71.2257,18.8586,2.7611,16.4574,16.2359,28.0095,4.7494,1.3102,1.7171,0.5575,19.7191,49.1454,49.9085,84.9892
192,"I am suffering from bipolar disorder with an outbreak of psychosis in which a person has delusions and hallucinations. In May 2020 during my psychosis breakdown, I sent sexually explicit messages to one of my seniors ( a lady officer).

I was under the delusion that she along with the departmental head is plotting against my life. Now the department on her complaint is implicating me under the provisions of the POSH Act, 2013.

I have sought defense that I am having a bipolar disorder with an outbreak of psychosis and produced discharge and follow-up certificates and documents of PGI, Chandigarh, but the administration is not accepting my plea.

The administration is not accepting my plea of mental illness and it turned down my plea. The administration is of the opinion that when I can use the internet and laptop then my plea of psychosis is not admissible.( Chandigarh, Chandigarh )",VISHAKHA_1997 -> DP_3 -> PROC_CHEQUE_BOUNCE -> PROC_SCST_COMPLAINT,VISHAKHA_1997 -> DP_3 -> PROC_CHEQUE_BOUNCE -> PROC_SCST_COMPLAINT -> ART_14 -> CRPC_154 -> PROC_CHEATING_FRAUD -> PROC_KIDNAPPING,"Hi,You may put forward the medical certificates in front of the department along with the plea.However, if the medical experts are against your view, then the medical certificates won't work.If you find this answer helpful, please rate us","The fact-rule-chain provided does not directly address mental illness defenses or the POSH Act, 2013. It seems the administration is not accepting your plea based on their assessment of your ability to use technology. You may need to seek further legal advice or assistance to address this situation.",2.1448,47.9991,18.8586,2.7611,16.4574,16.2359,28.0095,4.7494,1.3102,1.7171,0.5575,19.7191,49.1454,49.9085,84.9892
193,"Sir,
I have been honey trapped for last 1 year. when I got to know then I asked the money which I have given her and her friend then girl threten me for blackmailing and making rape charges against me. I don't know what to do?( Gurgaon, Haryana )",IPC_383 -> IPC_384 -> IPC_415 -> IPC_417,IPC_383 -> IPC_384 -> IPC_415 -> IPC_417 -> cheating -> extortion -> Indian Penal Code 1860 -> PROC_CHEATING_FRAUD,You must inform all the incidents and facts to your local police station and lodge a complaint against the lady and her friend for cheating and money extortion. You must provide all the relevant document of money transactions to the police authority as evidence.,"You may be dealing with a situation involving extortion or cheating under the Indian Penal Code. Consider reporting the matter to the local authorities in Gurgaon, Haryana. It might be helpful to seek legal advice to understand your options.",2.5382,53.1974,18.8586,2.7611,16.4574,16.2359,28.0095,4.7494,1.3102,1.7171,0.5575,19.7191,49.1454,49.9085,84.9892
194,"I have been summoned by CBI Court CMM Rouse Avenue, New Delhi as Accused in a case referred above. Court has asked me to appear in person or through Lawyer. I have no idea about the procedures.  Kindly advise me the possible way to go about it. Investigation was carried betn 2010 to 2012.( Ahmedabad, Gujarat )",PROC_SCST_COMPLAINT -> CRPC_317 -> POCSO Act 2012 -> JOGINDER_KUMAR_1994,PROC_SCST_COMPLAINT -> CRPC_317 -> POCSO Act 2012 -> JOGINDER_KUMAR_1994 -> CRPC_41 -> Code of Criminal Procedure 1973 -> charge_sheet -> ART_21,Go to a lawyer with the summons copy provided to you.,You should appear in person or through a lawyer as instructed by the court. The Code of Criminal Procedure 1973 allows for representation through a lawyer. Ensure you comply with the court's directions to avoid any legal issues.,2.913,51.3708,18.8586,2.7611,16.4574,16.2359,28.0095,4.7494,1.3102,1.7171,0.5575,19.7191,49.1454,49.9085,84.9892
195,"4 persons  armed with sword entered a house and assaulted X living there . They compelled Y another inmate of the house on pain of death to catch hold of the hands of X so that he couldn't struggle and then beheaded X , Y was sent up with the other four persons for protection under section 302 with the aid of section 34 of IPC . Can Y be held guilty and convicted of that offence or of any other minor offence?( Bangalore, Karnataka )",ART_39A -> IPC_148 -> DP_3 -> IPC_448,ART_39A -> IPC_148 -> DP_3 -> IPC_448 -> Indian Penal Code 1860 -> CRPC_125 -> Code of Criminal Procedure 1973 -> maintenance,Y under the fear of instant death or grievous injury has done such act as such he will be acquitted. He has no mens rea in his mind to commit any offense. Let your experienced advocate get him discharged.,"Based on the fact-rule-chain, Y was compelled under threat of death to assist in the crime. This may affect Y's liability under the Indian Penal Code. However, the final decision would depend on the court's interpretation of Y's intent and duress.",2.3769,33.2561,18.8586,2.7611,16.4574,16.2359,28.0095,4.7494,1.3102,1.7171,0.5575,19.7191,49.1454,49.9085,84.9892
196,"my husband submitted false evidences in family court to get order in his favor and same has happened. now my present advocate said to file application under section 340 but Chief jmfc refused to take application and family court said the case is over so he can not do anything. so what to do?( Navsari, Gujarat )",IPC_182 -> IPC_191 -> IPC_192 -> IPC_193,IPC_182 -> IPC_191 -> IPC_192 -> IPC_193 -> Indian Penal Code 1860 -> perjury -> IPC_120B -> criminal_conspiracy,"Dear client,we would advise you to file an appeal and in addition prosecute your husband under section 193 of IPC for giving/fabricating false evidence","You may consider consulting your advocate about the possibility of pursuing charges related to false evidence under IPC sections like 191, 192, or 193, which deal with perjury. Discuss with your advocate if there's a way to address this through a different legal approach or appeal. It's important to follow your advocate's guidance on the next steps.",1.7196,65.4628,18.8586,2.7611,16.4574,16.2359,28.0095,4.7494,1.3102,1.7171,0.5575,19.7191,49.1454,49.9085,84.9892
197,"Can I file a case Zero FIR or online now against to my father and his third wife on attempt murder which was happened in Jan 2020 in Andhra Pradesh. Please suggest. Currently I am in Bangalore.( Bangalore, Karnataka )",CRPC_154 -> CRPC_156 -> CRPC_200 -> CRPC_210,CRPC_154 -> CRPC_156 -> CRPC_200 -> CRPC_210 -> fir -> PROC_DOWRY_HARASSMENT -> PROC_FIR_FILING -> PROC_CHEATING_FRAUD,"see the place of occurance is very significant and taking zero FIR will not serve any purpose in crime like murder you should right directly to district s p or commissioner of police as the case may be . However, if you feel difficulty in getting your FIR lodge better you contact to local lawyer and that will help you in speedy disposal of matter means investigation will start soon.","You can file a Zero FIR at any police station, including online, regardless of your current location. Since the incident happened in Andhra Pradesh, the FIR can be transferred to the appropriate jurisdiction. It's advisable to contact local authorities or legal counsel for specific guidance.",0.9749,70.1971,18.8586,2.7611,16.4574,16.2359,28.0095,4.7494,1.3102,1.7171,0.5575,19.7191,49.1454,49.9085,84.9892
198,"Where can I lodge the complaint against corrupted govt employees as per the IPC sections.( Warangal, Telangana )",IPC_409 -> PCA_7 -> PCA_13,IPC_409 -> PCA_7 -> PCA_13 -> corruption -> criminal_breach_of_trust -> Prevention of Corruption Act 1988 -> Indian Penal Code 1860,Dear ClientYou can contact your nearest Anti-Corruption official in person or through telephone or even email. More information can be obtained even on phone through the Toll Free numbers: 180023344444 or 1064. The complaint can be filed with the Deputy Superintendent of Police or Inspector of Police.Hope it helps.,"You can lodge a complaint against corrupt government employees under the Prevention of Corruption Act 1988 and the Indian Penal Code 1860. Specifically, sections like IPC 409 and PCA 13 address corruption and criminal breach of trust. You may approach the local police station or anti-corruption bureau in Warangal, Telangana.",1.2038,65.2722,18.8586,2.7611,16.4574,16.2359,28.0095,4.7494,1.3102,1.7171,0.5575,19.7191,49.1454,49.9085,84.9892
199,"The accused is charged u/s 366 IPC and pleaded not guilty of the charges and the summons were served upon PWs. the victim in her statement u/s164 stated that she had love and affairs with accused person and they solemnised their marriage and she lived with accused for one month thereafter she appeared before the I.O of the case she was taken to hospital but she refused her medical examination. When the victim girl appeared before the court she in her examination in chief stated that accused forcibly took her and taken her to a unknown place and she stayed there for one phone. Prosecution exhibited her original birth certificate which reveals her age was 17 years at the time of occurrence. The statement of victim u/s 164 was also exhibited. 
The informant in her examination in chief stated that she didn't see any occurrence and other witnesses were also gave hearsay evidence and there is absence of Corroborative evidence supporting the version of victim. But it is a fact that  victim was a minor at the time of occurrence, the defense in cross examination only gave suggestion that at the time of occurrence she was above 18 years, but her evidence is marked by flaws and gaps in such a situation whether it is proved that the victim was minor at the time of occurrence or prosecution succeed in proving the essential condition of section 366 IPC. and whether the prosecution will suceeds in securing a conviction of accused. please help with suggestion in preparing the argument of this case with landmark judgement in the light of the present case.( Cachar, Assam )",IPC_363 -> IPC_364,IPC_363 -> IPC_364 -> PROC_KIDNAPPING -> Indian Penal Code 1860 -> kidnapping -> IPC_120B,"Dear Client,The essential condition for the application of Section 366 I.P.C. is that there is kidnapping or abduction of a woman with the intention to compel her or knowing it to be likely that she will be compelled to marry any person against her will or will be forced or seduced to illicit intercourse. Section 366 I.P.C. only applies when the woman abducted has no intention of marriage or lawful intercourse when abducted. Mere abduction does not bring the accused under the ambit of this penal section. In Shahjahan Vs. State, 2011 Cr.L.J. 573, the Supreme Court has held that to establish an offence u/s 366 I.P.C., it must first be established that the offence of kidnapping under Section 361 I.P.C. or abduction under Section 362 I.P.C. has been proved. It must then be shown that such kidnapping or abduction was with the contumacious intent referred to under Section 366 I.P.C. Further, in the case of  Gabbu Vs. The state of M.P., AIR 2006 SC 2461, the Apex Court has held that so far as the charge u/s 366 I.P.C. is concerned, mere finding that a woman was abducted is not enough. It must further be proved that the abduction is for the purposes mentioned in Section 366 I.P.C. Given the provision of relevant law and averments of the Apex Court, you can defend your case to before the Court.","The prosecution may face challenges in securing a conviction under Section 366 IPC due to the lack of corroborative evidence and the victim's conflicting statements. However, the fact that the victim was a minor at the time of the occurrence could still be significant. The court will need to consider the evidence presented, including the victim's age and statements, to determine if the essential conditions of Section 366 IPC are met.",0.3035,48.1802,18.8586,2.7611,16.4574,16.2359,28.0095,4.7494,1.3102,1.7171,0.5575,19.7191,49.1454,49.9085,84.9892
200,"So my lawyer had filed the case on 27th Jan and we received another date on 2 feb as hearing.  The lawyer said there is no need for me to be present there. And when I checked the ecourt I saw that the case status is Notice_Unready and next date is 4 March 2021. I just want to understand what does Notice Unready means in Domestic Violence case ?( Thane, Maharashtra )",domestic_violence -> CRPC_210 -> PROC_ANTICIPATORY_BAIL -> PROC_KIDNAPPING,domestic_violence -> CRPC_210 -> PROC_ANTICIPATORY_BAIL -> PROC_KIDNAPPING -> Code of Criminal Procedure 1973 -> fir -> charge_sheet -> CRPC_302,"Hi,This means that notice has not been sent to the opposite party, the proceedings will take some time to commence.If you found this helpful, please rate us.","""Notice Unready"" generally means that the case is not ready to proceed on the scheduled date. It might be due to pending actions or documents. You should follow your lawyer's advice and check for updates on the next hearing date.",2.3683,55.9843,18.8586,2.7611,16.4574,16.2359,28.0095,4.7494,1.3102,1.7171,0.5575,19.7191,49.1454,49.9085,84.9892
