source,target,attributes
ART_14,CRPC_154,{'type': 'UPHOLDS'}
ART_14,CRPC_438,{'type': 'UPHOLDS'}
ART_14,CRPC_439,{'type': 'UPHOLDS'}
ART_14,SCST_3,{'type': 'UPHOLDS'}
ART_14,PCA_7,{'type': 'UPHOLDS'}
ART_20,CRPC_161,{'type': 'UPHOLDS'}
ART_20,CRPC_164,{'type': 'UPHOLDS'}
ART_20,IEA_27,{'type': 'UPHOLDS'}
ART_20,IPC_120A,{'type': 'UPHOLDS'}
ART_21,CRPC_41,{'type': 'UPHOLDS'}
ART_21,CRPC_167,{'type': 'UPHOLDS'}
ART_21,CRPC_438,{'type': 'UPHOLDS'}
ART_21,CRPC_482,{'type': 'UPHOLDS'}
ART_22,CRPC_41,{'type': 'UPHOLDS'}
ART_22,CRPC_73,{'type': 'UPHOLDS'}
ART_22,CRPC_167,{'type': 'UPHOLDS'}
ART_39A,CRPC_125,{'type': 'UPHOLDS'}
IPC_107,Indian Penal Code 1860,{'type': 'BELONGS_TO'}
IPC_107,abetment,{'type': 'DEFINES'}
IPC_120A,Indian Penal Code 1860,{'type': 'BELONGS_TO'}
IPC_120A,criminal_conspiracy,{'type': 'DEFINES'}
IPC_120B,Indian Penal Code 1860,{'type': 'BELONGS_TO'}
IPC_120B,criminal_conspiracy,{'type': 'DEFINES'}
IPC_147,Indian Penal Code 1860,{'type': 'BELONGS_TO'}
IPC_147,rioting,{'type': 'DEFINES'}
IPC_148,Indian Penal Code 1860,{'type': 'BELONGS_TO'}
IPC_148,rioting,{'type': 'DEFINES'}
IPC_149,Indian Penal Code 1860,{'type': 'BELONGS_TO'}
IPC_149,rioting,{'type': 'DEFINES'}
IPC_182,Indian Penal Code 1860,{'type': 'BELONGS_TO'}
IPC_182,perjury,{'type': 'DEFINES'}
IPC_191,Indian Penal Code 1860,{'type': 'BELONGS_TO'}
IPC_191,perjury,{'type': 'DEFINES'}
IPC_192,Indian Penal Code 1860,{'type': 'BELONGS_TO'}
IPC_192,perjury,{'type': 'DEFINES'}
IPC_193,Indian Penal Code 1860,{'type': 'BELONGS_TO'}
IPC_193,perjury,{'type': 'DEFINES'}
IPC_194,Indian Penal Code 1860,{'type': 'BELONGS_TO'}
IPC_194,perjury,{'type': 'DEFINES'}
IPC_195,Indian Penal Code 1860,{'type': 'BELONGS_TO'}
IPC_195,perjury,{'type': 'DEFINES'}
IPC_199,Indian Penal Code 1860,{'type': 'BELONGS_TO'}
IPC_199,perjury,{'type': 'DEFINES'}
IPC_200,Indian Penal Code 1860,{'type': 'BELONGS_TO'}
IPC_200,perjury,{'type': 'DEFINES'}
IPC_205,Indian Penal Code 1860,{'type': 'BELONGS_TO'}
IPC_205,perjury,{'type': 'DEFINES'}
IPC_228,Indian Penal Code 1860,{'type': 'BELONGS_TO'}
IPC_228,perjury,{'type': 'DEFINES'}
IPC_268,Indian Penal Code 1860,{'type': 'BELONGS_TO'}
IPC_268,public_nuisance,{'type': 'DEFINES'}
IPC_279,Indian Penal Code 1860,{'type': 'BELONGS_TO'}
IPC_279,rash_driving,{'type': 'DEFINES'}
IPC_290,Indian Penal Code 1860,{'type': 'BELONGS_TO'}
IPC_290,public_nuisance,{'type': 'DEFINES'}
IPC_294,Indian Penal Code 1860,{'type': 'BELONGS_TO'}
IPC_294,obscenity,{'type': 'DEFINES'}
IPC_302,Indian Penal Code 1860,{'type': 'BELONGS_TO'}
IPC_302,murder,{'type': 'DEFINES'}
IPC_304B,Indian Penal Code 1860,{'type': 'BELONGS_TO'}
IPC_304B,dowry_harassment,{'type': 'DEFINES'}
IPC_304B,PROC_DOWRY_HARASSMENT,{'type': 'LEADS_TO'}
IPC_307,Indian Penal Code 1860,{'type': 'BELONGS_TO'}
IPC_307,murder,{'type': 'DEFINES'}
IPC_308,Indian Penal Code 1860,{'type': 'BELONGS_TO'}
IPC_308,murder,{'type': 'DEFINES'}
IPC_309,Indian Penal Code 1860,{'type': 'BELONGS_TO'}
IPC_309,murder,{'type': 'DEFINES'}
IPC_320,Indian Penal Code 1860,{'type': 'BELONGS_TO'}
IPC_320,assault,{'type': 'DEFINES'}
IPC_323,Indian Penal Code 1860,{'type': 'BELONGS_TO'}
IPC_323,assault,{'type': 'DEFINES'}
IPC_324,Indian Penal Code 1860,{'type': 'BELONGS_TO'}
IPC_324,assault,{'type': 'DEFINES'}
IPC_325,Indian Penal Code 1860,{'type': 'BELONGS_TO'}
IPC_325,assault,{'type': 'DEFINES'}
IPC_326,Indian Penal Code 1860,{'type': 'BELONGS_TO'}
IPC_326,assault,{'type': 'DEFINES'}
IPC_337,Indian Penal Code 1860,{'type': 'BELONGS_TO'}
IPC_337,assault,{'type': 'DEFINES'}
IPC_337,rash_driving,{'type': 'DEFINES'}
IPC_338,Indian Penal Code 1860,{'type': 'BELONGS_TO'}
IPC_338,assault,{'type': 'DEFINES'}
IPC_338,rash_driving,{'type': 'DEFINES'}
IPC_341,Indian Penal Code 1860,{'type': 'BELONGS_TO'}
IPC_341,wrongful_restraint,{'type': 'DEFINES'}
IPC_350,Indian Penal Code 1860,{'type': 'BELONGS_TO'}
IPC_350,assault,{'type': 'DEFINES'}
IPC_354,Indian Penal Code 1860,{'type': 'BELONGS_TO'}
IPC_354,sexual_harassment,{'type': 'DEFINES'}
IPC_354,PROC_SEXUAL_ASSAULT_COMPLAINT,{'type': 'LEADS_TO'}
IPC_354A,Indian Penal Code 1860,{'type': 'BELONGS_TO'}
IPC_354A,sexual_harassment,{'type': 'DEFINES'}
IPC_354B,Indian Penal Code 1860,{'type': 'BELONGS_TO'}
IPC_354B,sexual_harassment,{'type': 'DEFINES'}
IPC_354D,Indian Penal Code 1860,{'type': 'BELONGS_TO'}
IPC_354D,stalking,{'type': 'DEFINES'}
IPC_363,Indian Penal Code 1860,{'type': 'BELONGS_TO'}
IPC_363,kidnapping,{'type': 'DEFINES'}
IPC_363,PROC_KIDNAPPING,{'type': 'LEADS_TO'}
IPC_364,Indian Penal Code 1860,{'type': 'BELONGS_TO'}
IPC_364,kidnapping,{'type': 'DEFINES'}
IPC_364,PROC_KIDNAPPING,{'type': 'LEADS_TO'}
IPC_375,Indian Penal Code 1860,{'type': 'BELONGS_TO'}
IPC_375,rape,{'type': 'DEFINES'}
IPC_375,PROC_SEXUAL_ASSAULT_COMPLAINT,{'type': 'LEADS_TO'}
IPC_376,Indian Penal Code 1860,{'type': 'BELONGS_TO'}
IPC_376,rape,{'type': 'DEFINES'}
IPC_376,PROC_SEXUAL_ASSAULT_COMPLAINT,{'type': 'LEADS_TO'}
IPC_378,Indian Penal Code 1860,{'type': 'BELONGS_TO'}
IPC_378,theft,{'type': 'DEFINES'}
IPC_379,Indian Penal Code 1860,{'type': 'BELONGS_TO'}
IPC_379,theft,{'type': 'DEFINES'}
IPC_383,Indian Penal Code 1860,{'type': 'BELONGS_TO'}
IPC_383,extortion,{'type': 'DEFINES'}
IPC_384,Indian Penal Code 1860,{'type': 'BELONGS_TO'}
IPC_384,extortion,{'type': 'DEFINES'}
IPC_406,Indian Penal Code 1860,{'type': 'BELONGS_TO'}
IPC_406,criminal_breach_of_trust,{'type': 'DEFINES'}
IPC_406,PROC_CRIMINAL_BREACH_TRUST,{'type': 'LEADS_TO'}
IPC_409,Indian Penal Code 1860,{'type': 'BELONGS_TO'}
IPC_409,criminal_breach_of_trust,{'type': 'DEFINES'}
IPC_409,corruption,{'type': 'DEFINES'}
IPC_409,PROC_CRIMINAL_BREACH_TRUST,{'type': 'LEADS_TO'}
IPC_411,Indian Penal Code 1860,{'type': 'BELONGS_TO'}
IPC_411,theft,{'type': 'DEFINES'}
IPC_415,Indian Penal Code 1860,{'type': 'BELONGS_TO'}
IPC_415,cheating,{'type': 'DEFINES'}
IPC_415,PROC_CHEATING_FRAUD,{'type': 'LEADS_TO'}
IPC_417,Indian Penal Code 1860,{'type': 'BELONGS_TO'}
IPC_417,cheating,{'type': 'DEFINES'}
IPC_419,Indian Penal Code 1860,{'type': 'BELONGS_TO'}
IPC_419,cheating,{'type': 'DEFINES'}
IPC_420,Indian Penal Code 1860,{'type': 'BELONGS_TO'}
IPC_420,cheating,{'type': 'DEFINES'}
IPC_420,PROC_CHEATING_FRAUD,{'type': 'LEADS_TO'}
IPC_425,Indian Penal Code 1860,{'type': 'BELONGS_TO'}
IPC_425,mischief,{'type': 'DEFINES'}
IPC_427,Indian Penal Code 1860,{'type': 'BELONGS_TO'}
IPC_427,mischief,{'type': 'DEFINES'}
IPC_428,Indian Penal Code 1860,{'type': 'BELONGS_TO'}
IPC_428,mischief,{'type': 'DEFINES'}
IPC_429,Indian Penal Code 1860,{'type': 'BELONGS_TO'}
IPC_429,mischief,{'type': 'DEFINES'}
IPC_447,Indian Penal Code 1860,{'type': 'BELONGS_TO'}
IPC_447,trespass,{'type': 'DEFINES'}
IPC_448,Indian Penal Code 1860,{'type': 'BELONGS_TO'}
IPC_448,trespass,{'type': 'DEFINES'}
IPC_465,Indian Penal Code 1860,{'type': 'BELONGS_TO'}
IPC_465,forgery,{'type': 'DEFINES'}
IPC_465,PROC_FORGERY,{'type': 'LEADS_TO'}
IPC_467,Indian Penal Code 1860,{'type': 'BELONGS_TO'}
IPC_467,forgery,{'type': 'DEFINES'}
IPC_467,PROC_FORGERY,{'type': 'LEADS_TO'}
IPC_468,Indian Penal Code 1860,{'type': 'BELONGS_TO'}
IPC_468,forgery,{'type': 'DEFINES'}
IPC_468,PROC_FORGERY,{'type': 'LEADS_TO'}
IPC_471,Indian Penal Code 1860,{'type': 'BELONGS_TO'}
IPC_471,forgery,{'type': 'DEFINES'}
IPC_471,PROC_FORGERY,{'type': 'LEADS_TO'}
IPC_489B,Indian Penal Code 1860,{'type': 'BELONGS_TO'}
IPC_489B,counterfeiting,{'type': 'DEFINES'}
IPC_494,Indian Penal Code 1860,{'type': 'BELONGS_TO'}
IPC_494,bigamy,{'type': 'DEFINES'}
IPC_499,Indian Penal Code 1860,{'type': 'BELONGS_TO'}
IPC_499,defamation,{'type': 'DEFINES'}
IPC_499,PROC_DEFAMATION,{'type': 'LEADS_TO'}
IPC_500,Indian Penal Code 1860,{'type': 'BELONGS_TO'}
IPC_500,defamation,{'type': 'DEFINES'}
IPC_500,PROC_DEFAMATION,{'type': 'LEADS_TO'}
IPC_503,Indian Penal Code 1860,{'type': 'BELONGS_TO'}
IPC_503,criminal_intimidation,{'type': 'DEFINES'}
IPC_503,PROC_CRIMINAL_INTIMIDATION,{'type': 'LEADS_TO'}
IPC_504,Indian Penal Code 1860,{'type': 'BELONGS_TO'}
IPC_504,criminal_intimidation,{'type': 'DEFINES'}
IPC_504,PROC_CRIMINAL_INTIMIDATION,{'type': 'LEADS_TO'}
IPC_506,Indian Penal Code 1860,{'type': 'BELONGS_TO'}
IPC_506,criminal_intimidation,{'type': 'DEFINES'}
IPC_506,PROC_CRIMINAL_INTIMIDATION,{'type': 'LEADS_TO'}
IPC_509,Indian Penal Code 1860,{'type': 'BELONGS_TO'}
IPC_509,sexual_harassment,{'type': 'DEFINES'}
IPC_489A,Indian Penal Code 1860,{'type': 'BELONGS_TO'}
IPC_489A,counterfeiting,{'type': 'DEFINES'}
CRPC_41,Code of Criminal Procedure 1973,{'type': 'BELONGS_TO'}
CRPC_41,arrest,{'type': 'DEFINES'}
CRPC_73,Code of Criminal Procedure 1973,{'type': 'BELONGS_TO'}
CRPC_73,arrest,{'type': 'DEFINES'}
CRPC_107,Code of Criminal Procedure 1973,{'type': 'BELONGS_TO'}
CRPC_107,public_nuisance,{'type': 'DEFINES'}
CRPC_107,PROC_CRIMINAL_INTIMIDATION,{'type': 'LEADS_TO'}
CRPC_116,Code of Criminal Procedure 1973,{'type': 'BELONGS_TO'}
CRPC_116,public_nuisance,{'type': 'DEFINES'}
CRPC_125,Code of Criminal Procedure 1973,{'type': 'BELONGS_TO'}
CRPC_125,maintenance,{'type': 'DEFINES'}
CRPC_125,PROC_MAINTENANCE,{'type': 'LEADS_TO'}
CRPC_133,Code of Criminal Procedure 1973,{'type': 'BELONGS_TO'}
CRPC_133,public_nuisance,{'type': 'DEFINES'}
CRPC_144,Code of Criminal Procedure 1973,{'type': 'BELONGS_TO'}
CRPC_144,public_nuisance,{'type': 'DEFINES'}
CRPC_154,Code of Criminal Procedure 1973,{'type': 'BELONGS_TO'}
CRPC_154,fir,{'type': 'DEFINES'}
CRPC_154,PROC_FIR_FILING,{'type': 'LEADS_TO'}
CRPC_154,PROC_SEXUAL_ASSAULT_COMPLAINT,{'type': 'LEADS_TO'}
CRPC_154,PROC_SCST_COMPLAINT,{'type': 'LEADS_TO'}
CRPC_154,PROC_CHEATING_FRAUD,{'type': 'LEADS_TO'}
CRPC_154,PROC_DOWRY_HARASSMENT,{'type': 'LEADS_TO'}
CRPC_154,PROC_KIDNAPPING,{'type': 'LEADS_TO'}
CRPC_154,PROC_CORRUPTION_COMPLAINT,{'type': 'LEADS_TO'}
CRPC_154,PROC_CRIMINAL_BREACH_TRUST,{'type': 'LEADS_TO'}
CRPC_156,Code of Criminal Procedure 1973,{'type': 'BELONGS_TO'}
CRPC_156,fir,{'type': 'DEFINES'}
CRPC_156,PROC_FIR_FILING,{'type': 'LEADS_TO'}
CRPC_160,Code of Criminal Procedure 1973,{'type': 'BELONGS_TO'}
CRPC_160,arrest,{'type': 'DEFINES'}
CRPC_161,Code of Criminal Procedure 1973,{'type': 'BELONGS_TO'}
CRPC_161,confession,{'type': 'DEFINES'}
CRPC_164,Code of Criminal Procedure 1973,{'type': 'BELONGS_TO'}
CRPC_164,confession,{'type': 'DEFINES'}
CRPC_164,PROC_SEXUAL_ASSAULT_COMPLAINT,{'type': 'LEADS_TO'}
CRPC_167,Code of Criminal Procedure 1973,{'type': 'BELONGS_TO'}
CRPC_167,bail,{'type': 'DEFINES'}
CRPC_167,arrest,{'type': 'DEFINES'}
CRPC_167,PROC_REGULAR_BAIL,{'type': 'LEADS_TO'}
CRPC_173,Code of Criminal Procedure 1973,{'type': 'BELONGS_TO'}
CRPC_173,charge_sheet,{'type': 'DEFINES'}
CRPC_195,Code of Criminal Procedure 1973,{'type': 'BELONGS_TO'}
CRPC_195,perjury,{'type': 'DEFINES'}
CRPC_200,Code of Criminal Procedure 1973,{'type': 'BELONGS_TO'}
CRPC_200,fir,{'type': 'DEFINES'}
CRPC_200,PROC_FIR_FILING,{'type': 'LEADS_TO'}
CRPC_200,PROC_CHEATING_FRAUD,{'type': 'LEADS_TO'}
CRPC_200,PROC_DEFAMATION,{'type': 'LEADS_TO'}
CRPC_205,Code of Criminal Procedure 1973,{'type': 'BELONGS_TO'}
CRPC_205,charge_sheet,{'type': 'DEFINES'}
CRPC_210,Code of Criminal Procedure 1973,{'type': 'BELONGS_TO'}
CRPC_210,fir,{'type': 'DEFINES'}
CRPC_210,charge_sheet,{'type': 'DEFINES'}
CRPC_216,Code of Criminal Procedure 1973,{'type': 'BELONGS_TO'}
CRPC_216,charge_sheet,{'type': 'DEFINES'}
CRPC_227,Code of Criminal Procedure 1973,{'type': 'BELONGS_TO'}
CRPC_227,charge_sheet,{'type': 'DEFINES'}
CRPC_239,Code of Criminal Procedure 1973,{'type': 'BELONGS_TO'}
CRPC_239,charge_sheet,{'type': 'DEFINES'}
CRPC_302,Code of Criminal Procedure 1973,{'type': 'BELONGS_TO'}
CRPC_302,fir,{'type': 'DEFINES'}
CRPC_317,Code of Criminal Procedure 1973,{'type': 'BELONGS_TO'}
CRPC_317,charge_sheet,{'type': 'DEFINES'}
CRPC_320,Code of Criminal Procedure 1973,{'type': 'BELONGS_TO'}
CRPC_320,cheating,{'type': 'DEFINES'}
CRPC_320,assault,{'type': 'DEFINES'}
CRPC_320,PROC_CHEQUE_BOUNCE,{'type': 'LEADS_TO'}
CRPC_320,PROC_DEFAMATION,{'type': 'LEADS_TO'}
CRPC_340,Code of Criminal Procedure 1973,{'type': 'BELONGS_TO'}
CRPC_340,perjury,{'type': 'DEFINES'}
CRPC_397,Code of Criminal Procedure 1973,{'type': 'BELONGS_TO'}
CRPC_397,bail,{'type': 'DEFINES'}
CRPC_397,PROC_REGULAR_BAIL,{'type': 'LEADS_TO'}
CRPC_438,Code of Criminal Procedure 1973,{'type': 'BELONGS_TO'}
CRPC_438,anticipatory_bail,{'type': 'DEFINES'}
CRPC_438,PROC_ANTICIPATORY_BAIL,{'type': 'LEADS_TO'}
CRPC_438,PROC_CRIMINAL_INTIMIDATION,{'type': 'LEADS_TO'}
CRPC_439,Code of Criminal Procedure 1973,{'type': 'BELONGS_TO'}
CRPC_439,bail,{'type': 'DEFINES'}
CRPC_439,PROC_ANTICIPATORY_BAIL,{'type': 'LEADS_TO'}
CRPC_439,PROC_REGULAR_BAIL,{'type': 'LEADS_TO'}
CRPC_451,Code of Criminal Procedure 1973,{'type': 'BELONGS_TO'}
CRPC_451,theft,{'type': 'DEFINES'}
CRPC_457,Code of Criminal Procedure 1973,{'type': 'BELONGS_TO'}
CRPC_457,theft,{'type': 'DEFINES'}
CRPC_482,Code of Criminal Procedure 1973,{'type': 'BELONGS_TO'}
CRPC_482,fir,{'type': 'DEFINES'}
CRPC_482,bail,{'type': 'DEFINES'}
CRPC_482,PROC_FIR_FILING,{'type': 'LEADS_TO'}
CRPC_482,PROC_SCST_COMPLAINT,{'type': 'LEADS_TO'}
SCST_3,SC/ST (Prevention of Atrocities) Act 1989,{'type': 'BELONGS_TO'}
SCST_3,sc_st_atrocity,{'type': 'DEFINES'}
SCST_3,PROC_SCST_COMPLAINT,{'type': 'LEADS_TO'}
SCST_7,SC/ST (Prevention of Atrocities) Act 1989,{'type': 'BELONGS_TO'}
SCST_7,sc_st_atrocity,{'type': 'DEFINES'}
SCST_7,PROC_SCST_COMPLAINT,{'type': 'LEADS_TO'}
POCSO_7,POCSO Act 2012,{'type': 'BELONGS_TO'}
POCSO_7,child_abuse,{'type': 'DEFINES'}
POCSO_7,PROC_SEXUAL_ASSAULT_COMPLAINT,{'type': 'LEADS_TO'}
DP_3,Dowry Prohibition Act 1961,{'type': 'BELONGS_TO'}
DP_3,dowry_harassment,{'type': 'DEFINES'}
DP_3,PROC_DOWRY_HARASSMENT,{'type': 'LEADS_TO'}
DP_4,Dowry Prohibition Act 1961,{'type': 'BELONGS_TO'}
DP_4,dowry_harassment,{'type': 'DEFINES'}
DP_4,PROC_DOWRY_HARASSMENT,{'type': 'LEADS_TO'}
NIA_138,Negotiable Instruments Act 1881,{'type': 'BELONGS_TO'}
NIA_138,cheque_bounce,{'type': 'DEFINES'}
NIA_138,PROC_CHEQUE_BOUNCE,{'type': 'LEADS_TO'}
HMA_9,Hindu Marriage Act 1955,{'type': 'BELONGS_TO'}
HMA_9,maintenance,{'type': 'DEFINES'}
HMA_9,PROC_MAINTENANCE,{'type': 'LEADS_TO'}
PCA_7,Prevention of Corruption Act 1988,{'type': 'BELONGS_TO'}
PCA_7,corruption,{'type': 'DEFINES'}
PCA_7,PROC_CORRUPTION_COMPLAINT,{'type': 'LEADS_TO'}
PCA_13,Prevention of Corruption Act 1988,{'type': 'BELONGS_TO'}
PCA_13,corruption,{'type': 'DEFINES'}
PCA_13,PROC_CORRUPTION_COMPLAINT,{'type': 'LEADS_TO'}
ICA_73,Indian Contract Act 1872,{'type': 'BELONGS_TO'}
ICA_73,cheating,{'type': 'DEFINES'}
ICA_73,criminal_breach_of_trust,{'type': 'DEFINES'}
ICA_74,Indian Contract Act 1872,{'type': 'BELONGS_TO'}
ICA_74,cheating,{'type': 'DEFINES'}
ICA_75,Indian Contract Act 1872,{'type': 'BELONGS_TO'}
ICA_75,cheating,{'type': 'DEFINES'}
CPC_24,Code of Civil Procedure 1908,{'type': 'BELONGS_TO'}
CPC_24,fir,{'type': 'DEFINES'}
IEA_27,Indian Evidence Act 1872,{'type': 'BELONGS_TO'}
IEA_27,confession,{'type': 'DEFINES'}
IEA_27,arrest,{'type': 'DEFINES'}
IEA_45,Indian Evidence Act 1872,{'type': 'BELONGS_TO'}
IEA_45,forgery,{'type': 'DEFINES'}
IEA_45,rape,{'type': 'DEFINES'}
IEA_45,PROC_FORGERY,{'type': 'LEADS_TO'}
RA_82,Registration Act 1908,{'type': 'BELONGS_TO'}
RA_82,forgery,{'type': 'DEFINES'}
RA_82,PROC_FORGERY,{'type': 'LEADS_TO'}
RA_83,Registration Act 1908,{'type': 'BELONGS_TO'}
RA_83,forgery,{'type': 'DEFINES'}
DK_BASU_GUIDELINES_1997,CRPC_41,{'type': 'GOVERNED_BY'}
DK_BASU_GUIDELINES_1997,CRPC_167,{'type': 'GOVERNED_BY'}
LALITA_KUMARI_DIRECTIONS_2014,CRPC_154,{'type': 'GOVERNED_BY'}
LALITA_KUMARI_DIRECTIONS_2014,CRPC_156,{'type': 'GOVERNED_BY'}
ARNESH_KUMAR_DIRECTIONS_2014,CRPC_41,{'type': 'GOVERNED_BY'}
ARNESH_KUMAR_DIRECTIONS_2014,CRPC_167,{'type': 'GOVERNED_BY'}
POCSO_RULES_2020,POCSO_7,{'type': 'GOVERNED_BY'}
POCSO_RULES_2020,CRPC_154,{'type': 'GOVERNED_BY'}
SCST_ACT_RULES_1995,SCST_3,{'type': 'GOVERNED_BY'}
SCST_ACT_RULES_1995,SCST_7,{'type': 'GOVERNED_BY'}
NI_ACT_AMENDMENT_2018,NIA_138,{'type': 'GOVERNED_BY'}
SATENDER_ANTIL_BAIL_GUIDELINES_2022,CRPC_438,{'type': 'GOVERNED_BY'}
SATENDER_ANTIL_BAIL_GUIDELINES_2022,CRPC_439,{'type': 'GOVERNED_BY'}
SATENDER_ANTIL_BAIL_GUIDELINES_2022,CRPC_167,{'type': 'GOVERNED_BY'}
DK_BASU_1997,ART_21,{'type': 'INTERPRETS'}
DK_BASU_1997,ART_22,{'type': 'INTERPRETS'}
DK_BASU_1997,CRPC_41,{'type': 'INTERPRETS'}
DK_BASU_1997,CRPC_167,{'type': 'INTERPRETS'}
HUSSAINARA_KHATOON_1979,ART_21,{'type': 'INTERPRETS'}
HUSSAINARA_KHATOON_1979,ART_39A,{'type': 'INTERPRETS'}
HUSSAINARA_KHATOON_1979,CRPC_167,{'type': 'INTERPRETS'}
LALITA_KUMARI_2014,ART_21,{'type': 'INTERPRETS'}
LALITA_KUMARI_2014,CRPC_154,{'type': 'INTERPRETS'}
LALITA_KUMARI_2014,CRPC_156,{'type': 'INTERPRETS'}
ARNESH_KUMAR_2014,ART_21,{'type': 'INTERPRETS'}
ARNESH_KUMAR_2014,ART_22,{'type': 'INTERPRETS'}
ARNESH_KUMAR_2014,CRPC_41,{'type': 'INTERPRETS'}
SATENDER_ANTIL_2022,ART_21,{'type': 'INTERPRETS'}
SATENDER_ANTIL_2022,CRPC_438,{'type': 'INTERPRETS'}
SATENDER_ANTIL_2022,CRPC_439,{'type': 'INTERPRETS'}
SATENDER_ANTIL_2022,CRPC_167,{'type': 'INTERPRETS'}
MANEKA_GANDHI_1978,ART_21,{'type': 'INTERPRETS'}
MANEKA_GANDHI_1978,ART_14,{'type': 'INTERPRETS'}
GIAN_KAUR_1996,ART_21,{'type': 'INTERPRETS'}
GIAN_KAUR_1996,IPC_309,{'type': 'INTERPRETS'}
VISHAKHA_1997,ART_14,{'type': 'INTERPRETS'}
VISHAKHA_1997,ART_21,{'type': 'INTERPRETS'}
VISHAKHA_1997,IPC_354A,{'type': 'INTERPRETS'}
VISHAKHA_1997,IPC_354,{'type': 'INTERPRETS'}
SUBRAMANIAN_SWAMY_2016,ART_21,{'type': 'INTERPRETS'}
SUBRAMANIAN_SWAMY_2016,IPC_499,{'type': 'INTERPRETS'}
SUBRAMANIAN_SWAMY_2016,IPC_500,{'type': 'INTERPRETS'}
P_CHIDAMBARAM_2019,ART_21,{'type': 'INTERPRETS'}
P_CHIDAMBARAM_2019,CRPC_438,{'type': 'INTERPRETS'}
JOGINDER_KUMAR_1994,ART_21,{'type': 'INTERPRETS'}
JOGINDER_KUMAR_1994,ART_22,{'type': 'INTERPRETS'}
JOGINDER_KUMAR_1994,CRPC_41,{'type': 'INTERPRETS'}
Q_0,forgery,{'type': 'RELATES_TO'}
Q_0,cybercrime,{'type': 'RELATES_TO'}
Q_0,defamation,{'type': 'RELATES_TO'}
Q_0,IPC_465,{'type': 'MATCHES'}
Q_0,IPC_467,{'type': 'MATCHES'}
Q_0,IPC_468,{'type': 'MATCHES'}
Q_0,IPC_471,{'type': 'MATCHES'}
Q_0,IEA_45,{'type': 'MATCHES'}
Q_0,RA_82,{'type': 'MATCHES'}
Q_0,RA_83,{'type': 'MATCHES'}
Q_0,IPC_499,{'type': 'MATCHES'}
Q_0,IPC_500,{'type': 'MATCHES'}
Q_4,fir,{'type': 'RELATES_TO'}
Q_4,bail,{'type': 'RELATES_TO'}
Q_4,CRPC_154,{'type': 'MATCHES'}
Q_4,CRPC_156,{'type': 'MATCHES'}
Q_4,CRPC_200,{'type': 'MATCHES'}
Q_4,CRPC_210,{'type': 'MATCHES'}
Q_4,CRPC_302,{'type': 'MATCHES'}
Q_4,CRPC_482,{'type': 'MATCHES'}
Q_4,CPC_24,{'type': 'MATCHES'}
Q_4,CRPC_167,{'type': 'MATCHES'}
Q_4,CRPC_397,{'type': 'MATCHES'}
Q_4,CRPC_439,{'type': 'MATCHES'}
Q_9,cheque_bounce,{'type': 'RELATES_TO'}
Q_9,arrest,{'type': 'RELATES_TO'}
Q_9,anticipatory_bail,{'type': 'RELATES_TO'}
Q_9,NIA_138,{'type': 'MATCHES'}
Q_9,CRPC_41,{'type': 'MATCHES'}
Q_9,CRPC_73,{'type': 'MATCHES'}
Q_9,CRPC_160,{'type': 'MATCHES'}
Q_9,CRPC_167,{'type': 'MATCHES'}
Q_9,IEA_27,{'type': 'MATCHES'}
Q_9,CRPC_438,{'type': 'MATCHES'}
Q_10,fir,{'type': 'RELATES_TO'}
Q_10,CRPC_154,{'type': 'MATCHES'}
Q_10,CRPC_156,{'type': 'MATCHES'}
Q_10,CRPC_200,{'type': 'MATCHES'}
Q_10,CRPC_210,{'type': 'MATCHES'}
Q_10,CRPC_302,{'type': 'MATCHES'}
Q_10,CRPC_482,{'type': 'MATCHES'}
Q_10,CPC_24,{'type': 'MATCHES'}
Q_12,charge_sheet,{'type': 'RELATES_TO'}
Q_12,CRPC_173,{'type': 'MATCHES'}
Q_12,CRPC_205,{'type': 'MATCHES'}
Q_12,CRPC_210,{'type': 'MATCHES'}
Q_12,CRPC_216,{'type': 'MATCHES'}
Q_12,CRPC_227,{'type': 'MATCHES'}
Q_12,CRPC_239,{'type': 'MATCHES'}
Q_12,CRPC_317,{'type': 'MATCHES'}
Q_13,fir,{'type': 'RELATES_TO'}
Q_13,CRPC_154,{'type': 'MATCHES'}
Q_13,CRPC_156,{'type': 'MATCHES'}
Q_13,CRPC_200,{'type': 'MATCHES'}
Q_13,CRPC_210,{'type': 'MATCHES'}
Q_13,CRPC_302,{'type': 'MATCHES'}
Q_13,CRPC_482,{'type': 'MATCHES'}
Q_13,CPC_24,{'type': 'MATCHES'}
Q_14,maintenance,{'type': 'RELATES_TO'}
Q_14,CRPC_125,{'type': 'MATCHES'}
Q_14,HMA_9,{'type': 'MATCHES'}
Q_15,cheating,{'type': 'RELATES_TO'}
Q_15,criminal_breach_of_trust,{'type': 'RELATES_TO'}
Q_15,IPC_415,{'type': 'MATCHES'}
Q_15,IPC_417,{'type': 'MATCHES'}
Q_15,IPC_419,{'type': 'MATCHES'}
Q_15,IPC_420,{'type': 'MATCHES'}
Q_15,CRPC_320,{'type': 'MATCHES'}
Q_15,ICA_73,{'type': 'MATCHES'}
Q_15,ICA_74,{'type': 'MATCHES'}
Q_15,ICA_75,{'type': 'MATCHES'}
Q_15,IPC_406,{'type': 'MATCHES'}
Q_15,IPC_409,{'type': 'MATCHES'}
Q_16,fir,{'type': 'RELATES_TO'}
Q_16,CRPC_154,{'type': 'MATCHES'}
Q_16,CRPC_156,{'type': 'MATCHES'}
Q_16,CRPC_200,{'type': 'MATCHES'}
Q_16,CRPC_210,{'type': 'MATCHES'}
Q_16,CRPC_302,{'type': 'MATCHES'}
Q_16,CRPC_482,{'type': 'MATCHES'}
Q_16,CPC_24,{'type': 'MATCHES'}
Q_20,stalking,{'type': 'RELATES_TO'}
Q_20,cheating,{'type': 'RELATES_TO'}
Q_20,trespass,{'type': 'RELATES_TO'}
Q_20,IPC_354D,{'type': 'MATCHES'}
Q_20,IPC_415,{'type': 'MATCHES'}
Q_20,IPC_417,{'type': 'MATCHES'}
Q_20,IPC_419,{'type': 'MATCHES'}
Q_20,IPC_420,{'type': 'MATCHES'}
Q_20,CRPC_320,{'type': 'MATCHES'}
Q_20,ICA_73,{'type': 'MATCHES'}
Q_20,ICA_74,{'type': 'MATCHES'}
Q_20,ICA_75,{'type': 'MATCHES'}
Q_20,IPC_447,{'type': 'MATCHES'}
Q_20,IPC_448,{'type': 'MATCHES'}
Q_25,fir,{'type': 'RELATES_TO'}
Q_25,perjury,{'type': 'RELATES_TO'}
Q_25,bail,{'type': 'RELATES_TO'}
Q_25,defamation,{'type': 'RELATES_TO'}
Q_25,CRPC_154,{'type': 'MATCHES'}
Q_25,CRPC_156,{'type': 'MATCHES'}
Q_25,CRPC_200,{'type': 'MATCHES'}
Q_25,CRPC_210,{'type': 'MATCHES'}
Q_25,CRPC_302,{'type': 'MATCHES'}
Q_25,CRPC_482,{'type': 'MATCHES'}
Q_25,CPC_24,{'type': 'MATCHES'}
Q_25,IPC_182,{'type': 'MATCHES'}
Q_25,IPC_191,{'type': 'MATCHES'}
Q_25,IPC_192,{'type': 'MATCHES'}
Q_25,IPC_193,{'type': 'MATCHES'}
Q_25,IPC_194,{'type': 'MATCHES'}
Q_25,IPC_195,{'type': 'MATCHES'}
Q_25,IPC_199,{'type': 'MATCHES'}
Q_25,IPC_200,{'type': 'MATCHES'}
Q_25,IPC_205,{'type': 'MATCHES'}
Q_25,IPC_228,{'type': 'MATCHES'}
Q_25,CRPC_195,{'type': 'MATCHES'}
Q_25,CRPC_340,{'type': 'MATCHES'}
Q_25,CRPC_167,{'type': 'MATCHES'}
Q_25,CRPC_397,{'type': 'MATCHES'}
Q_25,CRPC_439,{'type': 'MATCHES'}
Q_25,IPC_499,{'type': 'MATCHES'}
Q_25,IPC_500,{'type': 'MATCHES'}
Q_26,domestic_violence,{'type': 'RELATES_TO'}
Q_26,assault,{'type': 'RELATES_TO'}
Q_26,IPC_320,{'type': 'MATCHES'}
Q_26,IPC_323,{'type': 'MATCHES'}
Q_26,IPC_324,{'type': 'MATCHES'}
Q_26,IPC_325,{'type': 'MATCHES'}
Q_26,IPC_326,{'type': 'MATCHES'}
Q_26,IPC_337,{'type': 'MATCHES'}
Q_26,IPC_338,{'type': 'MATCHES'}
Q_26,IPC_350,{'type': 'MATCHES'}
Q_26,CRPC_320,{'type': 'MATCHES'}
Q_27,bail,{'type': 'RELATES_TO'}
Q_27,arrest,{'type': 'RELATES_TO'}
Q_27,CRPC_167,{'type': 'MATCHES'}
Q_27,CRPC_397,{'type': 'MATCHES'}
Q_27,CRPC_439,{'type': 'MATCHES'}
Q_27,CRPC_482,{'type': 'MATCHES'}
Q_27,CRPC_41,{'type': 'MATCHES'}
Q_27,CRPC_73,{'type': 'MATCHES'}
Q_27,CRPC_160,{'type': 'MATCHES'}
Q_27,IEA_27,{'type': 'MATCHES'}
Q_28,charge_sheet,{'type': 'RELATES_TO'}
Q_28,fir,{'type': 'RELATES_TO'}
Q_28,forgery,{'type': 'RELATES_TO'}
Q_28,CRPC_173,{'type': 'MATCHES'}
Q_28,CRPC_205,{'type': 'MATCHES'}
Q_28,CRPC_210,{'type': 'MATCHES'}
Q_28,CRPC_216,{'type': 'MATCHES'}
Q_28,CRPC_227,{'type': 'MATCHES'}
Q_28,CRPC_239,{'type': 'MATCHES'}
Q_28,CRPC_317,{'type': 'MATCHES'}
Q_28,CRPC_154,{'type': 'MATCHES'}
Q_28,CRPC_156,{'type': 'MATCHES'}
Q_28,CRPC_200,{'type': 'MATCHES'}
Q_28,CRPC_302,{'type': 'MATCHES'}
Q_28,CRPC_482,{'type': 'MATCHES'}
Q_28,CPC_24,{'type': 'MATCHES'}
Q_28,IPC_465,{'type': 'MATCHES'}
Q_28,IPC_467,{'type': 'MATCHES'}
Q_28,IPC_468,{'type': 'MATCHES'}
Q_28,IPC_471,{'type': 'MATCHES'}
Q_28,IEA_45,{'type': 'MATCHES'}
Q_28,RA_82,{'type': 'MATCHES'}
Q_28,RA_83,{'type': 'MATCHES'}
Q_29,charge_sheet,{'type': 'RELATES_TO'}
Q_29,fir,{'type': 'RELATES_TO'}
Q_29,bail,{'type': 'RELATES_TO'}
Q_29,CRPC_173,{'type': 'MATCHES'}
Q_29,CRPC_205,{'type': 'MATCHES'}
Q_29,CRPC_210,{'type': 'MATCHES'}
Q_29,CRPC_216,{'type': 'MATCHES'}
Q_29,CRPC_227,{'type': 'MATCHES'}
Q_29,CRPC_239,{'type': 'MATCHES'}
Q_29,CRPC_317,{'type': 'MATCHES'}
Q_29,CRPC_154,{'type': 'MATCHES'}
Q_29,CRPC_156,{'type': 'MATCHES'}
Q_29,CRPC_200,{'type': 'MATCHES'}
Q_29,CRPC_302,{'type': 'MATCHES'}
Q_29,CRPC_482,{'type': 'MATCHES'}
Q_29,CPC_24,{'type': 'MATCHES'}
Q_29,CRPC_167,{'type': 'MATCHES'}
Q_29,CRPC_397,{'type': 'MATCHES'}
Q_29,CRPC_439,{'type': 'MATCHES'}
Q_30,fir,{'type': 'RELATES_TO'}
Q_30,CRPC_154,{'type': 'MATCHES'}
Q_30,CRPC_156,{'type': 'MATCHES'}
Q_30,CRPC_200,{'type': 'MATCHES'}
Q_30,CRPC_210,{'type': 'MATCHES'}
Q_30,CRPC_302,{'type': 'MATCHES'}
Q_30,CRPC_482,{'type': 'MATCHES'}
Q_30,CPC_24,{'type': 'MATCHES'}
Q_33,fir,{'type': 'RELATES_TO'}
Q_33,CRPC_154,{'type': 'MATCHES'}
Q_33,CRPC_156,{'type': 'MATCHES'}
Q_33,CRPC_200,{'type': 'MATCHES'}
Q_33,CRPC_210,{'type': 'MATCHES'}
Q_33,CRPC_302,{'type': 'MATCHES'}
Q_33,CRPC_482,{'type': 'MATCHES'}
Q_33,CPC_24,{'type': 'MATCHES'}
Q_34,fir,{'type': 'RELATES_TO'}
Q_34,arrest,{'type': 'RELATES_TO'}
Q_34,CRPC_154,{'type': 'MATCHES'}
Q_34,CRPC_156,{'type': 'MATCHES'}
Q_34,CRPC_200,{'type': 'MATCHES'}
Q_34,CRPC_210,{'type': 'MATCHES'}
Q_34,CRPC_302,{'type': 'MATCHES'}
Q_34,CRPC_482,{'type': 'MATCHES'}
Q_34,CPC_24,{'type': 'MATCHES'}
Q_34,CRPC_41,{'type': 'MATCHES'}
Q_34,CRPC_73,{'type': 'MATCHES'}
Q_34,CRPC_160,{'type': 'MATCHES'}
Q_34,CRPC_167,{'type': 'MATCHES'}
Q_34,IEA_27,{'type': 'MATCHES'}
Q_36,corruption,{'type': 'RELATES_TO'}
Q_36,IPC_409,{'type': 'MATCHES'}
Q_36,PCA_7,{'type': 'MATCHES'}
Q_36,PCA_13,{'type': 'MATCHES'}
Q_37,cheating,{'type': 'RELATES_TO'}
Q_37,arrest,{'type': 'RELATES_TO'}
Q_37,IPC_415,{'type': 'MATCHES'}
Q_37,IPC_417,{'type': 'MATCHES'}
Q_37,IPC_419,{'type': 'MATCHES'}
Q_37,IPC_420,{'type': 'MATCHES'}
Q_37,CRPC_320,{'type': 'MATCHES'}
Q_37,ICA_73,{'type': 'MATCHES'}
Q_37,ICA_74,{'type': 'MATCHES'}
Q_37,ICA_75,{'type': 'MATCHES'}
Q_37,CRPC_41,{'type': 'MATCHES'}
Q_37,CRPC_73,{'type': 'MATCHES'}
Q_37,CRPC_160,{'type': 'MATCHES'}
Q_37,CRPC_167,{'type': 'MATCHES'}
Q_37,IEA_27,{'type': 'MATCHES'}
Q_38,fir,{'type': 'RELATES_TO'}
Q_38,bail,{'type': 'RELATES_TO'}
Q_38,criminal_breach_of_trust,{'type': 'RELATES_TO'}
Q_38,arrest,{'type': 'RELATES_TO'}
Q_38,CRPC_154,{'type': 'MATCHES'}
Q_38,CRPC_156,{'type': 'MATCHES'}
Q_38,CRPC_200,{'type': 'MATCHES'}
Q_38,CRPC_210,{'type': 'MATCHES'}
Q_38,CRPC_302,{'type': 'MATCHES'}
Q_38,CRPC_482,{'type': 'MATCHES'}
Q_38,CPC_24,{'type': 'MATCHES'}
Q_38,CRPC_167,{'type': 'MATCHES'}
Q_38,CRPC_397,{'type': 'MATCHES'}
Q_38,CRPC_439,{'type': 'MATCHES'}
Q_38,IPC_406,{'type': 'MATCHES'}
Q_38,IPC_409,{'type': 'MATCHES'}
Q_38,ICA_73,{'type': 'MATCHES'}
Q_38,CRPC_41,{'type': 'MATCHES'}
Q_38,CRPC_73,{'type': 'MATCHES'}
Q_38,CRPC_160,{'type': 'MATCHES'}
Q_38,IEA_27,{'type': 'MATCHES'}
Q_40,charge_sheet,{'type': 'RELATES_TO'}
Q_40,CRPC_173,{'type': 'MATCHES'}
Q_40,CRPC_205,{'type': 'MATCHES'}
Q_40,CRPC_210,{'type': 'MATCHES'}
Q_40,CRPC_216,{'type': 'MATCHES'}
Q_40,CRPC_227,{'type': 'MATCHES'}
Q_40,CRPC_239,{'type': 'MATCHES'}
Q_40,CRPC_317,{'type': 'MATCHES'}
Q_43,fir,{'type': 'RELATES_TO'}
Q_43,arrest,{'type': 'RELATES_TO'}
Q_43,CRPC_154,{'type': 'MATCHES'}
Q_43,CRPC_156,{'type': 'MATCHES'}
Q_43,CRPC_200,{'type': 'MATCHES'}
Q_43,CRPC_210,{'type': 'MATCHES'}
Q_43,CRPC_302,{'type': 'MATCHES'}
Q_43,CRPC_482,{'type': 'MATCHES'}
Q_43,CPC_24,{'type': 'MATCHES'}
Q_43,CRPC_41,{'type': 'MATCHES'}
Q_43,CRPC_73,{'type': 'MATCHES'}
Q_43,CRPC_160,{'type': 'MATCHES'}
Q_43,CRPC_167,{'type': 'MATCHES'}
Q_43,IEA_27,{'type': 'MATCHES'}
Q_44,cheating,{'type': 'RELATES_TO'}
Q_44,IPC_415,{'type': 'MATCHES'}
Q_44,IPC_417,{'type': 'MATCHES'}
Q_44,IPC_419,{'type': 'MATCHES'}
Q_44,IPC_420,{'type': 'MATCHES'}
Q_44,CRPC_320,{'type': 'MATCHES'}
Q_44,ICA_73,{'type': 'MATCHES'}
Q_44,ICA_74,{'type': 'MATCHES'}
Q_44,ICA_75,{'type': 'MATCHES'}
Q_45,fir,{'type': 'RELATES_TO'}
Q_45,domestic_violence,{'type': 'RELATES_TO'}
Q_45,CRPC_154,{'type': 'MATCHES'}
Q_45,CRPC_156,{'type': 'MATCHES'}
Q_45,CRPC_200,{'type': 'MATCHES'}
Q_45,CRPC_210,{'type': 'MATCHES'}
Q_45,CRPC_302,{'type': 'MATCHES'}
Q_45,CRPC_482,{'type': 'MATCHES'}
Q_45,CPC_24,{'type': 'MATCHES'}
Q_46,fir,{'type': 'RELATES_TO'}
Q_46,theft,{'type': 'RELATES_TO'}
Q_46,CRPC_154,{'type': 'MATCHES'}
Q_46,CRPC_156,{'type': 'MATCHES'}
Q_46,CRPC_200,{'type': 'MATCHES'}
Q_46,CRPC_210,{'type': 'MATCHES'}
Q_46,CRPC_302,{'type': 'MATCHES'}
Q_46,CRPC_482,{'type': 'MATCHES'}
Q_46,CPC_24,{'type': 'MATCHES'}
Q_46,IPC_378,{'type': 'MATCHES'}
Q_46,IPC_379,{'type': 'MATCHES'}
Q_46,IPC_411,{'type': 'MATCHES'}
Q_46,CRPC_451,{'type': 'MATCHES'}
Q_46,CRPC_457,{'type': 'MATCHES'}
Q_47,assault,{'type': 'RELATES_TO'}
Q_47,cheating,{'type': 'RELATES_TO'}
Q_47,rape,{'type': 'RELATES_TO'}
Q_47,IPC_320,{'type': 'MATCHES'}
Q_47,IPC_323,{'type': 'MATCHES'}
Q_47,IPC_324,{'type': 'MATCHES'}
Q_47,IPC_325,{'type': 'MATCHES'}
Q_47,IPC_326,{'type': 'MATCHES'}
Q_47,IPC_337,{'type': 'MATCHES'}
Q_47,IPC_338,{'type': 'MATCHES'}
Q_47,IPC_350,{'type': 'MATCHES'}
Q_47,CRPC_320,{'type': 'MATCHES'}
Q_47,IPC_415,{'type': 'MATCHES'}
Q_47,IPC_417,{'type': 'MATCHES'}
Q_47,IPC_419,{'type': 'MATCHES'}
Q_47,IPC_420,{'type': 'MATCHES'}
Q_47,ICA_73,{'type': 'MATCHES'}
Q_47,ICA_74,{'type': 'MATCHES'}
Q_47,ICA_75,{'type': 'MATCHES'}
Q_47,IPC_375,{'type': 'MATCHES'}
Q_47,IPC_376,{'type': 'MATCHES'}
Q_47,IEA_45,{'type': 'MATCHES'}
Q_48,assault,{'type': 'RELATES_TO'}
Q_48,IPC_320,{'type': 'MATCHES'}
Q_48,IPC_323,{'type': 'MATCHES'}
Q_48,IPC_324,{'type': 'MATCHES'}
Q_48,IPC_325,{'type': 'MATCHES'}
Q_48,IPC_326,{'type': 'MATCHES'}
Q_48,IPC_337,{'type': 'MATCHES'}
Q_48,IPC_338,{'type': 'MATCHES'}
Q_48,IPC_350,{'type': 'MATCHES'}
Q_48,CRPC_320,{'type': 'MATCHES'}
Q_49,fir,{'type': 'RELATES_TO'}
Q_49,CRPC_154,{'type': 'MATCHES'}
Q_49,CRPC_156,{'type': 'MATCHES'}
Q_49,CRPC_200,{'type': 'MATCHES'}
Q_49,CRPC_210,{'type': 'MATCHES'}
Q_49,CRPC_302,{'type': 'MATCHES'}
Q_49,CRPC_482,{'type': 'MATCHES'}
Q_49,CPC_24,{'type': 'MATCHES'}
Q_51,defamation,{'type': 'RELATES_TO'}
Q_51,IPC_499,{'type': 'MATCHES'}
Q_51,IPC_500,{'type': 'MATCHES'}
Q_52,fir,{'type': 'RELATES_TO'}
Q_52,cheating,{'type': 'RELATES_TO'}
Q_52,arrest,{'type': 'RELATES_TO'}
Q_52,forgery,{'type': 'RELATES_TO'}
Q_52,CRPC_154,{'type': 'MATCHES'}
Q_52,CRPC_156,{'type': 'MATCHES'}
Q_52,CRPC_200,{'type': 'MATCHES'}
Q_52,CRPC_210,{'type': 'MATCHES'}
Q_52,CRPC_302,{'type': 'MATCHES'}
Q_52,CRPC_482,{'type': 'MATCHES'}
Q_52,CPC_24,{'type': 'MATCHES'}
Q_52,IPC_415,{'type': 'MATCHES'}
Q_52,IPC_417,{'type': 'MATCHES'}
Q_52,IPC_419,{'type': 'MATCHES'}
Q_52,IPC_420,{'type': 'MATCHES'}
Q_52,CRPC_320,{'type': 'MATCHES'}
Q_52,ICA_73,{'type': 'MATCHES'}
Q_52,ICA_74,{'type': 'MATCHES'}
Q_52,ICA_75,{'type': 'MATCHES'}
Q_52,CRPC_41,{'type': 'MATCHES'}
Q_52,CRPC_73,{'type': 'MATCHES'}
Q_52,CRPC_160,{'type': 'MATCHES'}
Q_52,CRPC_167,{'type': 'MATCHES'}
Q_52,IEA_27,{'type': 'MATCHES'}
Q_52,IPC_465,{'type': 'MATCHES'}
Q_52,IPC_467,{'type': 'MATCHES'}
Q_52,IPC_468,{'type': 'MATCHES'}
Q_52,IPC_471,{'type': 'MATCHES'}
Q_52,IEA_45,{'type': 'MATCHES'}
Q_52,RA_82,{'type': 'MATCHES'}
Q_52,RA_83,{'type': 'MATCHES'}
Q_53,defamation,{'type': 'RELATES_TO'}
Q_53,IPC_499,{'type': 'MATCHES'}
Q_53,IPC_500,{'type': 'MATCHES'}
Q_55,bigamy,{'type': 'RELATES_TO'}
Q_55,IPC_494,{'type': 'MATCHES'}
Q_58,cheating,{'type': 'RELATES_TO'}
Q_58,IPC_415,{'type': 'MATCHES'}
Q_58,IPC_417,{'type': 'MATCHES'}
Q_58,IPC_419,{'type': 'MATCHES'}
Q_58,IPC_420,{'type': 'MATCHES'}
Q_58,CRPC_320,{'type': 'MATCHES'}
Q_58,ICA_73,{'type': 'MATCHES'}
Q_58,ICA_74,{'type': 'MATCHES'}
Q_58,ICA_75,{'type': 'MATCHES'}
Q_59,bail,{'type': 'RELATES_TO'}
Q_59,CRPC_167,{'type': 'MATCHES'}
Q_59,CRPC_397,{'type': 'MATCHES'}
Q_59,CRPC_439,{'type': 'MATCHES'}
Q_59,CRPC_482,{'type': 'MATCHES'}
Q_60,fir,{'type': 'RELATES_TO'}
Q_60,anticipatory_bail,{'type': 'RELATES_TO'}
Q_60,CRPC_154,{'type': 'MATCHES'}
Q_60,CRPC_156,{'type': 'MATCHES'}
Q_60,CRPC_200,{'type': 'MATCHES'}
Q_60,CRPC_210,{'type': 'MATCHES'}
Q_60,CRPC_302,{'type': 'MATCHES'}
Q_60,CRPC_482,{'type': 'MATCHES'}
Q_60,CPC_24,{'type': 'MATCHES'}
Q_60,CRPC_438,{'type': 'MATCHES'}
Q_61,abetment,{'type': 'RELATES_TO'}
Q_61,cheating,{'type': 'RELATES_TO'}
Q_61,IPC_107,{'type': 'MATCHES'}
Q_61,IPC_415,{'type': 'MATCHES'}
Q_61,IPC_417,{'type': 'MATCHES'}
Q_61,IPC_419,{'type': 'MATCHES'}
Q_61,IPC_420,{'type': 'MATCHES'}
Q_61,CRPC_320,{'type': 'MATCHES'}
Q_61,ICA_73,{'type': 'MATCHES'}
Q_61,ICA_74,{'type': 'MATCHES'}
Q_61,ICA_75,{'type': 'MATCHES'}
Q_62,fir,{'type': 'RELATES_TO'}
Q_62,arrest,{'type': 'RELATES_TO'}
Q_62,CRPC_154,{'type': 'MATCHES'}
Q_62,CRPC_156,{'type': 'MATCHES'}
Q_62,CRPC_200,{'type': 'MATCHES'}
Q_62,CRPC_210,{'type': 'MATCHES'}
Q_62,CRPC_302,{'type': 'MATCHES'}
Q_62,CRPC_482,{'type': 'MATCHES'}
Q_62,CPC_24,{'type': 'MATCHES'}
Q_62,CRPC_41,{'type': 'MATCHES'}
Q_62,CRPC_73,{'type': 'MATCHES'}
Q_62,CRPC_160,{'type': 'MATCHES'}
Q_62,CRPC_167,{'type': 'MATCHES'}
Q_62,IEA_27,{'type': 'MATCHES'}
Q_63,fir,{'type': 'RELATES_TO'}
Q_63,assault,{'type': 'RELATES_TO'}
Q_63,rash_driving,{'type': 'RELATES_TO'}
Q_63,CRPC_154,{'type': 'MATCHES'}
Q_63,CRPC_156,{'type': 'MATCHES'}
Q_63,CRPC_200,{'type': 'MATCHES'}
Q_63,CRPC_210,{'type': 'MATCHES'}
Q_63,CRPC_302,{'type': 'MATCHES'}
Q_63,CRPC_482,{'type': 'MATCHES'}
Q_63,CPC_24,{'type': 'MATCHES'}
Q_63,IPC_320,{'type': 'MATCHES'}
Q_63,IPC_323,{'type': 'MATCHES'}
Q_63,IPC_324,{'type': 'MATCHES'}
Q_63,IPC_325,{'type': 'MATCHES'}
Q_63,IPC_326,{'type': 'MATCHES'}
Q_63,IPC_337,{'type': 'MATCHES'}
Q_63,IPC_338,{'type': 'MATCHES'}
Q_63,IPC_350,{'type': 'MATCHES'}
Q_63,CRPC_320,{'type': 'MATCHES'}
Q_63,IPC_279,{'type': 'MATCHES'}
Q_64,arrest,{'type': 'RELATES_TO'}
Q_64,CRPC_41,{'type': 'MATCHES'}
Q_64,CRPC_73,{'type': 'MATCHES'}
Q_64,CRPC_160,{'type': 'MATCHES'}
Q_64,CRPC_167,{'type': 'MATCHES'}
Q_64,IEA_27,{'type': 'MATCHES'}
Q_65,fir,{'type': 'RELATES_TO'}
Q_65,CRPC_154,{'type': 'MATCHES'}
Q_65,CRPC_156,{'type': 'MATCHES'}
Q_65,CRPC_200,{'type': 'MATCHES'}
Q_65,CRPC_210,{'type': 'MATCHES'}
Q_65,CRPC_302,{'type': 'MATCHES'}
Q_65,CRPC_482,{'type': 'MATCHES'}
Q_65,CPC_24,{'type': 'MATCHES'}
Q_69,fir,{'type': 'RELATES_TO'}
Q_69,CRPC_154,{'type': 'MATCHES'}
Q_69,CRPC_156,{'type': 'MATCHES'}
Q_69,CRPC_200,{'type': 'MATCHES'}
Q_69,CRPC_210,{'type': 'MATCHES'}
Q_69,CRPC_302,{'type': 'MATCHES'}
Q_69,CRPC_482,{'type': 'MATCHES'}
Q_69,CPC_24,{'type': 'MATCHES'}
Q_72,fir,{'type': 'RELATES_TO'}
Q_72,bail,{'type': 'RELATES_TO'}
Q_72,assault,{'type': 'RELATES_TO'}
Q_72,arrest,{'type': 'RELATES_TO'}
Q_72,CRPC_154,{'type': 'MATCHES'}
Q_72,CRPC_156,{'type': 'MATCHES'}
Q_72,CRPC_200,{'type': 'MATCHES'}
Q_72,CRPC_210,{'type': 'MATCHES'}
Q_72,CRPC_302,{'type': 'MATCHES'}
Q_72,CRPC_482,{'type': 'MATCHES'}
Q_72,CPC_24,{'type': 'MATCHES'}
Q_72,CRPC_167,{'type': 'MATCHES'}
Q_72,CRPC_397,{'type': 'MATCHES'}
Q_72,CRPC_439,{'type': 'MATCHES'}
Q_72,IPC_320,{'type': 'MATCHES'}
Q_72,IPC_323,{'type': 'MATCHES'}
Q_72,IPC_324,{'type': 'MATCHES'}
Q_72,IPC_325,{'type': 'MATCHES'}
Q_72,IPC_326,{'type': 'MATCHES'}
Q_72,IPC_337,{'type': 'MATCHES'}
Q_72,IPC_338,{'type': 'MATCHES'}
Q_72,IPC_350,{'type': 'MATCHES'}
Q_72,CRPC_320,{'type': 'MATCHES'}
Q_72,CRPC_41,{'type': 'MATCHES'}
Q_72,CRPC_73,{'type': 'MATCHES'}
Q_72,CRPC_160,{'type': 'MATCHES'}
Q_72,IEA_27,{'type': 'MATCHES'}
Q_75,charge_sheet,{'type': 'RELATES_TO'}
Q_75,CRPC_173,{'type': 'MATCHES'}
Q_75,CRPC_205,{'type': 'MATCHES'}
Q_75,CRPC_210,{'type': 'MATCHES'}
Q_75,CRPC_216,{'type': 'MATCHES'}
Q_75,CRPC_227,{'type': 'MATCHES'}
Q_75,CRPC_239,{'type': 'MATCHES'}
Q_75,CRPC_317,{'type': 'MATCHES'}
Q_79,cheque_bounce,{'type': 'RELATES_TO'}
Q_79,NIA_138,{'type': 'MATCHES'}
Q_80,bail,{'type': 'RELATES_TO'}
Q_80,arrest,{'type': 'RELATES_TO'}
Q_80,CRPC_167,{'type': 'MATCHES'}
Q_80,CRPC_397,{'type': 'MATCHES'}
Q_80,CRPC_439,{'type': 'MATCHES'}
Q_80,CRPC_482,{'type': 'MATCHES'}
Q_80,CRPC_41,{'type': 'MATCHES'}
Q_80,CRPC_73,{'type': 'MATCHES'}
Q_80,CRPC_160,{'type': 'MATCHES'}
Q_80,IEA_27,{'type': 'MATCHES'}
Q_82,fir,{'type': 'RELATES_TO'}
Q_82,CRPC_154,{'type': 'MATCHES'}
Q_82,CRPC_156,{'type': 'MATCHES'}
Q_82,CRPC_200,{'type': 'MATCHES'}
Q_82,CRPC_210,{'type': 'MATCHES'}
Q_82,CRPC_302,{'type': 'MATCHES'}
Q_82,CRPC_482,{'type': 'MATCHES'}
Q_82,CPC_24,{'type': 'MATCHES'}
Q_84,fir,{'type': 'RELATES_TO'}
Q_84,bail,{'type': 'RELATES_TO'}
Q_84,arrest,{'type': 'RELATES_TO'}
Q_84,anticipatory_bail,{'type': 'RELATES_TO'}
Q_84,CRPC_154,{'type': 'MATCHES'}
Q_84,CRPC_156,{'type': 'MATCHES'}
Q_84,CRPC_200,{'type': 'MATCHES'}
Q_84,CRPC_210,{'type': 'MATCHES'}
Q_84,CRPC_302,{'type': 'MATCHES'}
Q_84,CRPC_482,{'type': 'MATCHES'}
Q_84,CPC_24,{'type': 'MATCHES'}
Q_84,CRPC_167,{'type': 'MATCHES'}
Q_84,CRPC_397,{'type': 'MATCHES'}
Q_84,CRPC_439,{'type': 'MATCHES'}
Q_84,CRPC_41,{'type': 'MATCHES'}
Q_84,CRPC_73,{'type': 'MATCHES'}
Q_84,CRPC_160,{'type': 'MATCHES'}
Q_84,IEA_27,{'type': 'MATCHES'}
Q_84,CRPC_438,{'type': 'MATCHES'}
Q_86,charge_sheet,{'type': 'RELATES_TO'}
Q_86,fir,{'type': 'RELATES_TO'}
Q_86,CRPC_173,{'type': 'MATCHES'}
Q_86,CRPC_205,{'type': 'MATCHES'}
Q_86,CRPC_210,{'type': 'MATCHES'}
Q_86,CRPC_216,{'type': 'MATCHES'}
Q_86,CRPC_227,{'type': 'MATCHES'}
Q_86,CRPC_239,{'type': 'MATCHES'}
Q_86,CRPC_317,{'type': 'MATCHES'}
Q_86,CRPC_154,{'type': 'MATCHES'}
Q_86,CRPC_156,{'type': 'MATCHES'}
Q_86,CRPC_200,{'type': 'MATCHES'}
Q_86,CRPC_302,{'type': 'MATCHES'}
Q_86,CRPC_482,{'type': 'MATCHES'}
Q_86,CPC_24,{'type': 'MATCHES'}
Q_88,perjury,{'type': 'RELATES_TO'}
Q_88,maintenance,{'type': 'RELATES_TO'}
Q_88,IPC_182,{'type': 'MATCHES'}
Q_88,IPC_191,{'type': 'MATCHES'}
Q_88,IPC_192,{'type': 'MATCHES'}
Q_88,IPC_193,{'type': 'MATCHES'}
Q_88,IPC_194,{'type': 'MATCHES'}
Q_88,IPC_195,{'type': 'MATCHES'}
Q_88,IPC_199,{'type': 'MATCHES'}
Q_88,IPC_200,{'type': 'MATCHES'}
Q_88,IPC_205,{'type': 'MATCHES'}
Q_88,IPC_228,{'type': 'MATCHES'}
Q_88,CRPC_195,{'type': 'MATCHES'}
Q_88,CRPC_340,{'type': 'MATCHES'}
Q_88,CRPC_125,{'type': 'MATCHES'}
Q_88,HMA_9,{'type': 'MATCHES'}
Q_90,bail,{'type': 'RELATES_TO'}
Q_90,rape,{'type': 'RELATES_TO'}
Q_90,CRPC_167,{'type': 'MATCHES'}
Q_90,CRPC_397,{'type': 'MATCHES'}
Q_90,CRPC_439,{'type': 'MATCHES'}
Q_90,CRPC_482,{'type': 'MATCHES'}
Q_90,IPC_375,{'type': 'MATCHES'}
Q_90,IPC_376,{'type': 'MATCHES'}
Q_90,IEA_45,{'type': 'MATCHES'}
Q_91,bail,{'type': 'RELATES_TO'}
Q_91,CRPC_167,{'type': 'MATCHES'}
Q_91,CRPC_397,{'type': 'MATCHES'}
Q_91,CRPC_439,{'type': 'MATCHES'}
Q_91,CRPC_482,{'type': 'MATCHES'}
Q_92,fir,{'type': 'RELATES_TO'}
Q_92,arrest,{'type': 'RELATES_TO'}
Q_92,CRPC_154,{'type': 'MATCHES'}
Q_92,CRPC_156,{'type': 'MATCHES'}
Q_92,CRPC_200,{'type': 'MATCHES'}
Q_92,CRPC_210,{'type': 'MATCHES'}
Q_92,CRPC_302,{'type': 'MATCHES'}
Q_92,CRPC_482,{'type': 'MATCHES'}
Q_92,CPC_24,{'type': 'MATCHES'}
Q_92,CRPC_41,{'type': 'MATCHES'}
Q_92,CRPC_73,{'type': 'MATCHES'}
Q_92,CRPC_160,{'type': 'MATCHES'}
Q_92,CRPC_167,{'type': 'MATCHES'}
Q_92,IEA_27,{'type': 'MATCHES'}
Q_94,charge_sheet,{'type': 'RELATES_TO'}
Q_94,fir,{'type': 'RELATES_TO'}
Q_94,bail,{'type': 'RELATES_TO'}
Q_94,CRPC_173,{'type': 'MATCHES'}
Q_94,CRPC_205,{'type': 'MATCHES'}
Q_94,CRPC_210,{'type': 'MATCHES'}
Q_94,CRPC_216,{'type': 'MATCHES'}
Q_94,CRPC_227,{'type': 'MATCHES'}
Q_94,CRPC_239,{'type': 'MATCHES'}
Q_94,CRPC_317,{'type': 'MATCHES'}
Q_94,CRPC_154,{'type': 'MATCHES'}
Q_94,CRPC_156,{'type': 'MATCHES'}
Q_94,CRPC_200,{'type': 'MATCHES'}
Q_94,CRPC_302,{'type': 'MATCHES'}
Q_94,CRPC_482,{'type': 'MATCHES'}
Q_94,CPC_24,{'type': 'MATCHES'}
Q_94,CRPC_167,{'type': 'MATCHES'}
Q_94,CRPC_397,{'type': 'MATCHES'}
Q_94,CRPC_439,{'type': 'MATCHES'}
Q_98,forgery,{'type': 'RELATES_TO'}
Q_98,bail,{'type': 'RELATES_TO'}
Q_98,arrest,{'type': 'RELATES_TO'}
Q_98,anticipatory_bail,{'type': 'RELATES_TO'}
Q_98,IPC_465,{'type': 'MATCHES'}
Q_98,IPC_467,{'type': 'MATCHES'}
Q_98,IPC_468,{'type': 'MATCHES'}
Q_98,IPC_471,{'type': 'MATCHES'}
Q_98,IEA_45,{'type': 'MATCHES'}
Q_98,RA_82,{'type': 'MATCHES'}
Q_98,RA_83,{'type': 'MATCHES'}
Q_98,CRPC_167,{'type': 'MATCHES'}
Q_98,CRPC_397,{'type': 'MATCHES'}
Q_98,CRPC_439,{'type': 'MATCHES'}
Q_98,CRPC_482,{'type': 'MATCHES'}
Q_98,CRPC_41,{'type': 'MATCHES'}
Q_98,CRPC_73,{'type': 'MATCHES'}
Q_98,CRPC_160,{'type': 'MATCHES'}
Q_98,IEA_27,{'type': 'MATCHES'}
Q_98,CRPC_438,{'type': 'MATCHES'}
Q_100,fir,{'type': 'RELATES_TO'}
Q_100,CRPC_154,{'type': 'MATCHES'}
Q_100,CRPC_156,{'type': 'MATCHES'}
Q_100,CRPC_200,{'type': 'MATCHES'}
Q_100,CRPC_210,{'type': 'MATCHES'}
Q_100,CRPC_302,{'type': 'MATCHES'}
Q_100,CRPC_482,{'type': 'MATCHES'}
Q_100,CPC_24,{'type': 'MATCHES'}
Q_101,bigamy,{'type': 'RELATES_TO'}
Q_101,cheating,{'type': 'RELATES_TO'}
Q_101,IPC_494,{'type': 'MATCHES'}
Q_101,IPC_415,{'type': 'MATCHES'}
Q_101,IPC_417,{'type': 'MATCHES'}
Q_101,IPC_419,{'type': 'MATCHES'}
Q_101,IPC_420,{'type': 'MATCHES'}
Q_101,CRPC_320,{'type': 'MATCHES'}
Q_101,ICA_73,{'type': 'MATCHES'}
Q_101,ICA_74,{'type': 'MATCHES'}
Q_101,ICA_75,{'type': 'MATCHES'}
Q_104,fir,{'type': 'RELATES_TO'}
Q_104,cheating,{'type': 'RELATES_TO'}
Q_104,bail,{'type': 'RELATES_TO'}
Q_104,CRPC_154,{'type': 'MATCHES'}
Q_104,CRPC_156,{'type': 'MATCHES'}
Q_104,CRPC_200,{'type': 'MATCHES'}
Q_104,CRPC_210,{'type': 'MATCHES'}
Q_104,CRPC_302,{'type': 'MATCHES'}
Q_104,CRPC_482,{'type': 'MATCHES'}
Q_104,CPC_24,{'type': 'MATCHES'}
Q_104,IPC_415,{'type': 'MATCHES'}
Q_104,IPC_417,{'type': 'MATCHES'}
Q_104,IPC_419,{'type': 'MATCHES'}
Q_104,IPC_420,{'type': 'MATCHES'}
Q_104,CRPC_320,{'type': 'MATCHES'}
Q_104,ICA_73,{'type': 'MATCHES'}
Q_104,ICA_74,{'type': 'MATCHES'}
Q_104,ICA_75,{'type': 'MATCHES'}
Q_104,CRPC_167,{'type': 'MATCHES'}
Q_104,CRPC_397,{'type': 'MATCHES'}
Q_104,CRPC_439,{'type': 'MATCHES'}
Q_106,bail,{'type': 'RELATES_TO'}
Q_106,anticipatory_bail,{'type': 'RELATES_TO'}
Q_106,CRPC_167,{'type': 'MATCHES'}
Q_106,CRPC_397,{'type': 'MATCHES'}
Q_106,CRPC_439,{'type': 'MATCHES'}
Q_106,CRPC_482,{'type': 'MATCHES'}
Q_106,CRPC_438,{'type': 'MATCHES'}
Q_110,public_nuisance,{'type': 'RELATES_TO'}
Q_110,mischief,{'type': 'RELATES_TO'}
Q_110,arrest,{'type': 'RELATES_TO'}
Q_110,IPC_268,{'type': 'MATCHES'}
Q_110,IPC_290,{'type': 'MATCHES'}
Q_110,CRPC_107,{'type': 'MATCHES'}
Q_110,CRPC_116,{'type': 'MATCHES'}
Q_110,CRPC_133,{'type': 'MATCHES'}
Q_110,CRPC_144,{'type': 'MATCHES'}
Q_110,IPC_425,{'type': 'MATCHES'}
Q_110,IPC_427,{'type': 'MATCHES'}
Q_110,IPC_428,{'type': 'MATCHES'}
Q_110,IPC_429,{'type': 'MATCHES'}
Q_110,CRPC_41,{'type': 'MATCHES'}
Q_110,CRPC_73,{'type': 'MATCHES'}
Q_110,CRPC_160,{'type': 'MATCHES'}
Q_110,CRPC_167,{'type': 'MATCHES'}
Q_110,IEA_27,{'type': 'MATCHES'}
Q_112,cheating,{'type': 'RELATES_TO'}
Q_112,IPC_415,{'type': 'MATCHES'}
Q_112,IPC_417,{'type': 'MATCHES'}
Q_112,IPC_419,{'type': 'MATCHES'}
Q_112,IPC_420,{'type': 'MATCHES'}
Q_112,CRPC_320,{'type': 'MATCHES'}
Q_112,ICA_73,{'type': 'MATCHES'}
Q_112,ICA_74,{'type': 'MATCHES'}
Q_112,ICA_75,{'type': 'MATCHES'}
Q_113,assault,{'type': 'RELATES_TO'}
Q_113,IPC_320,{'type': 'MATCHES'}
Q_113,IPC_323,{'type': 'MATCHES'}
Q_113,IPC_324,{'type': 'MATCHES'}
Q_113,IPC_325,{'type': 'MATCHES'}
Q_113,IPC_326,{'type': 'MATCHES'}
Q_113,IPC_337,{'type': 'MATCHES'}
Q_113,IPC_338,{'type': 'MATCHES'}
Q_113,IPC_350,{'type': 'MATCHES'}
Q_113,CRPC_320,{'type': 'MATCHES'}
Q_114,fir,{'type': 'RELATES_TO'}
Q_114,CRPC_154,{'type': 'MATCHES'}
Q_114,CRPC_156,{'type': 'MATCHES'}
Q_114,CRPC_200,{'type': 'MATCHES'}
Q_114,CRPC_210,{'type': 'MATCHES'}
Q_114,CRPC_302,{'type': 'MATCHES'}
Q_114,CRPC_482,{'type': 'MATCHES'}
Q_114,CPC_24,{'type': 'MATCHES'}
Q_115,fir,{'type': 'RELATES_TO'}
Q_115,cybercrime,{'type': 'RELATES_TO'}
Q_115,CRPC_154,{'type': 'MATCHES'}
Q_115,CRPC_156,{'type': 'MATCHES'}
Q_115,CRPC_200,{'type': 'MATCHES'}
Q_115,CRPC_210,{'type': 'MATCHES'}
Q_115,CRPC_302,{'type': 'MATCHES'}
Q_115,CRPC_482,{'type': 'MATCHES'}
Q_115,CPC_24,{'type': 'MATCHES'}
Q_116,fir,{'type': 'RELATES_TO'}
Q_116,anticipatory_bail,{'type': 'RELATES_TO'}
Q_116,CRPC_154,{'type': 'MATCHES'}
Q_116,CRPC_156,{'type': 'MATCHES'}
Q_116,CRPC_200,{'type': 'MATCHES'}
Q_116,CRPC_210,{'type': 'MATCHES'}
Q_116,CRPC_302,{'type': 'MATCHES'}
Q_116,CRPC_482,{'type': 'MATCHES'}
Q_116,CPC_24,{'type': 'MATCHES'}
Q_116,CRPC_438,{'type': 'MATCHES'}
Q_118,cheating,{'type': 'RELATES_TO'}
Q_118,assault,{'type': 'RELATES_TO'}
Q_118,fir,{'type': 'RELATES_TO'}
Q_118,cybercrime,{'type': 'RELATES_TO'}
Q_118,arrest,{'type': 'RELATES_TO'}
Q_118,murder,{'type': 'RELATES_TO'}
Q_118,IPC_415,{'type': 'MATCHES'}
Q_118,IPC_417,{'type': 'MATCHES'}
Q_118,IPC_419,{'type': 'MATCHES'}
Q_118,IPC_420,{'type': 'MATCHES'}
Q_118,CRPC_320,{'type': 'MATCHES'}
Q_118,ICA_73,{'type': 'MATCHES'}
Q_118,ICA_74,{'type': 'MATCHES'}
Q_118,ICA_75,{'type': 'MATCHES'}
Q_118,IPC_320,{'type': 'MATCHES'}
Q_118,IPC_323,{'type': 'MATCHES'}
Q_118,IPC_324,{'type': 'MATCHES'}
Q_118,IPC_325,{'type': 'MATCHES'}
Q_118,IPC_326,{'type': 'MATCHES'}
Q_118,IPC_337,{'type': 'MATCHES'}
Q_118,IPC_338,{'type': 'MATCHES'}
Q_118,IPC_350,{'type': 'MATCHES'}
Q_118,CRPC_154,{'type': 'MATCHES'}
Q_118,CRPC_156,{'type': 'MATCHES'}
Q_118,CRPC_200,{'type': 'MATCHES'}
Q_118,CRPC_210,{'type': 'MATCHES'}
Q_118,CRPC_302,{'type': 'MATCHES'}
Q_118,CRPC_482,{'type': 'MATCHES'}
Q_118,CPC_24,{'type': 'MATCHES'}
Q_118,CRPC_41,{'type': 'MATCHES'}
Q_118,CRPC_73,{'type': 'MATCHES'}
Q_118,CRPC_160,{'type': 'MATCHES'}
Q_118,CRPC_167,{'type': 'MATCHES'}
Q_118,IEA_27,{'type': 'MATCHES'}
Q_118,IPC_302,{'type': 'MATCHES'}
Q_118,IPC_307,{'type': 'MATCHES'}
Q_118,IPC_308,{'type': 'MATCHES'}
Q_118,IPC_309,{'type': 'MATCHES'}
Q_120,public_nuisance,{'type': 'RELATES_TO'}
Q_120,arrest,{'type': 'RELATES_TO'}
Q_120,IPC_268,{'type': 'MATCHES'}
Q_120,IPC_290,{'type': 'MATCHES'}
Q_120,CRPC_107,{'type': 'MATCHES'}
Q_120,CRPC_116,{'type': 'MATCHES'}
Q_120,CRPC_133,{'type': 'MATCHES'}
Q_120,CRPC_144,{'type': 'MATCHES'}
Q_120,CRPC_41,{'type': 'MATCHES'}
Q_120,CRPC_73,{'type': 'MATCHES'}
Q_120,CRPC_160,{'type': 'MATCHES'}
Q_120,CRPC_167,{'type': 'MATCHES'}
Q_120,IEA_27,{'type': 'MATCHES'}
Q_121,cheating,{'type': 'RELATES_TO'}
Q_121,IPC_415,{'type': 'MATCHES'}
Q_121,IPC_417,{'type': 'MATCHES'}
Q_121,IPC_419,{'type': 'MATCHES'}
Q_121,IPC_420,{'type': 'MATCHES'}
Q_121,CRPC_320,{'type': 'MATCHES'}
Q_121,ICA_73,{'type': 'MATCHES'}
Q_121,ICA_74,{'type': 'MATCHES'}
Q_121,ICA_75,{'type': 'MATCHES'}
Q_122,fir,{'type': 'RELATES_TO'}
Q_122,cheating,{'type': 'RELATES_TO'}
Q_122,CRPC_154,{'type': 'MATCHES'}
Q_122,CRPC_156,{'type': 'MATCHES'}
Q_122,CRPC_200,{'type': 'MATCHES'}
Q_122,CRPC_210,{'type': 'MATCHES'}
Q_122,CRPC_302,{'type': 'MATCHES'}
Q_122,CRPC_482,{'type': 'MATCHES'}
Q_122,CPC_24,{'type': 'MATCHES'}
Q_122,IPC_415,{'type': 'MATCHES'}
Q_122,IPC_417,{'type': 'MATCHES'}
Q_122,IPC_419,{'type': 'MATCHES'}
Q_122,IPC_420,{'type': 'MATCHES'}
Q_122,CRPC_320,{'type': 'MATCHES'}
Q_122,ICA_73,{'type': 'MATCHES'}
Q_122,ICA_74,{'type': 'MATCHES'}
Q_122,ICA_75,{'type': 'MATCHES'}
Q_124,charge_sheet,{'type': 'RELATES_TO'}
Q_124,fir,{'type': 'RELATES_TO'}
Q_124,sexual_harassment,{'type': 'RELATES_TO'}
Q_124,rape,{'type': 'RELATES_TO'}
Q_124,CRPC_173,{'type': 'MATCHES'}
Q_124,CRPC_205,{'type': 'MATCHES'}
Q_124,CRPC_210,{'type': 'MATCHES'}
Q_124,CRPC_216,{'type': 'MATCHES'}
Q_124,CRPC_227,{'type': 'MATCHES'}
Q_124,CRPC_239,{'type': 'MATCHES'}
Q_124,CRPC_317,{'type': 'MATCHES'}
Q_124,CRPC_154,{'type': 'MATCHES'}
Q_124,CRPC_156,{'type': 'MATCHES'}
Q_124,CRPC_200,{'type': 'MATCHES'}
Q_124,CRPC_302,{'type': 'MATCHES'}
Q_124,CRPC_482,{'type': 'MATCHES'}
Q_124,CPC_24,{'type': 'MATCHES'}
Q_124,IPC_354,{'type': 'MATCHES'}
Q_124,IPC_354A,{'type': 'MATCHES'}
Q_124,IPC_354B,{'type': 'MATCHES'}
Q_124,IPC_509,{'type': 'MATCHES'}
Q_124,IPC_375,{'type': 'MATCHES'}
Q_124,IPC_376,{'type': 'MATCHES'}
Q_124,IEA_45,{'type': 'MATCHES'}
Q_127,perjury,{'type': 'RELATES_TO'}
Q_127,IPC_182,{'type': 'MATCHES'}
Q_127,IPC_191,{'type': 'MATCHES'}
Q_127,IPC_192,{'type': 'MATCHES'}
Q_127,IPC_193,{'type': 'MATCHES'}
Q_127,IPC_194,{'type': 'MATCHES'}
Q_127,IPC_195,{'type': 'MATCHES'}
Q_127,IPC_199,{'type': 'MATCHES'}
Q_127,IPC_200,{'type': 'MATCHES'}
Q_127,IPC_205,{'type': 'MATCHES'}
Q_127,IPC_228,{'type': 'MATCHES'}
Q_127,CRPC_195,{'type': 'MATCHES'}
Q_127,CRPC_340,{'type': 'MATCHES'}
Q_130,fir,{'type': 'RELATES_TO'}
Q_130,CRPC_154,{'type': 'MATCHES'}
Q_130,CRPC_156,{'type': 'MATCHES'}
Q_130,CRPC_200,{'type': 'MATCHES'}
Q_130,CRPC_210,{'type': 'MATCHES'}
Q_130,CRPC_302,{'type': 'MATCHES'}
Q_130,CRPC_482,{'type': 'MATCHES'}
Q_130,CPC_24,{'type': 'MATCHES'}
Q_132,cheating,{'type': 'RELATES_TO'}
Q_132,IPC_415,{'type': 'MATCHES'}
Q_132,IPC_417,{'type': 'MATCHES'}
Q_132,IPC_419,{'type': 'MATCHES'}
Q_132,IPC_420,{'type': 'MATCHES'}
Q_132,CRPC_320,{'type': 'MATCHES'}
Q_132,ICA_73,{'type': 'MATCHES'}
Q_132,ICA_74,{'type': 'MATCHES'}
Q_132,ICA_75,{'type': 'MATCHES'}
Q_135,arrest,{'type': 'RELATES_TO'}
Q_135,CRPC_41,{'type': 'MATCHES'}
Q_135,CRPC_73,{'type': 'MATCHES'}
Q_135,CRPC_160,{'type': 'MATCHES'}
Q_135,CRPC_167,{'type': 'MATCHES'}
Q_135,IEA_27,{'type': 'MATCHES'}
Q_137,domestic_violence,{'type': 'RELATES_TO'}
Q_137,arrest,{'type': 'RELATES_TO'}
Q_137,CRPC_41,{'type': 'MATCHES'}
Q_137,CRPC_73,{'type': 'MATCHES'}
Q_137,CRPC_160,{'type': 'MATCHES'}
Q_137,CRPC_167,{'type': 'MATCHES'}
Q_137,IEA_27,{'type': 'MATCHES'}
Q_138,charge_sheet,{'type': 'RELATES_TO'}
Q_138,CRPC_173,{'type': 'MATCHES'}
Q_138,CRPC_205,{'type': 'MATCHES'}
Q_138,CRPC_210,{'type': 'MATCHES'}
Q_138,CRPC_216,{'type': 'MATCHES'}
Q_138,CRPC_227,{'type': 'MATCHES'}
Q_138,CRPC_239,{'type': 'MATCHES'}
Q_138,CRPC_317,{'type': 'MATCHES'}
Q_140,fir,{'type': 'RELATES_TO'}
Q_140,CRPC_154,{'type': 'MATCHES'}
Q_140,CRPC_156,{'type': 'MATCHES'}
Q_140,CRPC_200,{'type': 'MATCHES'}
Q_140,CRPC_210,{'type': 'MATCHES'}
Q_140,CRPC_302,{'type': 'MATCHES'}
Q_140,CRPC_482,{'type': 'MATCHES'}
Q_140,CPC_24,{'type': 'MATCHES'}
Q_142,fir,{'type': 'RELATES_TO'}
Q_142,CRPC_154,{'type': 'MATCHES'}
Q_142,CRPC_156,{'type': 'MATCHES'}
Q_142,CRPC_200,{'type': 'MATCHES'}
Q_142,CRPC_210,{'type': 'MATCHES'}
Q_142,CRPC_302,{'type': 'MATCHES'}
Q_142,CRPC_482,{'type': 'MATCHES'}
Q_142,CPC_24,{'type': 'MATCHES'}
Q_144,arrest,{'type': 'RELATES_TO'}
Q_144,CRPC_41,{'type': 'MATCHES'}
Q_144,CRPC_73,{'type': 'MATCHES'}
Q_144,CRPC_160,{'type': 'MATCHES'}
Q_144,CRPC_167,{'type': 'MATCHES'}
Q_144,IEA_27,{'type': 'MATCHES'}
Q_145,fir,{'type': 'RELATES_TO'}
Q_145,CRPC_154,{'type': 'MATCHES'}
Q_145,CRPC_156,{'type': 'MATCHES'}
Q_145,CRPC_200,{'type': 'MATCHES'}
Q_145,CRPC_210,{'type': 'MATCHES'}
Q_145,CRPC_302,{'type': 'MATCHES'}
Q_145,CRPC_482,{'type': 'MATCHES'}
Q_145,CPC_24,{'type': 'MATCHES'}
Q_146,fir,{'type': 'RELATES_TO'}
Q_146,assault,{'type': 'RELATES_TO'}
Q_146,CRPC_154,{'type': 'MATCHES'}
Q_146,CRPC_156,{'type': 'MATCHES'}
Q_146,CRPC_200,{'type': 'MATCHES'}
Q_146,CRPC_210,{'type': 'MATCHES'}
Q_146,CRPC_302,{'type': 'MATCHES'}
Q_146,CRPC_482,{'type': 'MATCHES'}
Q_146,CPC_24,{'type': 'MATCHES'}
Q_146,IPC_320,{'type': 'MATCHES'}
Q_146,IPC_323,{'type': 'MATCHES'}
Q_146,IPC_324,{'type': 'MATCHES'}
Q_146,IPC_325,{'type': 'MATCHES'}
Q_146,IPC_326,{'type': 'MATCHES'}
Q_146,IPC_337,{'type': 'MATCHES'}
Q_146,IPC_338,{'type': 'MATCHES'}
Q_146,IPC_350,{'type': 'MATCHES'}
Q_146,CRPC_320,{'type': 'MATCHES'}
Q_147,perjury,{'type': 'RELATES_TO'}
Q_147,forgery,{'type': 'RELATES_TO'}
Q_147,fir,{'type': 'RELATES_TO'}
Q_147,corruption,{'type': 'RELATES_TO'}
Q_147,bail,{'type': 'RELATES_TO'}
Q_147,trespass,{'type': 'RELATES_TO'}
Q_147,IPC_182,{'type': 'MATCHES'}
Q_147,IPC_191,{'type': 'MATCHES'}
Q_147,IPC_192,{'type': 'MATCHES'}
Q_147,IPC_193,{'type': 'MATCHES'}
Q_147,IPC_194,{'type': 'MATCHES'}
Q_147,IPC_195,{'type': 'MATCHES'}
Q_147,IPC_199,{'type': 'MATCHES'}
Q_147,IPC_200,{'type': 'MATCHES'}
Q_147,IPC_205,{'type': 'MATCHES'}
Q_147,IPC_228,{'type': 'MATCHES'}
Q_147,CRPC_195,{'type': 'MATCHES'}
Q_147,CRPC_340,{'type': 'MATCHES'}
Q_147,IPC_465,{'type': 'MATCHES'}
Q_147,IPC_467,{'type': 'MATCHES'}
Q_147,IPC_468,{'type': 'MATCHES'}
Q_147,IPC_471,{'type': 'MATCHES'}
Q_147,IEA_45,{'type': 'MATCHES'}
Q_147,RA_82,{'type': 'MATCHES'}
Q_147,RA_83,{'type': 'MATCHES'}
Q_147,CRPC_154,{'type': 'MATCHES'}
Q_147,CRPC_156,{'type': 'MATCHES'}
Q_147,CRPC_200,{'type': 'MATCHES'}
Q_147,CRPC_210,{'type': 'MATCHES'}
Q_147,CRPC_302,{'type': 'MATCHES'}
Q_147,CRPC_482,{'type': 'MATCHES'}
Q_147,CPC_24,{'type': 'MATCHES'}
Q_147,IPC_409,{'type': 'MATCHES'}
Q_147,PCA_7,{'type': 'MATCHES'}
Q_147,PCA_13,{'type': 'MATCHES'}
Q_147,CRPC_167,{'type': 'MATCHES'}
Q_147,CRPC_397,{'type': 'MATCHES'}
Q_147,CRPC_439,{'type': 'MATCHES'}
Q_147,IPC_447,{'type': 'MATCHES'}
Q_147,IPC_448,{'type': 'MATCHES'}
Q_148,fir,{'type': 'RELATES_TO'}
Q_148,cheating,{'type': 'RELATES_TO'}
Q_148,CRPC_154,{'type': 'MATCHES'}
Q_148,CRPC_156,{'type': 'MATCHES'}
Q_148,CRPC_200,{'type': 'MATCHES'}
Q_148,CRPC_210,{'type': 'MATCHES'}
Q_148,CRPC_302,{'type': 'MATCHES'}
Q_148,CRPC_482,{'type': 'MATCHES'}
Q_148,CPC_24,{'type': 'MATCHES'}
Q_148,IPC_415,{'type': 'MATCHES'}
Q_148,IPC_417,{'type': 'MATCHES'}
Q_148,IPC_419,{'type': 'MATCHES'}
Q_148,IPC_420,{'type': 'MATCHES'}
Q_148,CRPC_320,{'type': 'MATCHES'}
Q_148,ICA_73,{'type': 'MATCHES'}
Q_148,ICA_74,{'type': 'MATCHES'}
Q_148,ICA_75,{'type': 'MATCHES'}
Q_149,fir,{'type': 'RELATES_TO'}
Q_149,charge_sheet,{'type': 'RELATES_TO'}
Q_149,cheating,{'type': 'RELATES_TO'}
Q_149,bail,{'type': 'RELATES_TO'}
Q_149,CRPC_154,{'type': 'MATCHES'}
Q_149,CRPC_156,{'type': 'MATCHES'}
Q_149,CRPC_200,{'type': 'MATCHES'}
Q_149,CRPC_210,{'type': 'MATCHES'}
Q_149,CRPC_302,{'type': 'MATCHES'}
Q_149,CRPC_482,{'type': 'MATCHES'}
Q_149,CPC_24,{'type': 'MATCHES'}
Q_149,CRPC_173,{'type': 'MATCHES'}
Q_149,CRPC_205,{'type': 'MATCHES'}
Q_149,CRPC_216,{'type': 'MATCHES'}
Q_149,CRPC_227,{'type': 'MATCHES'}
Q_149,CRPC_239,{'type': 'MATCHES'}
Q_149,CRPC_317,{'type': 'MATCHES'}
Q_149,IPC_415,{'type': 'MATCHES'}
Q_149,IPC_417,{'type': 'MATCHES'}
Q_149,IPC_419,{'type': 'MATCHES'}
Q_149,IPC_420,{'type': 'MATCHES'}
Q_149,CRPC_320,{'type': 'MATCHES'}
Q_149,ICA_73,{'type': 'MATCHES'}
Q_149,ICA_74,{'type': 'MATCHES'}
Q_149,ICA_75,{'type': 'MATCHES'}
Q_149,CRPC_167,{'type': 'MATCHES'}
Q_149,CRPC_397,{'type': 'MATCHES'}
Q_149,CRPC_439,{'type': 'MATCHES'}
Q_150,cheque_bounce,{'type': 'RELATES_TO'}
Q_150,NIA_138,{'type': 'MATCHES'}
Q_152,fir,{'type': 'RELATES_TO'}
Q_152,CRPC_154,{'type': 'MATCHES'}
Q_152,CRPC_156,{'type': 'MATCHES'}
Q_152,CRPC_200,{'type': 'MATCHES'}
Q_152,CRPC_210,{'type': 'MATCHES'}
Q_152,CRPC_302,{'type': 'MATCHES'}
Q_152,CRPC_482,{'type': 'MATCHES'}
Q_152,CPC_24,{'type': 'MATCHES'}
Q_156,fir,{'type': 'RELATES_TO'}
Q_156,CRPC_154,{'type': 'MATCHES'}
Q_156,CRPC_156,{'type': 'MATCHES'}
Q_156,CRPC_200,{'type': 'MATCHES'}
Q_156,CRPC_210,{'type': 'MATCHES'}
Q_156,CRPC_302,{'type': 'MATCHES'}
Q_156,CRPC_482,{'type': 'MATCHES'}
Q_156,CPC_24,{'type': 'MATCHES'}
Q_157,charge_sheet,{'type': 'RELATES_TO'}
Q_157,fir,{'type': 'RELATES_TO'}
Q_157,CRPC_173,{'type': 'MATCHES'}
Q_157,CRPC_205,{'type': 'MATCHES'}
Q_157,CRPC_210,{'type': 'MATCHES'}
Q_157,CRPC_216,{'type': 'MATCHES'}
Q_157,CRPC_227,{'type': 'MATCHES'}
Q_157,CRPC_239,{'type': 'MATCHES'}
Q_157,CRPC_317,{'type': 'MATCHES'}
Q_157,CRPC_154,{'type': 'MATCHES'}
Q_157,CRPC_156,{'type': 'MATCHES'}
Q_157,CRPC_200,{'type': 'MATCHES'}
Q_157,CRPC_302,{'type': 'MATCHES'}
Q_157,CRPC_482,{'type': 'MATCHES'}
Q_157,CPC_24,{'type': 'MATCHES'}
Q_158,fir,{'type': 'RELATES_TO'}
Q_158,theft,{'type': 'RELATES_TO'}
Q_158,CRPC_154,{'type': 'MATCHES'}
Q_158,CRPC_156,{'type': 'MATCHES'}
Q_158,CRPC_200,{'type': 'MATCHES'}
Q_158,CRPC_210,{'type': 'MATCHES'}
Q_158,CRPC_302,{'type': 'MATCHES'}
Q_158,CRPC_482,{'type': 'MATCHES'}
Q_158,CPC_24,{'type': 'MATCHES'}
Q_158,IPC_378,{'type': 'MATCHES'}
Q_158,IPC_379,{'type': 'MATCHES'}
Q_158,IPC_411,{'type': 'MATCHES'}
Q_158,CRPC_451,{'type': 'MATCHES'}
Q_158,CRPC_457,{'type': 'MATCHES'}
Q_159,fir,{'type': 'RELATES_TO'}
Q_159,bail,{'type': 'RELATES_TO'}
Q_159,CRPC_154,{'type': 'MATCHES'}
Q_159,CRPC_156,{'type': 'MATCHES'}
Q_159,CRPC_200,{'type': 'MATCHES'}
Q_159,CRPC_210,{'type': 'MATCHES'}
Q_159,CRPC_302,{'type': 'MATCHES'}
Q_159,CRPC_482,{'type': 'MATCHES'}
Q_159,CPC_24,{'type': 'MATCHES'}
Q_159,CRPC_167,{'type': 'MATCHES'}
Q_159,CRPC_397,{'type': 'MATCHES'}
Q_159,CRPC_439,{'type': 'MATCHES'}
Q_160,extortion,{'type': 'RELATES_TO'}
Q_160,charge_sheet,{'type': 'RELATES_TO'}
Q_160,corruption,{'type': 'RELATES_TO'}
Q_160,IPC_383,{'type': 'MATCHES'}
Q_160,IPC_384,{'type': 'MATCHES'}
Q_160,CRPC_173,{'type': 'MATCHES'}
Q_160,CRPC_205,{'type': 'MATCHES'}
Q_160,CRPC_210,{'type': 'MATCHES'}
Q_160,CRPC_216,{'type': 'MATCHES'}
Q_160,CRPC_227,{'type': 'MATCHES'}
Q_160,CRPC_239,{'type': 'MATCHES'}
Q_160,CRPC_317,{'type': 'MATCHES'}
Q_160,IPC_409,{'type': 'MATCHES'}
Q_160,PCA_7,{'type': 'MATCHES'}
Q_160,PCA_13,{'type': 'MATCHES'}
Q_161,fir,{'type': 'RELATES_TO'}
Q_161,arrest,{'type': 'RELATES_TO'}
Q_161,CRPC_154,{'type': 'MATCHES'}
Q_161,CRPC_156,{'type': 'MATCHES'}
Q_161,CRPC_200,{'type': 'MATCHES'}
Q_161,CRPC_210,{'type': 'MATCHES'}
Q_161,CRPC_302,{'type': 'MATCHES'}
Q_161,CRPC_482,{'type': 'MATCHES'}
Q_161,CPC_24,{'type': 'MATCHES'}
Q_161,CRPC_41,{'type': 'MATCHES'}
Q_161,CRPC_73,{'type': 'MATCHES'}
Q_161,CRPC_160,{'type': 'MATCHES'}
Q_161,CRPC_167,{'type': 'MATCHES'}
Q_161,IEA_27,{'type': 'MATCHES'}
Q_162,extortion,{'type': 'RELATES_TO'}
Q_162,cheating,{'type': 'RELATES_TO'}
Q_162,IPC_383,{'type': 'MATCHES'}
Q_162,IPC_384,{'type': 'MATCHES'}
Q_162,IPC_415,{'type': 'MATCHES'}
Q_162,IPC_417,{'type': 'MATCHES'}
Q_162,IPC_419,{'type': 'MATCHES'}
Q_162,IPC_420,{'type': 'MATCHES'}
Q_162,CRPC_320,{'type': 'MATCHES'}
Q_162,ICA_73,{'type': 'MATCHES'}
Q_162,ICA_74,{'type': 'MATCHES'}
Q_162,ICA_75,{'type': 'MATCHES'}
Q_163,fir,{'type': 'RELATES_TO'}
Q_163,domestic_violence,{'type': 'RELATES_TO'}
Q_163,maintenance,{'type': 'RELATES_TO'}
Q_163,CRPC_154,{'type': 'MATCHES'}
Q_163,CRPC_156,{'type': 'MATCHES'}
Q_163,CRPC_200,{'type': 'MATCHES'}
Q_163,CRPC_210,{'type': 'MATCHES'}
Q_163,CRPC_302,{'type': 'MATCHES'}
Q_163,CRPC_482,{'type': 'MATCHES'}
Q_163,CPC_24,{'type': 'MATCHES'}
Q_163,CRPC_125,{'type': 'MATCHES'}
Q_163,HMA_9,{'type': 'MATCHES'}
Q_165,fir,{'type': 'RELATES_TO'}
Q_165,CRPC_154,{'type': 'MATCHES'}
Q_165,CRPC_156,{'type': 'MATCHES'}
Q_165,CRPC_200,{'type': 'MATCHES'}
Q_165,CRPC_210,{'type': 'MATCHES'}
Q_165,CRPC_302,{'type': 'MATCHES'}
Q_165,CRPC_482,{'type': 'MATCHES'}
Q_165,CPC_24,{'type': 'MATCHES'}
Q_168,confession,{'type': 'RELATES_TO'}
Q_168,bail,{'type': 'RELATES_TO'}
Q_168,anticipatory_bail,{'type': 'RELATES_TO'}
Q_168,CRPC_161,{'type': 'MATCHES'}
Q_168,CRPC_164,{'type': 'MATCHES'}
Q_168,IEA_27,{'type': 'MATCHES'}
Q_168,CRPC_167,{'type': 'MATCHES'}
Q_168,CRPC_397,{'type': 'MATCHES'}
Q_168,CRPC_439,{'type': 'MATCHES'}
Q_168,CRPC_482,{'type': 'MATCHES'}
Q_168,CRPC_438,{'type': 'MATCHES'}
Q_169,fir,{'type': 'RELATES_TO'}
Q_169,CRPC_154,{'type': 'MATCHES'}
Q_169,CRPC_156,{'type': 'MATCHES'}
Q_169,CRPC_200,{'type': 'MATCHES'}
Q_169,CRPC_210,{'type': 'MATCHES'}
Q_169,CRPC_302,{'type': 'MATCHES'}
Q_169,CRPC_482,{'type': 'MATCHES'}
Q_169,CPC_24,{'type': 'MATCHES'}
Q_175,fir,{'type': 'RELATES_TO'}
Q_175,bail,{'type': 'RELATES_TO'}
Q_175,defamation,{'type': 'RELATES_TO'}
Q_175,CRPC_154,{'type': 'MATCHES'}
Q_175,CRPC_156,{'type': 'MATCHES'}
Q_175,CRPC_200,{'type': 'MATCHES'}
Q_175,CRPC_210,{'type': 'MATCHES'}
Q_175,CRPC_302,{'type': 'MATCHES'}
Q_175,CRPC_482,{'type': 'MATCHES'}
Q_175,CPC_24,{'type': 'MATCHES'}
Q_175,CRPC_167,{'type': 'MATCHES'}
Q_175,CRPC_397,{'type': 'MATCHES'}
Q_175,CRPC_439,{'type': 'MATCHES'}
Q_175,IPC_499,{'type': 'MATCHES'}
Q_175,IPC_500,{'type': 'MATCHES'}
Q_178,defamation,{'type': 'RELATES_TO'}
Q_178,anticipatory_bail,{'type': 'RELATES_TO'}
Q_178,IPC_499,{'type': 'MATCHES'}
Q_178,IPC_500,{'type': 'MATCHES'}
Q_178,CRPC_438,{'type': 'MATCHES'}
Q_181,fir,{'type': 'RELATES_TO'}
Q_181,stalking,{'type': 'RELATES_TO'}
Q_181,CRPC_154,{'type': 'MATCHES'}
Q_181,CRPC_156,{'type': 'MATCHES'}
Q_181,CRPC_200,{'type': 'MATCHES'}
Q_181,CRPC_210,{'type': 'MATCHES'}
Q_181,CRPC_302,{'type': 'MATCHES'}
Q_181,CRPC_482,{'type': 'MATCHES'}
Q_181,CPC_24,{'type': 'MATCHES'}
Q_181,IPC_354D,{'type': 'MATCHES'}
Q_182,domestic_violence,{'type': 'RELATES_TO'}
Q_182,maintenance,{'type': 'RELATES_TO'}
Q_182,CRPC_125,{'type': 'MATCHES'}
Q_182,HMA_9,{'type': 'MATCHES'}
Q_184,bail,{'type': 'RELATES_TO'}
Q_184,CRPC_167,{'type': 'MATCHES'}
Q_184,CRPC_397,{'type': 'MATCHES'}
Q_184,CRPC_439,{'type': 'MATCHES'}
Q_184,CRPC_482,{'type': 'MATCHES'}
Q_185,fir,{'type': 'RELATES_TO'}
Q_185,CRPC_154,{'type': 'MATCHES'}
Q_185,CRPC_156,{'type': 'MATCHES'}
Q_185,CRPC_200,{'type': 'MATCHES'}
Q_185,CRPC_210,{'type': 'MATCHES'}
Q_185,CRPC_302,{'type': 'MATCHES'}
Q_185,CRPC_482,{'type': 'MATCHES'}
Q_185,CPC_24,{'type': 'MATCHES'}
Q_186,fir,{'type': 'RELATES_TO'}
Q_186,sc_st_atrocity,{'type': 'RELATES_TO'}
Q_186,CRPC_154,{'type': 'MATCHES'}
Q_186,CRPC_156,{'type': 'MATCHES'}
Q_186,CRPC_200,{'type': 'MATCHES'}
Q_186,CRPC_210,{'type': 'MATCHES'}
Q_186,CRPC_302,{'type': 'MATCHES'}
Q_186,CRPC_482,{'type': 'MATCHES'}
Q_186,CPC_24,{'type': 'MATCHES'}
Q_186,SCST_3,{'type': 'MATCHES'}
Q_186,SCST_7,{'type': 'MATCHES'}
Q_187,charge_sheet,{'type': 'RELATES_TO'}
Q_187,anticipatory_bail,{'type': 'RELATES_TO'}
Q_187,CRPC_173,{'type': 'MATCHES'}
Q_187,CRPC_205,{'type': 'MATCHES'}
Q_187,CRPC_210,{'type': 'MATCHES'}
Q_187,CRPC_216,{'type': 'MATCHES'}
Q_187,CRPC_227,{'type': 'MATCHES'}
Q_187,CRPC_239,{'type': 'MATCHES'}
Q_187,CRPC_317,{'type': 'MATCHES'}
Q_187,CRPC_438,{'type': 'MATCHES'}
Q_188,fir,{'type': 'RELATES_TO'}
Q_188,cheating,{'type': 'RELATES_TO'}
Q_188,anticipatory_bail,{'type': 'RELATES_TO'}
Q_188,CRPC_154,{'type': 'MATCHES'}
Q_188,CRPC_156,{'type': 'MATCHES'}
Q_188,CRPC_200,{'type': 'MATCHES'}
Q_188,CRPC_210,{'type': 'MATCHES'}
Q_188,CRPC_302,{'type': 'MATCHES'}
Q_188,CRPC_482,{'type': 'MATCHES'}
Q_188,CPC_24,{'type': 'MATCHES'}
Q_188,IPC_415,{'type': 'MATCHES'}
Q_188,IPC_417,{'type': 'MATCHES'}
Q_188,IPC_419,{'type': 'MATCHES'}
Q_188,IPC_420,{'type': 'MATCHES'}
Q_188,CRPC_320,{'type': 'MATCHES'}
Q_188,ICA_73,{'type': 'MATCHES'}
Q_188,ICA_74,{'type': 'MATCHES'}
Q_188,ICA_75,{'type': 'MATCHES'}
Q_188,CRPC_438,{'type': 'MATCHES'}
Q_189,fir,{'type': 'RELATES_TO'}
Q_189,murder,{'type': 'RELATES_TO'}
Q_189,CRPC_154,{'type': 'MATCHES'}
Q_189,CRPC_156,{'type': 'MATCHES'}
Q_189,CRPC_200,{'type': 'MATCHES'}
Q_189,CRPC_210,{'type': 'MATCHES'}
Q_189,CRPC_302,{'type': 'MATCHES'}
Q_189,CRPC_482,{'type': 'MATCHES'}
Q_189,CPC_24,{'type': 'MATCHES'}
Q_189,IPC_302,{'type': 'MATCHES'}
Q_189,IPC_307,{'type': 'MATCHES'}
Q_189,IPC_308,{'type': 'MATCHES'}
Q_189,IPC_309,{'type': 'MATCHES'}
Q_191,fir,{'type': 'RELATES_TO'}
Q_191,bail,{'type': 'RELATES_TO'}
Q_191,arrest,{'type': 'RELATES_TO'}
Q_191,anticipatory_bail,{'type': 'RELATES_TO'}
Q_191,CRPC_154,{'type': 'MATCHES'}
Q_191,CRPC_156,{'type': 'MATCHES'}
Q_191,CRPC_200,{'type': 'MATCHES'}
Q_191,CRPC_210,{'type': 'MATCHES'}
Q_191,CRPC_302,{'type': 'MATCHES'}
Q_191,CRPC_482,{'type': 'MATCHES'}
Q_191,CPC_24,{'type': 'MATCHES'}
Q_191,CRPC_167,{'type': 'MATCHES'}
Q_191,CRPC_397,{'type': 'MATCHES'}
Q_191,CRPC_439,{'type': 'MATCHES'}
Q_191,CRPC_41,{'type': 'MATCHES'}
Q_191,CRPC_73,{'type': 'MATCHES'}
Q_191,CRPC_160,{'type': 'MATCHES'}
Q_191,IEA_27,{'type': 'MATCHES'}
Q_191,CRPC_438,{'type': 'MATCHES'}
Q_193,extortion,{'type': 'RELATES_TO'}
Q_193,cheating,{'type': 'RELATES_TO'}
Q_193,cybercrime,{'type': 'RELATES_TO'}
Q_193,rape,{'type': 'RELATES_TO'}
Q_193,IPC_383,{'type': 'MATCHES'}
Q_193,IPC_384,{'type': 'MATCHES'}
Q_193,IPC_415,{'type': 'MATCHES'}
Q_193,IPC_417,{'type': 'MATCHES'}
Q_193,IPC_419,{'type': 'MATCHES'}
Q_193,IPC_420,{'type': 'MATCHES'}
Q_193,CRPC_320,{'type': 'MATCHES'}
Q_193,ICA_73,{'type': 'MATCHES'}
Q_193,ICA_74,{'type': 'MATCHES'}
Q_193,ICA_75,{'type': 'MATCHES'}
Q_193,IPC_375,{'type': 'MATCHES'}
Q_193,IPC_376,{'type': 'MATCHES'}
Q_193,IEA_45,{'type': 'MATCHES'}
Q_196,perjury,{'type': 'RELATES_TO'}
Q_196,IPC_182,{'type': 'MATCHES'}
Q_196,IPC_191,{'type': 'MATCHES'}
Q_196,IPC_192,{'type': 'MATCHES'}
Q_196,IPC_193,{'type': 'MATCHES'}
Q_196,IPC_194,{'type': 'MATCHES'}
Q_196,IPC_195,{'type': 'MATCHES'}
Q_196,IPC_199,{'type': 'MATCHES'}
Q_196,IPC_200,{'type': 'MATCHES'}
Q_196,IPC_205,{'type': 'MATCHES'}
Q_196,IPC_228,{'type': 'MATCHES'}
Q_196,CRPC_195,{'type': 'MATCHES'}
Q_196,CRPC_340,{'type': 'MATCHES'}
Q_197,fir,{'type': 'RELATES_TO'}
Q_197,murder,{'type': 'RELATES_TO'}
Q_197,anticipatory_bail,{'type': 'RELATES_TO'}
Q_197,CRPC_154,{'type': 'MATCHES'}
Q_197,CRPC_156,{'type': 'MATCHES'}
Q_197,CRPC_200,{'type': 'MATCHES'}
Q_197,CRPC_210,{'type': 'MATCHES'}
Q_197,CRPC_302,{'type': 'MATCHES'}
Q_197,CRPC_482,{'type': 'MATCHES'}
Q_197,CPC_24,{'type': 'MATCHES'}
Q_197,IPC_302,{'type': 'MATCHES'}
Q_197,IPC_307,{'type': 'MATCHES'}
Q_197,IPC_308,{'type': 'MATCHES'}
Q_197,IPC_309,{'type': 'MATCHES'}
Q_197,CRPC_438,{'type': 'MATCHES'}
Q_198,corruption,{'type': 'RELATES_TO'}
Q_198,IPC_409,{'type': 'MATCHES'}
Q_198,PCA_7,{'type': 'MATCHES'}
Q_198,PCA_13,{'type': 'MATCHES'}
Q_199,kidnapping,{'type': 'RELATES_TO'}
Q_199,IPC_363,{'type': 'MATCHES'}
Q_199,IPC_364,{'type': 'MATCHES'}
Q_200,domestic_violence,{'type': 'RELATES_TO'}
Q_201,fir,{'type': 'RELATES_TO'}
Q_201,CRPC_154,{'type': 'MATCHES'}
Q_201,CRPC_156,{'type': 'MATCHES'}
Q_201,CRPC_200,{'type': 'MATCHES'}
Q_201,CRPC_210,{'type': 'MATCHES'}
Q_201,CRPC_302,{'type': 'MATCHES'}
Q_201,CRPC_482,{'type': 'MATCHES'}
Q_201,CPC_24,{'type': 'MATCHES'}
Q_202,bail,{'type': 'RELATES_TO'}
Q_202,CRPC_167,{'type': 'MATCHES'}
Q_202,CRPC_397,{'type': 'MATCHES'}
Q_202,CRPC_439,{'type': 'MATCHES'}
Q_202,CRPC_482,{'type': 'MATCHES'}
Q_203,fir,{'type': 'RELATES_TO'}
Q_203,CRPC_154,{'type': 'MATCHES'}
Q_203,CRPC_156,{'type': 'MATCHES'}
Q_203,CRPC_200,{'type': 'MATCHES'}
Q_203,CRPC_210,{'type': 'MATCHES'}
Q_203,CRPC_302,{'type': 'MATCHES'}
Q_203,CRPC_482,{'type': 'MATCHES'}
Q_203,CPC_24,{'type': 'MATCHES'}
Q_204,criminal_breach_of_trust,{'type': 'RELATES_TO'}
Q_204,theft,{'type': 'RELATES_TO'}
Q_204,IPC_406,{'type': 'MATCHES'}
Q_204,IPC_409,{'type': 'MATCHES'}
Q_204,ICA_73,{'type': 'MATCHES'}
Q_204,IPC_378,{'type': 'MATCHES'}
Q_204,IPC_379,{'type': 'MATCHES'}
Q_204,IPC_411,{'type': 'MATCHES'}
Q_204,CRPC_451,{'type': 'MATCHES'}
Q_204,CRPC_457,{'type': 'MATCHES'}
Q_205,fir,{'type': 'RELATES_TO'}
Q_205,CRPC_154,{'type': 'MATCHES'}
Q_205,CRPC_156,{'type': 'MATCHES'}
Q_205,CRPC_200,{'type': 'MATCHES'}
Q_205,CRPC_210,{'type': 'MATCHES'}
Q_205,CRPC_302,{'type': 'MATCHES'}
Q_205,CRPC_482,{'type': 'MATCHES'}
Q_205,CPC_24,{'type': 'MATCHES'}
Q_207,anticipatory_bail,{'type': 'RELATES_TO'}
Q_207,CRPC_438,{'type': 'MATCHES'}
Q_209,charge_sheet,{'type': 'RELATES_TO'}
Q_209,bail,{'type': 'RELATES_TO'}
Q_209,CRPC_173,{'type': 'MATCHES'}
Q_209,CRPC_205,{'type': 'MATCHES'}
Q_209,CRPC_210,{'type': 'MATCHES'}
Q_209,CRPC_216,{'type': 'MATCHES'}
Q_209,CRPC_227,{'type': 'MATCHES'}
Q_209,CRPC_239,{'type': 'MATCHES'}
Q_209,CRPC_317,{'type': 'MATCHES'}
Q_209,CRPC_167,{'type': 'MATCHES'}
Q_209,CRPC_397,{'type': 'MATCHES'}
Q_209,CRPC_439,{'type': 'MATCHES'}
Q_209,CRPC_482,{'type': 'MATCHES'}
Q_210,criminal_intimidation,{'type': 'RELATES_TO'}
Q_210,IPC_503,{'type': 'MATCHES'}
Q_210,IPC_504,{'type': 'MATCHES'}
Q_210,IPC_506,{'type': 'MATCHES'}
Q_211,assault,{'type': 'RELATES_TO'}
Q_211,IPC_320,{'type': 'MATCHES'}
Q_211,IPC_323,{'type': 'MATCHES'}
Q_211,IPC_324,{'type': 'MATCHES'}
Q_211,IPC_325,{'type': 'MATCHES'}
Q_211,IPC_326,{'type': 'MATCHES'}
Q_211,IPC_337,{'type': 'MATCHES'}
Q_211,IPC_338,{'type': 'MATCHES'}
Q_211,IPC_350,{'type': 'MATCHES'}
Q_211,CRPC_320,{'type': 'MATCHES'}
Q_212,cheating,{'type': 'RELATES_TO'}
Q_212,domestic_violence,{'type': 'RELATES_TO'}
Q_212,fir,{'type': 'RELATES_TO'}
Q_212,assault,{'type': 'RELATES_TO'}
Q_212,cybercrime,{'type': 'RELATES_TO'}
Q_212,murder,{'type': 'RELATES_TO'}
Q_212,IPC_415,{'type': 'MATCHES'}
Q_212,IPC_417,{'type': 'MATCHES'}
Q_212,IPC_419,{'type': 'MATCHES'}
Q_212,IPC_420,{'type': 'MATCHES'}
Q_212,CRPC_320,{'type': 'MATCHES'}
Q_212,ICA_73,{'type': 'MATCHES'}
Q_212,ICA_74,{'type': 'MATCHES'}
Q_212,ICA_75,{'type': 'MATCHES'}
Q_212,CRPC_154,{'type': 'MATCHES'}
Q_212,CRPC_156,{'type': 'MATCHES'}
Q_212,CRPC_200,{'type': 'MATCHES'}
Q_212,CRPC_210,{'type': 'MATCHES'}
Q_212,CRPC_302,{'type': 'MATCHES'}
Q_212,CRPC_482,{'type': 'MATCHES'}
Q_212,CPC_24,{'type': 'MATCHES'}
Q_212,IPC_320,{'type': 'MATCHES'}
Q_212,IPC_323,{'type': 'MATCHES'}
Q_212,IPC_324,{'type': 'MATCHES'}
Q_212,IPC_325,{'type': 'MATCHES'}
Q_212,IPC_326,{'type': 'MATCHES'}
Q_212,IPC_337,{'type': 'MATCHES'}
Q_212,IPC_338,{'type': 'MATCHES'}
Q_212,IPC_350,{'type': 'MATCHES'}
Q_212,IPC_302,{'type': 'MATCHES'}
Q_212,IPC_307,{'type': 'MATCHES'}
Q_212,IPC_308,{'type': 'MATCHES'}
Q_212,IPC_309,{'type': 'MATCHES'}
Q_213,stalking,{'type': 'RELATES_TO'}
Q_213,IPC_354D,{'type': 'MATCHES'}
Q_215,fir,{'type': 'RELATES_TO'}
Q_215,corruption,{'type': 'RELATES_TO'}
Q_215,CRPC_154,{'type': 'MATCHES'}
Q_215,CRPC_156,{'type': 'MATCHES'}
Q_215,CRPC_200,{'type': 'MATCHES'}
Q_215,CRPC_210,{'type': 'MATCHES'}
Q_215,CRPC_302,{'type': 'MATCHES'}
Q_215,CRPC_482,{'type': 'MATCHES'}
Q_215,CPC_24,{'type': 'MATCHES'}
Q_215,IPC_409,{'type': 'MATCHES'}
Q_215,PCA_7,{'type': 'MATCHES'}
Q_215,PCA_13,{'type': 'MATCHES'}
Q_216,arrest,{'type': 'RELATES_TO'}
Q_216,CRPC_41,{'type': 'MATCHES'}
Q_216,CRPC_73,{'type': 'MATCHES'}
Q_216,CRPC_160,{'type': 'MATCHES'}
Q_216,CRPC_167,{'type': 'MATCHES'}
Q_216,IEA_27,{'type': 'MATCHES'}
Q_217,fir,{'type': 'RELATES_TO'}
Q_217,CRPC_154,{'type': 'MATCHES'}
Q_217,CRPC_156,{'type': 'MATCHES'}
Q_217,CRPC_200,{'type': 'MATCHES'}
Q_217,CRPC_210,{'type': 'MATCHES'}
Q_217,CRPC_302,{'type': 'MATCHES'}
Q_217,CRPC_482,{'type': 'MATCHES'}
Q_217,CPC_24,{'type': 'MATCHES'}
Q_218,fir,{'type': 'RELATES_TO'}
Q_218,cheating,{'type': 'RELATES_TO'}
Q_218,CRPC_154,{'type': 'MATCHES'}
Q_218,CRPC_156,{'type': 'MATCHES'}
Q_218,CRPC_200,{'type': 'MATCHES'}
Q_218,CRPC_210,{'type': 'MATCHES'}
Q_218,CRPC_302,{'type': 'MATCHES'}
Q_218,CRPC_482,{'type': 'MATCHES'}
Q_218,CPC_24,{'type': 'MATCHES'}
Q_218,IPC_415,{'type': 'MATCHES'}
Q_218,IPC_417,{'type': 'MATCHES'}
Q_218,IPC_419,{'type': 'MATCHES'}
Q_218,IPC_420,{'type': 'MATCHES'}
Q_218,CRPC_320,{'type': 'MATCHES'}
Q_218,ICA_73,{'type': 'MATCHES'}
Q_218,ICA_74,{'type': 'MATCHES'}
Q_218,ICA_75,{'type': 'MATCHES'}
Q_219,public_nuisance,{'type': 'RELATES_TO'}
Q_219,IPC_268,{'type': 'MATCHES'}
Q_219,IPC_290,{'type': 'MATCHES'}
Q_219,CRPC_107,{'type': 'MATCHES'}
Q_219,CRPC_116,{'type': 'MATCHES'}
Q_219,CRPC_133,{'type': 'MATCHES'}
Q_219,CRPC_144,{'type': 'MATCHES'}
Q_220,fir,{'type': 'RELATES_TO'}
Q_220,cheating,{'type': 'RELATES_TO'}
Q_220,CRPC_154,{'type': 'MATCHES'}
Q_220,CRPC_156,{'type': 'MATCHES'}
Q_220,CRPC_200,{'type': 'MATCHES'}
Q_220,CRPC_210,{'type': 'MATCHES'}
Q_220,CRPC_302,{'type': 'MATCHES'}
Q_220,CRPC_482,{'type': 'MATCHES'}
Q_220,CPC_24,{'type': 'MATCHES'}
Q_220,IPC_415,{'type': 'MATCHES'}
Q_220,IPC_417,{'type': 'MATCHES'}
Q_220,IPC_419,{'type': 'MATCHES'}
Q_220,IPC_420,{'type': 'MATCHES'}
Q_220,CRPC_320,{'type': 'MATCHES'}
Q_220,ICA_73,{'type': 'MATCHES'}
Q_220,ICA_74,{'type': 'MATCHES'}
Q_220,ICA_75,{'type': 'MATCHES'}
Q_221,fir,{'type': 'RELATES_TO'}
Q_221,CRPC_154,{'type': 'MATCHES'}
Q_221,CRPC_156,{'type': 'MATCHES'}
Q_221,CRPC_200,{'type': 'MATCHES'}
Q_221,CRPC_210,{'type': 'MATCHES'}
Q_221,CRPC_302,{'type': 'MATCHES'}
Q_221,CRPC_482,{'type': 'MATCHES'}
Q_221,CPC_24,{'type': 'MATCHES'}
Q_222,corruption,{'type': 'RELATES_TO'}
Q_222,IPC_409,{'type': 'MATCHES'}
Q_222,PCA_7,{'type': 'MATCHES'}
Q_222,PCA_13,{'type': 'MATCHES'}
Q_223,kidnapping,{'type': 'RELATES_TO'}
Q_223,anticipatory_bail,{'type': 'RELATES_TO'}
Q_223,IPC_363,{'type': 'MATCHES'}
Q_223,IPC_364,{'type': 'MATCHES'}
Q_223,CRPC_438,{'type': 'MATCHES'}
Q_224,fir,{'type': 'RELATES_TO'}
Q_224,CRPC_154,{'type': 'MATCHES'}
Q_224,CRPC_156,{'type': 'MATCHES'}
Q_224,CRPC_200,{'type': 'MATCHES'}
Q_224,CRPC_210,{'type': 'MATCHES'}
Q_224,CRPC_302,{'type': 'MATCHES'}
Q_224,CRPC_482,{'type': 'MATCHES'}
Q_224,CPC_24,{'type': 'MATCHES'}
Q_226,fir,{'type': 'RELATES_TO'}
Q_226,anticipatory_bail,{'type': 'RELATES_TO'}
Q_226,CRPC_154,{'type': 'MATCHES'}
Q_226,CRPC_156,{'type': 'MATCHES'}
Q_226,CRPC_200,{'type': 'MATCHES'}
Q_226,CRPC_210,{'type': 'MATCHES'}
Q_226,CRPC_302,{'type': 'MATCHES'}
Q_226,CRPC_482,{'type': 'MATCHES'}
Q_226,CPC_24,{'type': 'MATCHES'}
Q_226,CRPC_438,{'type': 'MATCHES'}
Q_227,fir,{'type': 'RELATES_TO'}
Q_227,cheating,{'type': 'RELATES_TO'}
Q_227,criminal_breach_of_trust,{'type': 'RELATES_TO'}
Q_227,theft,{'type': 'RELATES_TO'}
Q_227,CRPC_154,{'type': 'MATCHES'}
Q_227,CRPC_156,{'type': 'MATCHES'}
Q_227,CRPC_200,{'type': 'MATCHES'}
Q_227,CRPC_210,{'type': 'MATCHES'}
Q_227,CRPC_302,{'type': 'MATCHES'}
Q_227,CRPC_482,{'type': 'MATCHES'}
Q_227,CPC_24,{'type': 'MATCHES'}
Q_227,IPC_415,{'type': 'MATCHES'}
Q_227,IPC_417,{'type': 'MATCHES'}
Q_227,IPC_419,{'type': 'MATCHES'}
Q_227,IPC_420,{'type': 'MATCHES'}
Q_227,CRPC_320,{'type': 'MATCHES'}
Q_227,ICA_73,{'type': 'MATCHES'}
Q_227,ICA_74,{'type': 'MATCHES'}
Q_227,ICA_75,{'type': 'MATCHES'}
Q_227,IPC_406,{'type': 'MATCHES'}
Q_227,IPC_409,{'type': 'MATCHES'}
Q_227,IPC_378,{'type': 'MATCHES'}
Q_227,IPC_379,{'type': 'MATCHES'}
Q_227,IPC_411,{'type': 'MATCHES'}
Q_227,CRPC_451,{'type': 'MATCHES'}
Q_227,CRPC_457,{'type': 'MATCHES'}
Q_228,charge_sheet,{'type': 'RELATES_TO'}
Q_228,fir,{'type': 'RELATES_TO'}
Q_228,CRPC_173,{'type': 'MATCHES'}
Q_228,CRPC_205,{'type': 'MATCHES'}
Q_228,CRPC_210,{'type': 'MATCHES'}
Q_228,CRPC_216,{'type': 'MATCHES'}
Q_228,CRPC_227,{'type': 'MATCHES'}
Q_228,CRPC_239,{'type': 'MATCHES'}
Q_228,CRPC_317,{'type': 'MATCHES'}
Q_228,CRPC_154,{'type': 'MATCHES'}
Q_228,CRPC_156,{'type': 'MATCHES'}
Q_228,CRPC_200,{'type': 'MATCHES'}
Q_228,CRPC_302,{'type': 'MATCHES'}
Q_228,CRPC_482,{'type': 'MATCHES'}
Q_228,CPC_24,{'type': 'MATCHES'}
Q_229,fir,{'type': 'RELATES_TO'}
Q_229,assault,{'type': 'RELATES_TO'}
Q_229,CRPC_154,{'type': 'MATCHES'}
Q_229,CRPC_156,{'type': 'MATCHES'}
Q_229,CRPC_200,{'type': 'MATCHES'}
Q_229,CRPC_210,{'type': 'MATCHES'}
Q_229,CRPC_302,{'type': 'MATCHES'}
Q_229,CRPC_482,{'type': 'MATCHES'}
Q_229,CPC_24,{'type': 'MATCHES'}
Q_229,IPC_320,{'type': 'MATCHES'}
Q_229,IPC_323,{'type': 'MATCHES'}
Q_229,IPC_324,{'type': 'MATCHES'}
Q_229,IPC_325,{'type': 'MATCHES'}
Q_229,IPC_326,{'type': 'MATCHES'}
Q_229,IPC_337,{'type': 'MATCHES'}
Q_229,IPC_338,{'type': 'MATCHES'}
Q_229,IPC_350,{'type': 'MATCHES'}
Q_229,CRPC_320,{'type': 'MATCHES'}
Q_230,bail,{'type': 'RELATES_TO'}
Q_230,CRPC_167,{'type': 'MATCHES'}
Q_230,CRPC_397,{'type': 'MATCHES'}
Q_230,CRPC_439,{'type': 'MATCHES'}
Q_230,CRPC_482,{'type': 'MATCHES'}
Q_233,fir,{'type': 'RELATES_TO'}
Q_233,charge_sheet,{'type': 'RELATES_TO'}
Q_233,CRPC_154,{'type': 'MATCHES'}
Q_233,CRPC_156,{'type': 'MATCHES'}
Q_233,CRPC_200,{'type': 'MATCHES'}
Q_233,CRPC_210,{'type': 'MATCHES'}
Q_233,CRPC_302,{'type': 'MATCHES'}
Q_233,CRPC_482,{'type': 'MATCHES'}
Q_233,CPC_24,{'type': 'MATCHES'}
Q_233,CRPC_173,{'type': 'MATCHES'}
Q_233,CRPC_205,{'type': 'MATCHES'}
Q_233,CRPC_216,{'type': 'MATCHES'}
Q_233,CRPC_227,{'type': 'MATCHES'}
Q_233,CRPC_239,{'type': 'MATCHES'}
Q_233,CRPC_317,{'type': 'MATCHES'}
Q_234,charge_sheet,{'type': 'RELATES_TO'}
Q_234,fir,{'type': 'RELATES_TO'}
Q_234,murder,{'type': 'RELATES_TO'}
Q_234,rape,{'type': 'RELATES_TO'}
Q_234,CRPC_173,{'type': 'MATCHES'}
Q_234,CRPC_205,{'type': 'MATCHES'}
Q_234,CRPC_210,{'type': 'MATCHES'}
Q_234,CRPC_216,{'type': 'MATCHES'}
Q_234,CRPC_227,{'type': 'MATCHES'}
Q_234,CRPC_239,{'type': 'MATCHES'}
Q_234,CRPC_317,{'type': 'MATCHES'}
Q_234,CRPC_154,{'type': 'MATCHES'}
Q_234,CRPC_156,{'type': 'MATCHES'}
Q_234,CRPC_200,{'type': 'MATCHES'}
Q_234,CRPC_302,{'type': 'MATCHES'}
Q_234,CRPC_482,{'type': 'MATCHES'}
Q_234,CPC_24,{'type': 'MATCHES'}
Q_234,IPC_302,{'type': 'MATCHES'}
Q_234,IPC_307,{'type': 'MATCHES'}
Q_234,IPC_308,{'type': 'MATCHES'}
Q_234,IPC_309,{'type': 'MATCHES'}
Q_234,IPC_375,{'type': 'MATCHES'}
Q_234,IPC_376,{'type': 'MATCHES'}
Q_234,IEA_45,{'type': 'MATCHES'}
Q_235,fir,{'type': 'RELATES_TO'}
Q_235,CRPC_154,{'type': 'MATCHES'}
Q_235,CRPC_156,{'type': 'MATCHES'}
Q_235,CRPC_200,{'type': 'MATCHES'}
Q_235,CRPC_210,{'type': 'MATCHES'}
Q_235,CRPC_302,{'type': 'MATCHES'}
Q_235,CRPC_482,{'type': 'MATCHES'}
Q_235,CPC_24,{'type': 'MATCHES'}
Q_239,sc_st_atrocity,{'type': 'RELATES_TO'}
Q_239,SCST_3,{'type': 'MATCHES'}
Q_239,SCST_7,{'type': 'MATCHES'}
Q_240,abetment,{'type': 'RELATES_TO'}
Q_240,IPC_107,{'type': 'MATCHES'}
Q_241,charge_sheet,{'type': 'RELATES_TO'}
Q_241,bail,{'type': 'RELATES_TO'}
Q_241,arrest,{'type': 'RELATES_TO'}
Q_241,CRPC_173,{'type': 'MATCHES'}
Q_241,CRPC_205,{'type': 'MATCHES'}
Q_241,CRPC_210,{'type': 'MATCHES'}
Q_241,CRPC_216,{'type': 'MATCHES'}
Q_241,CRPC_227,{'type': 'MATCHES'}
Q_241,CRPC_239,{'type': 'MATCHES'}
Q_241,CRPC_317,{'type': 'MATCHES'}
Q_241,CRPC_167,{'type': 'MATCHES'}
Q_241,CRPC_397,{'type': 'MATCHES'}
Q_241,CRPC_439,{'type': 'MATCHES'}
Q_241,CRPC_482,{'type': 'MATCHES'}
Q_241,CRPC_41,{'type': 'MATCHES'}
Q_241,CRPC_73,{'type': 'MATCHES'}
Q_241,CRPC_160,{'type': 'MATCHES'}
Q_241,IEA_27,{'type': 'MATCHES'}
Q_243,fir,{'type': 'RELATES_TO'}
Q_243,defamation,{'type': 'RELATES_TO'}
Q_243,CRPC_154,{'type': 'MATCHES'}
Q_243,CRPC_156,{'type': 'MATCHES'}
Q_243,CRPC_200,{'type': 'MATCHES'}
Q_243,CRPC_210,{'type': 'MATCHES'}
Q_243,CRPC_302,{'type': 'MATCHES'}
Q_243,CRPC_482,{'type': 'MATCHES'}
Q_243,CPC_24,{'type': 'MATCHES'}
Q_243,IPC_499,{'type': 'MATCHES'}
Q_243,IPC_500,{'type': 'MATCHES'}
Q_244,arrest,{'type': 'RELATES_TO'}
Q_244,CRPC_41,{'type': 'MATCHES'}
Q_244,CRPC_73,{'type': 'MATCHES'}
Q_244,CRPC_160,{'type': 'MATCHES'}
Q_244,CRPC_167,{'type': 'MATCHES'}
Q_244,IEA_27,{'type': 'MATCHES'}
Q_245,fir,{'type': 'RELATES_TO'}
Q_245,CRPC_154,{'type': 'MATCHES'}
Q_245,CRPC_156,{'type': 'MATCHES'}
Q_245,CRPC_200,{'type': 'MATCHES'}
Q_245,CRPC_210,{'type': 'MATCHES'}
Q_245,CRPC_302,{'type': 'MATCHES'}
Q_245,CRPC_482,{'type': 'MATCHES'}
Q_245,CPC_24,{'type': 'MATCHES'}
Q_246,fir,{'type': 'RELATES_TO'}
Q_246,arrest,{'type': 'RELATES_TO'}
Q_246,anticipatory_bail,{'type': 'RELATES_TO'}
Q_246,CRPC_154,{'type': 'MATCHES'}
Q_246,CRPC_156,{'type': 'MATCHES'}
Q_246,CRPC_200,{'type': 'MATCHES'}
Q_246,CRPC_210,{'type': 'MATCHES'}
Q_246,CRPC_302,{'type': 'MATCHES'}
Q_246,CRPC_482,{'type': 'MATCHES'}
Q_246,CPC_24,{'type': 'MATCHES'}
Q_246,CRPC_41,{'type': 'MATCHES'}
Q_246,CRPC_73,{'type': 'MATCHES'}
Q_246,CRPC_160,{'type': 'MATCHES'}
Q_246,CRPC_167,{'type': 'MATCHES'}
Q_246,IEA_27,{'type': 'MATCHES'}
Q_246,CRPC_438,{'type': 'MATCHES'}
Q_248,fir,{'type': 'RELATES_TO'}
Q_248,CRPC_154,{'type': 'MATCHES'}
Q_248,CRPC_156,{'type': 'MATCHES'}
Q_248,CRPC_200,{'type': 'MATCHES'}
Q_248,CRPC_210,{'type': 'MATCHES'}
Q_248,CRPC_302,{'type': 'MATCHES'}
Q_248,CRPC_482,{'type': 'MATCHES'}
Q_248,CPC_24,{'type': 'MATCHES'}
Q_249,cheating,{'type': 'RELATES_TO'}
Q_249,IPC_415,{'type': 'MATCHES'}
Q_249,IPC_417,{'type': 'MATCHES'}
Q_249,IPC_419,{'type': 'MATCHES'}
Q_249,IPC_420,{'type': 'MATCHES'}
Q_249,CRPC_320,{'type': 'MATCHES'}
Q_249,ICA_73,{'type': 'MATCHES'}
Q_249,ICA_74,{'type': 'MATCHES'}
Q_249,ICA_75,{'type': 'MATCHES'}
Q_251,cheating,{'type': 'RELATES_TO'}
Q_251,arrest,{'type': 'RELATES_TO'}
Q_251,IPC_415,{'type': 'MATCHES'}
Q_251,IPC_417,{'type': 'MATCHES'}
Q_251,IPC_419,{'type': 'MATCHES'}
Q_251,IPC_420,{'type': 'MATCHES'}
Q_251,CRPC_320,{'type': 'MATCHES'}
Q_251,ICA_73,{'type': 'MATCHES'}
Q_251,ICA_74,{'type': 'MATCHES'}
Q_251,ICA_75,{'type': 'MATCHES'}
Q_251,CRPC_41,{'type': 'MATCHES'}
Q_251,CRPC_73,{'type': 'MATCHES'}
Q_251,CRPC_160,{'type': 'MATCHES'}
Q_251,CRPC_167,{'type': 'MATCHES'}
Q_251,IEA_27,{'type': 'MATCHES'}
Q_253,fir,{'type': 'RELATES_TO'}
Q_253,CRPC_154,{'type': 'MATCHES'}
Q_253,CRPC_156,{'type': 'MATCHES'}
Q_253,CRPC_200,{'type': 'MATCHES'}
Q_253,CRPC_210,{'type': 'MATCHES'}
Q_253,CRPC_302,{'type': 'MATCHES'}
Q_253,CRPC_482,{'type': 'MATCHES'}
Q_253,CPC_24,{'type': 'MATCHES'}
Q_254,fir,{'type': 'RELATES_TO'}
Q_254,CRPC_154,{'type': 'MATCHES'}
Q_254,CRPC_156,{'type': 'MATCHES'}
Q_254,CRPC_200,{'type': 'MATCHES'}
Q_254,CRPC_210,{'type': 'MATCHES'}
Q_254,CRPC_302,{'type': 'MATCHES'}
Q_254,CRPC_482,{'type': 'MATCHES'}
Q_254,CPC_24,{'type': 'MATCHES'}
Q_256,cheating,{'type': 'RELATES_TO'}
Q_256,IPC_415,{'type': 'MATCHES'}
Q_256,IPC_417,{'type': 'MATCHES'}
Q_256,IPC_419,{'type': 'MATCHES'}
Q_256,IPC_420,{'type': 'MATCHES'}
Q_256,CRPC_320,{'type': 'MATCHES'}
Q_256,ICA_73,{'type': 'MATCHES'}
Q_256,ICA_74,{'type': 'MATCHES'}
Q_256,ICA_75,{'type': 'MATCHES'}
Q_258,dowry_harassment,{'type': 'RELATES_TO'}
Q_258,IPC_304B,{'type': 'MATCHES'}
Q_258,DP_3,{'type': 'MATCHES'}
Q_258,DP_4,{'type': 'MATCHES'}
Q_259,fir,{'type': 'RELATES_TO'}
Q_259,cheating,{'type': 'RELATES_TO'}
Q_259,arrest,{'type': 'RELATES_TO'}
Q_259,CRPC_154,{'type': 'MATCHES'}
Q_259,CRPC_156,{'type': 'MATCHES'}
Q_259,CRPC_200,{'type': 'MATCHES'}
Q_259,CRPC_210,{'type': 'MATCHES'}
Q_259,CRPC_302,{'type': 'MATCHES'}
Q_259,CRPC_482,{'type': 'MATCHES'}
Q_259,CPC_24,{'type': 'MATCHES'}
Q_259,IPC_415,{'type': 'MATCHES'}
Q_259,IPC_417,{'type': 'MATCHES'}
Q_259,IPC_419,{'type': 'MATCHES'}
Q_259,IPC_420,{'type': 'MATCHES'}
Q_259,CRPC_320,{'type': 'MATCHES'}
Q_259,ICA_73,{'type': 'MATCHES'}
Q_259,ICA_74,{'type': 'MATCHES'}
Q_259,ICA_75,{'type': 'MATCHES'}
Q_259,CRPC_41,{'type': 'MATCHES'}
Q_259,CRPC_73,{'type': 'MATCHES'}
Q_259,CRPC_160,{'type': 'MATCHES'}
Q_259,CRPC_167,{'type': 'MATCHES'}
Q_259,IEA_27,{'type': 'MATCHES'}
Q_260,fir,{'type': 'RELATES_TO'}
Q_260,cybercrime,{'type': 'RELATES_TO'}
Q_260,arrest,{'type': 'RELATES_TO'}
Q_260,CRPC_154,{'type': 'MATCHES'}
Q_260,CRPC_156,{'type': 'MATCHES'}
Q_260,CRPC_200,{'type': 'MATCHES'}
Q_260,CRPC_210,{'type': 'MATCHES'}
Q_260,CRPC_302,{'type': 'MATCHES'}
Q_260,CRPC_482,{'type': 'MATCHES'}
Q_260,CPC_24,{'type': 'MATCHES'}
Q_260,CRPC_41,{'type': 'MATCHES'}
Q_260,CRPC_73,{'type': 'MATCHES'}
Q_260,CRPC_160,{'type': 'MATCHES'}
Q_260,CRPC_167,{'type': 'MATCHES'}
Q_260,IEA_27,{'type': 'MATCHES'}
Q_261,cheating,{'type': 'RELATES_TO'}
Q_261,IPC_415,{'type': 'MATCHES'}
Q_261,IPC_417,{'type': 'MATCHES'}
Q_261,IPC_419,{'type': 'MATCHES'}
Q_261,IPC_420,{'type': 'MATCHES'}
Q_261,CRPC_320,{'type': 'MATCHES'}
Q_261,ICA_73,{'type': 'MATCHES'}
Q_261,ICA_74,{'type': 'MATCHES'}
Q_261,ICA_75,{'type': 'MATCHES'}
Q_262,assault,{'type': 'RELATES_TO'}
Q_262,criminal_intimidation,{'type': 'RELATES_TO'}
Q_262,IPC_320,{'type': 'MATCHES'}
Q_262,IPC_323,{'type': 'MATCHES'}
Q_262,IPC_324,{'type': 'MATCHES'}
Q_262,IPC_325,{'type': 'MATCHES'}
Q_262,IPC_326,{'type': 'MATCHES'}
Q_262,IPC_337,{'type': 'MATCHES'}
Q_262,IPC_338,{'type': 'MATCHES'}
Q_262,IPC_350,{'type': 'MATCHES'}
Q_262,CRPC_320,{'type': 'MATCHES'}
Q_262,IPC_503,{'type': 'MATCHES'}
Q_262,IPC_504,{'type': 'MATCHES'}
Q_262,IPC_506,{'type': 'MATCHES'}
Q_263,fir,{'type': 'RELATES_TO'}
Q_263,CRPC_154,{'type': 'MATCHES'}
Q_263,CRPC_156,{'type': 'MATCHES'}
Q_263,CRPC_200,{'type': 'MATCHES'}
Q_263,CRPC_210,{'type': 'MATCHES'}
Q_263,CRPC_302,{'type': 'MATCHES'}
Q_263,CRPC_482,{'type': 'MATCHES'}
Q_263,CPC_24,{'type': 'MATCHES'}
Q_264,cheating,{'type': 'RELATES_TO'}
Q_264,IPC_415,{'type': 'MATCHES'}
Q_264,IPC_417,{'type': 'MATCHES'}
Q_264,IPC_419,{'type': 'MATCHES'}
Q_264,IPC_420,{'type': 'MATCHES'}
Q_264,CRPC_320,{'type': 'MATCHES'}
Q_264,ICA_73,{'type': 'MATCHES'}
Q_264,ICA_74,{'type': 'MATCHES'}
Q_264,ICA_75,{'type': 'MATCHES'}
Q_268,public_nuisance,{'type': 'RELATES_TO'}
Q_268,mischief,{'type': 'RELATES_TO'}
Q_268,arrest,{'type': 'RELATES_TO'}
Q_268,IPC_268,{'type': 'MATCHES'}
Q_268,IPC_290,{'type': 'MATCHES'}
Q_268,CRPC_107,{'type': 'MATCHES'}
Q_268,CRPC_116,{'type': 'MATCHES'}
Q_268,CRPC_133,{'type': 'MATCHES'}
Q_268,CRPC_144,{'type': 'MATCHES'}
Q_268,IPC_425,{'type': 'MATCHES'}
Q_268,IPC_427,{'type': 'MATCHES'}
Q_268,IPC_428,{'type': 'MATCHES'}
Q_268,IPC_429,{'type': 'MATCHES'}
Q_268,CRPC_41,{'type': 'MATCHES'}
Q_268,CRPC_73,{'type': 'MATCHES'}
Q_268,CRPC_160,{'type': 'MATCHES'}
Q_268,CRPC_167,{'type': 'MATCHES'}
Q_268,IEA_27,{'type': 'MATCHES'}
Q_269,charge_sheet,{'type': 'RELATES_TO'}
Q_269,CRPC_173,{'type': 'MATCHES'}
Q_269,CRPC_205,{'type': 'MATCHES'}
Q_269,CRPC_210,{'type': 'MATCHES'}
Q_269,CRPC_216,{'type': 'MATCHES'}
Q_269,CRPC_227,{'type': 'MATCHES'}
Q_269,CRPC_239,{'type': 'MATCHES'}
Q_269,CRPC_317,{'type': 'MATCHES'}
Q_270,maintenance,{'type': 'RELATES_TO'}
Q_270,bail,{'type': 'RELATES_TO'}
Q_270,rape,{'type': 'RELATES_TO'}
Q_270,anticipatory_bail,{'type': 'RELATES_TO'}
Q_270,CRPC_125,{'type': 'MATCHES'}
Q_270,HMA_9,{'type': 'MATCHES'}
Q_270,CRPC_167,{'type': 'MATCHES'}
Q_270,CRPC_397,{'type': 'MATCHES'}
Q_270,CRPC_439,{'type': 'MATCHES'}
Q_270,CRPC_482,{'type': 'MATCHES'}
Q_270,IPC_375,{'type': 'MATCHES'}
Q_270,IPC_376,{'type': 'MATCHES'}
Q_270,IEA_45,{'type': 'MATCHES'}
Q_270,CRPC_438,{'type': 'MATCHES'}
Q_272,fir,{'type': 'RELATES_TO'}
Q_272,cheating,{'type': 'RELATES_TO'}
Q_272,bail,{'type': 'RELATES_TO'}
Q_272,CRPC_154,{'type': 'MATCHES'}
Q_272,CRPC_156,{'type': 'MATCHES'}
Q_272,CRPC_200,{'type': 'MATCHES'}
Q_272,CRPC_210,{'type': 'MATCHES'}
Q_272,CRPC_302,{'type': 'MATCHES'}
Q_272,CRPC_482,{'type': 'MATCHES'}
Q_272,CPC_24,{'type': 'MATCHES'}
Q_272,IPC_415,{'type': 'MATCHES'}
Q_272,IPC_417,{'type': 'MATCHES'}
Q_272,IPC_419,{'type': 'MATCHES'}
Q_272,IPC_420,{'type': 'MATCHES'}
Q_272,CRPC_320,{'type': 'MATCHES'}
Q_272,ICA_73,{'type': 'MATCHES'}
Q_272,ICA_74,{'type': 'MATCHES'}
Q_272,ICA_75,{'type': 'MATCHES'}
Q_272,CRPC_167,{'type': 'MATCHES'}
Q_272,CRPC_397,{'type': 'MATCHES'}
Q_272,CRPC_439,{'type': 'MATCHES'}
Q_274,fir,{'type': 'RELATES_TO'}
Q_274,anticipatory_bail,{'type': 'RELATES_TO'}
Q_274,CRPC_154,{'type': 'MATCHES'}
Q_274,CRPC_156,{'type': 'MATCHES'}
Q_274,CRPC_200,{'type': 'MATCHES'}
Q_274,CRPC_210,{'type': 'MATCHES'}
Q_274,CRPC_302,{'type': 'MATCHES'}
Q_274,CRPC_482,{'type': 'MATCHES'}
Q_274,CPC_24,{'type': 'MATCHES'}
Q_274,CRPC_438,{'type': 'MATCHES'}
Q_275,cheating,{'type': 'RELATES_TO'}
Q_275,IPC_415,{'type': 'MATCHES'}
Q_275,IPC_417,{'type': 'MATCHES'}
Q_275,IPC_419,{'type': 'MATCHES'}
Q_275,IPC_420,{'type': 'MATCHES'}
Q_275,CRPC_320,{'type': 'MATCHES'}
Q_275,ICA_73,{'type': 'MATCHES'}
Q_275,ICA_74,{'type': 'MATCHES'}
Q_275,ICA_75,{'type': 'MATCHES'}
Q_277,cheating,{'type': 'RELATES_TO'}
Q_277,maintenance,{'type': 'RELATES_TO'}
Q_277,IPC_415,{'type': 'MATCHES'}
Q_277,IPC_417,{'type': 'MATCHES'}
Q_277,IPC_419,{'type': 'MATCHES'}
Q_277,IPC_420,{'type': 'MATCHES'}
Q_277,CRPC_320,{'type': 'MATCHES'}
Q_277,ICA_73,{'type': 'MATCHES'}
Q_277,ICA_74,{'type': 'MATCHES'}
Q_277,ICA_75,{'type': 'MATCHES'}
Q_277,CRPC_125,{'type': 'MATCHES'}
Q_277,HMA_9,{'type': 'MATCHES'}
Q_279,fir,{'type': 'RELATES_TO'}
Q_279,CRPC_154,{'type': 'MATCHES'}
Q_279,CRPC_156,{'type': 'MATCHES'}
Q_279,CRPC_200,{'type': 'MATCHES'}
Q_279,CRPC_210,{'type': 'MATCHES'}
Q_279,CRPC_302,{'type': 'MATCHES'}
Q_279,CRPC_482,{'type': 'MATCHES'}
Q_279,CPC_24,{'type': 'MATCHES'}
Q_281,fir,{'type': 'RELATES_TO'}
Q_281,CRPC_154,{'type': 'MATCHES'}
Q_281,CRPC_156,{'type': 'MATCHES'}
Q_281,CRPC_200,{'type': 'MATCHES'}
Q_281,CRPC_210,{'type': 'MATCHES'}
Q_281,CRPC_302,{'type': 'MATCHES'}
Q_281,CRPC_482,{'type': 'MATCHES'}
Q_281,CPC_24,{'type': 'MATCHES'}
Q_283,cybercrime,{'type': 'RELATES_TO'}
Q_285,arrest,{'type': 'RELATES_TO'}
Q_285,CRPC_41,{'type': 'MATCHES'}
Q_285,CRPC_73,{'type': 'MATCHES'}
Q_285,CRPC_160,{'type': 'MATCHES'}
Q_285,CRPC_167,{'type': 'MATCHES'}
Q_285,IEA_27,{'type': 'MATCHES'}
Q_287,arrest,{'type': 'RELATES_TO'}
Q_287,CRPC_41,{'type': 'MATCHES'}
Q_287,CRPC_73,{'type': 'MATCHES'}
Q_287,CRPC_160,{'type': 'MATCHES'}
Q_287,CRPC_167,{'type': 'MATCHES'}
Q_287,IEA_27,{'type': 'MATCHES'}
Q_289,fir,{'type': 'RELATES_TO'}
Q_289,rape,{'type': 'RELATES_TO'}
Q_289,CRPC_154,{'type': 'MATCHES'}
Q_289,CRPC_156,{'type': 'MATCHES'}
Q_289,CRPC_200,{'type': 'MATCHES'}
Q_289,CRPC_210,{'type': 'MATCHES'}
Q_289,CRPC_302,{'type': 'MATCHES'}
Q_289,CRPC_482,{'type': 'MATCHES'}
Q_289,CPC_24,{'type': 'MATCHES'}
Q_289,IPC_375,{'type': 'MATCHES'}
Q_289,IPC_376,{'type': 'MATCHES'}
Q_289,IEA_45,{'type': 'MATCHES'}
Q_293,cheque_bounce,{'type': 'RELATES_TO'}
Q_293,NIA_138,{'type': 'MATCHES'}
Q_295,defamation,{'type': 'RELATES_TO'}
Q_295,IPC_499,{'type': 'MATCHES'}
Q_295,IPC_500,{'type': 'MATCHES'}
Q_298,domestic_violence,{'type': 'RELATES_TO'}
Q_299,charge_sheet,{'type': 'RELATES_TO'}
Q_299,fir,{'type': 'RELATES_TO'}
Q_299,CRPC_173,{'type': 'MATCHES'}
Q_299,CRPC_205,{'type': 'MATCHES'}
Q_299,CRPC_210,{'type': 'MATCHES'}
Q_299,CRPC_216,{'type': 'MATCHES'}
Q_299,CRPC_227,{'type': 'MATCHES'}
Q_299,CRPC_239,{'type': 'MATCHES'}
Q_299,CRPC_317,{'type': 'MATCHES'}
Q_299,CRPC_154,{'type': 'MATCHES'}
Q_299,CRPC_156,{'type': 'MATCHES'}
Q_299,CRPC_200,{'type': 'MATCHES'}
Q_299,CRPC_302,{'type': 'MATCHES'}
Q_299,CRPC_482,{'type': 'MATCHES'}
Q_299,CPC_24,{'type': 'MATCHES'}
Q_302,bail,{'type': 'RELATES_TO'}
Q_302,CRPC_167,{'type': 'MATCHES'}
Q_302,CRPC_397,{'type': 'MATCHES'}
Q_302,CRPC_439,{'type': 'MATCHES'}
Q_302,CRPC_482,{'type': 'MATCHES'}
Q_303,fir,{'type': 'RELATES_TO'}
Q_303,CRPC_154,{'type': 'MATCHES'}
Q_303,CRPC_156,{'type': 'MATCHES'}
Q_303,CRPC_200,{'type': 'MATCHES'}
Q_303,CRPC_210,{'type': 'MATCHES'}
Q_303,CRPC_302,{'type': 'MATCHES'}
Q_303,CRPC_482,{'type': 'MATCHES'}
Q_303,CPC_24,{'type': 'MATCHES'}
Q_305,charge_sheet,{'type': 'RELATES_TO'}
Q_305,CRPC_173,{'type': 'MATCHES'}
Q_305,CRPC_205,{'type': 'MATCHES'}
Q_305,CRPC_210,{'type': 'MATCHES'}
Q_305,CRPC_216,{'type': 'MATCHES'}
Q_305,CRPC_227,{'type': 'MATCHES'}
Q_305,CRPC_239,{'type': 'MATCHES'}
Q_305,CRPC_317,{'type': 'MATCHES'}
Q_306,confession,{'type': 'RELATES_TO'}
Q_306,CRPC_161,{'type': 'MATCHES'}
Q_306,CRPC_164,{'type': 'MATCHES'}
Q_306,IEA_27,{'type': 'MATCHES'}
Q_307,charge_sheet,{'type': 'RELATES_TO'}
Q_307,anticipatory_bail,{'type': 'RELATES_TO'}
Q_307,CRPC_173,{'type': 'MATCHES'}
Q_307,CRPC_205,{'type': 'MATCHES'}
Q_307,CRPC_210,{'type': 'MATCHES'}
Q_307,CRPC_216,{'type': 'MATCHES'}
Q_307,CRPC_227,{'type': 'MATCHES'}
Q_307,CRPC_239,{'type': 'MATCHES'}
Q_307,CRPC_317,{'type': 'MATCHES'}
Q_307,CRPC_438,{'type': 'MATCHES'}
Q_311,assault,{'type': 'RELATES_TO'}
Q_311,arrest,{'type': 'RELATES_TO'}
Q_311,IPC_320,{'type': 'MATCHES'}
Q_311,IPC_323,{'type': 'MATCHES'}
Q_311,IPC_324,{'type': 'MATCHES'}
Q_311,IPC_325,{'type': 'MATCHES'}
Q_311,IPC_326,{'type': 'MATCHES'}
Q_311,IPC_337,{'type': 'MATCHES'}
Q_311,IPC_338,{'type': 'MATCHES'}
Q_311,IPC_350,{'type': 'MATCHES'}
Q_311,CRPC_320,{'type': 'MATCHES'}
Q_311,CRPC_41,{'type': 'MATCHES'}
Q_311,CRPC_73,{'type': 'MATCHES'}
Q_311,CRPC_160,{'type': 'MATCHES'}
Q_311,CRPC_167,{'type': 'MATCHES'}
Q_311,IEA_27,{'type': 'MATCHES'}
Q_312,domestic_violence,{'type': 'RELATES_TO'}
Q_312,maintenance,{'type': 'RELATES_TO'}
Q_312,CRPC_125,{'type': 'MATCHES'}
Q_312,HMA_9,{'type': 'MATCHES'}
Q_313,fir,{'type': 'RELATES_TO'}
Q_313,CRPC_154,{'type': 'MATCHES'}
Q_313,CRPC_156,{'type': 'MATCHES'}
Q_313,CRPC_200,{'type': 'MATCHES'}
Q_313,CRPC_210,{'type': 'MATCHES'}
Q_313,CRPC_302,{'type': 'MATCHES'}
Q_313,CRPC_482,{'type': 'MATCHES'}
Q_313,CPC_24,{'type': 'MATCHES'}
Q_314,defamation,{'type': 'RELATES_TO'}
Q_314,IPC_499,{'type': 'MATCHES'}
Q_314,IPC_500,{'type': 'MATCHES'}
Q_315,cheating,{'type': 'RELATES_TO'}
Q_315,IPC_415,{'type': 'MATCHES'}
Q_315,IPC_417,{'type': 'MATCHES'}
Q_315,IPC_419,{'type': 'MATCHES'}
Q_315,IPC_420,{'type': 'MATCHES'}
Q_315,CRPC_320,{'type': 'MATCHES'}
Q_315,ICA_73,{'type': 'MATCHES'}
Q_315,ICA_74,{'type': 'MATCHES'}
Q_315,ICA_75,{'type': 'MATCHES'}
Q_316,fir,{'type': 'RELATES_TO'}
Q_316,cheating,{'type': 'RELATES_TO'}
Q_316,CRPC_154,{'type': 'MATCHES'}
Q_316,CRPC_156,{'type': 'MATCHES'}
Q_316,CRPC_200,{'type': 'MATCHES'}
Q_316,CRPC_210,{'type': 'MATCHES'}
Q_316,CRPC_302,{'type': 'MATCHES'}
Q_316,CRPC_482,{'type': 'MATCHES'}
Q_316,CPC_24,{'type': 'MATCHES'}
Q_316,IPC_415,{'type': 'MATCHES'}
Q_316,IPC_417,{'type': 'MATCHES'}
Q_316,IPC_419,{'type': 'MATCHES'}
Q_316,IPC_420,{'type': 'MATCHES'}
Q_316,CRPC_320,{'type': 'MATCHES'}
Q_316,ICA_73,{'type': 'MATCHES'}
Q_316,ICA_74,{'type': 'MATCHES'}
Q_316,ICA_75,{'type': 'MATCHES'}
Q_317,abetment,{'type': 'RELATES_TO'}
Q_317,IPC_107,{'type': 'MATCHES'}
Q_318,cheating,{'type': 'RELATES_TO'}
Q_318,IPC_415,{'type': 'MATCHES'}
Q_318,IPC_417,{'type': 'MATCHES'}
Q_318,IPC_419,{'type': 'MATCHES'}
Q_318,IPC_420,{'type': 'MATCHES'}
Q_318,CRPC_320,{'type': 'MATCHES'}
Q_318,ICA_73,{'type': 'MATCHES'}
Q_318,ICA_74,{'type': 'MATCHES'}
Q_318,ICA_75,{'type': 'MATCHES'}
Q_320,defamation,{'type': 'RELATES_TO'}
Q_320,IPC_499,{'type': 'MATCHES'}
Q_320,IPC_500,{'type': 'MATCHES'}
Q_323,fir,{'type': 'RELATES_TO'}
Q_323,CRPC_154,{'type': 'MATCHES'}
Q_323,CRPC_156,{'type': 'MATCHES'}
Q_323,CRPC_200,{'type': 'MATCHES'}
Q_323,CRPC_210,{'type': 'MATCHES'}
Q_323,CRPC_302,{'type': 'MATCHES'}
Q_323,CRPC_482,{'type': 'MATCHES'}
Q_323,CPC_24,{'type': 'MATCHES'}
Q_326,fir,{'type': 'RELATES_TO'}
Q_326,CRPC_154,{'type': 'MATCHES'}
Q_326,CRPC_156,{'type': 'MATCHES'}
Q_326,CRPC_200,{'type': 'MATCHES'}
Q_326,CRPC_210,{'type': 'MATCHES'}
Q_326,CRPC_302,{'type': 'MATCHES'}
Q_326,CRPC_482,{'type': 'MATCHES'}
Q_326,CPC_24,{'type': 'MATCHES'}
Q_327,defamation,{'type': 'RELATES_TO'}
Q_327,IPC_499,{'type': 'MATCHES'}
Q_327,IPC_500,{'type': 'MATCHES'}
Q_329,bail,{'type': 'RELATES_TO'}
Q_329,CRPC_167,{'type': 'MATCHES'}
Q_329,CRPC_397,{'type': 'MATCHES'}
Q_329,CRPC_439,{'type': 'MATCHES'}
Q_329,CRPC_482,{'type': 'MATCHES'}
Q_330,assault,{'type': 'RELATES_TO'}
Q_330,criminal_intimidation,{'type': 'RELATES_TO'}
Q_330,bail,{'type': 'RELATES_TO'}
Q_330,IPC_320,{'type': 'MATCHES'}
Q_330,IPC_323,{'type': 'MATCHES'}
Q_330,IPC_324,{'type': 'MATCHES'}
Q_330,IPC_325,{'type': 'MATCHES'}
Q_330,IPC_326,{'type': 'MATCHES'}
Q_330,IPC_337,{'type': 'MATCHES'}
Q_330,IPC_338,{'type': 'MATCHES'}
Q_330,IPC_350,{'type': 'MATCHES'}
Q_330,CRPC_320,{'type': 'MATCHES'}
Q_330,IPC_503,{'type': 'MATCHES'}
Q_330,IPC_504,{'type': 'MATCHES'}
Q_330,IPC_506,{'type': 'MATCHES'}
Q_330,CRPC_167,{'type': 'MATCHES'}
Q_330,CRPC_397,{'type': 'MATCHES'}
Q_330,CRPC_439,{'type': 'MATCHES'}
Q_330,CRPC_482,{'type': 'MATCHES'}
Q_331,arrest,{'type': 'RELATES_TO'}
Q_331,CRPC_41,{'type': 'MATCHES'}
Q_331,CRPC_73,{'type': 'MATCHES'}
Q_331,CRPC_160,{'type': 'MATCHES'}
Q_331,CRPC_167,{'type': 'MATCHES'}
Q_331,IEA_27,{'type': 'MATCHES'}
Q_332,rape,{'type': 'RELATES_TO'}
Q_332,IPC_375,{'type': 'MATCHES'}
Q_332,IPC_376,{'type': 'MATCHES'}
Q_332,IEA_45,{'type': 'MATCHES'}
Q_335,fir,{'type': 'RELATES_TO'}
Q_335,cheating,{'type': 'RELATES_TO'}
Q_335,rape,{'type': 'RELATES_TO'}
Q_335,CRPC_154,{'type': 'MATCHES'}
Q_335,CRPC_156,{'type': 'MATCHES'}
Q_335,CRPC_200,{'type': 'MATCHES'}
Q_335,CRPC_210,{'type': 'MATCHES'}
Q_335,CRPC_302,{'type': 'MATCHES'}
Q_335,CRPC_482,{'type': 'MATCHES'}
Q_335,CPC_24,{'type': 'MATCHES'}
Q_335,IPC_415,{'type': 'MATCHES'}
Q_335,IPC_417,{'type': 'MATCHES'}
Q_335,IPC_419,{'type': 'MATCHES'}
Q_335,IPC_420,{'type': 'MATCHES'}
Q_335,CRPC_320,{'type': 'MATCHES'}
Q_335,ICA_73,{'type': 'MATCHES'}
Q_335,ICA_74,{'type': 'MATCHES'}
Q_335,ICA_75,{'type': 'MATCHES'}
Q_335,IPC_375,{'type': 'MATCHES'}
Q_335,IPC_376,{'type': 'MATCHES'}
Q_335,IEA_45,{'type': 'MATCHES'}
Q_336,rape,{'type': 'RELATES_TO'}
Q_336,arrest,{'type': 'RELATES_TO'}
Q_336,IPC_375,{'type': 'MATCHES'}
Q_336,IPC_376,{'type': 'MATCHES'}
Q_336,IEA_45,{'type': 'MATCHES'}
Q_336,CRPC_41,{'type': 'MATCHES'}
Q_336,CRPC_73,{'type': 'MATCHES'}
Q_336,CRPC_160,{'type': 'MATCHES'}
Q_336,CRPC_167,{'type': 'MATCHES'}
Q_336,IEA_27,{'type': 'MATCHES'}
Q_339,fir,{'type': 'RELATES_TO'}
Q_339,bail,{'type': 'RELATES_TO'}
Q_339,arrest,{'type': 'RELATES_TO'}
Q_339,anticipatory_bail,{'type': 'RELATES_TO'}
Q_339,murder,{'type': 'RELATES_TO'}
Q_339,CRPC_154,{'type': 'MATCHES'}
Q_339,CRPC_156,{'type': 'MATCHES'}
Q_339,CRPC_200,{'type': 'MATCHES'}
Q_339,CRPC_210,{'type': 'MATCHES'}
Q_339,CRPC_302,{'type': 'MATCHES'}
Q_339,CRPC_482,{'type': 'MATCHES'}
Q_339,CPC_24,{'type': 'MATCHES'}
Q_339,CRPC_167,{'type': 'MATCHES'}
Q_339,CRPC_397,{'type': 'MATCHES'}
Q_339,CRPC_439,{'type': 'MATCHES'}
Q_339,CRPC_41,{'type': 'MATCHES'}
Q_339,CRPC_73,{'type': 'MATCHES'}
Q_339,CRPC_160,{'type': 'MATCHES'}
Q_339,IEA_27,{'type': 'MATCHES'}
Q_339,CRPC_438,{'type': 'MATCHES'}
Q_339,IPC_302,{'type': 'MATCHES'}
Q_339,IPC_307,{'type': 'MATCHES'}
Q_339,IPC_308,{'type': 'MATCHES'}
Q_339,IPC_309,{'type': 'MATCHES'}
Q_340,fir,{'type': 'RELATES_TO'}
Q_340,CRPC_154,{'type': 'MATCHES'}
Q_340,CRPC_156,{'type': 'MATCHES'}
Q_340,CRPC_200,{'type': 'MATCHES'}
Q_340,CRPC_210,{'type': 'MATCHES'}
Q_340,CRPC_302,{'type': 'MATCHES'}
Q_340,CRPC_482,{'type': 'MATCHES'}
Q_340,CPC_24,{'type': 'MATCHES'}
Q_341,fir,{'type': 'RELATES_TO'}
Q_341,cheating,{'type': 'RELATES_TO'}
Q_341,CRPC_154,{'type': 'MATCHES'}
Q_341,CRPC_156,{'type': 'MATCHES'}
Q_341,CRPC_200,{'type': 'MATCHES'}
Q_341,CRPC_210,{'type': 'MATCHES'}
Q_341,CRPC_302,{'type': 'MATCHES'}
Q_341,CRPC_482,{'type': 'MATCHES'}
Q_341,CPC_24,{'type': 'MATCHES'}
Q_341,IPC_415,{'type': 'MATCHES'}
Q_341,IPC_417,{'type': 'MATCHES'}
Q_341,IPC_419,{'type': 'MATCHES'}
Q_341,IPC_420,{'type': 'MATCHES'}
Q_341,CRPC_320,{'type': 'MATCHES'}
Q_341,ICA_73,{'type': 'MATCHES'}
Q_341,ICA_74,{'type': 'MATCHES'}
Q_341,ICA_75,{'type': 'MATCHES'}
Q_342,anticipatory_bail,{'type': 'RELATES_TO'}
Q_342,CRPC_438,{'type': 'MATCHES'}
Q_343,fir,{'type': 'RELATES_TO'}
Q_343,CRPC_154,{'type': 'MATCHES'}
Q_343,CRPC_156,{'type': 'MATCHES'}
Q_343,CRPC_200,{'type': 'MATCHES'}
Q_343,CRPC_210,{'type': 'MATCHES'}
Q_343,CRPC_302,{'type': 'MATCHES'}
Q_343,CRPC_482,{'type': 'MATCHES'}
Q_343,CPC_24,{'type': 'MATCHES'}
Q_344,fir,{'type': 'RELATES_TO'}
Q_344,CRPC_154,{'type': 'MATCHES'}
Q_344,CRPC_156,{'type': 'MATCHES'}
Q_344,CRPC_200,{'type': 'MATCHES'}
Q_344,CRPC_210,{'type': 'MATCHES'}
Q_344,CRPC_302,{'type': 'MATCHES'}
Q_344,CRPC_482,{'type': 'MATCHES'}
Q_344,CPC_24,{'type': 'MATCHES'}
Q_350,cheating,{'type': 'RELATES_TO'}
Q_350,IPC_415,{'type': 'MATCHES'}
Q_350,IPC_417,{'type': 'MATCHES'}
Q_350,IPC_419,{'type': 'MATCHES'}
Q_350,IPC_420,{'type': 'MATCHES'}
Q_350,CRPC_320,{'type': 'MATCHES'}
Q_350,ICA_73,{'type': 'MATCHES'}
Q_350,ICA_74,{'type': 'MATCHES'}
Q_350,ICA_75,{'type': 'MATCHES'}
Q_351,defamation,{'type': 'RELATES_TO'}
Q_351,IPC_499,{'type': 'MATCHES'}
Q_351,IPC_500,{'type': 'MATCHES'}
Q_352,charge_sheet,{'type': 'RELATES_TO'}
Q_352,bail,{'type': 'RELATES_TO'}
Q_352,arrest,{'type': 'RELATES_TO'}
Q_352,anticipatory_bail,{'type': 'RELATES_TO'}
Q_352,CRPC_173,{'type': 'MATCHES'}
Q_352,CRPC_205,{'type': 'MATCHES'}
Q_352,CRPC_210,{'type': 'MATCHES'}
Q_352,CRPC_216,{'type': 'MATCHES'}
Q_352,CRPC_227,{'type': 'MATCHES'}
Q_352,CRPC_239,{'type': 'MATCHES'}
Q_352,CRPC_317,{'type': 'MATCHES'}
Q_352,CRPC_167,{'type': 'MATCHES'}
Q_352,CRPC_397,{'type': 'MATCHES'}
Q_352,CRPC_439,{'type': 'MATCHES'}
Q_352,CRPC_482,{'type': 'MATCHES'}
Q_352,CRPC_41,{'type': 'MATCHES'}
Q_352,CRPC_73,{'type': 'MATCHES'}
Q_352,CRPC_160,{'type': 'MATCHES'}
Q_352,IEA_27,{'type': 'MATCHES'}
Q_352,CRPC_438,{'type': 'MATCHES'}
Q_354,cheating,{'type': 'RELATES_TO'}
Q_354,IPC_415,{'type': 'MATCHES'}
Q_354,IPC_417,{'type': 'MATCHES'}
Q_354,IPC_419,{'type': 'MATCHES'}
Q_354,IPC_420,{'type': 'MATCHES'}
Q_354,CRPC_320,{'type': 'MATCHES'}
Q_354,ICA_73,{'type': 'MATCHES'}
Q_354,ICA_74,{'type': 'MATCHES'}
Q_354,ICA_75,{'type': 'MATCHES'}
Q_356,fir,{'type': 'RELATES_TO'}
Q_356,charge_sheet,{'type': 'RELATES_TO'}
Q_356,CRPC_154,{'type': 'MATCHES'}
Q_356,CRPC_156,{'type': 'MATCHES'}
Q_356,CRPC_200,{'type': 'MATCHES'}
Q_356,CRPC_210,{'type': 'MATCHES'}
Q_356,CRPC_302,{'type': 'MATCHES'}
Q_356,CRPC_482,{'type': 'MATCHES'}
Q_356,CPC_24,{'type': 'MATCHES'}
Q_356,CRPC_173,{'type': 'MATCHES'}
Q_356,CRPC_205,{'type': 'MATCHES'}
Q_356,CRPC_216,{'type': 'MATCHES'}
Q_356,CRPC_227,{'type': 'MATCHES'}
Q_356,CRPC_239,{'type': 'MATCHES'}
Q_356,CRPC_317,{'type': 'MATCHES'}
Q_357,fir,{'type': 'RELATES_TO'}
Q_357,CRPC_154,{'type': 'MATCHES'}
Q_357,CRPC_156,{'type': 'MATCHES'}
Q_357,CRPC_200,{'type': 'MATCHES'}
Q_357,CRPC_210,{'type': 'MATCHES'}
Q_357,CRPC_302,{'type': 'MATCHES'}
Q_357,CRPC_482,{'type': 'MATCHES'}
Q_357,CPC_24,{'type': 'MATCHES'}
Q_360,domestic_violence,{'type': 'RELATES_TO'}
Q_360,rape,{'type': 'RELATES_TO'}
Q_360,IPC_375,{'type': 'MATCHES'}
Q_360,IPC_376,{'type': 'MATCHES'}
Q_360,IEA_45,{'type': 'MATCHES'}
Q_362,fir,{'type': 'RELATES_TO'}
Q_362,CRPC_154,{'type': 'MATCHES'}
Q_362,CRPC_156,{'type': 'MATCHES'}
Q_362,CRPC_200,{'type': 'MATCHES'}
Q_362,CRPC_210,{'type': 'MATCHES'}
Q_362,CRPC_302,{'type': 'MATCHES'}
Q_362,CRPC_482,{'type': 'MATCHES'}
Q_362,CPC_24,{'type': 'MATCHES'}
Q_368,defamation,{'type': 'RELATES_TO'}
Q_368,IPC_499,{'type': 'MATCHES'}
Q_368,IPC_500,{'type': 'MATCHES'}
Q_369,maintenance,{'type': 'RELATES_TO'}
Q_369,CRPC_125,{'type': 'MATCHES'}
Q_369,HMA_9,{'type': 'MATCHES'}
Q_370,corruption,{'type': 'RELATES_TO'}
Q_370,perjury,{'type': 'RELATES_TO'}
Q_370,IPC_409,{'type': 'MATCHES'}
Q_370,PCA_7,{'type': 'MATCHES'}
Q_370,PCA_13,{'type': 'MATCHES'}
Q_370,IPC_182,{'type': 'MATCHES'}
Q_370,IPC_191,{'type': 'MATCHES'}
Q_370,IPC_192,{'type': 'MATCHES'}
Q_370,IPC_193,{'type': 'MATCHES'}
Q_370,IPC_194,{'type': 'MATCHES'}
Q_370,IPC_195,{'type': 'MATCHES'}
Q_370,IPC_199,{'type': 'MATCHES'}
Q_370,IPC_200,{'type': 'MATCHES'}
Q_370,IPC_205,{'type': 'MATCHES'}
Q_370,IPC_228,{'type': 'MATCHES'}
Q_370,CRPC_195,{'type': 'MATCHES'}
Q_370,CRPC_340,{'type': 'MATCHES'}
Q_371,fir,{'type': 'RELATES_TO'}
Q_371,CRPC_154,{'type': 'MATCHES'}
Q_371,CRPC_156,{'type': 'MATCHES'}
Q_371,CRPC_200,{'type': 'MATCHES'}
Q_371,CRPC_210,{'type': 'MATCHES'}
Q_371,CRPC_302,{'type': 'MATCHES'}
Q_371,CRPC_482,{'type': 'MATCHES'}
Q_371,CPC_24,{'type': 'MATCHES'}
Q_372,fir,{'type': 'RELATES_TO'}
Q_372,public_nuisance,{'type': 'RELATES_TO'}
Q_372,mischief,{'type': 'RELATES_TO'}
Q_372,arrest,{'type': 'RELATES_TO'}
Q_372,CRPC_154,{'type': 'MATCHES'}
Q_372,CRPC_156,{'type': 'MATCHES'}
Q_372,CRPC_200,{'type': 'MATCHES'}
Q_372,CRPC_210,{'type': 'MATCHES'}
Q_372,CRPC_302,{'type': 'MATCHES'}
Q_372,CRPC_482,{'type': 'MATCHES'}
Q_372,CPC_24,{'type': 'MATCHES'}
Q_372,IPC_268,{'type': 'MATCHES'}
Q_372,IPC_290,{'type': 'MATCHES'}
Q_372,CRPC_107,{'type': 'MATCHES'}
Q_372,CRPC_116,{'type': 'MATCHES'}
Q_372,CRPC_133,{'type': 'MATCHES'}
Q_372,CRPC_144,{'type': 'MATCHES'}
Q_372,IPC_425,{'type': 'MATCHES'}
Q_372,IPC_427,{'type': 'MATCHES'}
Q_372,IPC_428,{'type': 'MATCHES'}
Q_372,IPC_429,{'type': 'MATCHES'}
Q_372,CRPC_41,{'type': 'MATCHES'}
Q_372,CRPC_73,{'type': 'MATCHES'}
Q_372,CRPC_160,{'type': 'MATCHES'}
Q_372,CRPC_167,{'type': 'MATCHES'}
Q_372,IEA_27,{'type': 'MATCHES'}
Q_373,cheating,{'type': 'RELATES_TO'}
Q_373,IPC_415,{'type': 'MATCHES'}
Q_373,IPC_417,{'type': 'MATCHES'}
Q_373,IPC_419,{'type': 'MATCHES'}
Q_373,IPC_420,{'type': 'MATCHES'}
Q_373,CRPC_320,{'type': 'MATCHES'}
Q_373,ICA_73,{'type': 'MATCHES'}
Q_373,ICA_74,{'type': 'MATCHES'}
Q_373,ICA_75,{'type': 'MATCHES'}
Q_374,fir,{'type': 'RELATES_TO'}
Q_374,defamation,{'type': 'RELATES_TO'}
Q_374,CRPC_154,{'type': 'MATCHES'}
Q_374,CRPC_156,{'type': 'MATCHES'}
Q_374,CRPC_200,{'type': 'MATCHES'}
Q_374,CRPC_210,{'type': 'MATCHES'}
Q_374,CRPC_302,{'type': 'MATCHES'}
Q_374,CRPC_482,{'type': 'MATCHES'}
Q_374,CPC_24,{'type': 'MATCHES'}
Q_374,IPC_499,{'type': 'MATCHES'}
Q_374,IPC_500,{'type': 'MATCHES'}
Q_375,domestic_violence,{'type': 'RELATES_TO'}
Q_375,maintenance,{'type': 'RELATES_TO'}
Q_375,arrest,{'type': 'RELATES_TO'}
Q_375,CRPC_125,{'type': 'MATCHES'}
Q_375,HMA_9,{'type': 'MATCHES'}
Q_375,CRPC_41,{'type': 'MATCHES'}
Q_375,CRPC_73,{'type': 'MATCHES'}
Q_375,CRPC_160,{'type': 'MATCHES'}
Q_375,CRPC_167,{'type': 'MATCHES'}
Q_375,IEA_27,{'type': 'MATCHES'}
Q_378,abetment,{'type': 'RELATES_TO'}
Q_378,murder,{'type': 'RELATES_TO'}
Q_378,IPC_107,{'type': 'MATCHES'}
Q_378,IPC_302,{'type': 'MATCHES'}
Q_378,IPC_307,{'type': 'MATCHES'}
Q_378,IPC_308,{'type': 'MATCHES'}
Q_378,IPC_309,{'type': 'MATCHES'}
Q_379,fir,{'type': 'RELATES_TO'}
Q_379,cheating,{'type': 'RELATES_TO'}
Q_379,rash_driving,{'type': 'RELATES_TO'}
Q_379,CRPC_154,{'type': 'MATCHES'}
Q_379,CRPC_156,{'type': 'MATCHES'}
Q_379,CRPC_200,{'type': 'MATCHES'}
Q_379,CRPC_210,{'type': 'MATCHES'}
Q_379,CRPC_302,{'type': 'MATCHES'}
Q_379,CRPC_482,{'type': 'MATCHES'}
Q_379,CPC_24,{'type': 'MATCHES'}
Q_379,IPC_415,{'type': 'MATCHES'}
Q_379,IPC_417,{'type': 'MATCHES'}
Q_379,IPC_419,{'type': 'MATCHES'}
Q_379,IPC_420,{'type': 'MATCHES'}
Q_379,CRPC_320,{'type': 'MATCHES'}
Q_379,ICA_73,{'type': 'MATCHES'}
Q_379,ICA_74,{'type': 'MATCHES'}
Q_379,ICA_75,{'type': 'MATCHES'}
Q_379,IPC_279,{'type': 'MATCHES'}
Q_379,IPC_337,{'type': 'MATCHES'}
Q_379,IPC_338,{'type': 'MATCHES'}
Q_382,charge_sheet,{'type': 'RELATES_TO'}
Q_382,fir,{'type': 'RELATES_TO'}
Q_382,murder,{'type': 'RELATES_TO'}
Q_382,rape,{'type': 'RELATES_TO'}
Q_382,CRPC_173,{'type': 'MATCHES'}
Q_382,CRPC_205,{'type': 'MATCHES'}
Q_382,CRPC_210,{'type': 'MATCHES'}
Q_382,CRPC_216,{'type': 'MATCHES'}
Q_382,CRPC_227,{'type': 'MATCHES'}
Q_382,CRPC_239,{'type': 'MATCHES'}
Q_382,CRPC_317,{'type': 'MATCHES'}
Q_382,CRPC_154,{'type': 'MATCHES'}
Q_382,CRPC_156,{'type': 'MATCHES'}
Q_382,CRPC_200,{'type': 'MATCHES'}
Q_382,CRPC_302,{'type': 'MATCHES'}
Q_382,CRPC_482,{'type': 'MATCHES'}
Q_382,CPC_24,{'type': 'MATCHES'}
Q_382,IPC_302,{'type': 'MATCHES'}
Q_382,IPC_307,{'type': 'MATCHES'}
Q_382,IPC_308,{'type': 'MATCHES'}
Q_382,IPC_309,{'type': 'MATCHES'}
Q_382,IPC_375,{'type': 'MATCHES'}
Q_382,IPC_376,{'type': 'MATCHES'}
Q_382,IEA_45,{'type': 'MATCHES'}
Q_383,bail,{'type': 'RELATES_TO'}
Q_383,CRPC_167,{'type': 'MATCHES'}
Q_383,CRPC_397,{'type': 'MATCHES'}
Q_383,CRPC_439,{'type': 'MATCHES'}
Q_383,CRPC_482,{'type': 'MATCHES'}
Q_384,cheating,{'type': 'RELATES_TO'}
Q_384,rape,{'type': 'RELATES_TO'}
Q_384,IPC_415,{'type': 'MATCHES'}
Q_384,IPC_417,{'type': 'MATCHES'}
Q_384,IPC_419,{'type': 'MATCHES'}
Q_384,IPC_420,{'type': 'MATCHES'}
Q_384,CRPC_320,{'type': 'MATCHES'}
Q_384,ICA_73,{'type': 'MATCHES'}
Q_384,ICA_74,{'type': 'MATCHES'}
Q_384,ICA_75,{'type': 'MATCHES'}
Q_384,IPC_375,{'type': 'MATCHES'}
Q_384,IPC_376,{'type': 'MATCHES'}
Q_384,IEA_45,{'type': 'MATCHES'}
Q_385,maintenance,{'type': 'RELATES_TO'}
Q_385,CRPC_125,{'type': 'MATCHES'}
Q_385,HMA_9,{'type': 'MATCHES'}
Q_387,charge_sheet,{'type': 'RELATES_TO'}
Q_387,CRPC_173,{'type': 'MATCHES'}
Q_387,CRPC_205,{'type': 'MATCHES'}
Q_387,CRPC_210,{'type': 'MATCHES'}
Q_387,CRPC_216,{'type': 'MATCHES'}
Q_387,CRPC_227,{'type': 'MATCHES'}
Q_387,CRPC_239,{'type': 'MATCHES'}
Q_387,CRPC_317,{'type': 'MATCHES'}
Q_390,fir,{'type': 'RELATES_TO'}
Q_390,CRPC_154,{'type': 'MATCHES'}
Q_390,CRPC_156,{'type': 'MATCHES'}
Q_390,CRPC_200,{'type': 'MATCHES'}
Q_390,CRPC_210,{'type': 'MATCHES'}
Q_390,CRPC_302,{'type': 'MATCHES'}
Q_390,CRPC_482,{'type': 'MATCHES'}
Q_390,CPC_24,{'type': 'MATCHES'}
Q_391,arrest,{'type': 'RELATES_TO'}
Q_391,theft,{'type': 'RELATES_TO'}
Q_391,CRPC_41,{'type': 'MATCHES'}
Q_391,CRPC_73,{'type': 'MATCHES'}
Q_391,CRPC_160,{'type': 'MATCHES'}
Q_391,CRPC_167,{'type': 'MATCHES'}
Q_391,IEA_27,{'type': 'MATCHES'}
Q_391,IPC_378,{'type': 'MATCHES'}
Q_391,IPC_379,{'type': 'MATCHES'}
Q_391,IPC_411,{'type': 'MATCHES'}
Q_391,CRPC_451,{'type': 'MATCHES'}
Q_391,CRPC_457,{'type': 'MATCHES'}
Q_393,cheating,{'type': 'RELATES_TO'}
Q_393,corruption,{'type': 'RELATES_TO'}
Q_393,bail,{'type': 'RELATES_TO'}
Q_393,IPC_415,{'type': 'MATCHES'}
Q_393,IPC_417,{'type': 'MATCHES'}
Q_393,IPC_419,{'type': 'MATCHES'}
Q_393,IPC_420,{'type': 'MATCHES'}
Q_393,CRPC_320,{'type': 'MATCHES'}
Q_393,ICA_73,{'type': 'MATCHES'}
Q_393,ICA_74,{'type': 'MATCHES'}
Q_393,ICA_75,{'type': 'MATCHES'}
Q_393,IPC_409,{'type': 'MATCHES'}
Q_393,PCA_7,{'type': 'MATCHES'}
Q_393,PCA_13,{'type': 'MATCHES'}
Q_393,CRPC_167,{'type': 'MATCHES'}
Q_393,CRPC_397,{'type': 'MATCHES'}
Q_393,CRPC_439,{'type': 'MATCHES'}
Q_393,CRPC_482,{'type': 'MATCHES'}
Q_394,perjury,{'type': 'RELATES_TO'}
Q_394,maintenance,{'type': 'RELATES_TO'}
Q_394,IPC_182,{'type': 'MATCHES'}
Q_394,IPC_191,{'type': 'MATCHES'}
Q_394,IPC_192,{'type': 'MATCHES'}
Q_394,IPC_193,{'type': 'MATCHES'}
Q_394,IPC_194,{'type': 'MATCHES'}
Q_394,IPC_195,{'type': 'MATCHES'}
Q_394,IPC_199,{'type': 'MATCHES'}
Q_394,IPC_200,{'type': 'MATCHES'}
Q_394,IPC_205,{'type': 'MATCHES'}
Q_394,IPC_228,{'type': 'MATCHES'}
Q_394,CRPC_195,{'type': 'MATCHES'}
Q_394,CRPC_340,{'type': 'MATCHES'}
Q_394,CRPC_125,{'type': 'MATCHES'}
Q_394,HMA_9,{'type': 'MATCHES'}
Q_395,assault,{'type': 'RELATES_TO'}
Q_395,IPC_320,{'type': 'MATCHES'}
Q_395,IPC_323,{'type': 'MATCHES'}
Q_395,IPC_324,{'type': 'MATCHES'}
Q_395,IPC_325,{'type': 'MATCHES'}
Q_395,IPC_326,{'type': 'MATCHES'}
Q_395,IPC_337,{'type': 'MATCHES'}
Q_395,IPC_338,{'type': 'MATCHES'}
Q_395,IPC_350,{'type': 'MATCHES'}
Q_395,CRPC_320,{'type': 'MATCHES'}
Q_396,fir,{'type': 'RELATES_TO'}
Q_396,CRPC_154,{'type': 'MATCHES'}
Q_396,CRPC_156,{'type': 'MATCHES'}
Q_396,CRPC_200,{'type': 'MATCHES'}
Q_396,CRPC_210,{'type': 'MATCHES'}
Q_396,CRPC_302,{'type': 'MATCHES'}
Q_396,CRPC_482,{'type': 'MATCHES'}
Q_396,CPC_24,{'type': 'MATCHES'}
Q_397,fir,{'type': 'RELATES_TO'}
Q_397,assault,{'type': 'RELATES_TO'}
Q_397,CRPC_154,{'type': 'MATCHES'}
Q_397,CRPC_156,{'type': 'MATCHES'}
Q_397,CRPC_200,{'type': 'MATCHES'}
Q_397,CRPC_210,{'type': 'MATCHES'}
Q_397,CRPC_302,{'type': 'MATCHES'}
Q_397,CRPC_482,{'type': 'MATCHES'}
Q_397,CPC_24,{'type': 'MATCHES'}
Q_397,IPC_320,{'type': 'MATCHES'}
Q_397,IPC_323,{'type': 'MATCHES'}
Q_397,IPC_324,{'type': 'MATCHES'}
Q_397,IPC_325,{'type': 'MATCHES'}
Q_397,IPC_326,{'type': 'MATCHES'}
Q_397,IPC_337,{'type': 'MATCHES'}
Q_397,IPC_338,{'type': 'MATCHES'}
Q_397,IPC_350,{'type': 'MATCHES'}
Q_397,CRPC_320,{'type': 'MATCHES'}
Q_401,cheating,{'type': 'RELATES_TO'}
Q_401,arrest,{'type': 'RELATES_TO'}
Q_401,IPC_415,{'type': 'MATCHES'}
Q_401,IPC_417,{'type': 'MATCHES'}
Q_401,IPC_419,{'type': 'MATCHES'}
Q_401,IPC_420,{'type': 'MATCHES'}
Q_401,CRPC_320,{'type': 'MATCHES'}
Q_401,ICA_73,{'type': 'MATCHES'}
Q_401,ICA_74,{'type': 'MATCHES'}
Q_401,ICA_75,{'type': 'MATCHES'}
Q_401,CRPC_41,{'type': 'MATCHES'}
Q_401,CRPC_73,{'type': 'MATCHES'}
Q_401,CRPC_160,{'type': 'MATCHES'}
Q_401,CRPC_167,{'type': 'MATCHES'}
Q_401,IEA_27,{'type': 'MATCHES'}
Q_402,fir,{'type': 'RELATES_TO'}
Q_402,bail,{'type': 'RELATES_TO'}
Q_402,arrest,{'type': 'RELATES_TO'}
Q_402,CRPC_154,{'type': 'MATCHES'}
Q_402,CRPC_156,{'type': 'MATCHES'}
Q_402,CRPC_200,{'type': 'MATCHES'}
Q_402,CRPC_210,{'type': 'MATCHES'}
Q_402,CRPC_302,{'type': 'MATCHES'}
Q_402,CRPC_482,{'type': 'MATCHES'}
Q_402,CPC_24,{'type': 'MATCHES'}
Q_402,CRPC_167,{'type': 'MATCHES'}
Q_402,CRPC_397,{'type': 'MATCHES'}
Q_402,CRPC_439,{'type': 'MATCHES'}
Q_402,CRPC_41,{'type': 'MATCHES'}
Q_402,CRPC_73,{'type': 'MATCHES'}
Q_402,CRPC_160,{'type': 'MATCHES'}
Q_402,IEA_27,{'type': 'MATCHES'}
Q_403,fir,{'type': 'RELATES_TO'}
Q_403,CRPC_154,{'type': 'MATCHES'}
Q_403,CRPC_156,{'type': 'MATCHES'}
Q_403,CRPC_200,{'type': 'MATCHES'}
Q_403,CRPC_210,{'type': 'MATCHES'}
Q_403,CRPC_302,{'type': 'MATCHES'}
Q_403,CRPC_482,{'type': 'MATCHES'}
Q_403,CPC_24,{'type': 'MATCHES'}
Q_405,criminal_intimidation,{'type': 'RELATES_TO'}
Q_405,cheating,{'type': 'RELATES_TO'}
Q_405,IPC_503,{'type': 'MATCHES'}
Q_405,IPC_504,{'type': 'MATCHES'}
Q_405,IPC_506,{'type': 'MATCHES'}
Q_405,IPC_415,{'type': 'MATCHES'}
Q_405,IPC_417,{'type': 'MATCHES'}
Q_405,IPC_419,{'type': 'MATCHES'}
Q_405,IPC_420,{'type': 'MATCHES'}
Q_405,CRPC_320,{'type': 'MATCHES'}
Q_405,ICA_73,{'type': 'MATCHES'}
Q_405,ICA_74,{'type': 'MATCHES'}
Q_405,ICA_75,{'type': 'MATCHES'}
Q_406,fir,{'type': 'RELATES_TO'}
Q_406,anticipatory_bail,{'type': 'RELATES_TO'}
Q_406,CRPC_154,{'type': 'MATCHES'}
Q_406,CRPC_156,{'type': 'MATCHES'}
Q_406,CRPC_200,{'type': 'MATCHES'}
Q_406,CRPC_210,{'type': 'MATCHES'}
Q_406,CRPC_302,{'type': 'MATCHES'}
Q_406,CRPC_482,{'type': 'MATCHES'}
Q_406,CPC_24,{'type': 'MATCHES'}
Q_406,CRPC_438,{'type': 'MATCHES'}
Q_407,assault,{'type': 'RELATES_TO'}
Q_407,IPC_320,{'type': 'MATCHES'}
Q_407,IPC_323,{'type': 'MATCHES'}
Q_407,IPC_324,{'type': 'MATCHES'}
Q_407,IPC_325,{'type': 'MATCHES'}
Q_407,IPC_326,{'type': 'MATCHES'}
Q_407,IPC_337,{'type': 'MATCHES'}
Q_407,IPC_338,{'type': 'MATCHES'}
Q_407,IPC_350,{'type': 'MATCHES'}
Q_407,CRPC_320,{'type': 'MATCHES'}
Q_408,fir,{'type': 'RELATES_TO'}
Q_408,charge_sheet,{'type': 'RELATES_TO'}
Q_408,arrest,{'type': 'RELATES_TO'}
Q_408,CRPC_154,{'type': 'MATCHES'}
Q_408,CRPC_156,{'type': 'MATCHES'}
Q_408,CRPC_200,{'type': 'MATCHES'}
Q_408,CRPC_210,{'type': 'MATCHES'}
Q_408,CRPC_302,{'type': 'MATCHES'}
Q_408,CRPC_482,{'type': 'MATCHES'}
Q_408,CPC_24,{'type': 'MATCHES'}
Q_408,CRPC_173,{'type': 'MATCHES'}
Q_408,CRPC_205,{'type': 'MATCHES'}
Q_408,CRPC_216,{'type': 'MATCHES'}
Q_408,CRPC_227,{'type': 'MATCHES'}
Q_408,CRPC_239,{'type': 'MATCHES'}
Q_408,CRPC_317,{'type': 'MATCHES'}
Q_408,CRPC_41,{'type': 'MATCHES'}
Q_408,CRPC_73,{'type': 'MATCHES'}
Q_408,CRPC_160,{'type': 'MATCHES'}
Q_408,CRPC_167,{'type': 'MATCHES'}
Q_408,IEA_27,{'type': 'MATCHES'}
Q_410,maintenance,{'type': 'RELATES_TO'}
Q_410,theft,{'type': 'RELATES_TO'}
Q_410,CRPC_125,{'type': 'MATCHES'}
Q_410,HMA_9,{'type': 'MATCHES'}
Q_410,IPC_378,{'type': 'MATCHES'}
Q_410,IPC_379,{'type': 'MATCHES'}
Q_410,IPC_411,{'type': 'MATCHES'}
Q_410,CRPC_451,{'type': 'MATCHES'}
Q_410,CRPC_457,{'type': 'MATCHES'}
Q_412,fir,{'type': 'RELATES_TO'}
Q_412,CRPC_154,{'type': 'MATCHES'}
Q_412,CRPC_156,{'type': 'MATCHES'}
Q_412,CRPC_200,{'type': 'MATCHES'}
Q_412,CRPC_210,{'type': 'MATCHES'}
Q_412,CRPC_302,{'type': 'MATCHES'}
Q_412,CRPC_482,{'type': 'MATCHES'}
Q_412,CPC_24,{'type': 'MATCHES'}
Q_414,murder,{'type': 'RELATES_TO'}
Q_414,cheating,{'type': 'RELATES_TO'}
Q_414,rape,{'type': 'RELATES_TO'}
Q_414,IPC_302,{'type': 'MATCHES'}
Q_414,IPC_307,{'type': 'MATCHES'}
Q_414,IPC_308,{'type': 'MATCHES'}
Q_414,IPC_309,{'type': 'MATCHES'}
Q_414,IPC_415,{'type': 'MATCHES'}
Q_414,IPC_417,{'type': 'MATCHES'}
Q_414,IPC_419,{'type': 'MATCHES'}
Q_414,IPC_420,{'type': 'MATCHES'}
Q_414,CRPC_320,{'type': 'MATCHES'}
Q_414,ICA_73,{'type': 'MATCHES'}
Q_414,ICA_74,{'type': 'MATCHES'}
Q_414,ICA_75,{'type': 'MATCHES'}
Q_414,IPC_375,{'type': 'MATCHES'}
Q_414,IPC_376,{'type': 'MATCHES'}
Q_414,IEA_45,{'type': 'MATCHES'}
Q_415,fir,{'type': 'RELATES_TO'}
Q_415,criminal_intimidation,{'type': 'RELATES_TO'}
Q_415,bail,{'type': 'RELATES_TO'}
Q_415,assault,{'type': 'RELATES_TO'}
Q_415,CRPC_154,{'type': 'MATCHES'}
Q_415,CRPC_156,{'type': 'MATCHES'}
Q_415,CRPC_200,{'type': 'MATCHES'}
Q_415,CRPC_210,{'type': 'MATCHES'}
Q_415,CRPC_302,{'type': 'MATCHES'}
Q_415,CRPC_482,{'type': 'MATCHES'}
Q_415,CPC_24,{'type': 'MATCHES'}
Q_415,IPC_503,{'type': 'MATCHES'}
Q_415,IPC_504,{'type': 'MATCHES'}
Q_415,IPC_506,{'type': 'MATCHES'}
Q_415,CRPC_167,{'type': 'MATCHES'}
Q_415,CRPC_397,{'type': 'MATCHES'}
Q_415,CRPC_439,{'type': 'MATCHES'}
Q_415,IPC_320,{'type': 'MATCHES'}
Q_415,IPC_323,{'type': 'MATCHES'}
Q_415,IPC_324,{'type': 'MATCHES'}
Q_415,IPC_325,{'type': 'MATCHES'}
Q_415,IPC_326,{'type': 'MATCHES'}
Q_415,IPC_337,{'type': 'MATCHES'}
Q_415,IPC_338,{'type': 'MATCHES'}
Q_415,IPC_350,{'type': 'MATCHES'}
Q_415,CRPC_320,{'type': 'MATCHES'}
Q_416,criminal_intimidation,{'type': 'RELATES_TO'}
Q_416,defamation,{'type': 'RELATES_TO'}
Q_416,sc_st_atrocity,{'type': 'RELATES_TO'}
Q_416,IPC_503,{'type': 'MATCHES'}
Q_416,IPC_504,{'type': 'MATCHES'}
Q_416,IPC_506,{'type': 'MATCHES'}
Q_416,IPC_499,{'type': 'MATCHES'}
Q_416,IPC_500,{'type': 'MATCHES'}
Q_416,SCST_3,{'type': 'MATCHES'}
Q_416,SCST_7,{'type': 'MATCHES'}
Q_418,fir,{'type': 'RELATES_TO'}
Q_418,arrest,{'type': 'RELATES_TO'}
Q_418,anticipatory_bail,{'type': 'RELATES_TO'}
Q_418,CRPC_154,{'type': 'MATCHES'}
Q_418,CRPC_156,{'type': 'MATCHES'}
Q_418,CRPC_200,{'type': 'MATCHES'}
Q_418,CRPC_210,{'type': 'MATCHES'}
Q_418,CRPC_302,{'type': 'MATCHES'}
Q_418,CRPC_482,{'type': 'MATCHES'}
Q_418,CPC_24,{'type': 'MATCHES'}
Q_418,CRPC_41,{'type': 'MATCHES'}
Q_418,CRPC_73,{'type': 'MATCHES'}
Q_418,CRPC_160,{'type': 'MATCHES'}
Q_418,CRPC_167,{'type': 'MATCHES'}
Q_418,IEA_27,{'type': 'MATCHES'}
Q_418,CRPC_438,{'type': 'MATCHES'}
Q_419,fir,{'type': 'RELATES_TO'}
Q_419,cheating,{'type': 'RELATES_TO'}
Q_419,bail,{'type': 'RELATES_TO'}
Q_419,CRPC_154,{'type': 'MATCHES'}
Q_419,CRPC_156,{'type': 'MATCHES'}
Q_419,CRPC_200,{'type': 'MATCHES'}
Q_419,CRPC_210,{'type': 'MATCHES'}
Q_419,CRPC_302,{'type': 'MATCHES'}
Q_419,CRPC_482,{'type': 'MATCHES'}
Q_419,CPC_24,{'type': 'MATCHES'}
Q_419,IPC_415,{'type': 'MATCHES'}
Q_419,IPC_417,{'type': 'MATCHES'}
Q_419,IPC_419,{'type': 'MATCHES'}
Q_419,IPC_420,{'type': 'MATCHES'}
Q_419,CRPC_320,{'type': 'MATCHES'}
Q_419,ICA_73,{'type': 'MATCHES'}
Q_419,ICA_74,{'type': 'MATCHES'}
Q_419,ICA_75,{'type': 'MATCHES'}
Q_419,CRPC_167,{'type': 'MATCHES'}
Q_419,CRPC_397,{'type': 'MATCHES'}
Q_419,CRPC_439,{'type': 'MATCHES'}
Q_420,fir,{'type': 'RELATES_TO'}
Q_420,theft,{'type': 'RELATES_TO'}
Q_420,CRPC_154,{'type': 'MATCHES'}
Q_420,CRPC_156,{'type': 'MATCHES'}
Q_420,CRPC_200,{'type': 'MATCHES'}
Q_420,CRPC_210,{'type': 'MATCHES'}
Q_420,CRPC_302,{'type': 'MATCHES'}
Q_420,CRPC_482,{'type': 'MATCHES'}
Q_420,CPC_24,{'type': 'MATCHES'}
Q_420,IPC_378,{'type': 'MATCHES'}
Q_420,IPC_379,{'type': 'MATCHES'}
Q_420,IPC_411,{'type': 'MATCHES'}
Q_420,CRPC_451,{'type': 'MATCHES'}
Q_420,CRPC_457,{'type': 'MATCHES'}
Q_421,fir,{'type': 'RELATES_TO'}
Q_421,CRPC_154,{'type': 'MATCHES'}
Q_421,CRPC_156,{'type': 'MATCHES'}
Q_421,CRPC_200,{'type': 'MATCHES'}
Q_421,CRPC_210,{'type': 'MATCHES'}
Q_421,CRPC_302,{'type': 'MATCHES'}
Q_421,CRPC_482,{'type': 'MATCHES'}
Q_421,CPC_24,{'type': 'MATCHES'}
Q_422,arrest,{'type': 'RELATES_TO'}
Q_422,CRPC_41,{'type': 'MATCHES'}
Q_422,CRPC_73,{'type': 'MATCHES'}
Q_422,CRPC_160,{'type': 'MATCHES'}
Q_422,CRPC_167,{'type': 'MATCHES'}
Q_422,IEA_27,{'type': 'MATCHES'}
Q_423,bail,{'type': 'RELATES_TO'}
Q_423,anticipatory_bail,{'type': 'RELATES_TO'}
Q_423,CRPC_167,{'type': 'MATCHES'}
Q_423,CRPC_397,{'type': 'MATCHES'}
Q_423,CRPC_439,{'type': 'MATCHES'}
Q_423,CRPC_482,{'type': 'MATCHES'}
Q_423,CRPC_438,{'type': 'MATCHES'}
Q_424,fir,{'type': 'RELATES_TO'}
Q_424,CRPC_154,{'type': 'MATCHES'}
Q_424,CRPC_156,{'type': 'MATCHES'}
Q_424,CRPC_200,{'type': 'MATCHES'}
Q_424,CRPC_210,{'type': 'MATCHES'}
Q_424,CRPC_302,{'type': 'MATCHES'}
Q_424,CRPC_482,{'type': 'MATCHES'}
Q_424,CPC_24,{'type': 'MATCHES'}
Q_426,domestic_violence,{'type': 'RELATES_TO'}
Q_426,maintenance,{'type': 'RELATES_TO'}
Q_426,CRPC_125,{'type': 'MATCHES'}
Q_426,HMA_9,{'type': 'MATCHES'}
Q_427,fir,{'type': 'RELATES_TO'}
Q_427,cheating,{'type': 'RELATES_TO'}
Q_427,CRPC_154,{'type': 'MATCHES'}
Q_427,CRPC_156,{'type': 'MATCHES'}
Q_427,CRPC_200,{'type': 'MATCHES'}
Q_427,CRPC_210,{'type': 'MATCHES'}
Q_427,CRPC_302,{'type': 'MATCHES'}
Q_427,CRPC_482,{'type': 'MATCHES'}
Q_427,CPC_24,{'type': 'MATCHES'}
Q_427,IPC_415,{'type': 'MATCHES'}
Q_427,IPC_417,{'type': 'MATCHES'}
Q_427,IPC_419,{'type': 'MATCHES'}
Q_427,IPC_420,{'type': 'MATCHES'}
Q_427,CRPC_320,{'type': 'MATCHES'}
Q_427,ICA_73,{'type': 'MATCHES'}
Q_427,ICA_74,{'type': 'MATCHES'}
Q_427,ICA_75,{'type': 'MATCHES'}
Q_428,fir,{'type': 'RELATES_TO'}
Q_428,CRPC_154,{'type': 'MATCHES'}
Q_428,CRPC_156,{'type': 'MATCHES'}
Q_428,CRPC_200,{'type': 'MATCHES'}
Q_428,CRPC_210,{'type': 'MATCHES'}
Q_428,CRPC_302,{'type': 'MATCHES'}
Q_428,CRPC_482,{'type': 'MATCHES'}
Q_428,CPC_24,{'type': 'MATCHES'}
Q_429,charge_sheet,{'type': 'RELATES_TO'}
Q_429,fir,{'type': 'RELATES_TO'}
Q_429,CRPC_173,{'type': 'MATCHES'}
Q_429,CRPC_205,{'type': 'MATCHES'}
Q_429,CRPC_210,{'type': 'MATCHES'}
Q_429,CRPC_216,{'type': 'MATCHES'}
Q_429,CRPC_227,{'type': 'MATCHES'}
Q_429,CRPC_239,{'type': 'MATCHES'}
Q_429,CRPC_317,{'type': 'MATCHES'}
Q_429,CRPC_154,{'type': 'MATCHES'}
Q_429,CRPC_156,{'type': 'MATCHES'}
Q_429,CRPC_200,{'type': 'MATCHES'}
Q_429,CRPC_302,{'type': 'MATCHES'}
Q_429,CRPC_482,{'type': 'MATCHES'}
Q_429,CPC_24,{'type': 'MATCHES'}
Q_430,cheating,{'type': 'RELATES_TO'}
Q_430,IPC_415,{'type': 'MATCHES'}
Q_430,IPC_417,{'type': 'MATCHES'}
Q_430,IPC_419,{'type': 'MATCHES'}
Q_430,IPC_420,{'type': 'MATCHES'}
Q_430,CRPC_320,{'type': 'MATCHES'}
Q_430,ICA_73,{'type': 'MATCHES'}
Q_430,ICA_74,{'type': 'MATCHES'}
Q_430,ICA_75,{'type': 'MATCHES'}
Q_431,bail,{'type': 'RELATES_TO'}
Q_431,arrest,{'type': 'RELATES_TO'}
Q_431,anticipatory_bail,{'type': 'RELATES_TO'}
Q_431,CRPC_167,{'type': 'MATCHES'}
Q_431,CRPC_397,{'type': 'MATCHES'}
Q_431,CRPC_439,{'type': 'MATCHES'}
Q_431,CRPC_482,{'type': 'MATCHES'}
Q_431,CRPC_41,{'type': 'MATCHES'}
Q_431,CRPC_73,{'type': 'MATCHES'}
Q_431,CRPC_160,{'type': 'MATCHES'}
Q_431,IEA_27,{'type': 'MATCHES'}
Q_431,CRPC_438,{'type': 'MATCHES'}
Q_432,murder,{'type': 'RELATES_TO'}
Q_432,IPC_302,{'type': 'MATCHES'}
Q_432,IPC_307,{'type': 'MATCHES'}
Q_432,IPC_308,{'type': 'MATCHES'}
Q_432,IPC_309,{'type': 'MATCHES'}
Q_434,fir,{'type': 'RELATES_TO'}
Q_434,rape,{'type': 'RELATES_TO'}
Q_434,theft,{'type': 'RELATES_TO'}
Q_434,CRPC_154,{'type': 'MATCHES'}
Q_434,CRPC_156,{'type': 'MATCHES'}
Q_434,CRPC_200,{'type': 'MATCHES'}
Q_434,CRPC_210,{'type': 'MATCHES'}
Q_434,CRPC_302,{'type': 'MATCHES'}
Q_434,CRPC_482,{'type': 'MATCHES'}
Q_434,CPC_24,{'type': 'MATCHES'}
Q_434,IPC_375,{'type': 'MATCHES'}
Q_434,IPC_376,{'type': 'MATCHES'}
Q_434,IEA_45,{'type': 'MATCHES'}
Q_434,IPC_378,{'type': 'MATCHES'}
Q_434,IPC_379,{'type': 'MATCHES'}
Q_434,IPC_411,{'type': 'MATCHES'}
Q_434,CRPC_451,{'type': 'MATCHES'}
Q_434,CRPC_457,{'type': 'MATCHES'}
Q_436,fir,{'type': 'RELATES_TO'}
Q_436,CRPC_154,{'type': 'MATCHES'}
Q_436,CRPC_156,{'type': 'MATCHES'}
Q_436,CRPC_200,{'type': 'MATCHES'}
Q_436,CRPC_210,{'type': 'MATCHES'}
Q_436,CRPC_302,{'type': 'MATCHES'}
Q_436,CRPC_482,{'type': 'MATCHES'}
Q_436,CPC_24,{'type': 'MATCHES'}
Q_437,theft,{'type': 'RELATES_TO'}
Q_437,IPC_378,{'type': 'MATCHES'}
Q_437,IPC_379,{'type': 'MATCHES'}
Q_437,IPC_411,{'type': 'MATCHES'}
Q_437,CRPC_451,{'type': 'MATCHES'}
Q_437,CRPC_457,{'type': 'MATCHES'}
Q_438,charge_sheet,{'type': 'RELATES_TO'}
Q_438,fir,{'type': 'RELATES_TO'}
Q_438,anticipatory_bail,{'type': 'RELATES_TO'}
Q_438,CRPC_173,{'type': 'MATCHES'}
Q_438,CRPC_205,{'type': 'MATCHES'}
Q_438,CRPC_210,{'type': 'MATCHES'}
Q_438,CRPC_216,{'type': 'MATCHES'}
Q_438,CRPC_227,{'type': 'MATCHES'}
Q_438,CRPC_239,{'type': 'MATCHES'}
Q_438,CRPC_317,{'type': 'MATCHES'}
Q_438,CRPC_154,{'type': 'MATCHES'}
Q_438,CRPC_156,{'type': 'MATCHES'}
Q_438,CRPC_200,{'type': 'MATCHES'}
Q_438,CRPC_302,{'type': 'MATCHES'}
Q_438,CRPC_482,{'type': 'MATCHES'}
Q_438,CPC_24,{'type': 'MATCHES'}
Q_438,CRPC_438,{'type': 'MATCHES'}
Q_440,fir,{'type': 'RELATES_TO'}
Q_440,bail,{'type': 'RELATES_TO'}
Q_440,anticipatory_bail,{'type': 'RELATES_TO'}
Q_440,CRPC_154,{'type': 'MATCHES'}
Q_440,CRPC_156,{'type': 'MATCHES'}
Q_440,CRPC_200,{'type': 'MATCHES'}
Q_440,CRPC_210,{'type': 'MATCHES'}
Q_440,CRPC_302,{'type': 'MATCHES'}
Q_440,CRPC_482,{'type': 'MATCHES'}
Q_440,CPC_24,{'type': 'MATCHES'}
Q_440,CRPC_167,{'type': 'MATCHES'}
Q_440,CRPC_397,{'type': 'MATCHES'}
Q_440,CRPC_439,{'type': 'MATCHES'}
Q_440,CRPC_438,{'type': 'MATCHES'}
Q_441,forgery,{'type': 'RELATES_TO'}
Q_441,IPC_465,{'type': 'MATCHES'}
Q_441,IPC_467,{'type': 'MATCHES'}
Q_441,IPC_468,{'type': 'MATCHES'}
Q_441,IPC_471,{'type': 'MATCHES'}
Q_441,IEA_45,{'type': 'MATCHES'}
Q_441,RA_82,{'type': 'MATCHES'}
Q_441,RA_83,{'type': 'MATCHES'}
Q_442,cheating,{'type': 'RELATES_TO'}
Q_442,IPC_415,{'type': 'MATCHES'}
Q_442,IPC_417,{'type': 'MATCHES'}
Q_442,IPC_419,{'type': 'MATCHES'}
Q_442,IPC_420,{'type': 'MATCHES'}
Q_442,CRPC_320,{'type': 'MATCHES'}
Q_442,ICA_73,{'type': 'MATCHES'}
Q_442,ICA_74,{'type': 'MATCHES'}
Q_442,ICA_75,{'type': 'MATCHES'}
Q_443,public_nuisance,{'type': 'RELATES_TO'}
Q_443,maintenance,{'type': 'RELATES_TO'}
Q_443,IPC_268,{'type': 'MATCHES'}
Q_443,IPC_290,{'type': 'MATCHES'}
Q_443,CRPC_107,{'type': 'MATCHES'}
Q_443,CRPC_116,{'type': 'MATCHES'}
Q_443,CRPC_133,{'type': 'MATCHES'}
Q_443,CRPC_144,{'type': 'MATCHES'}
Q_443,CRPC_125,{'type': 'MATCHES'}
Q_443,HMA_9,{'type': 'MATCHES'}
Q_444,bigamy,{'type': 'RELATES_TO'}
Q_444,criminal_intimidation,{'type': 'RELATES_TO'}
Q_444,IPC_494,{'type': 'MATCHES'}
Q_444,IPC_503,{'type': 'MATCHES'}
Q_444,IPC_504,{'type': 'MATCHES'}
Q_444,IPC_506,{'type': 'MATCHES'}
Q_445,bail,{'type': 'RELATES_TO'}
Q_445,anticipatory_bail,{'type': 'RELATES_TO'}
Q_445,CRPC_167,{'type': 'MATCHES'}
Q_445,CRPC_397,{'type': 'MATCHES'}
Q_445,CRPC_439,{'type': 'MATCHES'}
Q_445,CRPC_482,{'type': 'MATCHES'}
Q_445,CRPC_438,{'type': 'MATCHES'}
Q_446,fir,{'type': 'RELATES_TO'}
Q_446,CRPC_154,{'type': 'MATCHES'}
Q_446,CRPC_156,{'type': 'MATCHES'}
Q_446,CRPC_200,{'type': 'MATCHES'}
Q_446,CRPC_210,{'type': 'MATCHES'}
Q_446,CRPC_302,{'type': 'MATCHES'}
Q_446,CRPC_482,{'type': 'MATCHES'}
Q_446,CPC_24,{'type': 'MATCHES'}
Q_447,bail,{'type': 'RELATES_TO'}
Q_447,CRPC_167,{'type': 'MATCHES'}
Q_447,CRPC_397,{'type': 'MATCHES'}
Q_447,CRPC_439,{'type': 'MATCHES'}
Q_447,CRPC_482,{'type': 'MATCHES'}
Q_450,fir,{'type': 'RELATES_TO'}
Q_450,CRPC_154,{'type': 'MATCHES'}
Q_450,CRPC_156,{'type': 'MATCHES'}
Q_450,CRPC_200,{'type': 'MATCHES'}
Q_450,CRPC_210,{'type': 'MATCHES'}
Q_450,CRPC_302,{'type': 'MATCHES'}
Q_450,CRPC_482,{'type': 'MATCHES'}
Q_450,CPC_24,{'type': 'MATCHES'}
Q_451,fir,{'type': 'RELATES_TO'}
Q_451,criminal_intimidation,{'type': 'RELATES_TO'}
Q_451,cheating,{'type': 'RELATES_TO'}
Q_451,CRPC_154,{'type': 'MATCHES'}
Q_451,CRPC_156,{'type': 'MATCHES'}
Q_451,CRPC_200,{'type': 'MATCHES'}
Q_451,CRPC_210,{'type': 'MATCHES'}
Q_451,CRPC_302,{'type': 'MATCHES'}
Q_451,CRPC_482,{'type': 'MATCHES'}
Q_451,CPC_24,{'type': 'MATCHES'}
Q_451,IPC_503,{'type': 'MATCHES'}
Q_451,IPC_504,{'type': 'MATCHES'}
Q_451,IPC_506,{'type': 'MATCHES'}
Q_451,IPC_415,{'type': 'MATCHES'}
Q_451,IPC_417,{'type': 'MATCHES'}
Q_451,IPC_419,{'type': 'MATCHES'}
Q_451,IPC_420,{'type': 'MATCHES'}
Q_451,CRPC_320,{'type': 'MATCHES'}
Q_451,ICA_73,{'type': 'MATCHES'}
Q_451,ICA_74,{'type': 'MATCHES'}
Q_451,ICA_75,{'type': 'MATCHES'}
Q_453,fir,{'type': 'RELATES_TO'}
Q_453,charge_sheet,{'type': 'RELATES_TO'}
Q_453,bail,{'type': 'RELATES_TO'}
Q_453,CRPC_154,{'type': 'MATCHES'}
Q_453,CRPC_156,{'type': 'MATCHES'}
Q_453,CRPC_200,{'type': 'MATCHES'}
Q_453,CRPC_210,{'type': 'MATCHES'}
Q_453,CRPC_302,{'type': 'MATCHES'}
Q_453,CRPC_482,{'type': 'MATCHES'}
Q_453,CPC_24,{'type': 'MATCHES'}
Q_453,CRPC_173,{'type': 'MATCHES'}
Q_453,CRPC_205,{'type': 'MATCHES'}
Q_453,CRPC_216,{'type': 'MATCHES'}
Q_453,CRPC_227,{'type': 'MATCHES'}
Q_453,CRPC_239,{'type': 'MATCHES'}
Q_453,CRPC_317,{'type': 'MATCHES'}
Q_453,CRPC_167,{'type': 'MATCHES'}
Q_453,CRPC_397,{'type': 'MATCHES'}
Q_453,CRPC_439,{'type': 'MATCHES'}
Q_454,anticipatory_bail,{'type': 'RELATES_TO'}
Q_454,CRPC_438,{'type': 'MATCHES'}
Q_455,bail,{'type': 'RELATES_TO'}
Q_455,CRPC_167,{'type': 'MATCHES'}
Q_455,CRPC_397,{'type': 'MATCHES'}
Q_455,CRPC_439,{'type': 'MATCHES'}
Q_455,CRPC_482,{'type': 'MATCHES'}
Q_457,sexual_harassment,{'type': 'RELATES_TO'}
Q_457,IPC_354,{'type': 'MATCHES'}
Q_457,IPC_354A,{'type': 'MATCHES'}
Q_457,IPC_354B,{'type': 'MATCHES'}
Q_457,IPC_509,{'type': 'MATCHES'}
Q_458,charge_sheet,{'type': 'RELATES_TO'}
Q_458,fir,{'type': 'RELATES_TO'}
Q_458,CRPC_173,{'type': 'MATCHES'}
Q_458,CRPC_205,{'type': 'MATCHES'}
Q_458,CRPC_210,{'type': 'MATCHES'}
Q_458,CRPC_216,{'type': 'MATCHES'}
Q_458,CRPC_227,{'type': 'MATCHES'}
Q_458,CRPC_239,{'type': 'MATCHES'}
Q_458,CRPC_317,{'type': 'MATCHES'}
Q_458,CRPC_154,{'type': 'MATCHES'}
Q_458,CRPC_156,{'type': 'MATCHES'}
Q_458,CRPC_200,{'type': 'MATCHES'}
Q_458,CRPC_302,{'type': 'MATCHES'}
Q_458,CRPC_482,{'type': 'MATCHES'}
Q_458,CPC_24,{'type': 'MATCHES'}
Q_462,fir,{'type': 'RELATES_TO'}
Q_462,bail,{'type': 'RELATES_TO'}
Q_462,CRPC_154,{'type': 'MATCHES'}
Q_462,CRPC_156,{'type': 'MATCHES'}
Q_462,CRPC_200,{'type': 'MATCHES'}
Q_462,CRPC_210,{'type': 'MATCHES'}
Q_462,CRPC_302,{'type': 'MATCHES'}
Q_462,CRPC_482,{'type': 'MATCHES'}
Q_462,CPC_24,{'type': 'MATCHES'}
Q_462,CRPC_167,{'type': 'MATCHES'}
Q_462,CRPC_397,{'type': 'MATCHES'}
Q_462,CRPC_439,{'type': 'MATCHES'}
Q_467,arrest,{'type': 'RELATES_TO'}
Q_467,CRPC_41,{'type': 'MATCHES'}
Q_467,CRPC_73,{'type': 'MATCHES'}
Q_467,CRPC_160,{'type': 'MATCHES'}
Q_467,CRPC_167,{'type': 'MATCHES'}
Q_467,IEA_27,{'type': 'MATCHES'}
Q_471,fir,{'type': 'RELATES_TO'}
Q_471,CRPC_154,{'type': 'MATCHES'}
Q_471,CRPC_156,{'type': 'MATCHES'}
Q_471,CRPC_200,{'type': 'MATCHES'}
Q_471,CRPC_210,{'type': 'MATCHES'}
Q_471,CRPC_302,{'type': 'MATCHES'}
Q_471,CRPC_482,{'type': 'MATCHES'}
Q_471,CPC_24,{'type': 'MATCHES'}
Q_474,defamation,{'type': 'RELATES_TO'}
Q_474,IPC_499,{'type': 'MATCHES'}
Q_474,IPC_500,{'type': 'MATCHES'}
Q_476,arrest,{'type': 'RELATES_TO'}
Q_476,CRPC_41,{'type': 'MATCHES'}
Q_476,CRPC_73,{'type': 'MATCHES'}
Q_476,CRPC_160,{'type': 'MATCHES'}
Q_476,CRPC_167,{'type': 'MATCHES'}
Q_476,IEA_27,{'type': 'MATCHES'}
Q_477,sexual_harassment,{'type': 'RELATES_TO'}
Q_477,IPC_354,{'type': 'MATCHES'}
Q_477,IPC_354A,{'type': 'MATCHES'}
Q_477,IPC_354B,{'type': 'MATCHES'}
Q_477,IPC_509,{'type': 'MATCHES'}
Q_478,fir,{'type': 'RELATES_TO'}
Q_478,CRPC_154,{'type': 'MATCHES'}
Q_478,CRPC_156,{'type': 'MATCHES'}
Q_478,CRPC_200,{'type': 'MATCHES'}
Q_478,CRPC_210,{'type': 'MATCHES'}
Q_478,CRPC_302,{'type': 'MATCHES'}
Q_478,CRPC_482,{'type': 'MATCHES'}
Q_478,CPC_24,{'type': 'MATCHES'}
Q_479,perjury,{'type': 'RELATES_TO'}
Q_479,IPC_182,{'type': 'MATCHES'}
Q_479,IPC_191,{'type': 'MATCHES'}
Q_479,IPC_192,{'type': 'MATCHES'}
Q_479,IPC_193,{'type': 'MATCHES'}
Q_479,IPC_194,{'type': 'MATCHES'}
Q_479,IPC_195,{'type': 'MATCHES'}
Q_479,IPC_199,{'type': 'MATCHES'}
Q_479,IPC_200,{'type': 'MATCHES'}
Q_479,IPC_205,{'type': 'MATCHES'}
Q_479,IPC_228,{'type': 'MATCHES'}
Q_479,CRPC_195,{'type': 'MATCHES'}
Q_479,CRPC_340,{'type': 'MATCHES'}
Q_484,fir,{'type': 'RELATES_TO'}
Q_484,assault,{'type': 'RELATES_TO'}
Q_484,charge_sheet,{'type': 'RELATES_TO'}
Q_484,CRPC_154,{'type': 'MATCHES'}
Q_484,CRPC_156,{'type': 'MATCHES'}
Q_484,CRPC_200,{'type': 'MATCHES'}
Q_484,CRPC_210,{'type': 'MATCHES'}
Q_484,CRPC_302,{'type': 'MATCHES'}
Q_484,CRPC_482,{'type': 'MATCHES'}
Q_484,CPC_24,{'type': 'MATCHES'}
Q_484,IPC_320,{'type': 'MATCHES'}
Q_484,IPC_323,{'type': 'MATCHES'}
Q_484,IPC_324,{'type': 'MATCHES'}
Q_484,IPC_325,{'type': 'MATCHES'}
Q_484,IPC_326,{'type': 'MATCHES'}
Q_484,IPC_337,{'type': 'MATCHES'}
Q_484,IPC_338,{'type': 'MATCHES'}
Q_484,IPC_350,{'type': 'MATCHES'}
Q_484,CRPC_320,{'type': 'MATCHES'}
Q_484,CRPC_173,{'type': 'MATCHES'}
Q_484,CRPC_205,{'type': 'MATCHES'}
Q_484,CRPC_216,{'type': 'MATCHES'}
Q_484,CRPC_227,{'type': 'MATCHES'}
Q_484,CRPC_239,{'type': 'MATCHES'}
Q_484,CRPC_317,{'type': 'MATCHES'}
Q_485,arrest,{'type': 'RELATES_TO'}
Q_485,anticipatory_bail,{'type': 'RELATES_TO'}
Q_485,CRPC_41,{'type': 'MATCHES'}
Q_485,CRPC_73,{'type': 'MATCHES'}
Q_485,CRPC_160,{'type': 'MATCHES'}
Q_485,CRPC_167,{'type': 'MATCHES'}
Q_485,IEA_27,{'type': 'MATCHES'}
Q_485,CRPC_438,{'type': 'MATCHES'}
Q_490,fir,{'type': 'RELATES_TO'}
Q_490,criminal_intimidation,{'type': 'RELATES_TO'}
Q_490,CRPC_154,{'type': 'MATCHES'}
Q_490,CRPC_156,{'type': 'MATCHES'}
Q_490,CRPC_200,{'type': 'MATCHES'}
Q_490,CRPC_210,{'type': 'MATCHES'}
Q_490,CRPC_302,{'type': 'MATCHES'}
Q_490,CRPC_482,{'type': 'MATCHES'}
Q_490,CPC_24,{'type': 'MATCHES'}
Q_490,IPC_503,{'type': 'MATCHES'}
Q_490,IPC_504,{'type': 'MATCHES'}
Q_490,IPC_506,{'type': 'MATCHES'}
Q_492,bail,{'type': 'RELATES_TO'}
Q_492,CRPC_167,{'type': 'MATCHES'}
Q_492,CRPC_397,{'type': 'MATCHES'}
Q_492,CRPC_439,{'type': 'MATCHES'}
Q_492,CRPC_482,{'type': 'MATCHES'}
Q_493,maintenance,{'type': 'RELATES_TO'}
Q_493,CRPC_125,{'type': 'MATCHES'}
Q_493,HMA_9,{'type': 'MATCHES'}
Q_496,fir,{'type': 'RELATES_TO'}
Q_496,CRPC_154,{'type': 'MATCHES'}
Q_496,CRPC_156,{'type': 'MATCHES'}
Q_496,CRPC_200,{'type': 'MATCHES'}
Q_496,CRPC_210,{'type': 'MATCHES'}
Q_496,CRPC_302,{'type': 'MATCHES'}
Q_496,CRPC_482,{'type': 'MATCHES'}
Q_496,CPC_24,{'type': 'MATCHES'}
Q_497,defamation,{'type': 'RELATES_TO'}
Q_497,IPC_499,{'type': 'MATCHES'}
Q_497,IPC_500,{'type': 'MATCHES'}
Q_499,bail,{'type': 'RELATES_TO'}
Q_499,CRPC_167,{'type': 'MATCHES'}
Q_499,CRPC_397,{'type': 'MATCHES'}
Q_499,CRPC_439,{'type': 'MATCHES'}
Q_499,CRPC_482,{'type': 'MATCHES'}
Q_500,corruption,{'type': 'RELATES_TO'}
Q_500,IPC_409,{'type': 'MATCHES'}
Q_500,PCA_7,{'type': 'MATCHES'}
Q_500,PCA_13,{'type': 'MATCHES'}
Q_501,abetment,{'type': 'RELATES_TO'}
Q_501,sexual_harassment,{'type': 'RELATES_TO'}
Q_501,cheating,{'type': 'RELATES_TO'}
Q_501,rape,{'type': 'RELATES_TO'}
Q_501,IPC_107,{'type': 'MATCHES'}
Q_501,IPC_354,{'type': 'MATCHES'}
Q_501,IPC_354A,{'type': 'MATCHES'}
Q_501,IPC_354B,{'type': 'MATCHES'}
Q_501,IPC_509,{'type': 'MATCHES'}
Q_501,IPC_415,{'type': 'MATCHES'}
Q_501,IPC_417,{'type': 'MATCHES'}
Q_501,IPC_419,{'type': 'MATCHES'}
Q_501,IPC_420,{'type': 'MATCHES'}
Q_501,CRPC_320,{'type': 'MATCHES'}
Q_501,ICA_73,{'type': 'MATCHES'}
Q_501,ICA_74,{'type': 'MATCHES'}
Q_501,ICA_75,{'type': 'MATCHES'}
Q_501,IPC_375,{'type': 'MATCHES'}
Q_501,IPC_376,{'type': 'MATCHES'}
Q_501,IEA_45,{'type': 'MATCHES'}
Q_503,assault,{'type': 'RELATES_TO'}
Q_503,IPC_320,{'type': 'MATCHES'}
Q_503,IPC_323,{'type': 'MATCHES'}
Q_503,IPC_324,{'type': 'MATCHES'}
Q_503,IPC_325,{'type': 'MATCHES'}
Q_503,IPC_326,{'type': 'MATCHES'}
Q_503,IPC_337,{'type': 'MATCHES'}
Q_503,IPC_338,{'type': 'MATCHES'}
Q_503,IPC_350,{'type': 'MATCHES'}
Q_503,CRPC_320,{'type': 'MATCHES'}
Q_504,arrest,{'type': 'RELATES_TO'}
Q_504,CRPC_41,{'type': 'MATCHES'}
Q_504,CRPC_73,{'type': 'MATCHES'}
Q_504,CRPC_160,{'type': 'MATCHES'}
Q_504,CRPC_167,{'type': 'MATCHES'}
Q_504,IEA_27,{'type': 'MATCHES'}
Q_505,bail,{'type': 'RELATES_TO'}
Q_505,CRPC_167,{'type': 'MATCHES'}
Q_505,CRPC_397,{'type': 'MATCHES'}
Q_505,CRPC_439,{'type': 'MATCHES'}
Q_505,CRPC_482,{'type': 'MATCHES'}
Q_506,cheating,{'type': 'RELATES_TO'}
Q_506,maintenance,{'type': 'RELATES_TO'}
Q_506,IPC_415,{'type': 'MATCHES'}
Q_506,IPC_417,{'type': 'MATCHES'}
Q_506,IPC_419,{'type': 'MATCHES'}
Q_506,IPC_420,{'type': 'MATCHES'}
Q_506,CRPC_320,{'type': 'MATCHES'}
Q_506,ICA_73,{'type': 'MATCHES'}
Q_506,ICA_74,{'type': 'MATCHES'}
Q_506,ICA_75,{'type': 'MATCHES'}
Q_506,CRPC_125,{'type': 'MATCHES'}
Q_506,HMA_9,{'type': 'MATCHES'}
Q_507,arrest,{'type': 'RELATES_TO'}
Q_507,CRPC_41,{'type': 'MATCHES'}
Q_507,CRPC_73,{'type': 'MATCHES'}
Q_507,CRPC_160,{'type': 'MATCHES'}
Q_507,CRPC_167,{'type': 'MATCHES'}
Q_507,IEA_27,{'type': 'MATCHES'}
Q_508,charge_sheet,{'type': 'RELATES_TO'}
Q_508,bail,{'type': 'RELATES_TO'}
Q_508,arrest,{'type': 'RELATES_TO'}
Q_508,CRPC_173,{'type': 'MATCHES'}
Q_508,CRPC_205,{'type': 'MATCHES'}
Q_508,CRPC_210,{'type': 'MATCHES'}
Q_508,CRPC_216,{'type': 'MATCHES'}
Q_508,CRPC_227,{'type': 'MATCHES'}
Q_508,CRPC_239,{'type': 'MATCHES'}
Q_508,CRPC_317,{'type': 'MATCHES'}
Q_508,CRPC_167,{'type': 'MATCHES'}
Q_508,CRPC_397,{'type': 'MATCHES'}
Q_508,CRPC_439,{'type': 'MATCHES'}
Q_508,CRPC_482,{'type': 'MATCHES'}
Q_508,CRPC_41,{'type': 'MATCHES'}
Q_508,CRPC_73,{'type': 'MATCHES'}
Q_508,CRPC_160,{'type': 'MATCHES'}
Q_508,IEA_27,{'type': 'MATCHES'}
Q_510,anticipatory_bail,{'type': 'RELATES_TO'}
Q_510,CRPC_438,{'type': 'MATCHES'}
Q_512,fir,{'type': 'RELATES_TO'}
Q_512,abetment,{'type': 'RELATES_TO'}
Q_512,CRPC_154,{'type': 'MATCHES'}
Q_512,CRPC_156,{'type': 'MATCHES'}
Q_512,CRPC_200,{'type': 'MATCHES'}
Q_512,CRPC_210,{'type': 'MATCHES'}
Q_512,CRPC_302,{'type': 'MATCHES'}
Q_512,CRPC_482,{'type': 'MATCHES'}
Q_512,CPC_24,{'type': 'MATCHES'}
Q_512,IPC_107,{'type': 'MATCHES'}
Q_513,fir,{'type': 'RELATES_TO'}
Q_513,bail,{'type': 'RELATES_TO'}
Q_513,arrest,{'type': 'RELATES_TO'}
Q_513,anticipatory_bail,{'type': 'RELATES_TO'}
Q_513,sexual_harassment,{'type': 'RELATES_TO'}
Q_513,stalking,{'type': 'RELATES_TO'}
Q_513,CRPC_154,{'type': 'MATCHES'}
Q_513,CRPC_156,{'type': 'MATCHES'}
Q_513,CRPC_200,{'type': 'MATCHES'}
Q_513,CRPC_210,{'type': 'MATCHES'}
Q_513,CRPC_302,{'type': 'MATCHES'}
Q_513,CRPC_482,{'type': 'MATCHES'}
Q_513,CPC_24,{'type': 'MATCHES'}
Q_513,CRPC_167,{'type': 'MATCHES'}
Q_513,CRPC_397,{'type': 'MATCHES'}
Q_513,CRPC_439,{'type': 'MATCHES'}
Q_513,CRPC_41,{'type': 'MATCHES'}
Q_513,CRPC_73,{'type': 'MATCHES'}
Q_513,CRPC_160,{'type': 'MATCHES'}
Q_513,IEA_27,{'type': 'MATCHES'}
Q_513,CRPC_438,{'type': 'MATCHES'}
Q_513,IPC_354,{'type': 'MATCHES'}
Q_513,IPC_354A,{'type': 'MATCHES'}
Q_513,IPC_354B,{'type': 'MATCHES'}
Q_513,IPC_509,{'type': 'MATCHES'}
Q_513,IPC_354D,{'type': 'MATCHES'}
Q_515,fir,{'type': 'RELATES_TO'}
Q_515,bail,{'type': 'RELATES_TO'}
Q_515,arrest,{'type': 'RELATES_TO'}
Q_515,CRPC_154,{'type': 'MATCHES'}
Q_515,CRPC_156,{'type': 'MATCHES'}
Q_515,CRPC_200,{'type': 'MATCHES'}
Q_515,CRPC_210,{'type': 'MATCHES'}
Q_515,CRPC_302,{'type': 'MATCHES'}
Q_515,CRPC_482,{'type': 'MATCHES'}
Q_515,CPC_24,{'type': 'MATCHES'}
Q_515,CRPC_167,{'type': 'MATCHES'}
Q_515,CRPC_397,{'type': 'MATCHES'}
Q_515,CRPC_439,{'type': 'MATCHES'}
Q_515,CRPC_41,{'type': 'MATCHES'}
Q_515,CRPC_73,{'type': 'MATCHES'}
Q_515,CRPC_160,{'type': 'MATCHES'}
Q_515,IEA_27,{'type': 'MATCHES'}
Q_517,fir,{'type': 'RELATES_TO'}
Q_517,assault,{'type': 'RELATES_TO'}
Q_517,criminal_conspiracy,{'type': 'RELATES_TO'}
Q_517,CRPC_154,{'type': 'MATCHES'}
Q_517,CRPC_156,{'type': 'MATCHES'}
Q_517,CRPC_200,{'type': 'MATCHES'}
Q_517,CRPC_210,{'type': 'MATCHES'}
Q_517,CRPC_302,{'type': 'MATCHES'}
Q_517,CRPC_482,{'type': 'MATCHES'}
Q_517,CPC_24,{'type': 'MATCHES'}
Q_517,IPC_320,{'type': 'MATCHES'}
Q_517,IPC_323,{'type': 'MATCHES'}
Q_517,IPC_324,{'type': 'MATCHES'}
Q_517,IPC_325,{'type': 'MATCHES'}
Q_517,IPC_326,{'type': 'MATCHES'}
Q_517,IPC_337,{'type': 'MATCHES'}
Q_517,IPC_338,{'type': 'MATCHES'}
Q_517,IPC_350,{'type': 'MATCHES'}
Q_517,CRPC_320,{'type': 'MATCHES'}
Q_517,IPC_120A,{'type': 'MATCHES'}
Q_517,IPC_120B,{'type': 'MATCHES'}
Q_519,fir,{'type': 'RELATES_TO'}
Q_519,CRPC_154,{'type': 'MATCHES'}
Q_519,CRPC_156,{'type': 'MATCHES'}
Q_519,CRPC_200,{'type': 'MATCHES'}
Q_519,CRPC_210,{'type': 'MATCHES'}
Q_519,CRPC_302,{'type': 'MATCHES'}
Q_519,CRPC_482,{'type': 'MATCHES'}
Q_519,CPC_24,{'type': 'MATCHES'}
Q_521,fir,{'type': 'RELATES_TO'}
Q_521,arrest,{'type': 'RELATES_TO'}
Q_521,CRPC_154,{'type': 'MATCHES'}
Q_521,CRPC_156,{'type': 'MATCHES'}
Q_521,CRPC_200,{'type': 'MATCHES'}
Q_521,CRPC_210,{'type': 'MATCHES'}
Q_521,CRPC_302,{'type': 'MATCHES'}
Q_521,CRPC_482,{'type': 'MATCHES'}
Q_521,CPC_24,{'type': 'MATCHES'}
Q_521,CRPC_41,{'type': 'MATCHES'}
Q_521,CRPC_73,{'type': 'MATCHES'}
Q_521,CRPC_160,{'type': 'MATCHES'}
Q_521,CRPC_167,{'type': 'MATCHES'}
Q_521,IEA_27,{'type': 'MATCHES'}
Q_522,fir,{'type': 'RELATES_TO'}
Q_522,CRPC_154,{'type': 'MATCHES'}
Q_522,CRPC_156,{'type': 'MATCHES'}
Q_522,CRPC_200,{'type': 'MATCHES'}
Q_522,CRPC_210,{'type': 'MATCHES'}
Q_522,CRPC_302,{'type': 'MATCHES'}
Q_522,CRPC_482,{'type': 'MATCHES'}
Q_522,CPC_24,{'type': 'MATCHES'}
Q_525,public_nuisance,{'type': 'RELATES_TO'}
Q_525,arrest,{'type': 'RELATES_TO'}
Q_525,IPC_268,{'type': 'MATCHES'}
Q_525,IPC_290,{'type': 'MATCHES'}
Q_525,CRPC_107,{'type': 'MATCHES'}
Q_525,CRPC_116,{'type': 'MATCHES'}
Q_525,CRPC_133,{'type': 'MATCHES'}
Q_525,CRPC_144,{'type': 'MATCHES'}
Q_525,CRPC_41,{'type': 'MATCHES'}
Q_525,CRPC_73,{'type': 'MATCHES'}
Q_525,CRPC_160,{'type': 'MATCHES'}
Q_525,CRPC_167,{'type': 'MATCHES'}
Q_525,IEA_27,{'type': 'MATCHES'}
Q_526,stalking,{'type': 'RELATES_TO'}
Q_526,bail,{'type': 'RELATES_TO'}
Q_526,IPC_354D,{'type': 'MATCHES'}
Q_526,CRPC_167,{'type': 'MATCHES'}
Q_526,CRPC_397,{'type': 'MATCHES'}
Q_526,CRPC_439,{'type': 'MATCHES'}
Q_526,CRPC_482,{'type': 'MATCHES'}
Q_529,fir,{'type': 'RELATES_TO'}
Q_529,sexual_harassment,{'type': 'RELATES_TO'}
Q_529,bail,{'type': 'RELATES_TO'}
Q_529,CRPC_154,{'type': 'MATCHES'}
Q_529,CRPC_156,{'type': 'MATCHES'}
Q_529,CRPC_200,{'type': 'MATCHES'}
Q_529,CRPC_210,{'type': 'MATCHES'}
Q_529,CRPC_302,{'type': 'MATCHES'}
Q_529,CRPC_482,{'type': 'MATCHES'}
Q_529,CPC_24,{'type': 'MATCHES'}
Q_529,IPC_354,{'type': 'MATCHES'}
Q_529,IPC_354A,{'type': 'MATCHES'}
Q_529,IPC_354B,{'type': 'MATCHES'}
Q_529,IPC_509,{'type': 'MATCHES'}
Q_529,CRPC_167,{'type': 'MATCHES'}
Q_529,CRPC_397,{'type': 'MATCHES'}
Q_529,CRPC_439,{'type': 'MATCHES'}
Q_530,fir,{'type': 'RELATES_TO'}
Q_530,bail,{'type': 'RELATES_TO'}
Q_530,rape,{'type': 'RELATES_TO'}
Q_530,arrest,{'type': 'RELATES_TO'}
Q_530,anticipatory_bail,{'type': 'RELATES_TO'}
Q_530,defamation,{'type': 'RELATES_TO'}
Q_530,CRPC_154,{'type': 'MATCHES'}
Q_530,CRPC_156,{'type': 'MATCHES'}
Q_530,CRPC_200,{'type': 'MATCHES'}
Q_530,CRPC_210,{'type': 'MATCHES'}
Q_530,CRPC_302,{'type': 'MATCHES'}
Q_530,CRPC_482,{'type': 'MATCHES'}
Q_530,CPC_24,{'type': 'MATCHES'}
Q_530,CRPC_167,{'type': 'MATCHES'}
Q_530,CRPC_397,{'type': 'MATCHES'}
Q_530,CRPC_439,{'type': 'MATCHES'}
Q_530,IPC_375,{'type': 'MATCHES'}
Q_530,IPC_376,{'type': 'MATCHES'}
Q_530,IEA_45,{'type': 'MATCHES'}
Q_530,CRPC_41,{'type': 'MATCHES'}
Q_530,CRPC_73,{'type': 'MATCHES'}
Q_530,CRPC_160,{'type': 'MATCHES'}
Q_530,IEA_27,{'type': 'MATCHES'}
Q_530,CRPC_438,{'type': 'MATCHES'}
Q_530,IPC_499,{'type': 'MATCHES'}
Q_530,IPC_500,{'type': 'MATCHES'}
Q_535,fir,{'type': 'RELATES_TO'}
Q_535,defamation,{'type': 'RELATES_TO'}
Q_535,CRPC_154,{'type': 'MATCHES'}
Q_535,CRPC_156,{'type': 'MATCHES'}
Q_535,CRPC_200,{'type': 'MATCHES'}
Q_535,CRPC_210,{'type': 'MATCHES'}
Q_535,CRPC_302,{'type': 'MATCHES'}
Q_535,CRPC_482,{'type': 'MATCHES'}
Q_535,CPC_24,{'type': 'MATCHES'}
Q_535,IPC_499,{'type': 'MATCHES'}
Q_535,IPC_500,{'type': 'MATCHES'}
Q_538,fir,{'type': 'RELATES_TO'}
Q_538,arrest,{'type': 'RELATES_TO'}
Q_538,CRPC_154,{'type': 'MATCHES'}
Q_538,CRPC_156,{'type': 'MATCHES'}
Q_538,CRPC_200,{'type': 'MATCHES'}
Q_538,CRPC_210,{'type': 'MATCHES'}
Q_538,CRPC_302,{'type': 'MATCHES'}
Q_538,CRPC_482,{'type': 'MATCHES'}
Q_538,CPC_24,{'type': 'MATCHES'}
Q_538,CRPC_41,{'type': 'MATCHES'}
Q_538,CRPC_73,{'type': 'MATCHES'}
Q_538,CRPC_160,{'type': 'MATCHES'}
Q_538,CRPC_167,{'type': 'MATCHES'}
Q_538,IEA_27,{'type': 'MATCHES'}
Q_540,murder,{'type': 'RELATES_TO'}
Q_540,IPC_302,{'type': 'MATCHES'}
Q_540,IPC_307,{'type': 'MATCHES'}
Q_540,IPC_308,{'type': 'MATCHES'}
Q_540,IPC_309,{'type': 'MATCHES'}
Q_541,cheating,{'type': 'RELATES_TO'}
Q_541,IPC_415,{'type': 'MATCHES'}
Q_541,IPC_417,{'type': 'MATCHES'}
Q_541,IPC_419,{'type': 'MATCHES'}
Q_541,IPC_420,{'type': 'MATCHES'}
Q_541,CRPC_320,{'type': 'MATCHES'}
Q_541,ICA_73,{'type': 'MATCHES'}
Q_541,ICA_74,{'type': 'MATCHES'}
Q_541,ICA_75,{'type': 'MATCHES'}
Q_542,anticipatory_bail,{'type': 'RELATES_TO'}
Q_542,CRPC_438,{'type': 'MATCHES'}
Q_544,criminal_intimidation,{'type': 'RELATES_TO'}
Q_544,IPC_503,{'type': 'MATCHES'}
Q_544,IPC_504,{'type': 'MATCHES'}
Q_544,IPC_506,{'type': 'MATCHES'}
Q_545,public_nuisance,{'type': 'RELATES_TO'}
Q_545,mischief,{'type': 'RELATES_TO'}
Q_545,arrest,{'type': 'RELATES_TO'}
Q_545,IPC_268,{'type': 'MATCHES'}
Q_545,IPC_290,{'type': 'MATCHES'}
Q_545,CRPC_107,{'type': 'MATCHES'}
Q_545,CRPC_116,{'type': 'MATCHES'}
Q_545,CRPC_133,{'type': 'MATCHES'}
Q_545,CRPC_144,{'type': 'MATCHES'}
Q_545,IPC_425,{'type': 'MATCHES'}
Q_545,IPC_427,{'type': 'MATCHES'}
Q_545,IPC_428,{'type': 'MATCHES'}
Q_545,IPC_429,{'type': 'MATCHES'}
Q_545,CRPC_41,{'type': 'MATCHES'}
Q_545,CRPC_73,{'type': 'MATCHES'}
Q_545,CRPC_160,{'type': 'MATCHES'}
Q_545,CRPC_167,{'type': 'MATCHES'}
Q_545,IEA_27,{'type': 'MATCHES'}
Q_552,fir,{'type': 'RELATES_TO'}
Q_552,CRPC_154,{'type': 'MATCHES'}
Q_552,CRPC_156,{'type': 'MATCHES'}
Q_552,CRPC_200,{'type': 'MATCHES'}
Q_552,CRPC_210,{'type': 'MATCHES'}
Q_552,CRPC_302,{'type': 'MATCHES'}
Q_552,CRPC_482,{'type': 'MATCHES'}
Q_552,CPC_24,{'type': 'MATCHES'}
Q_554,theft,{'type': 'RELATES_TO'}
Q_554,IPC_378,{'type': 'MATCHES'}
Q_554,IPC_379,{'type': 'MATCHES'}
Q_554,IPC_411,{'type': 'MATCHES'}
Q_554,CRPC_451,{'type': 'MATCHES'}
Q_554,CRPC_457,{'type': 'MATCHES'}
Q_555,domestic_violence,{'type': 'RELATES_TO'}
Q_558,fir,{'type': 'RELATES_TO'}
Q_558,corruption,{'type': 'RELATES_TO'}
Q_558,CRPC_154,{'type': 'MATCHES'}
Q_558,CRPC_156,{'type': 'MATCHES'}
Q_558,CRPC_200,{'type': 'MATCHES'}
Q_558,CRPC_210,{'type': 'MATCHES'}
Q_558,CRPC_302,{'type': 'MATCHES'}
Q_558,CRPC_482,{'type': 'MATCHES'}
Q_558,CPC_24,{'type': 'MATCHES'}
Q_558,IPC_409,{'type': 'MATCHES'}
Q_558,PCA_7,{'type': 'MATCHES'}
Q_558,PCA_13,{'type': 'MATCHES'}
Q_560,fir,{'type': 'RELATES_TO'}
Q_560,CRPC_154,{'type': 'MATCHES'}
Q_560,CRPC_156,{'type': 'MATCHES'}
Q_560,CRPC_200,{'type': 'MATCHES'}
Q_560,CRPC_210,{'type': 'MATCHES'}
Q_560,CRPC_302,{'type': 'MATCHES'}
Q_560,CRPC_482,{'type': 'MATCHES'}
Q_560,CPC_24,{'type': 'MATCHES'}
Q_561,rape,{'type': 'RELATES_TO'}
Q_561,IPC_375,{'type': 'MATCHES'}
Q_561,IPC_376,{'type': 'MATCHES'}
Q_561,IEA_45,{'type': 'MATCHES'}
Q_562,fir,{'type': 'RELATES_TO'}
Q_562,CRPC_154,{'type': 'MATCHES'}
Q_562,CRPC_156,{'type': 'MATCHES'}
Q_562,CRPC_200,{'type': 'MATCHES'}
Q_562,CRPC_210,{'type': 'MATCHES'}
Q_562,CRPC_302,{'type': 'MATCHES'}
Q_562,CRPC_482,{'type': 'MATCHES'}
Q_562,CPC_24,{'type': 'MATCHES'}
Q_563,defamation,{'type': 'RELATES_TO'}
Q_563,theft,{'type': 'RELATES_TO'}
Q_563,IPC_499,{'type': 'MATCHES'}
Q_563,IPC_500,{'type': 'MATCHES'}
Q_563,IPC_378,{'type': 'MATCHES'}
Q_563,IPC_379,{'type': 'MATCHES'}
Q_563,IPC_411,{'type': 'MATCHES'}
Q_563,CRPC_451,{'type': 'MATCHES'}
Q_563,CRPC_457,{'type': 'MATCHES'}
Q_565,forgery,{'type': 'RELATES_TO'}
Q_565,fir,{'type': 'RELATES_TO'}
Q_565,confession,{'type': 'RELATES_TO'}
Q_565,murder,{'type': 'RELATES_TO'}
Q_565,cheating,{'type': 'RELATES_TO'}
Q_565,IPC_465,{'type': 'MATCHES'}
Q_565,IPC_467,{'type': 'MATCHES'}
Q_565,IPC_468,{'type': 'MATCHES'}
Q_565,IPC_471,{'type': 'MATCHES'}
Q_565,IEA_45,{'type': 'MATCHES'}
Q_565,RA_82,{'type': 'MATCHES'}
Q_565,RA_83,{'type': 'MATCHES'}
Q_565,CRPC_154,{'type': 'MATCHES'}
Q_565,CRPC_156,{'type': 'MATCHES'}
Q_565,CRPC_200,{'type': 'MATCHES'}
Q_565,CRPC_210,{'type': 'MATCHES'}
Q_565,CRPC_302,{'type': 'MATCHES'}
Q_565,CRPC_482,{'type': 'MATCHES'}
Q_565,CPC_24,{'type': 'MATCHES'}
Q_565,CRPC_161,{'type': 'MATCHES'}
Q_565,CRPC_164,{'type': 'MATCHES'}
Q_565,IEA_27,{'type': 'MATCHES'}
Q_565,IPC_302,{'type': 'MATCHES'}
Q_565,IPC_307,{'type': 'MATCHES'}
Q_565,IPC_308,{'type': 'MATCHES'}
Q_565,IPC_309,{'type': 'MATCHES'}
Q_565,IPC_415,{'type': 'MATCHES'}
Q_565,IPC_417,{'type': 'MATCHES'}
Q_565,IPC_419,{'type': 'MATCHES'}
Q_565,IPC_420,{'type': 'MATCHES'}
Q_565,CRPC_320,{'type': 'MATCHES'}
Q_565,ICA_73,{'type': 'MATCHES'}
Q_565,ICA_74,{'type': 'MATCHES'}
Q_565,ICA_75,{'type': 'MATCHES'}
Q_567,fir,{'type': 'RELATES_TO'}
Q_567,criminal_conspiracy,{'type': 'RELATES_TO'}
Q_567,CRPC_154,{'type': 'MATCHES'}
Q_567,CRPC_156,{'type': 'MATCHES'}
Q_567,CRPC_200,{'type': 'MATCHES'}
Q_567,CRPC_210,{'type': 'MATCHES'}
Q_567,CRPC_302,{'type': 'MATCHES'}
Q_567,CRPC_482,{'type': 'MATCHES'}
Q_567,CPC_24,{'type': 'MATCHES'}
Q_567,IPC_120A,{'type': 'MATCHES'}
Q_567,IPC_120B,{'type': 'MATCHES'}
Q_569,fir,{'type': 'RELATES_TO'}
Q_569,murder,{'type': 'RELATES_TO'}
Q_569,CRPC_154,{'type': 'MATCHES'}
Q_569,CRPC_156,{'type': 'MATCHES'}
Q_569,CRPC_200,{'type': 'MATCHES'}
Q_569,CRPC_210,{'type': 'MATCHES'}
Q_569,CRPC_302,{'type': 'MATCHES'}
Q_569,CRPC_482,{'type': 'MATCHES'}
Q_569,CPC_24,{'type': 'MATCHES'}
Q_569,IPC_302,{'type': 'MATCHES'}
Q_569,IPC_307,{'type': 'MATCHES'}
Q_569,IPC_308,{'type': 'MATCHES'}
Q_569,IPC_309,{'type': 'MATCHES'}
Q_572,bail,{'type': 'RELATES_TO'}
Q_572,CRPC_167,{'type': 'MATCHES'}
Q_572,CRPC_397,{'type': 'MATCHES'}
Q_572,CRPC_439,{'type': 'MATCHES'}
Q_572,CRPC_482,{'type': 'MATCHES'}
Q_575,fir,{'type': 'RELATES_TO'}
Q_575,CRPC_154,{'type': 'MATCHES'}
Q_575,CRPC_156,{'type': 'MATCHES'}
Q_575,CRPC_200,{'type': 'MATCHES'}
Q_575,CRPC_210,{'type': 'MATCHES'}
Q_575,CRPC_302,{'type': 'MATCHES'}
Q_575,CRPC_482,{'type': 'MATCHES'}
Q_575,CPC_24,{'type': 'MATCHES'}
Q_576,fir,{'type': 'RELATES_TO'}
Q_576,CRPC_154,{'type': 'MATCHES'}
Q_576,CRPC_156,{'type': 'MATCHES'}
Q_576,CRPC_200,{'type': 'MATCHES'}
Q_576,CRPC_210,{'type': 'MATCHES'}
Q_576,CRPC_302,{'type': 'MATCHES'}
Q_576,CRPC_482,{'type': 'MATCHES'}
Q_576,CPC_24,{'type': 'MATCHES'}
Q_577,fir,{'type': 'RELATES_TO'}
Q_577,CRPC_154,{'type': 'MATCHES'}
Q_577,CRPC_156,{'type': 'MATCHES'}
Q_577,CRPC_200,{'type': 'MATCHES'}
Q_577,CRPC_210,{'type': 'MATCHES'}
Q_577,CRPC_302,{'type': 'MATCHES'}
Q_577,CRPC_482,{'type': 'MATCHES'}
Q_577,CPC_24,{'type': 'MATCHES'}
Q_578,assault,{'type': 'RELATES_TO'}
Q_578,IPC_320,{'type': 'MATCHES'}
Q_578,IPC_323,{'type': 'MATCHES'}
Q_578,IPC_324,{'type': 'MATCHES'}
Q_578,IPC_325,{'type': 'MATCHES'}
Q_578,IPC_326,{'type': 'MATCHES'}
Q_578,IPC_337,{'type': 'MATCHES'}
Q_578,IPC_338,{'type': 'MATCHES'}
Q_578,IPC_350,{'type': 'MATCHES'}
Q_578,CRPC_320,{'type': 'MATCHES'}
Q_579,fir,{'type': 'RELATES_TO'}
Q_579,cheating,{'type': 'RELATES_TO'}
Q_579,CRPC_154,{'type': 'MATCHES'}
Q_579,CRPC_156,{'type': 'MATCHES'}
Q_579,CRPC_200,{'type': 'MATCHES'}
Q_579,CRPC_210,{'type': 'MATCHES'}
Q_579,CRPC_302,{'type': 'MATCHES'}
Q_579,CRPC_482,{'type': 'MATCHES'}
Q_579,CPC_24,{'type': 'MATCHES'}
Q_579,IPC_415,{'type': 'MATCHES'}
Q_579,IPC_417,{'type': 'MATCHES'}
Q_579,IPC_419,{'type': 'MATCHES'}
Q_579,IPC_420,{'type': 'MATCHES'}
Q_579,CRPC_320,{'type': 'MATCHES'}
Q_579,ICA_73,{'type': 'MATCHES'}
Q_579,ICA_74,{'type': 'MATCHES'}
Q_579,ICA_75,{'type': 'MATCHES'}
Q_584,defamation,{'type': 'RELATES_TO'}
Q_584,IPC_499,{'type': 'MATCHES'}
Q_584,IPC_500,{'type': 'MATCHES'}
Q_585,fir,{'type': 'RELATES_TO'}
Q_585,theft,{'type': 'RELATES_TO'}
Q_585,CRPC_154,{'type': 'MATCHES'}
Q_585,CRPC_156,{'type': 'MATCHES'}
Q_585,CRPC_200,{'type': 'MATCHES'}
Q_585,CRPC_210,{'type': 'MATCHES'}
Q_585,CRPC_302,{'type': 'MATCHES'}
Q_585,CRPC_482,{'type': 'MATCHES'}
Q_585,CPC_24,{'type': 'MATCHES'}
Q_585,IPC_378,{'type': 'MATCHES'}
Q_585,IPC_379,{'type': 'MATCHES'}
Q_585,IPC_411,{'type': 'MATCHES'}
Q_585,CRPC_451,{'type': 'MATCHES'}
Q_585,CRPC_457,{'type': 'MATCHES'}
Q_587,fir,{'type': 'RELATES_TO'}
Q_587,CRPC_154,{'type': 'MATCHES'}
Q_587,CRPC_156,{'type': 'MATCHES'}
Q_587,CRPC_200,{'type': 'MATCHES'}
Q_587,CRPC_210,{'type': 'MATCHES'}
Q_587,CRPC_302,{'type': 'MATCHES'}
Q_587,CRPC_482,{'type': 'MATCHES'}
Q_587,CPC_24,{'type': 'MATCHES'}
Q_588,fir,{'type': 'RELATES_TO'}
Q_588,CRPC_154,{'type': 'MATCHES'}
Q_588,CRPC_156,{'type': 'MATCHES'}
Q_588,CRPC_200,{'type': 'MATCHES'}
Q_588,CRPC_210,{'type': 'MATCHES'}
Q_588,CRPC_302,{'type': 'MATCHES'}
Q_588,CRPC_482,{'type': 'MATCHES'}
Q_588,CPC_24,{'type': 'MATCHES'}
Q_589,charge_sheet,{'type': 'RELATES_TO'}
Q_589,bail,{'type': 'RELATES_TO'}
Q_589,arrest,{'type': 'RELATES_TO'}
Q_589,CRPC_173,{'type': 'MATCHES'}
Q_589,CRPC_205,{'type': 'MATCHES'}
Q_589,CRPC_210,{'type': 'MATCHES'}
Q_589,CRPC_216,{'type': 'MATCHES'}
Q_589,CRPC_227,{'type': 'MATCHES'}
Q_589,CRPC_239,{'type': 'MATCHES'}
Q_589,CRPC_317,{'type': 'MATCHES'}
Q_589,CRPC_167,{'type': 'MATCHES'}
Q_589,CRPC_397,{'type': 'MATCHES'}
Q_589,CRPC_439,{'type': 'MATCHES'}
Q_589,CRPC_482,{'type': 'MATCHES'}
Q_589,CRPC_41,{'type': 'MATCHES'}
Q_589,CRPC_73,{'type': 'MATCHES'}
Q_589,CRPC_160,{'type': 'MATCHES'}
Q_589,IEA_27,{'type': 'MATCHES'}
Q_591,fir,{'type': 'RELATES_TO'}
Q_591,cybercrime,{'type': 'RELATES_TO'}
Q_591,CRPC_154,{'type': 'MATCHES'}
Q_591,CRPC_156,{'type': 'MATCHES'}
Q_591,CRPC_200,{'type': 'MATCHES'}
Q_591,CRPC_210,{'type': 'MATCHES'}
Q_591,CRPC_302,{'type': 'MATCHES'}
Q_591,CRPC_482,{'type': 'MATCHES'}
Q_591,CPC_24,{'type': 'MATCHES'}
Q_592,fir,{'type': 'RELATES_TO'}
Q_592,dowry_harassment,{'type': 'RELATES_TO'}
Q_592,rape,{'type': 'RELATES_TO'}
Q_592,CRPC_154,{'type': 'MATCHES'}
Q_592,CRPC_156,{'type': 'MATCHES'}
Q_592,CRPC_200,{'type': 'MATCHES'}
Q_592,CRPC_210,{'type': 'MATCHES'}
Q_592,CRPC_302,{'type': 'MATCHES'}
Q_592,CRPC_482,{'type': 'MATCHES'}
Q_592,CPC_24,{'type': 'MATCHES'}
Q_592,IPC_304B,{'type': 'MATCHES'}
Q_592,DP_3,{'type': 'MATCHES'}
Q_592,DP_4,{'type': 'MATCHES'}
Q_592,IPC_375,{'type': 'MATCHES'}
Q_592,IPC_376,{'type': 'MATCHES'}
Q_592,IEA_45,{'type': 'MATCHES'}
Q_593,fir,{'type': 'RELATES_TO'}
Q_593,anticipatory_bail,{'type': 'RELATES_TO'}
Q_593,CRPC_154,{'type': 'MATCHES'}
Q_593,CRPC_156,{'type': 'MATCHES'}
Q_593,CRPC_200,{'type': 'MATCHES'}
Q_593,CRPC_210,{'type': 'MATCHES'}
Q_593,CRPC_302,{'type': 'MATCHES'}
Q_593,CRPC_482,{'type': 'MATCHES'}
Q_593,CPC_24,{'type': 'MATCHES'}
Q_593,CRPC_438,{'type': 'MATCHES'}
Q_596,corruption,{'type': 'RELATES_TO'}
Q_596,IPC_409,{'type': 'MATCHES'}
Q_596,PCA_7,{'type': 'MATCHES'}
Q_596,PCA_13,{'type': 'MATCHES'}
Q_598,fir,{'type': 'RELATES_TO'}
Q_598,CRPC_154,{'type': 'MATCHES'}
Q_598,CRPC_156,{'type': 'MATCHES'}
Q_598,CRPC_200,{'type': 'MATCHES'}
Q_598,CRPC_210,{'type': 'MATCHES'}
Q_598,CRPC_302,{'type': 'MATCHES'}
Q_598,CRPC_482,{'type': 'MATCHES'}
Q_598,CPC_24,{'type': 'MATCHES'}
Q_599,anticipatory_bail,{'type': 'RELATES_TO'}
Q_599,CRPC_438,{'type': 'MATCHES'}
Q_602,rape,{'type': 'RELATES_TO'}
Q_602,IPC_375,{'type': 'MATCHES'}
Q_602,IPC_376,{'type': 'MATCHES'}
Q_602,IEA_45,{'type': 'MATCHES'}
Q_603,fir,{'type': 'RELATES_TO'}
Q_603,maintenance,{'type': 'RELATES_TO'}
Q_603,CRPC_154,{'type': 'MATCHES'}
Q_603,CRPC_156,{'type': 'MATCHES'}
Q_603,CRPC_200,{'type': 'MATCHES'}
Q_603,CRPC_210,{'type': 'MATCHES'}
Q_603,CRPC_302,{'type': 'MATCHES'}
Q_603,CRPC_482,{'type': 'MATCHES'}
Q_603,CPC_24,{'type': 'MATCHES'}
Q_603,CRPC_125,{'type': 'MATCHES'}
Q_603,HMA_9,{'type': 'MATCHES'}
Q_607,fir,{'type': 'RELATES_TO'}
Q_607,bail,{'type': 'RELATES_TO'}
Q_607,anticipatory_bail,{'type': 'RELATES_TO'}
Q_607,CRPC_154,{'type': 'MATCHES'}
Q_607,CRPC_156,{'type': 'MATCHES'}
Q_607,CRPC_200,{'type': 'MATCHES'}
Q_607,CRPC_210,{'type': 'MATCHES'}
Q_607,CRPC_302,{'type': 'MATCHES'}
Q_607,CRPC_482,{'type': 'MATCHES'}
Q_607,CPC_24,{'type': 'MATCHES'}
Q_607,CRPC_167,{'type': 'MATCHES'}
Q_607,CRPC_397,{'type': 'MATCHES'}
Q_607,CRPC_439,{'type': 'MATCHES'}
Q_607,CRPC_438,{'type': 'MATCHES'}
Q_608,fir,{'type': 'RELATES_TO'}
Q_608,CRPC_154,{'type': 'MATCHES'}
Q_608,CRPC_156,{'type': 'MATCHES'}
Q_608,CRPC_200,{'type': 'MATCHES'}
Q_608,CRPC_210,{'type': 'MATCHES'}
Q_608,CRPC_302,{'type': 'MATCHES'}
Q_608,CRPC_482,{'type': 'MATCHES'}
Q_608,CPC_24,{'type': 'MATCHES'}
Q_609,arrest,{'type': 'RELATES_TO'}
Q_609,anticipatory_bail,{'type': 'RELATES_TO'}
Q_609,CRPC_41,{'type': 'MATCHES'}
Q_609,CRPC_73,{'type': 'MATCHES'}
Q_609,CRPC_160,{'type': 'MATCHES'}
Q_609,CRPC_167,{'type': 'MATCHES'}
Q_609,IEA_27,{'type': 'MATCHES'}
Q_609,CRPC_438,{'type': 'MATCHES'}
Q_610,corruption,{'type': 'RELATES_TO'}
Q_610,IPC_409,{'type': 'MATCHES'}
Q_610,PCA_7,{'type': 'MATCHES'}
Q_610,PCA_13,{'type': 'MATCHES'}
Q_611,charge_sheet,{'type': 'RELATES_TO'}
Q_611,fir,{'type': 'RELATES_TO'}
Q_611,bail,{'type': 'RELATES_TO'}
Q_611,CRPC_173,{'type': 'MATCHES'}
Q_611,CRPC_205,{'type': 'MATCHES'}
Q_611,CRPC_210,{'type': 'MATCHES'}
Q_611,CRPC_216,{'type': 'MATCHES'}
Q_611,CRPC_227,{'type': 'MATCHES'}
Q_611,CRPC_239,{'type': 'MATCHES'}
Q_611,CRPC_317,{'type': 'MATCHES'}
Q_611,CRPC_154,{'type': 'MATCHES'}
Q_611,CRPC_156,{'type': 'MATCHES'}
Q_611,CRPC_200,{'type': 'MATCHES'}
Q_611,CRPC_302,{'type': 'MATCHES'}
Q_611,CRPC_482,{'type': 'MATCHES'}
Q_611,CPC_24,{'type': 'MATCHES'}
Q_611,CRPC_167,{'type': 'MATCHES'}
Q_611,CRPC_397,{'type': 'MATCHES'}
Q_611,CRPC_439,{'type': 'MATCHES'}
Q_612,theft,{'type': 'RELATES_TO'}
Q_612,IPC_378,{'type': 'MATCHES'}
Q_612,IPC_379,{'type': 'MATCHES'}
Q_612,IPC_411,{'type': 'MATCHES'}
Q_612,CRPC_451,{'type': 'MATCHES'}
Q_612,CRPC_457,{'type': 'MATCHES'}
Q_619,arrest,{'type': 'RELATES_TO'}
Q_619,CRPC_41,{'type': 'MATCHES'}
Q_619,CRPC_73,{'type': 'MATCHES'}
Q_619,CRPC_160,{'type': 'MATCHES'}
Q_619,CRPC_167,{'type': 'MATCHES'}
Q_619,IEA_27,{'type': 'MATCHES'}
Q_622,arrest,{'type': 'RELATES_TO'}
Q_622,CRPC_41,{'type': 'MATCHES'}
Q_622,CRPC_73,{'type': 'MATCHES'}
Q_622,CRPC_160,{'type': 'MATCHES'}
Q_622,CRPC_167,{'type': 'MATCHES'}
Q_622,IEA_27,{'type': 'MATCHES'}
Q_627,fir,{'type': 'RELATES_TO'}
Q_627,bail,{'type': 'RELATES_TO'}
Q_627,rape,{'type': 'RELATES_TO'}
Q_627,arrest,{'type': 'RELATES_TO'}
Q_627,CRPC_154,{'type': 'MATCHES'}
Q_627,CRPC_156,{'type': 'MATCHES'}
Q_627,CRPC_200,{'type': 'MATCHES'}
Q_627,CRPC_210,{'type': 'MATCHES'}
Q_627,CRPC_302,{'type': 'MATCHES'}
Q_627,CRPC_482,{'type': 'MATCHES'}
Q_627,CPC_24,{'type': 'MATCHES'}
Q_627,CRPC_167,{'type': 'MATCHES'}
Q_627,CRPC_397,{'type': 'MATCHES'}
Q_627,CRPC_439,{'type': 'MATCHES'}
Q_627,IPC_375,{'type': 'MATCHES'}
Q_627,IPC_376,{'type': 'MATCHES'}
Q_627,IEA_45,{'type': 'MATCHES'}
Q_627,CRPC_41,{'type': 'MATCHES'}
Q_627,CRPC_73,{'type': 'MATCHES'}
Q_627,CRPC_160,{'type': 'MATCHES'}
Q_627,IEA_27,{'type': 'MATCHES'}
Q_629,arrest,{'type': 'RELATES_TO'}
Q_629,anticipatory_bail,{'type': 'RELATES_TO'}
Q_629,CRPC_41,{'type': 'MATCHES'}
Q_629,CRPC_73,{'type': 'MATCHES'}
Q_629,CRPC_160,{'type': 'MATCHES'}
Q_629,CRPC_167,{'type': 'MATCHES'}
Q_629,IEA_27,{'type': 'MATCHES'}
Q_629,CRPC_438,{'type': 'MATCHES'}
Q_630,fir,{'type': 'RELATES_TO'}
Q_630,criminal_intimidation,{'type': 'RELATES_TO'}
Q_630,cheating,{'type': 'RELATES_TO'}
Q_630,CRPC_154,{'type': 'MATCHES'}
Q_630,CRPC_156,{'type': 'MATCHES'}
Q_630,CRPC_200,{'type': 'MATCHES'}
Q_630,CRPC_210,{'type': 'MATCHES'}
Q_630,CRPC_302,{'type': 'MATCHES'}
Q_630,CRPC_482,{'type': 'MATCHES'}
Q_630,CPC_24,{'type': 'MATCHES'}
Q_630,IPC_503,{'type': 'MATCHES'}
Q_630,IPC_504,{'type': 'MATCHES'}
Q_630,IPC_506,{'type': 'MATCHES'}
Q_630,IPC_415,{'type': 'MATCHES'}
Q_630,IPC_417,{'type': 'MATCHES'}
Q_630,IPC_419,{'type': 'MATCHES'}
Q_630,IPC_420,{'type': 'MATCHES'}
Q_630,CRPC_320,{'type': 'MATCHES'}
Q_630,ICA_73,{'type': 'MATCHES'}
Q_630,ICA_74,{'type': 'MATCHES'}
Q_630,ICA_75,{'type': 'MATCHES'}
Q_631,cheating,{'type': 'RELATES_TO'}
Q_631,IPC_415,{'type': 'MATCHES'}
Q_631,IPC_417,{'type': 'MATCHES'}
Q_631,IPC_419,{'type': 'MATCHES'}
Q_631,IPC_420,{'type': 'MATCHES'}
Q_631,CRPC_320,{'type': 'MATCHES'}
Q_631,ICA_73,{'type': 'MATCHES'}
Q_631,ICA_74,{'type': 'MATCHES'}
Q_631,ICA_75,{'type': 'MATCHES'}
Q_632,rape,{'type': 'RELATES_TO'}
Q_632,IPC_375,{'type': 'MATCHES'}
Q_632,IPC_376,{'type': 'MATCHES'}
Q_632,IEA_45,{'type': 'MATCHES'}
Q_633,charge_sheet,{'type': 'RELATES_TO'}
Q_633,CRPC_173,{'type': 'MATCHES'}
Q_633,CRPC_205,{'type': 'MATCHES'}
Q_633,CRPC_210,{'type': 'MATCHES'}
Q_633,CRPC_216,{'type': 'MATCHES'}
Q_633,CRPC_227,{'type': 'MATCHES'}
Q_633,CRPC_239,{'type': 'MATCHES'}
Q_633,CRPC_317,{'type': 'MATCHES'}
Q_635,fir,{'type': 'RELATES_TO'}
Q_635,rape,{'type': 'RELATES_TO'}
Q_635,CRPC_154,{'type': 'MATCHES'}
Q_635,CRPC_156,{'type': 'MATCHES'}
Q_635,CRPC_200,{'type': 'MATCHES'}
Q_635,CRPC_210,{'type': 'MATCHES'}
Q_635,CRPC_302,{'type': 'MATCHES'}
Q_635,CRPC_482,{'type': 'MATCHES'}
Q_635,CPC_24,{'type': 'MATCHES'}
Q_635,IPC_375,{'type': 'MATCHES'}
Q_635,IPC_376,{'type': 'MATCHES'}
Q_635,IEA_45,{'type': 'MATCHES'}
Q_636,fir,{'type': 'RELATES_TO'}
Q_636,cheating,{'type': 'RELATES_TO'}
Q_636,CRPC_154,{'type': 'MATCHES'}
Q_636,CRPC_156,{'type': 'MATCHES'}
Q_636,CRPC_200,{'type': 'MATCHES'}
Q_636,CRPC_210,{'type': 'MATCHES'}
Q_636,CRPC_302,{'type': 'MATCHES'}
Q_636,CRPC_482,{'type': 'MATCHES'}
Q_636,CPC_24,{'type': 'MATCHES'}
Q_636,IPC_415,{'type': 'MATCHES'}
Q_636,IPC_417,{'type': 'MATCHES'}
Q_636,IPC_419,{'type': 'MATCHES'}
Q_636,IPC_420,{'type': 'MATCHES'}
Q_636,CRPC_320,{'type': 'MATCHES'}
Q_636,ICA_73,{'type': 'MATCHES'}
Q_636,ICA_74,{'type': 'MATCHES'}
Q_636,ICA_75,{'type': 'MATCHES'}
Q_637,bail,{'type': 'RELATES_TO'}
Q_637,CRPC_167,{'type': 'MATCHES'}
Q_637,CRPC_397,{'type': 'MATCHES'}
Q_637,CRPC_439,{'type': 'MATCHES'}
Q_637,CRPC_482,{'type': 'MATCHES'}
Q_639,cheating,{'type': 'RELATES_TO'}
Q_639,forgery,{'type': 'RELATES_TO'}
Q_639,IPC_415,{'type': 'MATCHES'}
Q_639,IPC_417,{'type': 'MATCHES'}
Q_639,IPC_419,{'type': 'MATCHES'}
Q_639,IPC_420,{'type': 'MATCHES'}
Q_639,CRPC_320,{'type': 'MATCHES'}
Q_639,ICA_73,{'type': 'MATCHES'}
Q_639,ICA_74,{'type': 'MATCHES'}
Q_639,ICA_75,{'type': 'MATCHES'}
Q_639,IPC_465,{'type': 'MATCHES'}
Q_639,IPC_467,{'type': 'MATCHES'}
Q_639,IPC_468,{'type': 'MATCHES'}
Q_639,IPC_471,{'type': 'MATCHES'}
Q_639,IEA_45,{'type': 'MATCHES'}
Q_639,RA_82,{'type': 'MATCHES'}
Q_639,RA_83,{'type': 'MATCHES'}
Q_641,cheating,{'type': 'RELATES_TO'}
Q_641,IPC_415,{'type': 'MATCHES'}
Q_641,IPC_417,{'type': 'MATCHES'}
Q_641,IPC_419,{'type': 'MATCHES'}
Q_641,IPC_420,{'type': 'MATCHES'}
Q_641,CRPC_320,{'type': 'MATCHES'}
Q_641,ICA_73,{'type': 'MATCHES'}
Q_641,ICA_74,{'type': 'MATCHES'}
Q_641,ICA_75,{'type': 'MATCHES'}
Q_643,maintenance,{'type': 'RELATES_TO'}
Q_643,CRPC_125,{'type': 'MATCHES'}
Q_643,HMA_9,{'type': 'MATCHES'}
Q_648,fir,{'type': 'RELATES_TO'}
Q_648,CRPC_154,{'type': 'MATCHES'}
Q_648,CRPC_156,{'type': 'MATCHES'}
Q_648,CRPC_200,{'type': 'MATCHES'}
Q_648,CRPC_210,{'type': 'MATCHES'}
Q_648,CRPC_302,{'type': 'MATCHES'}
Q_648,CRPC_482,{'type': 'MATCHES'}
Q_648,CPC_24,{'type': 'MATCHES'}
Q_650,charge_sheet,{'type': 'RELATES_TO'}
Q_650,theft,{'type': 'RELATES_TO'}
Q_650,CRPC_173,{'type': 'MATCHES'}
Q_650,CRPC_205,{'type': 'MATCHES'}
Q_650,CRPC_210,{'type': 'MATCHES'}
Q_650,CRPC_216,{'type': 'MATCHES'}
Q_650,CRPC_227,{'type': 'MATCHES'}
Q_650,CRPC_239,{'type': 'MATCHES'}
Q_650,CRPC_317,{'type': 'MATCHES'}
Q_650,IPC_378,{'type': 'MATCHES'}
Q_650,IPC_379,{'type': 'MATCHES'}
Q_650,IPC_411,{'type': 'MATCHES'}
Q_650,CRPC_451,{'type': 'MATCHES'}
Q_650,CRPC_457,{'type': 'MATCHES'}
Q_651,fir,{'type': 'RELATES_TO'}
Q_651,corruption,{'type': 'RELATES_TO'}
Q_651,CRPC_154,{'type': 'MATCHES'}
Q_651,CRPC_156,{'type': 'MATCHES'}
Q_651,CRPC_200,{'type': 'MATCHES'}
Q_651,CRPC_210,{'type': 'MATCHES'}
Q_651,CRPC_302,{'type': 'MATCHES'}
Q_651,CRPC_482,{'type': 'MATCHES'}
Q_651,CPC_24,{'type': 'MATCHES'}
Q_651,IPC_409,{'type': 'MATCHES'}
Q_651,PCA_7,{'type': 'MATCHES'}
Q_651,PCA_13,{'type': 'MATCHES'}
Q_658,fir,{'type': 'RELATES_TO'}
Q_658,anticipatory_bail,{'type': 'RELATES_TO'}
Q_658,CRPC_154,{'type': 'MATCHES'}
Q_658,CRPC_156,{'type': 'MATCHES'}
Q_658,CRPC_200,{'type': 'MATCHES'}
Q_658,CRPC_210,{'type': 'MATCHES'}
Q_658,CRPC_302,{'type': 'MATCHES'}
Q_658,CRPC_482,{'type': 'MATCHES'}
Q_658,CPC_24,{'type': 'MATCHES'}
Q_658,CRPC_438,{'type': 'MATCHES'}
Q_659,fir,{'type': 'RELATES_TO'}
Q_659,CRPC_154,{'type': 'MATCHES'}
Q_659,CRPC_156,{'type': 'MATCHES'}
Q_659,CRPC_200,{'type': 'MATCHES'}
Q_659,CRPC_210,{'type': 'MATCHES'}
Q_659,CRPC_302,{'type': 'MATCHES'}
Q_659,CRPC_482,{'type': 'MATCHES'}
Q_659,CPC_24,{'type': 'MATCHES'}
Q_660,confession,{'type': 'RELATES_TO'}
Q_660,CRPC_161,{'type': 'MATCHES'}
Q_660,CRPC_164,{'type': 'MATCHES'}
Q_660,IEA_27,{'type': 'MATCHES'}
Q_661,assault,{'type': 'RELATES_TO'}
Q_661,corruption,{'type': 'RELATES_TO'}
Q_661,bail,{'type': 'RELATES_TO'}
Q_661,arrest,{'type': 'RELATES_TO'}
Q_661,IPC_320,{'type': 'MATCHES'}
Q_661,IPC_323,{'type': 'MATCHES'}
Q_661,IPC_324,{'type': 'MATCHES'}
Q_661,IPC_325,{'type': 'MATCHES'}
Q_661,IPC_326,{'type': 'MATCHES'}
Q_661,IPC_337,{'type': 'MATCHES'}
Q_661,IPC_338,{'type': 'MATCHES'}
Q_661,IPC_350,{'type': 'MATCHES'}
Q_661,CRPC_320,{'type': 'MATCHES'}
Q_661,IPC_409,{'type': 'MATCHES'}
Q_661,PCA_7,{'type': 'MATCHES'}
Q_661,PCA_13,{'type': 'MATCHES'}
Q_661,CRPC_167,{'type': 'MATCHES'}
Q_661,CRPC_397,{'type': 'MATCHES'}
Q_661,CRPC_439,{'type': 'MATCHES'}
Q_661,CRPC_482,{'type': 'MATCHES'}
Q_661,CRPC_41,{'type': 'MATCHES'}
Q_661,CRPC_73,{'type': 'MATCHES'}
Q_661,CRPC_160,{'type': 'MATCHES'}
Q_661,IEA_27,{'type': 'MATCHES'}
Q_662,arrest,{'type': 'RELATES_TO'}
Q_662,CRPC_41,{'type': 'MATCHES'}
Q_662,CRPC_73,{'type': 'MATCHES'}
Q_662,CRPC_160,{'type': 'MATCHES'}
Q_662,CRPC_167,{'type': 'MATCHES'}
Q_662,IEA_27,{'type': 'MATCHES'}
Q_663,cheating,{'type': 'RELATES_TO'}
Q_663,IPC_415,{'type': 'MATCHES'}
Q_663,IPC_417,{'type': 'MATCHES'}
Q_663,IPC_419,{'type': 'MATCHES'}
Q_663,IPC_420,{'type': 'MATCHES'}
Q_663,CRPC_320,{'type': 'MATCHES'}
Q_663,ICA_73,{'type': 'MATCHES'}
Q_663,ICA_74,{'type': 'MATCHES'}
Q_663,ICA_75,{'type': 'MATCHES'}
Q_664,fir,{'type': 'RELATES_TO'}
Q_664,CRPC_154,{'type': 'MATCHES'}
Q_664,CRPC_156,{'type': 'MATCHES'}
Q_664,CRPC_200,{'type': 'MATCHES'}
Q_664,CRPC_210,{'type': 'MATCHES'}
Q_664,CRPC_302,{'type': 'MATCHES'}
Q_664,CRPC_482,{'type': 'MATCHES'}
Q_664,CPC_24,{'type': 'MATCHES'}
Q_667,kidnapping,{'type': 'RELATES_TO'}
Q_667,fir,{'type': 'RELATES_TO'}
Q_667,IPC_363,{'type': 'MATCHES'}
Q_667,IPC_364,{'type': 'MATCHES'}
Q_667,CRPC_154,{'type': 'MATCHES'}
Q_667,CRPC_156,{'type': 'MATCHES'}
Q_667,CRPC_200,{'type': 'MATCHES'}
Q_667,CRPC_210,{'type': 'MATCHES'}
Q_667,CRPC_302,{'type': 'MATCHES'}
Q_667,CRPC_482,{'type': 'MATCHES'}
Q_667,CPC_24,{'type': 'MATCHES'}
Q_668,fir,{'type': 'RELATES_TO'}
Q_668,arrest,{'type': 'RELATES_TO'}
Q_668,CRPC_154,{'type': 'MATCHES'}
Q_668,CRPC_156,{'type': 'MATCHES'}
Q_668,CRPC_200,{'type': 'MATCHES'}
Q_668,CRPC_210,{'type': 'MATCHES'}
Q_668,CRPC_302,{'type': 'MATCHES'}
Q_668,CRPC_482,{'type': 'MATCHES'}
Q_668,CPC_24,{'type': 'MATCHES'}
Q_668,CRPC_41,{'type': 'MATCHES'}
Q_668,CRPC_73,{'type': 'MATCHES'}
Q_668,CRPC_160,{'type': 'MATCHES'}
Q_668,CRPC_167,{'type': 'MATCHES'}
Q_668,IEA_27,{'type': 'MATCHES'}
Q_669,fir,{'type': 'RELATES_TO'}
Q_669,CRPC_154,{'type': 'MATCHES'}
Q_669,CRPC_156,{'type': 'MATCHES'}
Q_669,CRPC_200,{'type': 'MATCHES'}
Q_669,CRPC_210,{'type': 'MATCHES'}
Q_669,CRPC_302,{'type': 'MATCHES'}
Q_669,CRPC_482,{'type': 'MATCHES'}
Q_669,CPC_24,{'type': 'MATCHES'}
Q_670,domestic_violence,{'type': 'RELATES_TO'}
Q_670,criminal_intimidation,{'type': 'RELATES_TO'}
Q_670,forgery,{'type': 'RELATES_TO'}
Q_670,fir,{'type': 'RELATES_TO'}
Q_670,assault,{'type': 'RELATES_TO'}
Q_670,bail,{'type': 'RELATES_TO'}
Q_670,criminal_breach_of_trust,{'type': 'RELATES_TO'}
Q_670,extortion,{'type': 'RELATES_TO'}
Q_670,dowry_harassment,{'type': 'RELATES_TO'}
Q_670,maintenance,{'type': 'RELATES_TO'}
Q_670,arrest,{'type': 'RELATES_TO'}
Q_670,anticipatory_bail,{'type': 'RELATES_TO'}
Q_670,defamation,{'type': 'RELATES_TO'}
Q_670,murder,{'type': 'RELATES_TO'}
Q_670,IPC_503,{'type': 'MATCHES'}
Q_670,IPC_504,{'type': 'MATCHES'}
Q_670,IPC_506,{'type': 'MATCHES'}
Q_670,IPC_465,{'type': 'MATCHES'}
Q_670,IPC_467,{'type': 'MATCHES'}
Q_670,IPC_468,{'type': 'MATCHES'}
Q_670,IPC_471,{'type': 'MATCHES'}
Q_670,IEA_45,{'type': 'MATCHES'}
Q_670,RA_82,{'type': 'MATCHES'}
Q_670,RA_83,{'type': 'MATCHES'}
Q_670,CRPC_154,{'type': 'MATCHES'}
Q_670,CRPC_156,{'type': 'MATCHES'}
Q_670,CRPC_200,{'type': 'MATCHES'}
Q_670,CRPC_210,{'type': 'MATCHES'}
Q_670,CRPC_302,{'type': 'MATCHES'}
Q_670,CRPC_482,{'type': 'MATCHES'}
Q_670,CPC_24,{'type': 'MATCHES'}
Q_670,IPC_320,{'type': 'MATCHES'}
Q_670,IPC_323,{'type': 'MATCHES'}
Q_670,IPC_324,{'type': 'MATCHES'}
Q_670,IPC_325,{'type': 'MATCHES'}
Q_670,IPC_326,{'type': 'MATCHES'}
Q_670,IPC_337,{'type': 'MATCHES'}
Q_670,IPC_338,{'type': 'MATCHES'}
Q_670,IPC_350,{'type': 'MATCHES'}
Q_670,CRPC_320,{'type': 'MATCHES'}
Q_670,CRPC_167,{'type': 'MATCHES'}
Q_670,CRPC_397,{'type': 'MATCHES'}
Q_670,CRPC_439,{'type': 'MATCHES'}
Q_670,IPC_406,{'type': 'MATCHES'}
Q_670,IPC_409,{'type': 'MATCHES'}
Q_670,ICA_73,{'type': 'MATCHES'}
Q_670,IPC_383,{'type': 'MATCHES'}
Q_670,IPC_384,{'type': 'MATCHES'}
Q_670,IPC_304B,{'type': 'MATCHES'}
Q_670,DP_3,{'type': 'MATCHES'}
Q_670,DP_4,{'type': 'MATCHES'}
Q_670,CRPC_125,{'type': 'MATCHES'}
Q_670,HMA_9,{'type': 'MATCHES'}
Q_670,CRPC_41,{'type': 'MATCHES'}
Q_670,CRPC_73,{'type': 'MATCHES'}
Q_670,CRPC_160,{'type': 'MATCHES'}
Q_670,IEA_27,{'type': 'MATCHES'}
Q_670,CRPC_438,{'type': 'MATCHES'}
Q_670,IPC_499,{'type': 'MATCHES'}
Q_670,IPC_500,{'type': 'MATCHES'}
Q_670,IPC_302,{'type': 'MATCHES'}
Q_670,IPC_307,{'type': 'MATCHES'}
Q_670,IPC_308,{'type': 'MATCHES'}
Q_670,IPC_309,{'type': 'MATCHES'}
Q_671,bail,{'type': 'RELATES_TO'}
Q_671,arrest,{'type': 'RELATES_TO'}
Q_671,CRPC_167,{'type': 'MATCHES'}
Q_671,CRPC_397,{'type': 'MATCHES'}
Q_671,CRPC_439,{'type': 'MATCHES'}
Q_671,CRPC_482,{'type': 'MATCHES'}
Q_671,CRPC_41,{'type': 'MATCHES'}
Q_671,CRPC_73,{'type': 'MATCHES'}
Q_671,CRPC_160,{'type': 'MATCHES'}
Q_671,IEA_27,{'type': 'MATCHES'}
Q_673,fir,{'type': 'RELATES_TO'}
Q_673,CRPC_154,{'type': 'MATCHES'}
Q_673,CRPC_156,{'type': 'MATCHES'}
Q_673,CRPC_200,{'type': 'MATCHES'}
Q_673,CRPC_210,{'type': 'MATCHES'}
Q_673,CRPC_302,{'type': 'MATCHES'}
Q_673,CRPC_482,{'type': 'MATCHES'}
Q_673,CPC_24,{'type': 'MATCHES'}
Q_674,confession,{'type': 'RELATES_TO'}
Q_674,murder,{'type': 'RELATES_TO'}
Q_674,CRPC_161,{'type': 'MATCHES'}
Q_674,CRPC_164,{'type': 'MATCHES'}
Q_674,IEA_27,{'type': 'MATCHES'}
Q_674,IPC_302,{'type': 'MATCHES'}
Q_674,IPC_307,{'type': 'MATCHES'}
Q_674,IPC_308,{'type': 'MATCHES'}
Q_674,IPC_309,{'type': 'MATCHES'}
Q_675,cheating,{'type': 'RELATES_TO'}
Q_675,IPC_415,{'type': 'MATCHES'}
Q_675,IPC_417,{'type': 'MATCHES'}
Q_675,IPC_419,{'type': 'MATCHES'}
Q_675,IPC_420,{'type': 'MATCHES'}
Q_675,CRPC_320,{'type': 'MATCHES'}
Q_675,ICA_73,{'type': 'MATCHES'}
Q_675,ICA_74,{'type': 'MATCHES'}
Q_675,ICA_75,{'type': 'MATCHES'}
Q_676,fir,{'type': 'RELATES_TO'}
Q_676,arrest,{'type': 'RELATES_TO'}
Q_676,CRPC_154,{'type': 'MATCHES'}
Q_676,CRPC_156,{'type': 'MATCHES'}
Q_676,CRPC_200,{'type': 'MATCHES'}
Q_676,CRPC_210,{'type': 'MATCHES'}
Q_676,CRPC_302,{'type': 'MATCHES'}
Q_676,CRPC_482,{'type': 'MATCHES'}
Q_676,CPC_24,{'type': 'MATCHES'}
Q_676,CRPC_41,{'type': 'MATCHES'}
Q_676,CRPC_73,{'type': 'MATCHES'}
Q_676,CRPC_160,{'type': 'MATCHES'}
Q_676,CRPC_167,{'type': 'MATCHES'}
Q_676,IEA_27,{'type': 'MATCHES'}
Q_677,defamation,{'type': 'RELATES_TO'}
Q_677,IPC_499,{'type': 'MATCHES'}
Q_677,IPC_500,{'type': 'MATCHES'}
Q_679,maintenance,{'type': 'RELATES_TO'}
Q_679,CRPC_125,{'type': 'MATCHES'}
Q_679,HMA_9,{'type': 'MATCHES'}
Q_680,criminal_breach_of_trust,{'type': 'RELATES_TO'}
Q_680,IPC_406,{'type': 'MATCHES'}
Q_680,IPC_409,{'type': 'MATCHES'}
Q_680,ICA_73,{'type': 'MATCHES'}
Q_681,cheating,{'type': 'RELATES_TO'}
Q_681,defamation,{'type': 'RELATES_TO'}
Q_681,IPC_415,{'type': 'MATCHES'}
Q_681,IPC_417,{'type': 'MATCHES'}
Q_681,IPC_419,{'type': 'MATCHES'}
Q_681,IPC_420,{'type': 'MATCHES'}
Q_681,CRPC_320,{'type': 'MATCHES'}
Q_681,ICA_73,{'type': 'MATCHES'}
Q_681,ICA_74,{'type': 'MATCHES'}
Q_681,ICA_75,{'type': 'MATCHES'}
Q_681,IPC_499,{'type': 'MATCHES'}
Q_681,IPC_500,{'type': 'MATCHES'}
Q_683,fir,{'type': 'RELATES_TO'}
Q_683,cheating,{'type': 'RELATES_TO'}
Q_683,CRPC_154,{'type': 'MATCHES'}
Q_683,CRPC_156,{'type': 'MATCHES'}
Q_683,CRPC_200,{'type': 'MATCHES'}
Q_683,CRPC_210,{'type': 'MATCHES'}
Q_683,CRPC_302,{'type': 'MATCHES'}
Q_683,CRPC_482,{'type': 'MATCHES'}
Q_683,CPC_24,{'type': 'MATCHES'}
Q_683,IPC_415,{'type': 'MATCHES'}
Q_683,IPC_417,{'type': 'MATCHES'}
Q_683,IPC_419,{'type': 'MATCHES'}
Q_683,IPC_420,{'type': 'MATCHES'}
Q_683,CRPC_320,{'type': 'MATCHES'}
Q_683,ICA_73,{'type': 'MATCHES'}
Q_683,ICA_74,{'type': 'MATCHES'}
Q_683,ICA_75,{'type': 'MATCHES'}
Q_684,fir,{'type': 'RELATES_TO'}
Q_684,cheating,{'type': 'RELATES_TO'}
Q_684,CRPC_154,{'type': 'MATCHES'}
Q_684,CRPC_156,{'type': 'MATCHES'}
Q_684,CRPC_200,{'type': 'MATCHES'}
Q_684,CRPC_210,{'type': 'MATCHES'}
Q_684,CRPC_302,{'type': 'MATCHES'}
Q_684,CRPC_482,{'type': 'MATCHES'}
Q_684,CPC_24,{'type': 'MATCHES'}
Q_684,IPC_415,{'type': 'MATCHES'}
Q_684,IPC_417,{'type': 'MATCHES'}
Q_684,IPC_419,{'type': 'MATCHES'}
Q_684,IPC_420,{'type': 'MATCHES'}
Q_684,CRPC_320,{'type': 'MATCHES'}
Q_684,ICA_73,{'type': 'MATCHES'}
Q_684,ICA_74,{'type': 'MATCHES'}
Q_684,ICA_75,{'type': 'MATCHES'}
Q_685,fir,{'type': 'RELATES_TO'}
Q_685,charge_sheet,{'type': 'RELATES_TO'}
Q_685,CRPC_154,{'type': 'MATCHES'}
Q_685,CRPC_156,{'type': 'MATCHES'}
Q_685,CRPC_200,{'type': 'MATCHES'}
Q_685,CRPC_210,{'type': 'MATCHES'}
Q_685,CRPC_302,{'type': 'MATCHES'}
Q_685,CRPC_482,{'type': 'MATCHES'}
Q_685,CPC_24,{'type': 'MATCHES'}
Q_685,CRPC_173,{'type': 'MATCHES'}
Q_685,CRPC_205,{'type': 'MATCHES'}
Q_685,CRPC_216,{'type': 'MATCHES'}
Q_685,CRPC_227,{'type': 'MATCHES'}
Q_685,CRPC_239,{'type': 'MATCHES'}
Q_685,CRPC_317,{'type': 'MATCHES'}
Q_686,charge_sheet,{'type': 'RELATES_TO'}
Q_686,arrest,{'type': 'RELATES_TO'}
Q_686,CRPC_173,{'type': 'MATCHES'}
Q_686,CRPC_205,{'type': 'MATCHES'}
Q_686,CRPC_210,{'type': 'MATCHES'}
Q_686,CRPC_216,{'type': 'MATCHES'}
Q_686,CRPC_227,{'type': 'MATCHES'}
Q_686,CRPC_239,{'type': 'MATCHES'}
Q_686,CRPC_317,{'type': 'MATCHES'}
Q_686,CRPC_41,{'type': 'MATCHES'}
Q_686,CRPC_73,{'type': 'MATCHES'}
Q_686,CRPC_160,{'type': 'MATCHES'}
Q_686,CRPC_167,{'type': 'MATCHES'}
Q_686,IEA_27,{'type': 'MATCHES'}
Q_687,fir,{'type': 'RELATES_TO'}
Q_687,CRPC_154,{'type': 'MATCHES'}
Q_687,CRPC_156,{'type': 'MATCHES'}
Q_687,CRPC_200,{'type': 'MATCHES'}
Q_687,CRPC_210,{'type': 'MATCHES'}
Q_687,CRPC_302,{'type': 'MATCHES'}
Q_687,CRPC_482,{'type': 'MATCHES'}
Q_687,CPC_24,{'type': 'MATCHES'}
Q_688,fir,{'type': 'RELATES_TO'}
Q_688,CRPC_154,{'type': 'MATCHES'}
Q_688,CRPC_156,{'type': 'MATCHES'}
Q_688,CRPC_200,{'type': 'MATCHES'}
Q_688,CRPC_210,{'type': 'MATCHES'}
Q_688,CRPC_302,{'type': 'MATCHES'}
Q_688,CRPC_482,{'type': 'MATCHES'}
Q_688,CPC_24,{'type': 'MATCHES'}
Q_689,defamation,{'type': 'RELATES_TO'}
Q_689,IPC_499,{'type': 'MATCHES'}
Q_689,IPC_500,{'type': 'MATCHES'}
Q_690,fir,{'type': 'RELATES_TO'}
Q_690,bail,{'type': 'RELATES_TO'}
Q_690,CRPC_154,{'type': 'MATCHES'}
Q_690,CRPC_156,{'type': 'MATCHES'}
Q_690,CRPC_200,{'type': 'MATCHES'}
Q_690,CRPC_210,{'type': 'MATCHES'}
Q_690,CRPC_302,{'type': 'MATCHES'}
Q_690,CRPC_482,{'type': 'MATCHES'}
Q_690,CPC_24,{'type': 'MATCHES'}
Q_690,CRPC_167,{'type': 'MATCHES'}
Q_690,CRPC_397,{'type': 'MATCHES'}
Q_690,CRPC_439,{'type': 'MATCHES'}
Q_693,bail,{'type': 'RELATES_TO'}
Q_693,CRPC_167,{'type': 'MATCHES'}
Q_693,CRPC_397,{'type': 'MATCHES'}
Q_693,CRPC_439,{'type': 'MATCHES'}
Q_693,CRPC_482,{'type': 'MATCHES'}
Q_694,trespass,{'type': 'RELATES_TO'}
Q_694,IPC_447,{'type': 'MATCHES'}
Q_694,IPC_448,{'type': 'MATCHES'}
Q_695,charge_sheet,{'type': 'RELATES_TO'}
Q_695,CRPC_173,{'type': 'MATCHES'}
Q_695,CRPC_205,{'type': 'MATCHES'}
Q_695,CRPC_210,{'type': 'MATCHES'}
Q_695,CRPC_216,{'type': 'MATCHES'}
Q_695,CRPC_227,{'type': 'MATCHES'}
Q_695,CRPC_239,{'type': 'MATCHES'}
Q_695,CRPC_317,{'type': 'MATCHES'}
Q_700,fir,{'type': 'RELATES_TO'}
Q_700,CRPC_154,{'type': 'MATCHES'}
Q_700,CRPC_156,{'type': 'MATCHES'}
Q_700,CRPC_200,{'type': 'MATCHES'}
Q_700,CRPC_210,{'type': 'MATCHES'}
Q_700,CRPC_302,{'type': 'MATCHES'}
Q_700,CRPC_482,{'type': 'MATCHES'}
Q_700,CPC_24,{'type': 'MATCHES'}
Q_701,fir,{'type': 'RELATES_TO'}
Q_701,CRPC_154,{'type': 'MATCHES'}
Q_701,CRPC_156,{'type': 'MATCHES'}
Q_701,CRPC_200,{'type': 'MATCHES'}
Q_701,CRPC_210,{'type': 'MATCHES'}
Q_701,CRPC_302,{'type': 'MATCHES'}
Q_701,CRPC_482,{'type': 'MATCHES'}
Q_701,CPC_24,{'type': 'MATCHES'}
Q_703,fir,{'type': 'RELATES_TO'}
Q_703,cheating,{'type': 'RELATES_TO'}
Q_703,CRPC_154,{'type': 'MATCHES'}
Q_703,CRPC_156,{'type': 'MATCHES'}
Q_703,CRPC_200,{'type': 'MATCHES'}
Q_703,CRPC_210,{'type': 'MATCHES'}
Q_703,CRPC_302,{'type': 'MATCHES'}
Q_703,CRPC_482,{'type': 'MATCHES'}
Q_703,CPC_24,{'type': 'MATCHES'}
Q_703,IPC_415,{'type': 'MATCHES'}
Q_703,IPC_417,{'type': 'MATCHES'}
Q_703,IPC_419,{'type': 'MATCHES'}
Q_703,IPC_420,{'type': 'MATCHES'}
Q_703,CRPC_320,{'type': 'MATCHES'}
Q_703,ICA_73,{'type': 'MATCHES'}
Q_703,ICA_74,{'type': 'MATCHES'}
Q_703,ICA_75,{'type': 'MATCHES'}
Q_704,bail,{'type': 'RELATES_TO'}
Q_704,anticipatory_bail,{'type': 'RELATES_TO'}
Q_704,CRPC_167,{'type': 'MATCHES'}
Q_704,CRPC_397,{'type': 'MATCHES'}
Q_704,CRPC_439,{'type': 'MATCHES'}
Q_704,CRPC_482,{'type': 'MATCHES'}
Q_704,CRPC_438,{'type': 'MATCHES'}
Q_705,domestic_violence,{'type': 'RELATES_TO'}
Q_707,arrest,{'type': 'RELATES_TO'}
Q_707,CRPC_41,{'type': 'MATCHES'}
Q_707,CRPC_73,{'type': 'MATCHES'}
Q_707,CRPC_160,{'type': 'MATCHES'}
Q_707,CRPC_167,{'type': 'MATCHES'}
Q_707,IEA_27,{'type': 'MATCHES'}
Q_708,abetment,{'type': 'RELATES_TO'}
Q_708,defamation,{'type': 'RELATES_TO'}
Q_708,IPC_107,{'type': 'MATCHES'}
Q_708,IPC_499,{'type': 'MATCHES'}
Q_708,IPC_500,{'type': 'MATCHES'}
Q_709,cheating,{'type': 'RELATES_TO'}
Q_709,IPC_415,{'type': 'MATCHES'}
Q_709,IPC_417,{'type': 'MATCHES'}
Q_709,IPC_419,{'type': 'MATCHES'}
Q_709,IPC_420,{'type': 'MATCHES'}
Q_709,CRPC_320,{'type': 'MATCHES'}
Q_709,ICA_73,{'type': 'MATCHES'}
Q_709,ICA_74,{'type': 'MATCHES'}
Q_709,ICA_75,{'type': 'MATCHES'}
Q_710,extortion,{'type': 'RELATES_TO'}
Q_710,charge_sheet,{'type': 'RELATES_TO'}
Q_710,corruption,{'type': 'RELATES_TO'}
Q_710,IPC_383,{'type': 'MATCHES'}
Q_710,IPC_384,{'type': 'MATCHES'}
Q_710,CRPC_173,{'type': 'MATCHES'}
Q_710,CRPC_205,{'type': 'MATCHES'}
Q_710,CRPC_210,{'type': 'MATCHES'}
Q_710,CRPC_216,{'type': 'MATCHES'}
Q_710,CRPC_227,{'type': 'MATCHES'}
Q_710,CRPC_239,{'type': 'MATCHES'}
Q_710,CRPC_317,{'type': 'MATCHES'}
Q_710,IPC_409,{'type': 'MATCHES'}
Q_710,PCA_7,{'type': 'MATCHES'}
Q_710,PCA_13,{'type': 'MATCHES'}
Q_711,cheating,{'type': 'RELATES_TO'}
Q_711,IPC_415,{'type': 'MATCHES'}
Q_711,IPC_417,{'type': 'MATCHES'}
Q_711,IPC_419,{'type': 'MATCHES'}
Q_711,IPC_420,{'type': 'MATCHES'}
Q_711,CRPC_320,{'type': 'MATCHES'}
Q_711,ICA_73,{'type': 'MATCHES'}
Q_711,ICA_74,{'type': 'MATCHES'}
Q_711,ICA_75,{'type': 'MATCHES'}
Q_712,extortion,{'type': 'RELATES_TO'}
Q_712,fir,{'type': 'RELATES_TO'}
Q_712,assault,{'type': 'RELATES_TO'}
Q_712,IPC_383,{'type': 'MATCHES'}
Q_712,IPC_384,{'type': 'MATCHES'}
Q_712,CRPC_154,{'type': 'MATCHES'}
Q_712,CRPC_156,{'type': 'MATCHES'}
Q_712,CRPC_200,{'type': 'MATCHES'}
Q_712,CRPC_210,{'type': 'MATCHES'}
Q_712,CRPC_302,{'type': 'MATCHES'}
Q_712,CRPC_482,{'type': 'MATCHES'}
Q_712,CPC_24,{'type': 'MATCHES'}
Q_712,IPC_320,{'type': 'MATCHES'}
Q_712,IPC_323,{'type': 'MATCHES'}
Q_712,IPC_324,{'type': 'MATCHES'}
Q_712,IPC_325,{'type': 'MATCHES'}
Q_712,IPC_326,{'type': 'MATCHES'}
Q_712,IPC_337,{'type': 'MATCHES'}
Q_712,IPC_338,{'type': 'MATCHES'}
Q_712,IPC_350,{'type': 'MATCHES'}
Q_712,CRPC_320,{'type': 'MATCHES'}
Q_713,theft,{'type': 'RELATES_TO'}
Q_713,IPC_378,{'type': 'MATCHES'}
Q_713,IPC_379,{'type': 'MATCHES'}
Q_713,IPC_411,{'type': 'MATCHES'}
Q_713,CRPC_451,{'type': 'MATCHES'}
Q_713,CRPC_457,{'type': 'MATCHES'}
Q_715,maintenance,{'type': 'RELATES_TO'}
Q_715,CRPC_125,{'type': 'MATCHES'}
Q_715,HMA_9,{'type': 'MATCHES'}
Q_716,fir,{'type': 'RELATES_TO'}
Q_716,assault,{'type': 'RELATES_TO'}
Q_716,CRPC_154,{'type': 'MATCHES'}
Q_716,CRPC_156,{'type': 'MATCHES'}
Q_716,CRPC_200,{'type': 'MATCHES'}
Q_716,CRPC_210,{'type': 'MATCHES'}
Q_716,CRPC_302,{'type': 'MATCHES'}
Q_716,CRPC_482,{'type': 'MATCHES'}
Q_716,CPC_24,{'type': 'MATCHES'}
Q_716,IPC_320,{'type': 'MATCHES'}
Q_716,IPC_323,{'type': 'MATCHES'}
Q_716,IPC_324,{'type': 'MATCHES'}
Q_716,IPC_325,{'type': 'MATCHES'}
Q_716,IPC_326,{'type': 'MATCHES'}
Q_716,IPC_337,{'type': 'MATCHES'}
Q_716,IPC_338,{'type': 'MATCHES'}
Q_716,IPC_350,{'type': 'MATCHES'}
Q_716,CRPC_320,{'type': 'MATCHES'}
Q_718,fir,{'type': 'RELATES_TO'}
Q_718,bail,{'type': 'RELATES_TO'}
Q_718,arrest,{'type': 'RELATES_TO'}
Q_718,anticipatory_bail,{'type': 'RELATES_TO'}
Q_718,CRPC_154,{'type': 'MATCHES'}
Q_718,CRPC_156,{'type': 'MATCHES'}
Q_718,CRPC_200,{'type': 'MATCHES'}
Q_718,CRPC_210,{'type': 'MATCHES'}
Q_718,CRPC_302,{'type': 'MATCHES'}
Q_718,CRPC_482,{'type': 'MATCHES'}
Q_718,CPC_24,{'type': 'MATCHES'}
Q_718,CRPC_167,{'type': 'MATCHES'}
Q_718,CRPC_397,{'type': 'MATCHES'}
Q_718,CRPC_439,{'type': 'MATCHES'}
Q_718,CRPC_41,{'type': 'MATCHES'}
Q_718,CRPC_73,{'type': 'MATCHES'}
Q_718,CRPC_160,{'type': 'MATCHES'}
Q_718,IEA_27,{'type': 'MATCHES'}
Q_718,CRPC_438,{'type': 'MATCHES'}
Q_720,fir,{'type': 'RELATES_TO'}
Q_720,CRPC_154,{'type': 'MATCHES'}
Q_720,CRPC_156,{'type': 'MATCHES'}
Q_720,CRPC_200,{'type': 'MATCHES'}
Q_720,CRPC_210,{'type': 'MATCHES'}
Q_720,CRPC_302,{'type': 'MATCHES'}
Q_720,CRPC_482,{'type': 'MATCHES'}
Q_720,CPC_24,{'type': 'MATCHES'}
Q_721,fir,{'type': 'RELATES_TO'}
Q_721,cheating,{'type': 'RELATES_TO'}
Q_721,CRPC_154,{'type': 'MATCHES'}
Q_721,CRPC_156,{'type': 'MATCHES'}
Q_721,CRPC_200,{'type': 'MATCHES'}
Q_721,CRPC_210,{'type': 'MATCHES'}
Q_721,CRPC_302,{'type': 'MATCHES'}
Q_721,CRPC_482,{'type': 'MATCHES'}
Q_721,CPC_24,{'type': 'MATCHES'}
Q_721,IPC_415,{'type': 'MATCHES'}
Q_721,IPC_417,{'type': 'MATCHES'}
Q_721,IPC_419,{'type': 'MATCHES'}
Q_721,IPC_420,{'type': 'MATCHES'}
Q_721,CRPC_320,{'type': 'MATCHES'}
Q_721,ICA_73,{'type': 'MATCHES'}
Q_721,ICA_74,{'type': 'MATCHES'}
Q_721,ICA_75,{'type': 'MATCHES'}
Q_723,cheating,{'type': 'RELATES_TO'}
Q_723,IPC_415,{'type': 'MATCHES'}
Q_723,IPC_417,{'type': 'MATCHES'}
Q_723,IPC_419,{'type': 'MATCHES'}
Q_723,IPC_420,{'type': 'MATCHES'}
Q_723,CRPC_320,{'type': 'MATCHES'}
Q_723,ICA_73,{'type': 'MATCHES'}
Q_723,ICA_74,{'type': 'MATCHES'}
Q_723,ICA_75,{'type': 'MATCHES'}
Q_727,cheating,{'type': 'RELATES_TO'}
Q_727,IPC_415,{'type': 'MATCHES'}
Q_727,IPC_417,{'type': 'MATCHES'}
Q_727,IPC_419,{'type': 'MATCHES'}
Q_727,IPC_420,{'type': 'MATCHES'}
Q_727,CRPC_320,{'type': 'MATCHES'}
Q_727,ICA_73,{'type': 'MATCHES'}
Q_727,ICA_74,{'type': 'MATCHES'}
Q_727,ICA_75,{'type': 'MATCHES'}
Q_730,cheating,{'type': 'RELATES_TO'}
Q_730,IPC_415,{'type': 'MATCHES'}
Q_730,IPC_417,{'type': 'MATCHES'}
Q_730,IPC_419,{'type': 'MATCHES'}
Q_730,IPC_420,{'type': 'MATCHES'}
Q_730,CRPC_320,{'type': 'MATCHES'}
Q_730,ICA_73,{'type': 'MATCHES'}
Q_730,ICA_74,{'type': 'MATCHES'}
Q_730,ICA_75,{'type': 'MATCHES'}
Q_731,cheating,{'type': 'RELATES_TO'}
Q_731,IPC_415,{'type': 'MATCHES'}
Q_731,IPC_417,{'type': 'MATCHES'}
Q_731,IPC_419,{'type': 'MATCHES'}
Q_731,IPC_420,{'type': 'MATCHES'}
Q_731,CRPC_320,{'type': 'MATCHES'}
Q_731,ICA_73,{'type': 'MATCHES'}
Q_731,ICA_74,{'type': 'MATCHES'}
Q_731,ICA_75,{'type': 'MATCHES'}
Q_732,fir,{'type': 'RELATES_TO'}
Q_732,CRPC_154,{'type': 'MATCHES'}
Q_732,CRPC_156,{'type': 'MATCHES'}
Q_732,CRPC_200,{'type': 'MATCHES'}
Q_732,CRPC_210,{'type': 'MATCHES'}
Q_732,CRPC_302,{'type': 'MATCHES'}
Q_732,CRPC_482,{'type': 'MATCHES'}
Q_732,CPC_24,{'type': 'MATCHES'}
Q_733,bail,{'type': 'RELATES_TO'}
Q_733,arrest,{'type': 'RELATES_TO'}
Q_733,anticipatory_bail,{'type': 'RELATES_TO'}
Q_733,CRPC_167,{'type': 'MATCHES'}
Q_733,CRPC_397,{'type': 'MATCHES'}
Q_733,CRPC_439,{'type': 'MATCHES'}
Q_733,CRPC_482,{'type': 'MATCHES'}
Q_733,CRPC_41,{'type': 'MATCHES'}
Q_733,CRPC_73,{'type': 'MATCHES'}
Q_733,CRPC_160,{'type': 'MATCHES'}
Q_733,IEA_27,{'type': 'MATCHES'}
Q_733,CRPC_438,{'type': 'MATCHES'}
Q_737,fir,{'type': 'RELATES_TO'}
Q_737,arrest,{'type': 'RELATES_TO'}
Q_737,anticipatory_bail,{'type': 'RELATES_TO'}
Q_737,CRPC_154,{'type': 'MATCHES'}
Q_737,CRPC_156,{'type': 'MATCHES'}
Q_737,CRPC_200,{'type': 'MATCHES'}
Q_737,CRPC_210,{'type': 'MATCHES'}
Q_737,CRPC_302,{'type': 'MATCHES'}
Q_737,CRPC_482,{'type': 'MATCHES'}
Q_737,CPC_24,{'type': 'MATCHES'}
Q_737,CRPC_41,{'type': 'MATCHES'}
Q_737,CRPC_73,{'type': 'MATCHES'}
Q_737,CRPC_160,{'type': 'MATCHES'}
Q_737,CRPC_167,{'type': 'MATCHES'}
Q_737,IEA_27,{'type': 'MATCHES'}
Q_737,CRPC_438,{'type': 'MATCHES'}
Q_738,extortion,{'type': 'RELATES_TO'}
Q_738,IPC_383,{'type': 'MATCHES'}
Q_738,IPC_384,{'type': 'MATCHES'}
Q_739,fir,{'type': 'RELATES_TO'}
Q_739,CRPC_154,{'type': 'MATCHES'}
Q_739,CRPC_156,{'type': 'MATCHES'}
Q_739,CRPC_200,{'type': 'MATCHES'}
Q_739,CRPC_210,{'type': 'MATCHES'}
Q_739,CRPC_302,{'type': 'MATCHES'}
Q_739,CRPC_482,{'type': 'MATCHES'}
Q_739,CPC_24,{'type': 'MATCHES'}
Q_740,fir,{'type': 'RELATES_TO'}
Q_740,CRPC_154,{'type': 'MATCHES'}
Q_740,CRPC_156,{'type': 'MATCHES'}
Q_740,CRPC_200,{'type': 'MATCHES'}
Q_740,CRPC_210,{'type': 'MATCHES'}
Q_740,CRPC_302,{'type': 'MATCHES'}
Q_740,CRPC_482,{'type': 'MATCHES'}
Q_740,CPC_24,{'type': 'MATCHES'}
Q_741,fir,{'type': 'RELATES_TO'}
Q_741,cheating,{'type': 'RELATES_TO'}
Q_741,rape,{'type': 'RELATES_TO'}
Q_741,CRPC_154,{'type': 'MATCHES'}
Q_741,CRPC_156,{'type': 'MATCHES'}
Q_741,CRPC_200,{'type': 'MATCHES'}
Q_741,CRPC_210,{'type': 'MATCHES'}
Q_741,CRPC_302,{'type': 'MATCHES'}
Q_741,CRPC_482,{'type': 'MATCHES'}
Q_741,CPC_24,{'type': 'MATCHES'}
Q_741,IPC_415,{'type': 'MATCHES'}
Q_741,IPC_417,{'type': 'MATCHES'}
Q_741,IPC_419,{'type': 'MATCHES'}
Q_741,IPC_420,{'type': 'MATCHES'}
Q_741,CRPC_320,{'type': 'MATCHES'}
Q_741,ICA_73,{'type': 'MATCHES'}
Q_741,ICA_74,{'type': 'MATCHES'}
Q_741,ICA_75,{'type': 'MATCHES'}
Q_741,IPC_375,{'type': 'MATCHES'}
Q_741,IPC_376,{'type': 'MATCHES'}
Q_741,IEA_45,{'type': 'MATCHES'}
Q_742,fir,{'type': 'RELATES_TO'}
Q_742,CRPC_154,{'type': 'MATCHES'}
Q_742,CRPC_156,{'type': 'MATCHES'}
Q_742,CRPC_200,{'type': 'MATCHES'}
Q_742,CRPC_210,{'type': 'MATCHES'}
Q_742,CRPC_302,{'type': 'MATCHES'}
Q_742,CRPC_482,{'type': 'MATCHES'}
Q_742,CPC_24,{'type': 'MATCHES'}
Q_743,fir,{'type': 'RELATES_TO'}
Q_743,cheating,{'type': 'RELATES_TO'}
Q_743,bail,{'type': 'RELATES_TO'}
Q_743,CRPC_154,{'type': 'MATCHES'}
Q_743,CRPC_156,{'type': 'MATCHES'}
Q_743,CRPC_200,{'type': 'MATCHES'}
Q_743,CRPC_210,{'type': 'MATCHES'}
Q_743,CRPC_302,{'type': 'MATCHES'}
Q_743,CRPC_482,{'type': 'MATCHES'}
Q_743,CPC_24,{'type': 'MATCHES'}
Q_743,IPC_415,{'type': 'MATCHES'}
Q_743,IPC_417,{'type': 'MATCHES'}
Q_743,IPC_419,{'type': 'MATCHES'}
Q_743,IPC_420,{'type': 'MATCHES'}
Q_743,CRPC_320,{'type': 'MATCHES'}
Q_743,ICA_73,{'type': 'MATCHES'}
Q_743,ICA_74,{'type': 'MATCHES'}
Q_743,ICA_75,{'type': 'MATCHES'}
Q_743,CRPC_167,{'type': 'MATCHES'}
Q_743,CRPC_397,{'type': 'MATCHES'}
Q_743,CRPC_439,{'type': 'MATCHES'}
Q_746,domestic_violence,{'type': 'RELATES_TO'}
Q_747,bail,{'type': 'RELATES_TO'}
Q_747,CRPC_167,{'type': 'MATCHES'}
Q_747,CRPC_397,{'type': 'MATCHES'}
Q_747,CRPC_439,{'type': 'MATCHES'}
Q_747,CRPC_482,{'type': 'MATCHES'}
Q_748,maintenance,{'type': 'RELATES_TO'}
Q_748,CRPC_125,{'type': 'MATCHES'}
Q_748,HMA_9,{'type': 'MATCHES'}
Q_749,fir,{'type': 'RELATES_TO'}
Q_749,arrest,{'type': 'RELATES_TO'}
Q_749,CRPC_154,{'type': 'MATCHES'}
Q_749,CRPC_156,{'type': 'MATCHES'}
Q_749,CRPC_200,{'type': 'MATCHES'}
Q_749,CRPC_210,{'type': 'MATCHES'}
Q_749,CRPC_302,{'type': 'MATCHES'}
Q_749,CRPC_482,{'type': 'MATCHES'}
Q_749,CPC_24,{'type': 'MATCHES'}
Q_749,CRPC_41,{'type': 'MATCHES'}
Q_749,CRPC_73,{'type': 'MATCHES'}
Q_749,CRPC_160,{'type': 'MATCHES'}
Q_749,CRPC_167,{'type': 'MATCHES'}
Q_749,IEA_27,{'type': 'MATCHES'}
Q_750,extortion,{'type': 'RELATES_TO'}
Q_750,defamation,{'type': 'RELATES_TO'}
Q_750,IPC_383,{'type': 'MATCHES'}
Q_750,IPC_384,{'type': 'MATCHES'}
Q_750,IPC_499,{'type': 'MATCHES'}
Q_750,IPC_500,{'type': 'MATCHES'}
Q_752,fir,{'type': 'RELATES_TO'}
Q_752,CRPC_154,{'type': 'MATCHES'}
Q_752,CRPC_156,{'type': 'MATCHES'}
Q_752,CRPC_200,{'type': 'MATCHES'}
Q_752,CRPC_210,{'type': 'MATCHES'}
Q_752,CRPC_302,{'type': 'MATCHES'}
Q_752,CRPC_482,{'type': 'MATCHES'}
Q_752,CPC_24,{'type': 'MATCHES'}
Q_753,fir,{'type': 'RELATES_TO'}
Q_753,bail,{'type': 'RELATES_TO'}
Q_753,CRPC_154,{'type': 'MATCHES'}
Q_753,CRPC_156,{'type': 'MATCHES'}
Q_753,CRPC_200,{'type': 'MATCHES'}
Q_753,CRPC_210,{'type': 'MATCHES'}
Q_753,CRPC_302,{'type': 'MATCHES'}
Q_753,CRPC_482,{'type': 'MATCHES'}
Q_753,CPC_24,{'type': 'MATCHES'}
Q_753,CRPC_167,{'type': 'MATCHES'}
Q_753,CRPC_397,{'type': 'MATCHES'}
Q_753,CRPC_439,{'type': 'MATCHES'}
Q_755,arrest,{'type': 'RELATES_TO'}
Q_755,CRPC_41,{'type': 'MATCHES'}
Q_755,CRPC_73,{'type': 'MATCHES'}
Q_755,CRPC_160,{'type': 'MATCHES'}
Q_755,CRPC_167,{'type': 'MATCHES'}
Q_755,IEA_27,{'type': 'MATCHES'}
Q_756,fir,{'type': 'RELATES_TO'}
Q_756,bail,{'type': 'RELATES_TO'}
Q_756,CRPC_154,{'type': 'MATCHES'}
Q_756,CRPC_156,{'type': 'MATCHES'}
Q_756,CRPC_200,{'type': 'MATCHES'}
Q_756,CRPC_210,{'type': 'MATCHES'}
Q_756,CRPC_302,{'type': 'MATCHES'}
Q_756,CRPC_482,{'type': 'MATCHES'}
Q_756,CPC_24,{'type': 'MATCHES'}
Q_756,CRPC_167,{'type': 'MATCHES'}
Q_756,CRPC_397,{'type': 'MATCHES'}
Q_756,CRPC_439,{'type': 'MATCHES'}
Q_757,fir,{'type': 'RELATES_TO'}
Q_757,CRPC_154,{'type': 'MATCHES'}
Q_757,CRPC_156,{'type': 'MATCHES'}
Q_757,CRPC_200,{'type': 'MATCHES'}
Q_757,CRPC_210,{'type': 'MATCHES'}
Q_757,CRPC_302,{'type': 'MATCHES'}
Q_757,CRPC_482,{'type': 'MATCHES'}
Q_757,CPC_24,{'type': 'MATCHES'}
Q_758,arrest,{'type': 'RELATES_TO'}
Q_758,anticipatory_bail,{'type': 'RELATES_TO'}
Q_758,CRPC_41,{'type': 'MATCHES'}
Q_758,CRPC_73,{'type': 'MATCHES'}
Q_758,CRPC_160,{'type': 'MATCHES'}
Q_758,CRPC_167,{'type': 'MATCHES'}
Q_758,IEA_27,{'type': 'MATCHES'}
Q_758,CRPC_438,{'type': 'MATCHES'}
Q_759,cheating,{'type': 'RELATES_TO'}
Q_759,IPC_415,{'type': 'MATCHES'}
Q_759,IPC_417,{'type': 'MATCHES'}
Q_759,IPC_419,{'type': 'MATCHES'}
Q_759,IPC_420,{'type': 'MATCHES'}
Q_759,CRPC_320,{'type': 'MATCHES'}
Q_759,ICA_73,{'type': 'MATCHES'}
Q_759,ICA_74,{'type': 'MATCHES'}
Q_759,ICA_75,{'type': 'MATCHES'}
Q_761,fir,{'type': 'RELATES_TO'}
Q_761,CRPC_154,{'type': 'MATCHES'}
Q_761,CRPC_156,{'type': 'MATCHES'}
Q_761,CRPC_200,{'type': 'MATCHES'}
Q_761,CRPC_210,{'type': 'MATCHES'}
Q_761,CRPC_302,{'type': 'MATCHES'}
Q_761,CRPC_482,{'type': 'MATCHES'}
Q_761,CPC_24,{'type': 'MATCHES'}
Q_762,fir,{'type': 'RELATES_TO'}
Q_762,CRPC_154,{'type': 'MATCHES'}
Q_762,CRPC_156,{'type': 'MATCHES'}
Q_762,CRPC_200,{'type': 'MATCHES'}
Q_762,CRPC_210,{'type': 'MATCHES'}
Q_762,CRPC_302,{'type': 'MATCHES'}
Q_762,CRPC_482,{'type': 'MATCHES'}
Q_762,CPC_24,{'type': 'MATCHES'}
Q_763,charge_sheet,{'type': 'RELATES_TO'}
Q_763,fir,{'type': 'RELATES_TO'}
Q_763,murder,{'type': 'RELATES_TO'}
Q_763,rape,{'type': 'RELATES_TO'}
Q_763,CRPC_173,{'type': 'MATCHES'}
Q_763,CRPC_205,{'type': 'MATCHES'}
Q_763,CRPC_210,{'type': 'MATCHES'}
Q_763,CRPC_216,{'type': 'MATCHES'}
Q_763,CRPC_227,{'type': 'MATCHES'}
Q_763,CRPC_239,{'type': 'MATCHES'}
Q_763,CRPC_317,{'type': 'MATCHES'}
Q_763,CRPC_154,{'type': 'MATCHES'}
Q_763,CRPC_156,{'type': 'MATCHES'}
Q_763,CRPC_200,{'type': 'MATCHES'}
Q_763,CRPC_302,{'type': 'MATCHES'}
Q_763,CRPC_482,{'type': 'MATCHES'}
Q_763,CPC_24,{'type': 'MATCHES'}
Q_763,IPC_302,{'type': 'MATCHES'}
Q_763,IPC_307,{'type': 'MATCHES'}
Q_763,IPC_308,{'type': 'MATCHES'}
Q_763,IPC_309,{'type': 'MATCHES'}
Q_763,IPC_375,{'type': 'MATCHES'}
Q_763,IPC_376,{'type': 'MATCHES'}
Q_763,IEA_45,{'type': 'MATCHES'}
Q_766,fir,{'type': 'RELATES_TO'}
Q_766,domestic_violence,{'type': 'RELATES_TO'}
Q_766,maintenance,{'type': 'RELATES_TO'}
Q_766,CRPC_154,{'type': 'MATCHES'}
Q_766,CRPC_156,{'type': 'MATCHES'}
Q_766,CRPC_200,{'type': 'MATCHES'}
Q_766,CRPC_210,{'type': 'MATCHES'}
Q_766,CRPC_302,{'type': 'MATCHES'}
Q_766,CRPC_482,{'type': 'MATCHES'}
Q_766,CPC_24,{'type': 'MATCHES'}
Q_766,CRPC_125,{'type': 'MATCHES'}
Q_766,HMA_9,{'type': 'MATCHES'}
Q_767,fir,{'type': 'RELATES_TO'}
Q_767,cheating,{'type': 'RELATES_TO'}
Q_767,CRPC_154,{'type': 'MATCHES'}
Q_767,CRPC_156,{'type': 'MATCHES'}
Q_767,CRPC_200,{'type': 'MATCHES'}
Q_767,CRPC_210,{'type': 'MATCHES'}
Q_767,CRPC_302,{'type': 'MATCHES'}
Q_767,CRPC_482,{'type': 'MATCHES'}
Q_767,CPC_24,{'type': 'MATCHES'}
Q_767,IPC_415,{'type': 'MATCHES'}
Q_767,IPC_417,{'type': 'MATCHES'}
Q_767,IPC_419,{'type': 'MATCHES'}
Q_767,IPC_420,{'type': 'MATCHES'}
Q_767,CRPC_320,{'type': 'MATCHES'}
Q_767,ICA_73,{'type': 'MATCHES'}
Q_767,ICA_74,{'type': 'MATCHES'}
Q_767,ICA_75,{'type': 'MATCHES'}
Q_768,charge_sheet,{'type': 'RELATES_TO'}
Q_768,fir,{'type': 'RELATES_TO'}
Q_768,kidnapping,{'type': 'RELATES_TO'}
Q_768,CRPC_173,{'type': 'MATCHES'}
Q_768,CRPC_205,{'type': 'MATCHES'}
Q_768,CRPC_210,{'type': 'MATCHES'}
Q_768,CRPC_216,{'type': 'MATCHES'}
Q_768,CRPC_227,{'type': 'MATCHES'}
Q_768,CRPC_239,{'type': 'MATCHES'}
Q_768,CRPC_317,{'type': 'MATCHES'}
Q_768,CRPC_154,{'type': 'MATCHES'}
Q_768,CRPC_156,{'type': 'MATCHES'}
Q_768,CRPC_200,{'type': 'MATCHES'}
Q_768,CRPC_302,{'type': 'MATCHES'}
Q_768,CRPC_482,{'type': 'MATCHES'}
Q_768,CPC_24,{'type': 'MATCHES'}
Q_768,IPC_363,{'type': 'MATCHES'}
Q_768,IPC_364,{'type': 'MATCHES'}
Q_769,fir,{'type': 'RELATES_TO'}
Q_769,arrest,{'type': 'RELATES_TO'}
Q_769,CRPC_154,{'type': 'MATCHES'}
Q_769,CRPC_156,{'type': 'MATCHES'}
Q_769,CRPC_200,{'type': 'MATCHES'}
Q_769,CRPC_210,{'type': 'MATCHES'}
Q_769,CRPC_302,{'type': 'MATCHES'}
Q_769,CRPC_482,{'type': 'MATCHES'}
Q_769,CPC_24,{'type': 'MATCHES'}
Q_769,CRPC_41,{'type': 'MATCHES'}
Q_769,CRPC_73,{'type': 'MATCHES'}
Q_769,CRPC_160,{'type': 'MATCHES'}
Q_769,CRPC_167,{'type': 'MATCHES'}
Q_769,IEA_27,{'type': 'MATCHES'}
Q_770,fir,{'type': 'RELATES_TO'}
Q_770,CRPC_154,{'type': 'MATCHES'}
Q_770,CRPC_156,{'type': 'MATCHES'}
Q_770,CRPC_200,{'type': 'MATCHES'}
Q_770,CRPC_210,{'type': 'MATCHES'}
Q_770,CRPC_302,{'type': 'MATCHES'}
Q_770,CRPC_482,{'type': 'MATCHES'}
Q_770,CPC_24,{'type': 'MATCHES'}
Q_773,fir,{'type': 'RELATES_TO'}
Q_773,CRPC_154,{'type': 'MATCHES'}
Q_773,CRPC_156,{'type': 'MATCHES'}
Q_773,CRPC_200,{'type': 'MATCHES'}
Q_773,CRPC_210,{'type': 'MATCHES'}
Q_773,CRPC_302,{'type': 'MATCHES'}
Q_773,CRPC_482,{'type': 'MATCHES'}
Q_773,CPC_24,{'type': 'MATCHES'}
Q_774,fir,{'type': 'RELATES_TO'}
Q_774,CRPC_154,{'type': 'MATCHES'}
Q_774,CRPC_156,{'type': 'MATCHES'}
Q_774,CRPC_200,{'type': 'MATCHES'}
Q_774,CRPC_210,{'type': 'MATCHES'}
Q_774,CRPC_302,{'type': 'MATCHES'}
Q_774,CRPC_482,{'type': 'MATCHES'}
Q_774,CPC_24,{'type': 'MATCHES'}
Q_776,extortion,{'type': 'RELATES_TO'}
Q_776,charge_sheet,{'type': 'RELATES_TO'}
Q_776,corruption,{'type': 'RELATES_TO'}
Q_776,IPC_383,{'type': 'MATCHES'}
Q_776,IPC_384,{'type': 'MATCHES'}
Q_776,CRPC_173,{'type': 'MATCHES'}
Q_776,CRPC_205,{'type': 'MATCHES'}
Q_776,CRPC_210,{'type': 'MATCHES'}
Q_776,CRPC_216,{'type': 'MATCHES'}
Q_776,CRPC_227,{'type': 'MATCHES'}
Q_776,CRPC_239,{'type': 'MATCHES'}
Q_776,CRPC_317,{'type': 'MATCHES'}
Q_776,IPC_409,{'type': 'MATCHES'}
Q_776,PCA_7,{'type': 'MATCHES'}
Q_776,PCA_13,{'type': 'MATCHES'}
Q_777,charge_sheet,{'type': 'RELATES_TO'}
Q_777,fir,{'type': 'RELATES_TO'}
Q_777,CRPC_173,{'type': 'MATCHES'}
Q_777,CRPC_205,{'type': 'MATCHES'}
Q_777,CRPC_210,{'type': 'MATCHES'}
Q_777,CRPC_216,{'type': 'MATCHES'}
Q_777,CRPC_227,{'type': 'MATCHES'}
Q_777,CRPC_239,{'type': 'MATCHES'}
Q_777,CRPC_317,{'type': 'MATCHES'}
Q_777,CRPC_154,{'type': 'MATCHES'}
Q_777,CRPC_156,{'type': 'MATCHES'}
Q_777,CRPC_200,{'type': 'MATCHES'}
Q_777,CRPC_302,{'type': 'MATCHES'}
Q_777,CRPC_482,{'type': 'MATCHES'}
Q_777,CPC_24,{'type': 'MATCHES'}
Q_779,bail,{'type': 'RELATES_TO'}
Q_779,CRPC_167,{'type': 'MATCHES'}
Q_779,CRPC_397,{'type': 'MATCHES'}
Q_779,CRPC_439,{'type': 'MATCHES'}
Q_779,CRPC_482,{'type': 'MATCHES'}
Q_780,fir,{'type': 'RELATES_TO'}
Q_780,sexual_harassment,{'type': 'RELATES_TO'}
Q_780,assault,{'type': 'RELATES_TO'}
Q_780,rape,{'type': 'RELATES_TO'}
Q_780,CRPC_154,{'type': 'MATCHES'}
Q_780,CRPC_156,{'type': 'MATCHES'}
Q_780,CRPC_200,{'type': 'MATCHES'}
Q_780,CRPC_210,{'type': 'MATCHES'}
Q_780,CRPC_302,{'type': 'MATCHES'}
Q_780,CRPC_482,{'type': 'MATCHES'}
Q_780,CPC_24,{'type': 'MATCHES'}
Q_780,IPC_354,{'type': 'MATCHES'}
Q_780,IPC_354A,{'type': 'MATCHES'}
Q_780,IPC_354B,{'type': 'MATCHES'}
Q_780,IPC_509,{'type': 'MATCHES'}
Q_780,IPC_320,{'type': 'MATCHES'}
Q_780,IPC_323,{'type': 'MATCHES'}
Q_780,IPC_324,{'type': 'MATCHES'}
Q_780,IPC_325,{'type': 'MATCHES'}
Q_780,IPC_326,{'type': 'MATCHES'}
Q_780,IPC_337,{'type': 'MATCHES'}
Q_780,IPC_338,{'type': 'MATCHES'}
Q_780,IPC_350,{'type': 'MATCHES'}
Q_780,CRPC_320,{'type': 'MATCHES'}
Q_780,IPC_375,{'type': 'MATCHES'}
Q_780,IPC_376,{'type': 'MATCHES'}
Q_780,IEA_45,{'type': 'MATCHES'}
Q_782,mischief,{'type': 'RELATES_TO'}
Q_782,IPC_425,{'type': 'MATCHES'}
Q_782,IPC_427,{'type': 'MATCHES'}
Q_782,IPC_428,{'type': 'MATCHES'}
Q_782,IPC_429,{'type': 'MATCHES'}
Q_785,fir,{'type': 'RELATES_TO'}
Q_785,CRPC_154,{'type': 'MATCHES'}
Q_785,CRPC_156,{'type': 'MATCHES'}
Q_785,CRPC_200,{'type': 'MATCHES'}
Q_785,CRPC_210,{'type': 'MATCHES'}
Q_785,CRPC_302,{'type': 'MATCHES'}
Q_785,CRPC_482,{'type': 'MATCHES'}
Q_785,CPC_24,{'type': 'MATCHES'}
Q_786,fir,{'type': 'RELATES_TO'}
Q_786,CRPC_154,{'type': 'MATCHES'}
Q_786,CRPC_156,{'type': 'MATCHES'}
Q_786,CRPC_200,{'type': 'MATCHES'}
Q_786,CRPC_210,{'type': 'MATCHES'}
Q_786,CRPC_302,{'type': 'MATCHES'}
Q_786,CRPC_482,{'type': 'MATCHES'}
Q_786,CPC_24,{'type': 'MATCHES'}
Q_787,fir,{'type': 'RELATES_TO'}
Q_787,CRPC_154,{'type': 'MATCHES'}
Q_787,CRPC_156,{'type': 'MATCHES'}
Q_787,CRPC_200,{'type': 'MATCHES'}
Q_787,CRPC_210,{'type': 'MATCHES'}
Q_787,CRPC_302,{'type': 'MATCHES'}
Q_787,CRPC_482,{'type': 'MATCHES'}
Q_787,CPC_24,{'type': 'MATCHES'}
Q_788,fir,{'type': 'RELATES_TO'}
Q_788,defamation,{'type': 'RELATES_TO'}
Q_788,CRPC_154,{'type': 'MATCHES'}
Q_788,CRPC_156,{'type': 'MATCHES'}
Q_788,CRPC_200,{'type': 'MATCHES'}
Q_788,CRPC_210,{'type': 'MATCHES'}
Q_788,CRPC_302,{'type': 'MATCHES'}
Q_788,CRPC_482,{'type': 'MATCHES'}
Q_788,CPC_24,{'type': 'MATCHES'}
Q_788,IPC_499,{'type': 'MATCHES'}
Q_788,IPC_500,{'type': 'MATCHES'}
Q_789,arrest,{'type': 'RELATES_TO'}
Q_789,CRPC_41,{'type': 'MATCHES'}
Q_789,CRPC_73,{'type': 'MATCHES'}
Q_789,CRPC_160,{'type': 'MATCHES'}
Q_789,CRPC_167,{'type': 'MATCHES'}
Q_789,IEA_27,{'type': 'MATCHES'}
Q_791,cheating,{'type': 'RELATES_TO'}
Q_791,IPC_415,{'type': 'MATCHES'}
Q_791,IPC_417,{'type': 'MATCHES'}
Q_791,IPC_419,{'type': 'MATCHES'}
Q_791,IPC_420,{'type': 'MATCHES'}
Q_791,CRPC_320,{'type': 'MATCHES'}
Q_791,ICA_73,{'type': 'MATCHES'}
Q_791,ICA_74,{'type': 'MATCHES'}
Q_791,ICA_75,{'type': 'MATCHES'}
Q_792,fir,{'type': 'RELATES_TO'}
Q_792,CRPC_154,{'type': 'MATCHES'}
Q_792,CRPC_156,{'type': 'MATCHES'}
Q_792,CRPC_200,{'type': 'MATCHES'}
Q_792,CRPC_210,{'type': 'MATCHES'}
Q_792,CRPC_302,{'type': 'MATCHES'}
Q_792,CRPC_482,{'type': 'MATCHES'}
Q_792,CPC_24,{'type': 'MATCHES'}
Q_793,bail,{'type': 'RELATES_TO'}
Q_793,CRPC_167,{'type': 'MATCHES'}
Q_793,CRPC_397,{'type': 'MATCHES'}
Q_793,CRPC_439,{'type': 'MATCHES'}
Q_793,CRPC_482,{'type': 'MATCHES'}
Q_795,charge_sheet,{'type': 'RELATES_TO'}
Q_795,fir,{'type': 'RELATES_TO'}
Q_795,CRPC_173,{'type': 'MATCHES'}
Q_795,CRPC_205,{'type': 'MATCHES'}
Q_795,CRPC_210,{'type': 'MATCHES'}
Q_795,CRPC_216,{'type': 'MATCHES'}
Q_795,CRPC_227,{'type': 'MATCHES'}
Q_795,CRPC_239,{'type': 'MATCHES'}
Q_795,CRPC_317,{'type': 'MATCHES'}
Q_795,CRPC_154,{'type': 'MATCHES'}
Q_795,CRPC_156,{'type': 'MATCHES'}
Q_795,CRPC_200,{'type': 'MATCHES'}
Q_795,CRPC_302,{'type': 'MATCHES'}
Q_795,CRPC_482,{'type': 'MATCHES'}
Q_795,CPC_24,{'type': 'MATCHES'}
Q_796,bail,{'type': 'RELATES_TO'}
Q_796,arrest,{'type': 'RELATES_TO'}
Q_796,CRPC_167,{'type': 'MATCHES'}
Q_796,CRPC_397,{'type': 'MATCHES'}
Q_796,CRPC_439,{'type': 'MATCHES'}
Q_796,CRPC_482,{'type': 'MATCHES'}
Q_796,CRPC_41,{'type': 'MATCHES'}
Q_796,CRPC_73,{'type': 'MATCHES'}
Q_796,CRPC_160,{'type': 'MATCHES'}
Q_796,IEA_27,{'type': 'MATCHES'}
Q_797,fir,{'type': 'RELATES_TO'}
Q_797,forgery,{'type': 'RELATES_TO'}
Q_797,criminal_conspiracy,{'type': 'RELATES_TO'}
Q_797,CRPC_154,{'type': 'MATCHES'}
Q_797,CRPC_156,{'type': 'MATCHES'}
Q_797,CRPC_200,{'type': 'MATCHES'}
Q_797,CRPC_210,{'type': 'MATCHES'}
Q_797,CRPC_302,{'type': 'MATCHES'}
Q_797,CRPC_482,{'type': 'MATCHES'}
Q_797,CPC_24,{'type': 'MATCHES'}
Q_797,IPC_465,{'type': 'MATCHES'}
Q_797,IPC_467,{'type': 'MATCHES'}
Q_797,IPC_468,{'type': 'MATCHES'}
Q_797,IPC_471,{'type': 'MATCHES'}
Q_797,IEA_45,{'type': 'MATCHES'}
Q_797,RA_82,{'type': 'MATCHES'}
Q_797,RA_83,{'type': 'MATCHES'}
Q_797,IPC_120A,{'type': 'MATCHES'}
Q_797,IPC_120B,{'type': 'MATCHES'}
Q_798,fir,{'type': 'RELATES_TO'}
Q_798,CRPC_154,{'type': 'MATCHES'}
Q_798,CRPC_156,{'type': 'MATCHES'}
Q_798,CRPC_200,{'type': 'MATCHES'}
Q_798,CRPC_210,{'type': 'MATCHES'}
Q_798,CRPC_302,{'type': 'MATCHES'}
Q_798,CRPC_482,{'type': 'MATCHES'}
Q_798,CPC_24,{'type': 'MATCHES'}
Q_800,bail,{'type': 'RELATES_TO'}
Q_800,defamation,{'type': 'RELATES_TO'}
Q_800,CRPC_167,{'type': 'MATCHES'}
Q_800,CRPC_397,{'type': 'MATCHES'}
Q_800,CRPC_439,{'type': 'MATCHES'}
Q_800,CRPC_482,{'type': 'MATCHES'}
Q_800,IPC_499,{'type': 'MATCHES'}
Q_800,IPC_500,{'type': 'MATCHES'}
Q_802,fir,{'type': 'RELATES_TO'}
Q_802,cheating,{'type': 'RELATES_TO'}
Q_802,CRPC_154,{'type': 'MATCHES'}
Q_802,CRPC_156,{'type': 'MATCHES'}
Q_802,CRPC_200,{'type': 'MATCHES'}
Q_802,CRPC_210,{'type': 'MATCHES'}
Q_802,CRPC_302,{'type': 'MATCHES'}
Q_802,CRPC_482,{'type': 'MATCHES'}
Q_802,CPC_24,{'type': 'MATCHES'}
Q_802,IPC_415,{'type': 'MATCHES'}
Q_802,IPC_417,{'type': 'MATCHES'}
Q_802,IPC_419,{'type': 'MATCHES'}
Q_802,IPC_420,{'type': 'MATCHES'}
Q_802,CRPC_320,{'type': 'MATCHES'}
Q_802,ICA_73,{'type': 'MATCHES'}
Q_802,ICA_74,{'type': 'MATCHES'}
Q_802,ICA_75,{'type': 'MATCHES'}
Q_803,fir,{'type': 'RELATES_TO'}
Q_803,domestic_violence,{'type': 'RELATES_TO'}
Q_803,CRPC_154,{'type': 'MATCHES'}
Q_803,CRPC_156,{'type': 'MATCHES'}
Q_803,CRPC_200,{'type': 'MATCHES'}
Q_803,CRPC_210,{'type': 'MATCHES'}
Q_803,CRPC_302,{'type': 'MATCHES'}
Q_803,CRPC_482,{'type': 'MATCHES'}
Q_803,CPC_24,{'type': 'MATCHES'}
Q_805,fir,{'type': 'RELATES_TO'}
Q_805,rape,{'type': 'RELATES_TO'}
Q_805,CRPC_154,{'type': 'MATCHES'}
Q_805,CRPC_156,{'type': 'MATCHES'}
Q_805,CRPC_200,{'type': 'MATCHES'}
Q_805,CRPC_210,{'type': 'MATCHES'}
Q_805,CRPC_302,{'type': 'MATCHES'}
Q_805,CRPC_482,{'type': 'MATCHES'}
Q_805,CPC_24,{'type': 'MATCHES'}
Q_805,IPC_375,{'type': 'MATCHES'}
Q_805,IPC_376,{'type': 'MATCHES'}
Q_805,IEA_45,{'type': 'MATCHES'}
Q_807,forgery,{'type': 'RELATES_TO'}
Q_807,IPC_465,{'type': 'MATCHES'}
Q_807,IPC_467,{'type': 'MATCHES'}
Q_807,IPC_468,{'type': 'MATCHES'}
Q_807,IPC_471,{'type': 'MATCHES'}
Q_807,IEA_45,{'type': 'MATCHES'}
Q_807,RA_82,{'type': 'MATCHES'}
Q_807,RA_83,{'type': 'MATCHES'}
Q_808,cheating,{'type': 'RELATES_TO'}
Q_808,IPC_415,{'type': 'MATCHES'}
Q_808,IPC_417,{'type': 'MATCHES'}
Q_808,IPC_419,{'type': 'MATCHES'}
Q_808,IPC_420,{'type': 'MATCHES'}
Q_808,CRPC_320,{'type': 'MATCHES'}
Q_808,ICA_73,{'type': 'MATCHES'}
Q_808,ICA_74,{'type': 'MATCHES'}
Q_808,ICA_75,{'type': 'MATCHES'}
Q_811,cheating,{'type': 'RELATES_TO'}
Q_811,IPC_415,{'type': 'MATCHES'}
Q_811,IPC_417,{'type': 'MATCHES'}
Q_811,IPC_419,{'type': 'MATCHES'}
Q_811,IPC_420,{'type': 'MATCHES'}
Q_811,CRPC_320,{'type': 'MATCHES'}
Q_811,ICA_73,{'type': 'MATCHES'}
Q_811,ICA_74,{'type': 'MATCHES'}
Q_811,ICA_75,{'type': 'MATCHES'}
Q_814,fir,{'type': 'RELATES_TO'}
Q_814,cheating,{'type': 'RELATES_TO'}
Q_814,criminal_breach_of_trust,{'type': 'RELATES_TO'}
Q_814,CRPC_154,{'type': 'MATCHES'}
Q_814,CRPC_156,{'type': 'MATCHES'}
Q_814,CRPC_200,{'type': 'MATCHES'}
Q_814,CRPC_210,{'type': 'MATCHES'}
Q_814,CRPC_302,{'type': 'MATCHES'}
Q_814,CRPC_482,{'type': 'MATCHES'}
Q_814,CPC_24,{'type': 'MATCHES'}
Q_814,IPC_415,{'type': 'MATCHES'}
Q_814,IPC_417,{'type': 'MATCHES'}
Q_814,IPC_419,{'type': 'MATCHES'}
Q_814,IPC_420,{'type': 'MATCHES'}
Q_814,CRPC_320,{'type': 'MATCHES'}
Q_814,ICA_73,{'type': 'MATCHES'}
Q_814,ICA_74,{'type': 'MATCHES'}
Q_814,ICA_75,{'type': 'MATCHES'}
Q_814,IPC_406,{'type': 'MATCHES'}
Q_814,IPC_409,{'type': 'MATCHES'}
Q_816,fir,{'type': 'RELATES_TO'}
Q_816,CRPC_154,{'type': 'MATCHES'}
Q_816,CRPC_156,{'type': 'MATCHES'}
Q_816,CRPC_200,{'type': 'MATCHES'}
Q_816,CRPC_210,{'type': 'MATCHES'}
Q_816,CRPC_302,{'type': 'MATCHES'}
Q_816,CRPC_482,{'type': 'MATCHES'}
Q_816,CPC_24,{'type': 'MATCHES'}
Q_817,fir,{'type': 'RELATES_TO'}
Q_817,CRPC_154,{'type': 'MATCHES'}
Q_817,CRPC_156,{'type': 'MATCHES'}
Q_817,CRPC_200,{'type': 'MATCHES'}
Q_817,CRPC_210,{'type': 'MATCHES'}
Q_817,CRPC_302,{'type': 'MATCHES'}
Q_817,CRPC_482,{'type': 'MATCHES'}
Q_817,CPC_24,{'type': 'MATCHES'}
Q_818,defamation,{'type': 'RELATES_TO'}
Q_818,IPC_499,{'type': 'MATCHES'}
Q_818,IPC_500,{'type': 'MATCHES'}
Q_819,fir,{'type': 'RELATES_TO'}
Q_819,bail,{'type': 'RELATES_TO'}
Q_819,CRPC_154,{'type': 'MATCHES'}
Q_819,CRPC_156,{'type': 'MATCHES'}
Q_819,CRPC_200,{'type': 'MATCHES'}
Q_819,CRPC_210,{'type': 'MATCHES'}
Q_819,CRPC_302,{'type': 'MATCHES'}
Q_819,CRPC_482,{'type': 'MATCHES'}
Q_819,CPC_24,{'type': 'MATCHES'}
Q_819,CRPC_167,{'type': 'MATCHES'}
Q_819,CRPC_397,{'type': 'MATCHES'}
Q_819,CRPC_439,{'type': 'MATCHES'}
Q_820,cybercrime,{'type': 'RELATES_TO'}
Q_823,domestic_violence,{'type': 'RELATES_TO'}
Q_825,cheating,{'type': 'RELATES_TO'}
Q_825,IPC_415,{'type': 'MATCHES'}
Q_825,IPC_417,{'type': 'MATCHES'}
Q_825,IPC_419,{'type': 'MATCHES'}
Q_825,IPC_420,{'type': 'MATCHES'}
Q_825,CRPC_320,{'type': 'MATCHES'}
Q_825,ICA_73,{'type': 'MATCHES'}
Q_825,ICA_74,{'type': 'MATCHES'}
Q_825,ICA_75,{'type': 'MATCHES'}
Q_826,cheating,{'type': 'RELATES_TO'}
Q_826,IPC_415,{'type': 'MATCHES'}
Q_826,IPC_417,{'type': 'MATCHES'}
Q_826,IPC_419,{'type': 'MATCHES'}
Q_826,IPC_420,{'type': 'MATCHES'}
Q_826,CRPC_320,{'type': 'MATCHES'}
Q_826,ICA_73,{'type': 'MATCHES'}
Q_826,ICA_74,{'type': 'MATCHES'}
Q_826,ICA_75,{'type': 'MATCHES'}
Q_827,fir,{'type': 'RELATES_TO'}
Q_827,CRPC_154,{'type': 'MATCHES'}
Q_827,CRPC_156,{'type': 'MATCHES'}
Q_827,CRPC_200,{'type': 'MATCHES'}
Q_827,CRPC_210,{'type': 'MATCHES'}
Q_827,CRPC_302,{'type': 'MATCHES'}
Q_827,CRPC_482,{'type': 'MATCHES'}
Q_827,CPC_24,{'type': 'MATCHES'}
Q_831,charge_sheet,{'type': 'RELATES_TO'}
Q_831,CRPC_173,{'type': 'MATCHES'}
Q_831,CRPC_205,{'type': 'MATCHES'}
Q_831,CRPC_210,{'type': 'MATCHES'}
Q_831,CRPC_216,{'type': 'MATCHES'}
Q_831,CRPC_227,{'type': 'MATCHES'}
Q_831,CRPC_239,{'type': 'MATCHES'}
Q_831,CRPC_317,{'type': 'MATCHES'}
Q_833,fir,{'type': 'RELATES_TO'}
Q_833,CRPC_154,{'type': 'MATCHES'}
Q_833,CRPC_156,{'type': 'MATCHES'}
Q_833,CRPC_200,{'type': 'MATCHES'}
Q_833,CRPC_210,{'type': 'MATCHES'}
Q_833,CRPC_302,{'type': 'MATCHES'}
Q_833,CRPC_482,{'type': 'MATCHES'}
Q_833,CPC_24,{'type': 'MATCHES'}
Q_834,assault,{'type': 'RELATES_TO'}
Q_834,IPC_320,{'type': 'MATCHES'}
Q_834,IPC_323,{'type': 'MATCHES'}
Q_834,IPC_324,{'type': 'MATCHES'}
Q_834,IPC_325,{'type': 'MATCHES'}
Q_834,IPC_326,{'type': 'MATCHES'}
Q_834,IPC_337,{'type': 'MATCHES'}
Q_834,IPC_338,{'type': 'MATCHES'}
Q_834,IPC_350,{'type': 'MATCHES'}
Q_834,CRPC_320,{'type': 'MATCHES'}
Q_836,fir,{'type': 'RELATES_TO'}
Q_836,CRPC_154,{'type': 'MATCHES'}
Q_836,CRPC_156,{'type': 'MATCHES'}
Q_836,CRPC_200,{'type': 'MATCHES'}
Q_836,CRPC_210,{'type': 'MATCHES'}
Q_836,CRPC_302,{'type': 'MATCHES'}
Q_836,CRPC_482,{'type': 'MATCHES'}
Q_836,CPC_24,{'type': 'MATCHES'}
Q_837,fir,{'type': 'RELATES_TO'}
Q_837,CRPC_154,{'type': 'MATCHES'}
Q_837,CRPC_156,{'type': 'MATCHES'}
Q_837,CRPC_200,{'type': 'MATCHES'}
Q_837,CRPC_210,{'type': 'MATCHES'}
Q_837,CRPC_302,{'type': 'MATCHES'}
Q_837,CRPC_482,{'type': 'MATCHES'}
Q_837,CPC_24,{'type': 'MATCHES'}
Q_838,bigamy,{'type': 'RELATES_TO'}
Q_838,fir,{'type': 'RELATES_TO'}
Q_838,cheating,{'type': 'RELATES_TO'}
Q_838,IPC_494,{'type': 'MATCHES'}
Q_838,CRPC_154,{'type': 'MATCHES'}
Q_838,CRPC_156,{'type': 'MATCHES'}
Q_838,CRPC_200,{'type': 'MATCHES'}
Q_838,CRPC_210,{'type': 'MATCHES'}
Q_838,CRPC_302,{'type': 'MATCHES'}
Q_838,CRPC_482,{'type': 'MATCHES'}
Q_838,CPC_24,{'type': 'MATCHES'}
Q_838,IPC_415,{'type': 'MATCHES'}
Q_838,IPC_417,{'type': 'MATCHES'}
Q_838,IPC_419,{'type': 'MATCHES'}
Q_838,IPC_420,{'type': 'MATCHES'}
Q_838,CRPC_320,{'type': 'MATCHES'}
Q_838,ICA_73,{'type': 'MATCHES'}
Q_838,ICA_74,{'type': 'MATCHES'}
Q_838,ICA_75,{'type': 'MATCHES'}
Q_839,anticipatory_bail,{'type': 'RELATES_TO'}
Q_839,CRPC_438,{'type': 'MATCHES'}
Q_842,rape,{'type': 'RELATES_TO'}
Q_842,IPC_375,{'type': 'MATCHES'}
Q_842,IPC_376,{'type': 'MATCHES'}
Q_842,IEA_45,{'type': 'MATCHES'}
Q_843,charge_sheet,{'type': 'RELATES_TO'}
Q_843,CRPC_173,{'type': 'MATCHES'}
Q_843,CRPC_205,{'type': 'MATCHES'}
Q_843,CRPC_210,{'type': 'MATCHES'}
Q_843,CRPC_216,{'type': 'MATCHES'}
Q_843,CRPC_227,{'type': 'MATCHES'}
Q_843,CRPC_239,{'type': 'MATCHES'}
Q_843,CRPC_317,{'type': 'MATCHES'}
Q_844,bail,{'type': 'RELATES_TO'}
Q_844,arrest,{'type': 'RELATES_TO'}
Q_844,CRPC_167,{'type': 'MATCHES'}
Q_844,CRPC_397,{'type': 'MATCHES'}
Q_844,CRPC_439,{'type': 'MATCHES'}
Q_844,CRPC_482,{'type': 'MATCHES'}
Q_844,CRPC_41,{'type': 'MATCHES'}
Q_844,CRPC_73,{'type': 'MATCHES'}
Q_844,CRPC_160,{'type': 'MATCHES'}
Q_844,IEA_27,{'type': 'MATCHES'}
Q_845,cheating,{'type': 'RELATES_TO'}
Q_845,IPC_415,{'type': 'MATCHES'}
Q_845,IPC_417,{'type': 'MATCHES'}
Q_845,IPC_419,{'type': 'MATCHES'}
Q_845,IPC_420,{'type': 'MATCHES'}
Q_845,CRPC_320,{'type': 'MATCHES'}
Q_845,ICA_73,{'type': 'MATCHES'}
Q_845,ICA_74,{'type': 'MATCHES'}
Q_845,ICA_75,{'type': 'MATCHES'}
Q_850,cheating,{'type': 'RELATES_TO'}
Q_850,bail,{'type': 'RELATES_TO'}
Q_850,IPC_415,{'type': 'MATCHES'}
Q_850,IPC_417,{'type': 'MATCHES'}
Q_850,IPC_419,{'type': 'MATCHES'}
Q_850,IPC_420,{'type': 'MATCHES'}
Q_850,CRPC_320,{'type': 'MATCHES'}
Q_850,ICA_73,{'type': 'MATCHES'}
Q_850,ICA_74,{'type': 'MATCHES'}
Q_850,ICA_75,{'type': 'MATCHES'}
Q_850,CRPC_167,{'type': 'MATCHES'}
Q_850,CRPC_397,{'type': 'MATCHES'}
Q_850,CRPC_439,{'type': 'MATCHES'}
Q_850,CRPC_482,{'type': 'MATCHES'}
Q_851,murder,{'type': 'RELATES_TO'}
Q_851,IPC_302,{'type': 'MATCHES'}
Q_851,IPC_307,{'type': 'MATCHES'}
Q_851,IPC_308,{'type': 'MATCHES'}
Q_851,IPC_309,{'type': 'MATCHES'}
Q_852,fir,{'type': 'RELATES_TO'}
Q_852,arrest,{'type': 'RELATES_TO'}
Q_852,CRPC_154,{'type': 'MATCHES'}
Q_852,CRPC_156,{'type': 'MATCHES'}
Q_852,CRPC_200,{'type': 'MATCHES'}
Q_852,CRPC_210,{'type': 'MATCHES'}
Q_852,CRPC_302,{'type': 'MATCHES'}
Q_852,CRPC_482,{'type': 'MATCHES'}
Q_852,CPC_24,{'type': 'MATCHES'}
Q_852,CRPC_41,{'type': 'MATCHES'}
Q_852,CRPC_73,{'type': 'MATCHES'}
Q_852,CRPC_160,{'type': 'MATCHES'}
Q_852,CRPC_167,{'type': 'MATCHES'}
Q_852,IEA_27,{'type': 'MATCHES'}
Q_855,fir,{'type': 'RELATES_TO'}
Q_855,cheating,{'type': 'RELATES_TO'}
Q_855,CRPC_154,{'type': 'MATCHES'}
Q_855,CRPC_156,{'type': 'MATCHES'}
Q_855,CRPC_200,{'type': 'MATCHES'}
Q_855,CRPC_210,{'type': 'MATCHES'}
Q_855,CRPC_302,{'type': 'MATCHES'}
Q_855,CRPC_482,{'type': 'MATCHES'}
Q_855,CPC_24,{'type': 'MATCHES'}
Q_855,IPC_415,{'type': 'MATCHES'}
Q_855,IPC_417,{'type': 'MATCHES'}
Q_855,IPC_419,{'type': 'MATCHES'}
Q_855,IPC_420,{'type': 'MATCHES'}
Q_855,CRPC_320,{'type': 'MATCHES'}
Q_855,ICA_73,{'type': 'MATCHES'}
Q_855,ICA_74,{'type': 'MATCHES'}
Q_855,ICA_75,{'type': 'MATCHES'}
Q_857,fir,{'type': 'RELATES_TO'}
Q_857,cheating,{'type': 'RELATES_TO'}
Q_857,CRPC_154,{'type': 'MATCHES'}
Q_857,CRPC_156,{'type': 'MATCHES'}
Q_857,CRPC_200,{'type': 'MATCHES'}
Q_857,CRPC_210,{'type': 'MATCHES'}
Q_857,CRPC_302,{'type': 'MATCHES'}
Q_857,CRPC_482,{'type': 'MATCHES'}
Q_857,CPC_24,{'type': 'MATCHES'}
Q_857,IPC_415,{'type': 'MATCHES'}
Q_857,IPC_417,{'type': 'MATCHES'}
Q_857,IPC_419,{'type': 'MATCHES'}
Q_857,IPC_420,{'type': 'MATCHES'}
Q_857,CRPC_320,{'type': 'MATCHES'}
Q_857,ICA_73,{'type': 'MATCHES'}
Q_857,ICA_74,{'type': 'MATCHES'}
Q_857,ICA_75,{'type': 'MATCHES'}
Q_858,fir,{'type': 'RELATES_TO'}
Q_858,bail,{'type': 'RELATES_TO'}
Q_858,arrest,{'type': 'RELATES_TO'}
Q_858,anticipatory_bail,{'type': 'RELATES_TO'}
Q_858,CRPC_154,{'type': 'MATCHES'}
Q_858,CRPC_156,{'type': 'MATCHES'}
Q_858,CRPC_200,{'type': 'MATCHES'}
Q_858,CRPC_210,{'type': 'MATCHES'}
Q_858,CRPC_302,{'type': 'MATCHES'}
Q_858,CRPC_482,{'type': 'MATCHES'}
Q_858,CPC_24,{'type': 'MATCHES'}
Q_858,CRPC_167,{'type': 'MATCHES'}
Q_858,CRPC_397,{'type': 'MATCHES'}
Q_858,CRPC_439,{'type': 'MATCHES'}
Q_858,CRPC_41,{'type': 'MATCHES'}
Q_858,CRPC_73,{'type': 'MATCHES'}
Q_858,CRPC_160,{'type': 'MATCHES'}
Q_858,IEA_27,{'type': 'MATCHES'}
Q_858,CRPC_438,{'type': 'MATCHES'}
Q_859,assault,{'type': 'RELATES_TO'}
Q_859,domestic_violence,{'type': 'RELATES_TO'}
Q_859,IPC_320,{'type': 'MATCHES'}
Q_859,IPC_323,{'type': 'MATCHES'}
Q_859,IPC_324,{'type': 'MATCHES'}
Q_859,IPC_325,{'type': 'MATCHES'}
Q_859,IPC_326,{'type': 'MATCHES'}
Q_859,IPC_337,{'type': 'MATCHES'}
Q_859,IPC_338,{'type': 'MATCHES'}
Q_859,IPC_350,{'type': 'MATCHES'}
Q_859,CRPC_320,{'type': 'MATCHES'}
Q_862,fir,{'type': 'RELATES_TO'}
Q_862,CRPC_154,{'type': 'MATCHES'}
Q_862,CRPC_156,{'type': 'MATCHES'}
Q_862,CRPC_200,{'type': 'MATCHES'}
Q_862,CRPC_210,{'type': 'MATCHES'}
Q_862,CRPC_302,{'type': 'MATCHES'}
Q_862,CRPC_482,{'type': 'MATCHES'}
Q_862,CPC_24,{'type': 'MATCHES'}
Q_863,fir,{'type': 'RELATES_TO'}
Q_863,CRPC_154,{'type': 'MATCHES'}
Q_863,CRPC_156,{'type': 'MATCHES'}
Q_863,CRPC_200,{'type': 'MATCHES'}
Q_863,CRPC_210,{'type': 'MATCHES'}
Q_863,CRPC_302,{'type': 'MATCHES'}
Q_863,CRPC_482,{'type': 'MATCHES'}
Q_863,CPC_24,{'type': 'MATCHES'}
Q_864,fir,{'type': 'RELATES_TO'}
Q_864,cheating,{'type': 'RELATES_TO'}
Q_864,CRPC_154,{'type': 'MATCHES'}
Q_864,CRPC_156,{'type': 'MATCHES'}
Q_864,CRPC_200,{'type': 'MATCHES'}
Q_864,CRPC_210,{'type': 'MATCHES'}
Q_864,CRPC_302,{'type': 'MATCHES'}
Q_864,CRPC_482,{'type': 'MATCHES'}
Q_864,CPC_24,{'type': 'MATCHES'}
Q_864,IPC_415,{'type': 'MATCHES'}
Q_864,IPC_417,{'type': 'MATCHES'}
Q_864,IPC_419,{'type': 'MATCHES'}
Q_864,IPC_420,{'type': 'MATCHES'}
Q_864,CRPC_320,{'type': 'MATCHES'}
Q_864,ICA_73,{'type': 'MATCHES'}
Q_864,ICA_74,{'type': 'MATCHES'}
Q_864,ICA_75,{'type': 'MATCHES'}
Q_865,fir,{'type': 'RELATES_TO'}
Q_865,CRPC_154,{'type': 'MATCHES'}
Q_865,CRPC_156,{'type': 'MATCHES'}
Q_865,CRPC_200,{'type': 'MATCHES'}
Q_865,CRPC_210,{'type': 'MATCHES'}
Q_865,CRPC_302,{'type': 'MATCHES'}
Q_865,CRPC_482,{'type': 'MATCHES'}
Q_865,CPC_24,{'type': 'MATCHES'}
Q_866,fir,{'type': 'RELATES_TO'}
Q_866,forgery,{'type': 'RELATES_TO'}
Q_866,CRPC_154,{'type': 'MATCHES'}
Q_866,CRPC_156,{'type': 'MATCHES'}
Q_866,CRPC_200,{'type': 'MATCHES'}
Q_866,CRPC_210,{'type': 'MATCHES'}
Q_866,CRPC_302,{'type': 'MATCHES'}
Q_866,CRPC_482,{'type': 'MATCHES'}
Q_866,CPC_24,{'type': 'MATCHES'}
Q_866,IPC_465,{'type': 'MATCHES'}
Q_866,IPC_467,{'type': 'MATCHES'}
Q_866,IPC_468,{'type': 'MATCHES'}
Q_866,IPC_471,{'type': 'MATCHES'}
Q_866,IEA_45,{'type': 'MATCHES'}
Q_866,RA_82,{'type': 'MATCHES'}
Q_866,RA_83,{'type': 'MATCHES'}
Q_867,domestic_violence,{'type': 'RELATES_TO'}
Q_870,cybercrime,{'type': 'RELATES_TO'}
Q_871,rape,{'type': 'RELATES_TO'}
Q_871,IPC_375,{'type': 'MATCHES'}
Q_871,IPC_376,{'type': 'MATCHES'}
Q_871,IEA_45,{'type': 'MATCHES'}
Q_872,fir,{'type': 'RELATES_TO'}
Q_872,CRPC_154,{'type': 'MATCHES'}
Q_872,CRPC_156,{'type': 'MATCHES'}
Q_872,CRPC_200,{'type': 'MATCHES'}
Q_872,CRPC_210,{'type': 'MATCHES'}
Q_872,CRPC_302,{'type': 'MATCHES'}
Q_872,CRPC_482,{'type': 'MATCHES'}
Q_872,CPC_24,{'type': 'MATCHES'}
Q_874,rape,{'type': 'RELATES_TO'}
Q_874,IPC_375,{'type': 'MATCHES'}
Q_874,IPC_376,{'type': 'MATCHES'}
Q_874,IEA_45,{'type': 'MATCHES'}
Q_875,fir,{'type': 'RELATES_TO'}
Q_875,criminal_intimidation,{'type': 'RELATES_TO'}
Q_875,public_nuisance,{'type': 'RELATES_TO'}
Q_875,defamation,{'type': 'RELATES_TO'}
Q_875,CRPC_154,{'type': 'MATCHES'}
Q_875,CRPC_156,{'type': 'MATCHES'}
Q_875,CRPC_200,{'type': 'MATCHES'}
Q_875,CRPC_210,{'type': 'MATCHES'}
Q_875,CRPC_302,{'type': 'MATCHES'}
Q_875,CRPC_482,{'type': 'MATCHES'}
Q_875,CPC_24,{'type': 'MATCHES'}
Q_875,IPC_503,{'type': 'MATCHES'}
Q_875,IPC_504,{'type': 'MATCHES'}
Q_875,IPC_506,{'type': 'MATCHES'}
Q_875,IPC_268,{'type': 'MATCHES'}
Q_875,IPC_290,{'type': 'MATCHES'}
Q_875,CRPC_107,{'type': 'MATCHES'}
Q_875,CRPC_116,{'type': 'MATCHES'}
Q_875,CRPC_133,{'type': 'MATCHES'}
Q_875,CRPC_144,{'type': 'MATCHES'}
Q_875,IPC_499,{'type': 'MATCHES'}
Q_875,IPC_500,{'type': 'MATCHES'}
Q_876,theft,{'type': 'RELATES_TO'}
Q_876,IPC_378,{'type': 'MATCHES'}
Q_876,IPC_379,{'type': 'MATCHES'}
Q_876,IPC_411,{'type': 'MATCHES'}
Q_876,CRPC_451,{'type': 'MATCHES'}
Q_876,CRPC_457,{'type': 'MATCHES'}
Q_877,charge_sheet,{'type': 'RELATES_TO'}
Q_877,fir,{'type': 'RELATES_TO'}
Q_877,CRPC_173,{'type': 'MATCHES'}
Q_877,CRPC_205,{'type': 'MATCHES'}
Q_877,CRPC_210,{'type': 'MATCHES'}
Q_877,CRPC_216,{'type': 'MATCHES'}
Q_877,CRPC_227,{'type': 'MATCHES'}
Q_877,CRPC_239,{'type': 'MATCHES'}
Q_877,CRPC_317,{'type': 'MATCHES'}
Q_877,CRPC_154,{'type': 'MATCHES'}
Q_877,CRPC_156,{'type': 'MATCHES'}
Q_877,CRPC_200,{'type': 'MATCHES'}
Q_877,CRPC_302,{'type': 'MATCHES'}
Q_877,CRPC_482,{'type': 'MATCHES'}
Q_877,CPC_24,{'type': 'MATCHES'}
Q_878,fir,{'type': 'RELATES_TO'}
Q_878,sexual_harassment,{'type': 'RELATES_TO'}
Q_878,CRPC_154,{'type': 'MATCHES'}
Q_878,CRPC_156,{'type': 'MATCHES'}
Q_878,CRPC_200,{'type': 'MATCHES'}
Q_878,CRPC_210,{'type': 'MATCHES'}
Q_878,CRPC_302,{'type': 'MATCHES'}
Q_878,CRPC_482,{'type': 'MATCHES'}
Q_878,CPC_24,{'type': 'MATCHES'}
Q_878,IPC_354,{'type': 'MATCHES'}
Q_878,IPC_354A,{'type': 'MATCHES'}
Q_878,IPC_354B,{'type': 'MATCHES'}
Q_878,IPC_509,{'type': 'MATCHES'}
Q_880,cheating,{'type': 'RELATES_TO'}
Q_880,forgery,{'type': 'RELATES_TO'}
Q_880,IPC_415,{'type': 'MATCHES'}
Q_880,IPC_417,{'type': 'MATCHES'}
Q_880,IPC_419,{'type': 'MATCHES'}
Q_880,IPC_420,{'type': 'MATCHES'}
Q_880,CRPC_320,{'type': 'MATCHES'}
Q_880,ICA_73,{'type': 'MATCHES'}
Q_880,ICA_74,{'type': 'MATCHES'}
Q_880,ICA_75,{'type': 'MATCHES'}
Q_880,IPC_465,{'type': 'MATCHES'}
Q_880,IPC_467,{'type': 'MATCHES'}
Q_880,IPC_468,{'type': 'MATCHES'}
Q_880,IPC_471,{'type': 'MATCHES'}
Q_880,IEA_45,{'type': 'MATCHES'}
Q_880,RA_82,{'type': 'MATCHES'}
Q_880,RA_83,{'type': 'MATCHES'}
Q_881,charge_sheet,{'type': 'RELATES_TO'}
Q_881,CRPC_173,{'type': 'MATCHES'}
Q_881,CRPC_205,{'type': 'MATCHES'}
Q_881,CRPC_210,{'type': 'MATCHES'}
Q_881,CRPC_216,{'type': 'MATCHES'}
Q_881,CRPC_227,{'type': 'MATCHES'}
Q_881,CRPC_239,{'type': 'MATCHES'}
Q_881,CRPC_317,{'type': 'MATCHES'}
Q_883,fir,{'type': 'RELATES_TO'}
Q_883,CRPC_154,{'type': 'MATCHES'}
Q_883,CRPC_156,{'type': 'MATCHES'}
Q_883,CRPC_200,{'type': 'MATCHES'}
Q_883,CRPC_210,{'type': 'MATCHES'}
Q_883,CRPC_302,{'type': 'MATCHES'}
Q_883,CRPC_482,{'type': 'MATCHES'}
Q_883,CPC_24,{'type': 'MATCHES'}
Q_885,fir,{'type': 'RELATES_TO'}
Q_885,murder,{'type': 'RELATES_TO'}
Q_885,CRPC_154,{'type': 'MATCHES'}
Q_885,CRPC_156,{'type': 'MATCHES'}
Q_885,CRPC_200,{'type': 'MATCHES'}
Q_885,CRPC_210,{'type': 'MATCHES'}
Q_885,CRPC_302,{'type': 'MATCHES'}
Q_885,CRPC_482,{'type': 'MATCHES'}
Q_885,CPC_24,{'type': 'MATCHES'}
Q_885,IPC_302,{'type': 'MATCHES'}
Q_885,IPC_307,{'type': 'MATCHES'}
Q_885,IPC_308,{'type': 'MATCHES'}
Q_885,IPC_309,{'type': 'MATCHES'}
Q_887,rape,{'type': 'RELATES_TO'}
Q_887,IPC_375,{'type': 'MATCHES'}
Q_887,IPC_376,{'type': 'MATCHES'}
Q_887,IEA_45,{'type': 'MATCHES'}
Q_888,fir,{'type': 'RELATES_TO'}
Q_888,CRPC_154,{'type': 'MATCHES'}
Q_888,CRPC_156,{'type': 'MATCHES'}
Q_888,CRPC_200,{'type': 'MATCHES'}
Q_888,CRPC_210,{'type': 'MATCHES'}
Q_888,CRPC_302,{'type': 'MATCHES'}
Q_888,CRPC_482,{'type': 'MATCHES'}
Q_888,CPC_24,{'type': 'MATCHES'}
Q_889,cheating,{'type': 'RELATES_TO'}
Q_889,IPC_415,{'type': 'MATCHES'}
Q_889,IPC_417,{'type': 'MATCHES'}
Q_889,IPC_419,{'type': 'MATCHES'}
Q_889,IPC_420,{'type': 'MATCHES'}
Q_889,CRPC_320,{'type': 'MATCHES'}
Q_889,ICA_73,{'type': 'MATCHES'}
Q_889,ICA_74,{'type': 'MATCHES'}
Q_889,ICA_75,{'type': 'MATCHES'}
Q_892,fir,{'type': 'RELATES_TO'}
Q_892,CRPC_154,{'type': 'MATCHES'}
Q_892,CRPC_156,{'type': 'MATCHES'}
Q_892,CRPC_200,{'type': 'MATCHES'}
Q_892,CRPC_210,{'type': 'MATCHES'}
Q_892,CRPC_302,{'type': 'MATCHES'}
Q_892,CRPC_482,{'type': 'MATCHES'}
Q_892,CPC_24,{'type': 'MATCHES'}
Q_893,fir,{'type': 'RELATES_TO'}
Q_893,theft,{'type': 'RELATES_TO'}
Q_893,CRPC_154,{'type': 'MATCHES'}
Q_893,CRPC_156,{'type': 'MATCHES'}
Q_893,CRPC_200,{'type': 'MATCHES'}
Q_893,CRPC_210,{'type': 'MATCHES'}
Q_893,CRPC_302,{'type': 'MATCHES'}
Q_893,CRPC_482,{'type': 'MATCHES'}
Q_893,CPC_24,{'type': 'MATCHES'}
Q_893,IPC_378,{'type': 'MATCHES'}
Q_893,IPC_379,{'type': 'MATCHES'}
Q_893,IPC_411,{'type': 'MATCHES'}
Q_893,CRPC_451,{'type': 'MATCHES'}
Q_893,CRPC_457,{'type': 'MATCHES'}
Q_895,fir,{'type': 'RELATES_TO'}
Q_895,theft,{'type': 'RELATES_TO'}
Q_895,CRPC_154,{'type': 'MATCHES'}
Q_895,CRPC_156,{'type': 'MATCHES'}
Q_895,CRPC_200,{'type': 'MATCHES'}
Q_895,CRPC_210,{'type': 'MATCHES'}
Q_895,CRPC_302,{'type': 'MATCHES'}
Q_895,CRPC_482,{'type': 'MATCHES'}
Q_895,CPC_24,{'type': 'MATCHES'}
Q_895,IPC_378,{'type': 'MATCHES'}
Q_895,IPC_379,{'type': 'MATCHES'}
Q_895,IPC_411,{'type': 'MATCHES'}
Q_895,CRPC_451,{'type': 'MATCHES'}
Q_895,CRPC_457,{'type': 'MATCHES'}
Q_897,forgery,{'type': 'RELATES_TO'}
Q_897,IPC_465,{'type': 'MATCHES'}
Q_897,IPC_467,{'type': 'MATCHES'}
Q_897,IPC_468,{'type': 'MATCHES'}
Q_897,IPC_471,{'type': 'MATCHES'}
Q_897,IEA_45,{'type': 'MATCHES'}
Q_897,RA_82,{'type': 'MATCHES'}
Q_897,RA_83,{'type': 'MATCHES'}
Q_898,rape,{'type': 'RELATES_TO'}
Q_898,IPC_375,{'type': 'MATCHES'}
Q_898,IPC_376,{'type': 'MATCHES'}
Q_898,IEA_45,{'type': 'MATCHES'}
Q_899,fir,{'type': 'RELATES_TO'}
Q_899,charge_sheet,{'type': 'RELATES_TO'}
Q_899,cheating,{'type': 'RELATES_TO'}
Q_899,criminal_conspiracy,{'type': 'RELATES_TO'}
Q_899,CRPC_154,{'type': 'MATCHES'}
Q_899,CRPC_156,{'type': 'MATCHES'}
Q_899,CRPC_200,{'type': 'MATCHES'}
Q_899,CRPC_210,{'type': 'MATCHES'}
Q_899,CRPC_302,{'type': 'MATCHES'}
Q_899,CRPC_482,{'type': 'MATCHES'}
Q_899,CPC_24,{'type': 'MATCHES'}
Q_899,CRPC_173,{'type': 'MATCHES'}
Q_899,CRPC_205,{'type': 'MATCHES'}
Q_899,CRPC_216,{'type': 'MATCHES'}
Q_899,CRPC_227,{'type': 'MATCHES'}
Q_899,CRPC_239,{'type': 'MATCHES'}
Q_899,CRPC_317,{'type': 'MATCHES'}
Q_899,IPC_415,{'type': 'MATCHES'}
Q_899,IPC_417,{'type': 'MATCHES'}
Q_899,IPC_419,{'type': 'MATCHES'}
Q_899,IPC_420,{'type': 'MATCHES'}
Q_899,CRPC_320,{'type': 'MATCHES'}
Q_899,ICA_73,{'type': 'MATCHES'}
Q_899,ICA_74,{'type': 'MATCHES'}
Q_899,ICA_75,{'type': 'MATCHES'}
Q_899,IPC_120A,{'type': 'MATCHES'}
Q_899,IPC_120B,{'type': 'MATCHES'}
Q_902,arrest,{'type': 'RELATES_TO'}
Q_902,CRPC_41,{'type': 'MATCHES'}
Q_902,CRPC_73,{'type': 'MATCHES'}
Q_902,CRPC_160,{'type': 'MATCHES'}
Q_902,CRPC_167,{'type': 'MATCHES'}
Q_902,IEA_27,{'type': 'MATCHES'}
Q_903,fir,{'type': 'RELATES_TO'}
Q_903,arrest,{'type': 'RELATES_TO'}
Q_903,CRPC_154,{'type': 'MATCHES'}
Q_903,CRPC_156,{'type': 'MATCHES'}
Q_903,CRPC_200,{'type': 'MATCHES'}
Q_903,CRPC_210,{'type': 'MATCHES'}
Q_903,CRPC_302,{'type': 'MATCHES'}
Q_903,CRPC_482,{'type': 'MATCHES'}
Q_903,CPC_24,{'type': 'MATCHES'}
Q_903,CRPC_41,{'type': 'MATCHES'}
Q_903,CRPC_73,{'type': 'MATCHES'}
Q_903,CRPC_160,{'type': 'MATCHES'}
Q_903,CRPC_167,{'type': 'MATCHES'}
Q_903,IEA_27,{'type': 'MATCHES'}
Q_904,murder,{'type': 'RELATES_TO'}
Q_904,IPC_302,{'type': 'MATCHES'}
Q_904,IPC_307,{'type': 'MATCHES'}
Q_904,IPC_308,{'type': 'MATCHES'}
Q_904,IPC_309,{'type': 'MATCHES'}
Q_906,fir,{'type': 'RELATES_TO'}
Q_906,assault,{'type': 'RELATES_TO'}
Q_906,CRPC_154,{'type': 'MATCHES'}
Q_906,CRPC_156,{'type': 'MATCHES'}
Q_906,CRPC_200,{'type': 'MATCHES'}
Q_906,CRPC_210,{'type': 'MATCHES'}
Q_906,CRPC_302,{'type': 'MATCHES'}
Q_906,CRPC_482,{'type': 'MATCHES'}
Q_906,CPC_24,{'type': 'MATCHES'}
Q_906,IPC_320,{'type': 'MATCHES'}
Q_906,IPC_323,{'type': 'MATCHES'}
Q_906,IPC_324,{'type': 'MATCHES'}
Q_906,IPC_325,{'type': 'MATCHES'}
Q_906,IPC_326,{'type': 'MATCHES'}
Q_906,IPC_337,{'type': 'MATCHES'}
Q_906,IPC_338,{'type': 'MATCHES'}
Q_906,IPC_350,{'type': 'MATCHES'}
Q_906,CRPC_320,{'type': 'MATCHES'}
Q_907,fir,{'type': 'RELATES_TO'}
Q_907,CRPC_154,{'type': 'MATCHES'}
Q_907,CRPC_156,{'type': 'MATCHES'}
Q_907,CRPC_200,{'type': 'MATCHES'}
Q_907,CRPC_210,{'type': 'MATCHES'}
Q_907,CRPC_302,{'type': 'MATCHES'}
Q_907,CRPC_482,{'type': 'MATCHES'}
Q_907,CPC_24,{'type': 'MATCHES'}
Q_908,fir,{'type': 'RELATES_TO'}
Q_908,bail,{'type': 'RELATES_TO'}
Q_908,CRPC_154,{'type': 'MATCHES'}
Q_908,CRPC_156,{'type': 'MATCHES'}
Q_908,CRPC_200,{'type': 'MATCHES'}
Q_908,CRPC_210,{'type': 'MATCHES'}
Q_908,CRPC_302,{'type': 'MATCHES'}
Q_908,CRPC_482,{'type': 'MATCHES'}
Q_908,CPC_24,{'type': 'MATCHES'}
Q_908,CRPC_167,{'type': 'MATCHES'}
Q_908,CRPC_397,{'type': 'MATCHES'}
Q_908,CRPC_439,{'type': 'MATCHES'}
Q_910,criminal_breach_of_trust,{'type': 'RELATES_TO'}
Q_910,theft,{'type': 'RELATES_TO'}
Q_910,cybercrime,{'type': 'RELATES_TO'}
Q_910,defamation,{'type': 'RELATES_TO'}
Q_910,cheating,{'type': 'RELATES_TO'}
Q_910,IPC_406,{'type': 'MATCHES'}
Q_910,IPC_409,{'type': 'MATCHES'}
Q_910,ICA_73,{'type': 'MATCHES'}
Q_910,IPC_378,{'type': 'MATCHES'}
Q_910,IPC_379,{'type': 'MATCHES'}
Q_910,IPC_411,{'type': 'MATCHES'}
Q_910,CRPC_451,{'type': 'MATCHES'}
Q_910,CRPC_457,{'type': 'MATCHES'}
Q_910,IPC_499,{'type': 'MATCHES'}
Q_910,IPC_500,{'type': 'MATCHES'}
Q_910,IPC_415,{'type': 'MATCHES'}
Q_910,IPC_417,{'type': 'MATCHES'}
Q_910,IPC_419,{'type': 'MATCHES'}
Q_910,IPC_420,{'type': 'MATCHES'}
Q_910,CRPC_320,{'type': 'MATCHES'}
Q_910,ICA_74,{'type': 'MATCHES'}
Q_910,ICA_75,{'type': 'MATCHES'}
Q_911,cybercrime,{'type': 'RELATES_TO'}
Q_912,fir,{'type': 'RELATES_TO'}
Q_912,rape,{'type': 'RELATES_TO'}
Q_912,CRPC_154,{'type': 'MATCHES'}
Q_912,CRPC_156,{'type': 'MATCHES'}
Q_912,CRPC_200,{'type': 'MATCHES'}
Q_912,CRPC_210,{'type': 'MATCHES'}
Q_912,CRPC_302,{'type': 'MATCHES'}
Q_912,CRPC_482,{'type': 'MATCHES'}
Q_912,CPC_24,{'type': 'MATCHES'}
Q_912,IPC_375,{'type': 'MATCHES'}
Q_912,IPC_376,{'type': 'MATCHES'}
Q_912,IEA_45,{'type': 'MATCHES'}
Q_915,cheating,{'type': 'RELATES_TO'}
Q_915,IPC_415,{'type': 'MATCHES'}
Q_915,IPC_417,{'type': 'MATCHES'}
Q_915,IPC_419,{'type': 'MATCHES'}
Q_915,IPC_420,{'type': 'MATCHES'}
Q_915,CRPC_320,{'type': 'MATCHES'}
Q_915,ICA_73,{'type': 'MATCHES'}
Q_915,ICA_74,{'type': 'MATCHES'}
Q_915,ICA_75,{'type': 'MATCHES'}
Q_916,maintenance,{'type': 'RELATES_TO'}
Q_916,CRPC_125,{'type': 'MATCHES'}
Q_916,HMA_9,{'type': 'MATCHES'}
Q_917,cheque_bounce,{'type': 'RELATES_TO'}
Q_917,NIA_138,{'type': 'MATCHES'}
Q_918,fir,{'type': 'RELATES_TO'}
Q_918,charge_sheet,{'type': 'RELATES_TO'}
Q_918,bail,{'type': 'RELATES_TO'}
Q_918,arrest,{'type': 'RELATES_TO'}
Q_918,anticipatory_bail,{'type': 'RELATES_TO'}
Q_918,CRPC_154,{'type': 'MATCHES'}
Q_918,CRPC_156,{'type': 'MATCHES'}
Q_918,CRPC_200,{'type': 'MATCHES'}
Q_918,CRPC_210,{'type': 'MATCHES'}
Q_918,CRPC_302,{'type': 'MATCHES'}
Q_918,CRPC_482,{'type': 'MATCHES'}
Q_918,CPC_24,{'type': 'MATCHES'}
Q_918,CRPC_173,{'type': 'MATCHES'}
Q_918,CRPC_205,{'type': 'MATCHES'}
Q_918,CRPC_216,{'type': 'MATCHES'}
Q_918,CRPC_227,{'type': 'MATCHES'}
Q_918,CRPC_239,{'type': 'MATCHES'}
Q_918,CRPC_317,{'type': 'MATCHES'}
Q_918,CRPC_167,{'type': 'MATCHES'}
Q_918,CRPC_397,{'type': 'MATCHES'}
Q_918,CRPC_439,{'type': 'MATCHES'}
Q_918,CRPC_41,{'type': 'MATCHES'}
Q_918,CRPC_73,{'type': 'MATCHES'}
Q_918,CRPC_160,{'type': 'MATCHES'}
Q_918,IEA_27,{'type': 'MATCHES'}
Q_918,CRPC_438,{'type': 'MATCHES'}
Q_919,fir,{'type': 'RELATES_TO'}
Q_919,CRPC_154,{'type': 'MATCHES'}
Q_919,CRPC_156,{'type': 'MATCHES'}
Q_919,CRPC_200,{'type': 'MATCHES'}
Q_919,CRPC_210,{'type': 'MATCHES'}
Q_919,CRPC_302,{'type': 'MATCHES'}
Q_919,CRPC_482,{'type': 'MATCHES'}
Q_919,CPC_24,{'type': 'MATCHES'}
Q_920,maintenance,{'type': 'RELATES_TO'}
Q_920,CRPC_125,{'type': 'MATCHES'}
Q_920,HMA_9,{'type': 'MATCHES'}
Q_922,bail,{'type': 'RELATES_TO'}
Q_922,CRPC_167,{'type': 'MATCHES'}
Q_922,CRPC_397,{'type': 'MATCHES'}
Q_922,CRPC_439,{'type': 'MATCHES'}
Q_922,CRPC_482,{'type': 'MATCHES'}
Q_923,arrest,{'type': 'RELATES_TO'}
Q_923,CRPC_41,{'type': 'MATCHES'}
Q_923,CRPC_73,{'type': 'MATCHES'}
Q_923,CRPC_160,{'type': 'MATCHES'}
Q_923,CRPC_167,{'type': 'MATCHES'}
Q_923,IEA_27,{'type': 'MATCHES'}
Q_925,fir,{'type': 'RELATES_TO'}
Q_925,arrest,{'type': 'RELATES_TO'}
Q_925,theft,{'type': 'RELATES_TO'}
Q_925,CRPC_154,{'type': 'MATCHES'}
Q_925,CRPC_156,{'type': 'MATCHES'}
Q_925,CRPC_200,{'type': 'MATCHES'}
Q_925,CRPC_210,{'type': 'MATCHES'}
Q_925,CRPC_302,{'type': 'MATCHES'}
Q_925,CRPC_482,{'type': 'MATCHES'}
Q_925,CPC_24,{'type': 'MATCHES'}
Q_925,CRPC_41,{'type': 'MATCHES'}
Q_925,CRPC_73,{'type': 'MATCHES'}
Q_925,CRPC_160,{'type': 'MATCHES'}
Q_925,CRPC_167,{'type': 'MATCHES'}
Q_925,IEA_27,{'type': 'MATCHES'}
Q_925,IPC_378,{'type': 'MATCHES'}
Q_925,IPC_379,{'type': 'MATCHES'}
Q_925,IPC_411,{'type': 'MATCHES'}
Q_925,CRPC_451,{'type': 'MATCHES'}
Q_925,CRPC_457,{'type': 'MATCHES'}
Q_926,fir,{'type': 'RELATES_TO'}
Q_926,CRPC_154,{'type': 'MATCHES'}
Q_926,CRPC_156,{'type': 'MATCHES'}
Q_926,CRPC_200,{'type': 'MATCHES'}
Q_926,CRPC_210,{'type': 'MATCHES'}
Q_926,CRPC_302,{'type': 'MATCHES'}
Q_926,CRPC_482,{'type': 'MATCHES'}
Q_926,CPC_24,{'type': 'MATCHES'}
Q_927,fir,{'type': 'RELATES_TO'}
Q_927,CRPC_154,{'type': 'MATCHES'}
Q_927,CRPC_156,{'type': 'MATCHES'}
Q_927,CRPC_200,{'type': 'MATCHES'}
Q_927,CRPC_210,{'type': 'MATCHES'}
Q_927,CRPC_302,{'type': 'MATCHES'}
Q_927,CRPC_482,{'type': 'MATCHES'}
Q_927,CPC_24,{'type': 'MATCHES'}
Q_928,fir,{'type': 'RELATES_TO'}
Q_928,CRPC_154,{'type': 'MATCHES'}
Q_928,CRPC_156,{'type': 'MATCHES'}
Q_928,CRPC_200,{'type': 'MATCHES'}
Q_928,CRPC_210,{'type': 'MATCHES'}
Q_928,CRPC_302,{'type': 'MATCHES'}
Q_928,CRPC_482,{'type': 'MATCHES'}
Q_928,CPC_24,{'type': 'MATCHES'}
Q_929,fir,{'type': 'RELATES_TO'}
Q_929,abetment,{'type': 'RELATES_TO'}
Q_929,CRPC_154,{'type': 'MATCHES'}
Q_929,CRPC_156,{'type': 'MATCHES'}
Q_929,CRPC_200,{'type': 'MATCHES'}
Q_929,CRPC_210,{'type': 'MATCHES'}
Q_929,CRPC_302,{'type': 'MATCHES'}
Q_929,CRPC_482,{'type': 'MATCHES'}
Q_929,CPC_24,{'type': 'MATCHES'}
Q_929,IPC_107,{'type': 'MATCHES'}
Q_931,bail,{'type': 'RELATES_TO'}
Q_931,arrest,{'type': 'RELATES_TO'}
Q_931,CRPC_167,{'type': 'MATCHES'}
Q_931,CRPC_397,{'type': 'MATCHES'}
Q_931,CRPC_439,{'type': 'MATCHES'}
Q_931,CRPC_482,{'type': 'MATCHES'}
Q_931,CRPC_41,{'type': 'MATCHES'}
Q_931,CRPC_73,{'type': 'MATCHES'}
Q_931,CRPC_160,{'type': 'MATCHES'}
Q_931,IEA_27,{'type': 'MATCHES'}
Q_933,fir,{'type': 'RELATES_TO'}
Q_933,bail,{'type': 'RELATES_TO'}
Q_933,CRPC_154,{'type': 'MATCHES'}
Q_933,CRPC_156,{'type': 'MATCHES'}
Q_933,CRPC_200,{'type': 'MATCHES'}
Q_933,CRPC_210,{'type': 'MATCHES'}
Q_933,CRPC_302,{'type': 'MATCHES'}
Q_933,CRPC_482,{'type': 'MATCHES'}
Q_933,CPC_24,{'type': 'MATCHES'}
Q_933,CRPC_167,{'type': 'MATCHES'}
Q_933,CRPC_397,{'type': 'MATCHES'}
Q_933,CRPC_439,{'type': 'MATCHES'}
Q_934,criminal_intimidation,{'type': 'RELATES_TO'}
Q_934,IPC_503,{'type': 'MATCHES'}
Q_934,IPC_504,{'type': 'MATCHES'}
Q_934,IPC_506,{'type': 'MATCHES'}
Q_935,cheating,{'type': 'RELATES_TO'}
Q_935,IPC_415,{'type': 'MATCHES'}
Q_935,IPC_417,{'type': 'MATCHES'}
Q_935,IPC_419,{'type': 'MATCHES'}
Q_935,IPC_420,{'type': 'MATCHES'}
Q_935,CRPC_320,{'type': 'MATCHES'}
Q_935,ICA_73,{'type': 'MATCHES'}
Q_935,ICA_74,{'type': 'MATCHES'}
Q_935,ICA_75,{'type': 'MATCHES'}
Q_938,fir,{'type': 'RELATES_TO'}
Q_938,bail,{'type': 'RELATES_TO'}
Q_938,CRPC_154,{'type': 'MATCHES'}
Q_938,CRPC_156,{'type': 'MATCHES'}
Q_938,CRPC_200,{'type': 'MATCHES'}
Q_938,CRPC_210,{'type': 'MATCHES'}
Q_938,CRPC_302,{'type': 'MATCHES'}
Q_938,CRPC_482,{'type': 'MATCHES'}
Q_938,CPC_24,{'type': 'MATCHES'}
Q_938,CRPC_167,{'type': 'MATCHES'}
Q_938,CRPC_397,{'type': 'MATCHES'}
Q_938,CRPC_439,{'type': 'MATCHES'}
Q_940,perjury,{'type': 'RELATES_TO'}
Q_940,IPC_182,{'type': 'MATCHES'}
Q_940,IPC_191,{'type': 'MATCHES'}
Q_940,IPC_192,{'type': 'MATCHES'}
Q_940,IPC_193,{'type': 'MATCHES'}
Q_940,IPC_194,{'type': 'MATCHES'}
Q_940,IPC_195,{'type': 'MATCHES'}
Q_940,IPC_199,{'type': 'MATCHES'}
Q_940,IPC_200,{'type': 'MATCHES'}
Q_940,IPC_205,{'type': 'MATCHES'}
Q_940,IPC_228,{'type': 'MATCHES'}
Q_940,CRPC_195,{'type': 'MATCHES'}
Q_940,CRPC_340,{'type': 'MATCHES'}
Q_941,defamation,{'type': 'RELATES_TO'}
Q_941,IPC_499,{'type': 'MATCHES'}
Q_941,IPC_500,{'type': 'MATCHES'}
Q_944,fir,{'type': 'RELATES_TO'}
Q_944,CRPC_154,{'type': 'MATCHES'}
Q_944,CRPC_156,{'type': 'MATCHES'}
Q_944,CRPC_200,{'type': 'MATCHES'}
Q_944,CRPC_210,{'type': 'MATCHES'}
Q_944,CRPC_302,{'type': 'MATCHES'}
Q_944,CRPC_482,{'type': 'MATCHES'}
Q_944,CPC_24,{'type': 'MATCHES'}
Q_946,defamation,{'type': 'RELATES_TO'}
Q_946,IPC_499,{'type': 'MATCHES'}
Q_946,IPC_500,{'type': 'MATCHES'}
Q_947,rape,{'type': 'RELATES_TO'}
Q_947,IPC_375,{'type': 'MATCHES'}
Q_947,IPC_376,{'type': 'MATCHES'}
Q_947,IEA_45,{'type': 'MATCHES'}
Q_950,fir,{'type': 'RELATES_TO'}
Q_950,CRPC_154,{'type': 'MATCHES'}
Q_950,CRPC_156,{'type': 'MATCHES'}
Q_950,CRPC_200,{'type': 'MATCHES'}
Q_950,CRPC_210,{'type': 'MATCHES'}
Q_950,CRPC_302,{'type': 'MATCHES'}
Q_950,CRPC_482,{'type': 'MATCHES'}
Q_950,CPC_24,{'type': 'MATCHES'}
Q_953,forgery,{'type': 'RELATES_TO'}
Q_953,IPC_465,{'type': 'MATCHES'}
Q_953,IPC_467,{'type': 'MATCHES'}
Q_953,IPC_468,{'type': 'MATCHES'}
Q_953,IPC_471,{'type': 'MATCHES'}
Q_953,IEA_45,{'type': 'MATCHES'}
Q_953,RA_82,{'type': 'MATCHES'}
Q_953,RA_83,{'type': 'MATCHES'}
Q_954,bail,{'type': 'RELATES_TO'}
Q_954,CRPC_167,{'type': 'MATCHES'}
Q_954,CRPC_397,{'type': 'MATCHES'}
Q_954,CRPC_439,{'type': 'MATCHES'}
Q_954,CRPC_482,{'type': 'MATCHES'}
Q_957,fir,{'type': 'RELATES_TO'}
Q_957,CRPC_154,{'type': 'MATCHES'}
Q_957,CRPC_156,{'type': 'MATCHES'}
Q_957,CRPC_200,{'type': 'MATCHES'}
Q_957,CRPC_210,{'type': 'MATCHES'}
Q_957,CRPC_302,{'type': 'MATCHES'}
Q_957,CRPC_482,{'type': 'MATCHES'}
Q_957,CPC_24,{'type': 'MATCHES'}
Q_958,fir,{'type': 'RELATES_TO'}
Q_958,criminal_intimidation,{'type': 'RELATES_TO'}
Q_958,CRPC_154,{'type': 'MATCHES'}
Q_958,CRPC_156,{'type': 'MATCHES'}
Q_958,CRPC_200,{'type': 'MATCHES'}
Q_958,CRPC_210,{'type': 'MATCHES'}
Q_958,CRPC_302,{'type': 'MATCHES'}
Q_958,CRPC_482,{'type': 'MATCHES'}
Q_958,CPC_24,{'type': 'MATCHES'}
Q_958,IPC_503,{'type': 'MATCHES'}
Q_958,IPC_504,{'type': 'MATCHES'}
Q_958,IPC_506,{'type': 'MATCHES'}
Q_960,defamation,{'type': 'RELATES_TO'}
Q_960,IPC_499,{'type': 'MATCHES'}
Q_960,IPC_500,{'type': 'MATCHES'}
Q_961,fir,{'type': 'RELATES_TO'}
Q_961,trespass,{'type': 'RELATES_TO'}
Q_961,theft,{'type': 'RELATES_TO'}
Q_961,CRPC_154,{'type': 'MATCHES'}
Q_961,CRPC_156,{'type': 'MATCHES'}
Q_961,CRPC_200,{'type': 'MATCHES'}
Q_961,CRPC_210,{'type': 'MATCHES'}
Q_961,CRPC_302,{'type': 'MATCHES'}
Q_961,CRPC_482,{'type': 'MATCHES'}
Q_961,CPC_24,{'type': 'MATCHES'}
Q_961,IPC_447,{'type': 'MATCHES'}
Q_961,IPC_448,{'type': 'MATCHES'}
Q_961,IPC_378,{'type': 'MATCHES'}
Q_961,IPC_379,{'type': 'MATCHES'}
Q_961,IPC_411,{'type': 'MATCHES'}
Q_961,CRPC_451,{'type': 'MATCHES'}
Q_961,CRPC_457,{'type': 'MATCHES'}
Q_962,fir,{'type': 'RELATES_TO'}
Q_962,cheating,{'type': 'RELATES_TO'}
Q_962,CRPC_154,{'type': 'MATCHES'}
Q_962,CRPC_156,{'type': 'MATCHES'}
Q_962,CRPC_200,{'type': 'MATCHES'}
Q_962,CRPC_210,{'type': 'MATCHES'}
Q_962,CRPC_302,{'type': 'MATCHES'}
Q_962,CRPC_482,{'type': 'MATCHES'}
Q_962,CPC_24,{'type': 'MATCHES'}
Q_962,IPC_415,{'type': 'MATCHES'}
Q_962,IPC_417,{'type': 'MATCHES'}
Q_962,IPC_419,{'type': 'MATCHES'}
Q_962,IPC_420,{'type': 'MATCHES'}
Q_962,CRPC_320,{'type': 'MATCHES'}
Q_962,ICA_73,{'type': 'MATCHES'}
Q_962,ICA_74,{'type': 'MATCHES'}
Q_962,ICA_75,{'type': 'MATCHES'}
Q_963,fir,{'type': 'RELATES_TO'}
Q_963,CRPC_154,{'type': 'MATCHES'}
Q_963,CRPC_156,{'type': 'MATCHES'}
Q_963,CRPC_200,{'type': 'MATCHES'}
Q_963,CRPC_210,{'type': 'MATCHES'}
Q_963,CRPC_302,{'type': 'MATCHES'}
Q_963,CRPC_482,{'type': 'MATCHES'}
Q_963,CPC_24,{'type': 'MATCHES'}
Q_964,cheating,{'type': 'RELATES_TO'}
Q_964,IPC_415,{'type': 'MATCHES'}
Q_964,IPC_417,{'type': 'MATCHES'}
Q_964,IPC_419,{'type': 'MATCHES'}
Q_964,IPC_420,{'type': 'MATCHES'}
Q_964,CRPC_320,{'type': 'MATCHES'}
Q_964,ICA_73,{'type': 'MATCHES'}
Q_964,ICA_74,{'type': 'MATCHES'}
Q_964,ICA_75,{'type': 'MATCHES'}
Q_965,fir,{'type': 'RELATES_TO'}
Q_965,bail,{'type': 'RELATES_TO'}
Q_965,theft,{'type': 'RELATES_TO'}
Q_965,arrest,{'type': 'RELATES_TO'}
Q_965,anticipatory_bail,{'type': 'RELATES_TO'}
Q_965,CRPC_154,{'type': 'MATCHES'}
Q_965,CRPC_156,{'type': 'MATCHES'}
Q_965,CRPC_200,{'type': 'MATCHES'}
Q_965,CRPC_210,{'type': 'MATCHES'}
Q_965,CRPC_302,{'type': 'MATCHES'}
Q_965,CRPC_482,{'type': 'MATCHES'}
Q_965,CPC_24,{'type': 'MATCHES'}
Q_965,CRPC_167,{'type': 'MATCHES'}
Q_965,CRPC_397,{'type': 'MATCHES'}
Q_965,CRPC_439,{'type': 'MATCHES'}
Q_965,IPC_378,{'type': 'MATCHES'}
Q_965,IPC_379,{'type': 'MATCHES'}
Q_965,IPC_411,{'type': 'MATCHES'}
Q_965,CRPC_451,{'type': 'MATCHES'}
Q_965,CRPC_457,{'type': 'MATCHES'}
Q_965,CRPC_41,{'type': 'MATCHES'}
Q_965,CRPC_73,{'type': 'MATCHES'}
Q_965,CRPC_160,{'type': 'MATCHES'}
Q_965,IEA_27,{'type': 'MATCHES'}
Q_965,CRPC_438,{'type': 'MATCHES'}
Q_971,cheating,{'type': 'RELATES_TO'}
Q_971,maintenance,{'type': 'RELATES_TO'}
Q_971,arrest,{'type': 'RELATES_TO'}
Q_971,IPC_415,{'type': 'MATCHES'}
Q_971,IPC_417,{'type': 'MATCHES'}
Q_971,IPC_419,{'type': 'MATCHES'}
Q_971,IPC_420,{'type': 'MATCHES'}
Q_971,CRPC_320,{'type': 'MATCHES'}
Q_971,ICA_73,{'type': 'MATCHES'}
Q_971,ICA_74,{'type': 'MATCHES'}
Q_971,ICA_75,{'type': 'MATCHES'}
Q_971,CRPC_125,{'type': 'MATCHES'}
Q_971,HMA_9,{'type': 'MATCHES'}
Q_971,CRPC_41,{'type': 'MATCHES'}
Q_971,CRPC_73,{'type': 'MATCHES'}
Q_971,CRPC_160,{'type': 'MATCHES'}
Q_971,CRPC_167,{'type': 'MATCHES'}
Q_971,IEA_27,{'type': 'MATCHES'}
Q_972,fir,{'type': 'RELATES_TO'}
Q_972,corruption,{'type': 'RELATES_TO'}
Q_972,theft,{'type': 'RELATES_TO'}
Q_972,CRPC_154,{'type': 'MATCHES'}
Q_972,CRPC_156,{'type': 'MATCHES'}
Q_972,CRPC_200,{'type': 'MATCHES'}
Q_972,CRPC_210,{'type': 'MATCHES'}
Q_972,CRPC_302,{'type': 'MATCHES'}
Q_972,CRPC_482,{'type': 'MATCHES'}
Q_972,CPC_24,{'type': 'MATCHES'}
Q_972,IPC_409,{'type': 'MATCHES'}
Q_972,PCA_7,{'type': 'MATCHES'}
Q_972,PCA_13,{'type': 'MATCHES'}
Q_972,IPC_378,{'type': 'MATCHES'}
Q_972,IPC_379,{'type': 'MATCHES'}
Q_972,IPC_411,{'type': 'MATCHES'}
Q_972,CRPC_451,{'type': 'MATCHES'}
Q_972,CRPC_457,{'type': 'MATCHES'}
Q_973,fir,{'type': 'RELATES_TO'}
Q_973,arrest,{'type': 'RELATES_TO'}
Q_973,CRPC_154,{'type': 'MATCHES'}
Q_973,CRPC_156,{'type': 'MATCHES'}
Q_973,CRPC_200,{'type': 'MATCHES'}
Q_973,CRPC_210,{'type': 'MATCHES'}
Q_973,CRPC_302,{'type': 'MATCHES'}
Q_973,CRPC_482,{'type': 'MATCHES'}
Q_973,CPC_24,{'type': 'MATCHES'}
Q_973,CRPC_41,{'type': 'MATCHES'}
Q_973,CRPC_73,{'type': 'MATCHES'}
Q_973,CRPC_160,{'type': 'MATCHES'}
Q_973,CRPC_167,{'type': 'MATCHES'}
Q_973,IEA_27,{'type': 'MATCHES'}
Q_974,fir,{'type': 'RELATES_TO'}
Q_974,bail,{'type': 'RELATES_TO'}
Q_974,anticipatory_bail,{'type': 'RELATES_TO'}
Q_974,CRPC_154,{'type': 'MATCHES'}
Q_974,CRPC_156,{'type': 'MATCHES'}
Q_974,CRPC_200,{'type': 'MATCHES'}
Q_974,CRPC_210,{'type': 'MATCHES'}
Q_974,CRPC_302,{'type': 'MATCHES'}
Q_974,CRPC_482,{'type': 'MATCHES'}
Q_974,CPC_24,{'type': 'MATCHES'}
Q_974,CRPC_167,{'type': 'MATCHES'}
Q_974,CRPC_397,{'type': 'MATCHES'}
Q_974,CRPC_439,{'type': 'MATCHES'}
Q_974,CRPC_438,{'type': 'MATCHES'}
Q_976,fir,{'type': 'RELATES_TO'}
Q_976,perjury,{'type': 'RELATES_TO'}
Q_976,bail,{'type': 'RELATES_TO'}
Q_976,maintenance,{'type': 'RELATES_TO'}
Q_976,CRPC_154,{'type': 'MATCHES'}
Q_976,CRPC_156,{'type': 'MATCHES'}
Q_976,CRPC_200,{'type': 'MATCHES'}
Q_976,CRPC_210,{'type': 'MATCHES'}
Q_976,CRPC_302,{'type': 'MATCHES'}
Q_976,CRPC_482,{'type': 'MATCHES'}
Q_976,CPC_24,{'type': 'MATCHES'}
Q_976,IPC_182,{'type': 'MATCHES'}
Q_976,IPC_191,{'type': 'MATCHES'}
Q_976,IPC_192,{'type': 'MATCHES'}
Q_976,IPC_193,{'type': 'MATCHES'}
Q_976,IPC_194,{'type': 'MATCHES'}
Q_976,IPC_195,{'type': 'MATCHES'}
Q_976,IPC_199,{'type': 'MATCHES'}
Q_976,IPC_200,{'type': 'MATCHES'}
Q_976,IPC_205,{'type': 'MATCHES'}
Q_976,IPC_228,{'type': 'MATCHES'}
Q_976,CRPC_195,{'type': 'MATCHES'}
Q_976,CRPC_340,{'type': 'MATCHES'}
Q_976,CRPC_167,{'type': 'MATCHES'}
Q_976,CRPC_397,{'type': 'MATCHES'}
Q_976,CRPC_439,{'type': 'MATCHES'}
Q_976,CRPC_125,{'type': 'MATCHES'}
Q_976,HMA_9,{'type': 'MATCHES'}
Q_977,fir,{'type': 'RELATES_TO'}
Q_977,cheating,{'type': 'RELATES_TO'}
Q_977,cheque_bounce,{'type': 'RELATES_TO'}
Q_977,CRPC_154,{'type': 'MATCHES'}
Q_977,CRPC_156,{'type': 'MATCHES'}
Q_977,CRPC_200,{'type': 'MATCHES'}
Q_977,CRPC_210,{'type': 'MATCHES'}
Q_977,CRPC_302,{'type': 'MATCHES'}
Q_977,CRPC_482,{'type': 'MATCHES'}
Q_977,CPC_24,{'type': 'MATCHES'}
Q_977,IPC_415,{'type': 'MATCHES'}
Q_977,IPC_417,{'type': 'MATCHES'}
Q_977,IPC_419,{'type': 'MATCHES'}
Q_977,IPC_420,{'type': 'MATCHES'}
Q_977,CRPC_320,{'type': 'MATCHES'}
Q_977,ICA_73,{'type': 'MATCHES'}
Q_977,ICA_74,{'type': 'MATCHES'}
Q_977,ICA_75,{'type': 'MATCHES'}
Q_977,NIA_138,{'type': 'MATCHES'}
Q_978,fir,{'type': 'RELATES_TO'}
Q_978,CRPC_154,{'type': 'MATCHES'}
Q_978,CRPC_156,{'type': 'MATCHES'}
Q_978,CRPC_200,{'type': 'MATCHES'}
Q_978,CRPC_210,{'type': 'MATCHES'}
Q_978,CRPC_302,{'type': 'MATCHES'}
Q_978,CRPC_482,{'type': 'MATCHES'}
Q_978,CPC_24,{'type': 'MATCHES'}
Q_979,rape,{'type': 'RELATES_TO'}
Q_979,IPC_375,{'type': 'MATCHES'}
Q_979,IPC_376,{'type': 'MATCHES'}
Q_979,IEA_45,{'type': 'MATCHES'}
Q_980,charge_sheet,{'type': 'RELATES_TO'}
Q_980,arrest,{'type': 'RELATES_TO'}
Q_980,anticipatory_bail,{'type': 'RELATES_TO'}
Q_980,CRPC_173,{'type': 'MATCHES'}
Q_980,CRPC_205,{'type': 'MATCHES'}
Q_980,CRPC_210,{'type': 'MATCHES'}
Q_980,CRPC_216,{'type': 'MATCHES'}
Q_980,CRPC_227,{'type': 'MATCHES'}
Q_980,CRPC_239,{'type': 'MATCHES'}
Q_980,CRPC_317,{'type': 'MATCHES'}
Q_980,CRPC_41,{'type': 'MATCHES'}
Q_980,CRPC_73,{'type': 'MATCHES'}
Q_980,CRPC_160,{'type': 'MATCHES'}
Q_980,CRPC_167,{'type': 'MATCHES'}
Q_980,IEA_27,{'type': 'MATCHES'}
Q_980,CRPC_438,{'type': 'MATCHES'}
Q_981,cheating,{'type': 'RELATES_TO'}
Q_981,criminal_breach_of_trust,{'type': 'RELATES_TO'}
Q_981,IPC_415,{'type': 'MATCHES'}
Q_981,IPC_417,{'type': 'MATCHES'}
Q_981,IPC_419,{'type': 'MATCHES'}
Q_981,IPC_420,{'type': 'MATCHES'}
Q_981,CRPC_320,{'type': 'MATCHES'}
Q_981,ICA_73,{'type': 'MATCHES'}
Q_981,ICA_74,{'type': 'MATCHES'}
Q_981,ICA_75,{'type': 'MATCHES'}
Q_981,IPC_406,{'type': 'MATCHES'}
Q_981,IPC_409,{'type': 'MATCHES'}
Q_982,fir,{'type': 'RELATES_TO'}
Q_982,CRPC_154,{'type': 'MATCHES'}
Q_982,CRPC_156,{'type': 'MATCHES'}
Q_982,CRPC_200,{'type': 'MATCHES'}
Q_982,CRPC_210,{'type': 'MATCHES'}
Q_982,CRPC_302,{'type': 'MATCHES'}
Q_982,CRPC_482,{'type': 'MATCHES'}
Q_982,CPC_24,{'type': 'MATCHES'}
Q_983,fir,{'type': 'RELATES_TO'}
Q_983,CRPC_154,{'type': 'MATCHES'}
Q_983,CRPC_156,{'type': 'MATCHES'}
Q_983,CRPC_200,{'type': 'MATCHES'}
Q_983,CRPC_210,{'type': 'MATCHES'}
Q_983,CRPC_302,{'type': 'MATCHES'}
Q_983,CRPC_482,{'type': 'MATCHES'}
Q_983,CPC_24,{'type': 'MATCHES'}
Q_984,bail,{'type': 'RELATES_TO'}
Q_984,CRPC_167,{'type': 'MATCHES'}
Q_984,CRPC_397,{'type': 'MATCHES'}
Q_984,CRPC_439,{'type': 'MATCHES'}
Q_984,CRPC_482,{'type': 'MATCHES'}
Q_985,cheating,{'type': 'RELATES_TO'}
Q_985,IPC_415,{'type': 'MATCHES'}
Q_985,IPC_417,{'type': 'MATCHES'}
Q_985,IPC_419,{'type': 'MATCHES'}
Q_985,IPC_420,{'type': 'MATCHES'}
Q_985,CRPC_320,{'type': 'MATCHES'}
Q_985,ICA_73,{'type': 'MATCHES'}
Q_985,ICA_74,{'type': 'MATCHES'}
Q_985,ICA_75,{'type': 'MATCHES'}
Q_986,fir,{'type': 'RELATES_TO'}
Q_986,CRPC_154,{'type': 'MATCHES'}
Q_986,CRPC_156,{'type': 'MATCHES'}
Q_986,CRPC_200,{'type': 'MATCHES'}
Q_986,CRPC_210,{'type': 'MATCHES'}
Q_986,CRPC_302,{'type': 'MATCHES'}
Q_986,CRPC_482,{'type': 'MATCHES'}
Q_986,CPC_24,{'type': 'MATCHES'}
Q_990,anticipatory_bail,{'type': 'RELATES_TO'}
Q_990,CRPC_438,{'type': 'MATCHES'}
Q_991,fir,{'type': 'RELATES_TO'}
Q_991,charge_sheet,{'type': 'RELATES_TO'}
Q_991,CRPC_154,{'type': 'MATCHES'}
Q_991,CRPC_156,{'type': 'MATCHES'}
Q_991,CRPC_200,{'type': 'MATCHES'}
Q_991,CRPC_210,{'type': 'MATCHES'}
Q_991,CRPC_302,{'type': 'MATCHES'}
Q_991,CRPC_482,{'type': 'MATCHES'}
Q_991,CPC_24,{'type': 'MATCHES'}
Q_991,CRPC_173,{'type': 'MATCHES'}
Q_991,CRPC_205,{'type': 'MATCHES'}
Q_991,CRPC_216,{'type': 'MATCHES'}
Q_991,CRPC_227,{'type': 'MATCHES'}
Q_991,CRPC_239,{'type': 'MATCHES'}
Q_991,CRPC_317,{'type': 'MATCHES'}
Q_992,fir,{'type': 'RELATES_TO'}
Q_992,bail,{'type': 'RELATES_TO'}
Q_992,arrest,{'type': 'RELATES_TO'}
Q_992,CRPC_154,{'type': 'MATCHES'}
Q_992,CRPC_156,{'type': 'MATCHES'}
Q_992,CRPC_200,{'type': 'MATCHES'}
Q_992,CRPC_210,{'type': 'MATCHES'}
Q_992,CRPC_302,{'type': 'MATCHES'}
Q_992,CRPC_482,{'type': 'MATCHES'}
Q_992,CPC_24,{'type': 'MATCHES'}
Q_992,CRPC_167,{'type': 'MATCHES'}
Q_992,CRPC_397,{'type': 'MATCHES'}
Q_992,CRPC_439,{'type': 'MATCHES'}
Q_992,CRPC_41,{'type': 'MATCHES'}
Q_992,CRPC_73,{'type': 'MATCHES'}
Q_992,CRPC_160,{'type': 'MATCHES'}
Q_992,IEA_27,{'type': 'MATCHES'}
Q_994,fir,{'type': 'RELATES_TO'}
Q_994,CRPC_154,{'type': 'MATCHES'}
Q_994,CRPC_156,{'type': 'MATCHES'}
Q_994,CRPC_200,{'type': 'MATCHES'}
Q_994,CRPC_210,{'type': 'MATCHES'}
Q_994,CRPC_302,{'type': 'MATCHES'}
Q_994,CRPC_482,{'type': 'MATCHES'}
Q_994,CPC_24,{'type': 'MATCHES'}
Q_995,cheating,{'type': 'RELATES_TO'}
Q_995,IPC_415,{'type': 'MATCHES'}
Q_995,IPC_417,{'type': 'MATCHES'}
Q_995,IPC_419,{'type': 'MATCHES'}
Q_995,IPC_420,{'type': 'MATCHES'}
Q_995,CRPC_320,{'type': 'MATCHES'}
Q_995,ICA_73,{'type': 'MATCHES'}
Q_995,ICA_74,{'type': 'MATCHES'}
Q_995,ICA_75,{'type': 'MATCHES'}
Q_996,cybercrime,{'type': 'RELATES_TO'}
Q_997,confession,{'type': 'RELATES_TO'}
Q_997,CRPC_161,{'type': 'MATCHES'}
Q_997,CRPC_164,{'type': 'MATCHES'}
Q_997,IEA_27,{'type': 'MATCHES'}
Q_999,fir,{'type': 'RELATES_TO'}
Q_999,trespass,{'type': 'RELATES_TO'}
Q_999,CRPC_154,{'type': 'MATCHES'}
Q_999,CRPC_156,{'type': 'MATCHES'}
Q_999,CRPC_200,{'type': 'MATCHES'}
Q_999,CRPC_210,{'type': 'MATCHES'}
Q_999,CRPC_302,{'type': 'MATCHES'}
Q_999,CRPC_482,{'type': 'MATCHES'}
Q_999,CPC_24,{'type': 'MATCHES'}
Q_999,IPC_447,{'type': 'MATCHES'}
Q_999,IPC_448,{'type': 'MATCHES'}
Q_1000,fir,{'type': 'RELATES_TO'}
Q_1000,arrest,{'type': 'RELATES_TO'}
Q_1000,CRPC_154,{'type': 'MATCHES'}
Q_1000,CRPC_156,{'type': 'MATCHES'}
Q_1000,CRPC_200,{'type': 'MATCHES'}
Q_1000,CRPC_210,{'type': 'MATCHES'}
Q_1000,CRPC_302,{'type': 'MATCHES'}
Q_1000,CRPC_482,{'type': 'MATCHES'}
Q_1000,CPC_24,{'type': 'MATCHES'}
Q_1000,CRPC_41,{'type': 'MATCHES'}
Q_1000,CRPC_73,{'type': 'MATCHES'}
Q_1000,CRPC_160,{'type': 'MATCHES'}
Q_1000,CRPC_167,{'type': 'MATCHES'}
Q_1000,IEA_27,{'type': 'MATCHES'}
Q_1002,extortion,{'type': 'RELATES_TO'}
Q_1002,cheating,{'type': 'RELATES_TO'}
Q_1002,arrest,{'type': 'RELATES_TO'}
Q_1002,IPC_383,{'type': 'MATCHES'}
Q_1002,IPC_384,{'type': 'MATCHES'}
Q_1002,IPC_415,{'type': 'MATCHES'}
Q_1002,IPC_417,{'type': 'MATCHES'}
Q_1002,IPC_419,{'type': 'MATCHES'}
Q_1002,IPC_420,{'type': 'MATCHES'}
Q_1002,CRPC_320,{'type': 'MATCHES'}
Q_1002,ICA_73,{'type': 'MATCHES'}
Q_1002,ICA_74,{'type': 'MATCHES'}
Q_1002,ICA_75,{'type': 'MATCHES'}
Q_1002,CRPC_41,{'type': 'MATCHES'}
Q_1002,CRPC_73,{'type': 'MATCHES'}
Q_1002,CRPC_160,{'type': 'MATCHES'}
Q_1002,CRPC_167,{'type': 'MATCHES'}
Q_1002,IEA_27,{'type': 'MATCHES'}
Q_1003,bail,{'type': 'RELATES_TO'}
Q_1003,CRPC_167,{'type': 'MATCHES'}
Q_1003,CRPC_397,{'type': 'MATCHES'}
Q_1003,CRPC_439,{'type': 'MATCHES'}
Q_1003,CRPC_482,{'type': 'MATCHES'}
Q_1005,dowry_harassment,{'type': 'RELATES_TO'}
Q_1005,maintenance,{'type': 'RELATES_TO'}
Q_1005,murder,{'type': 'RELATES_TO'}
Q_1005,rape,{'type': 'RELATES_TO'}
Q_1005,IPC_304B,{'type': 'MATCHES'}
Q_1005,DP_3,{'type': 'MATCHES'}
Q_1005,DP_4,{'type': 'MATCHES'}
Q_1005,CRPC_125,{'type': 'MATCHES'}
Q_1005,HMA_9,{'type': 'MATCHES'}
Q_1005,IPC_302,{'type': 'MATCHES'}
Q_1005,IPC_307,{'type': 'MATCHES'}
Q_1005,IPC_308,{'type': 'MATCHES'}
Q_1005,IPC_309,{'type': 'MATCHES'}
Q_1005,IPC_375,{'type': 'MATCHES'}
Q_1005,IPC_376,{'type': 'MATCHES'}
Q_1005,IEA_45,{'type': 'MATCHES'}
Q_1006,fir,{'type': 'RELATES_TO'}
Q_1006,public_nuisance,{'type': 'RELATES_TO'}
Q_1006,mischief,{'type': 'RELATES_TO'}
Q_1006,arrest,{'type': 'RELATES_TO'}
Q_1006,CRPC_154,{'type': 'MATCHES'}
Q_1006,CRPC_156,{'type': 'MATCHES'}
Q_1006,CRPC_200,{'type': 'MATCHES'}
Q_1006,CRPC_210,{'type': 'MATCHES'}
Q_1006,CRPC_302,{'type': 'MATCHES'}
Q_1006,CRPC_482,{'type': 'MATCHES'}
Q_1006,CPC_24,{'type': 'MATCHES'}
Q_1006,IPC_268,{'type': 'MATCHES'}
Q_1006,IPC_290,{'type': 'MATCHES'}
Q_1006,CRPC_107,{'type': 'MATCHES'}
Q_1006,CRPC_116,{'type': 'MATCHES'}
Q_1006,CRPC_133,{'type': 'MATCHES'}
Q_1006,CRPC_144,{'type': 'MATCHES'}
Q_1006,IPC_425,{'type': 'MATCHES'}
Q_1006,IPC_427,{'type': 'MATCHES'}
Q_1006,IPC_428,{'type': 'MATCHES'}
Q_1006,IPC_429,{'type': 'MATCHES'}
Q_1006,CRPC_41,{'type': 'MATCHES'}
Q_1006,CRPC_73,{'type': 'MATCHES'}
Q_1006,CRPC_160,{'type': 'MATCHES'}
Q_1006,CRPC_167,{'type': 'MATCHES'}
Q_1006,IEA_27,{'type': 'MATCHES'}
Q_1008,fir,{'type': 'RELATES_TO'}
Q_1008,CRPC_154,{'type': 'MATCHES'}
Q_1008,CRPC_156,{'type': 'MATCHES'}
Q_1008,CRPC_200,{'type': 'MATCHES'}
Q_1008,CRPC_210,{'type': 'MATCHES'}
Q_1008,CRPC_302,{'type': 'MATCHES'}
Q_1008,CRPC_482,{'type': 'MATCHES'}
Q_1008,CPC_24,{'type': 'MATCHES'}
Q_1011,fir,{'type': 'RELATES_TO'}
Q_1011,corruption,{'type': 'RELATES_TO'}
Q_1011,cheating,{'type': 'RELATES_TO'}
Q_1011,CRPC_154,{'type': 'MATCHES'}
Q_1011,CRPC_156,{'type': 'MATCHES'}
Q_1011,CRPC_200,{'type': 'MATCHES'}
Q_1011,CRPC_210,{'type': 'MATCHES'}
Q_1011,CRPC_302,{'type': 'MATCHES'}
Q_1011,CRPC_482,{'type': 'MATCHES'}
Q_1011,CPC_24,{'type': 'MATCHES'}
Q_1011,IPC_409,{'type': 'MATCHES'}
Q_1011,PCA_7,{'type': 'MATCHES'}
Q_1011,PCA_13,{'type': 'MATCHES'}
Q_1011,IPC_415,{'type': 'MATCHES'}
Q_1011,IPC_417,{'type': 'MATCHES'}
Q_1011,IPC_419,{'type': 'MATCHES'}
Q_1011,IPC_420,{'type': 'MATCHES'}
Q_1011,CRPC_320,{'type': 'MATCHES'}
Q_1011,ICA_73,{'type': 'MATCHES'}
Q_1011,ICA_74,{'type': 'MATCHES'}
Q_1011,ICA_75,{'type': 'MATCHES'}
Q_1012,dowry_harassment,{'type': 'RELATES_TO'}
Q_1012,IPC_304B,{'type': 'MATCHES'}
Q_1012,DP_3,{'type': 'MATCHES'}
Q_1012,DP_4,{'type': 'MATCHES'}
Q_1013,fir,{'type': 'RELATES_TO'}
Q_1013,CRPC_154,{'type': 'MATCHES'}
Q_1013,CRPC_156,{'type': 'MATCHES'}
Q_1013,CRPC_200,{'type': 'MATCHES'}
Q_1013,CRPC_210,{'type': 'MATCHES'}
Q_1013,CRPC_302,{'type': 'MATCHES'}
Q_1013,CRPC_482,{'type': 'MATCHES'}
Q_1013,CPC_24,{'type': 'MATCHES'}
Q_1014,fir,{'type': 'RELATES_TO'}
Q_1014,CRPC_154,{'type': 'MATCHES'}
Q_1014,CRPC_156,{'type': 'MATCHES'}
Q_1014,CRPC_200,{'type': 'MATCHES'}
Q_1014,CRPC_210,{'type': 'MATCHES'}
Q_1014,CRPC_302,{'type': 'MATCHES'}
Q_1014,CRPC_482,{'type': 'MATCHES'}
Q_1014,CPC_24,{'type': 'MATCHES'}
Q_1015,fir,{'type': 'RELATES_TO'}
Q_1015,defamation,{'type': 'RELATES_TO'}
Q_1015,CRPC_154,{'type': 'MATCHES'}
Q_1015,CRPC_156,{'type': 'MATCHES'}
Q_1015,CRPC_200,{'type': 'MATCHES'}
Q_1015,CRPC_210,{'type': 'MATCHES'}
Q_1015,CRPC_302,{'type': 'MATCHES'}
Q_1015,CRPC_482,{'type': 'MATCHES'}
Q_1015,CPC_24,{'type': 'MATCHES'}
Q_1015,IPC_499,{'type': 'MATCHES'}
Q_1015,IPC_500,{'type': 'MATCHES'}
Q_1017,fir,{'type': 'RELATES_TO'}
Q_1017,cheating,{'type': 'RELATES_TO'}
Q_1017,criminal_breach_of_trust,{'type': 'RELATES_TO'}
Q_1017,CRPC_154,{'type': 'MATCHES'}
Q_1017,CRPC_156,{'type': 'MATCHES'}
Q_1017,CRPC_200,{'type': 'MATCHES'}
Q_1017,CRPC_210,{'type': 'MATCHES'}
Q_1017,CRPC_302,{'type': 'MATCHES'}
Q_1017,CRPC_482,{'type': 'MATCHES'}
Q_1017,CPC_24,{'type': 'MATCHES'}
Q_1017,IPC_415,{'type': 'MATCHES'}
Q_1017,IPC_417,{'type': 'MATCHES'}
Q_1017,IPC_419,{'type': 'MATCHES'}
Q_1017,IPC_420,{'type': 'MATCHES'}
Q_1017,CRPC_320,{'type': 'MATCHES'}
Q_1017,ICA_73,{'type': 'MATCHES'}
Q_1017,ICA_74,{'type': 'MATCHES'}
Q_1017,ICA_75,{'type': 'MATCHES'}
Q_1017,IPC_406,{'type': 'MATCHES'}
Q_1017,IPC_409,{'type': 'MATCHES'}
Q_1020,fir,{'type': 'RELATES_TO'}
Q_1020,assault,{'type': 'RELATES_TO'}
Q_1020,CRPC_154,{'type': 'MATCHES'}
Q_1020,CRPC_156,{'type': 'MATCHES'}
Q_1020,CRPC_200,{'type': 'MATCHES'}
Q_1020,CRPC_210,{'type': 'MATCHES'}
Q_1020,CRPC_302,{'type': 'MATCHES'}
Q_1020,CRPC_482,{'type': 'MATCHES'}
Q_1020,CPC_24,{'type': 'MATCHES'}
Q_1020,IPC_320,{'type': 'MATCHES'}
Q_1020,IPC_323,{'type': 'MATCHES'}
Q_1020,IPC_324,{'type': 'MATCHES'}
Q_1020,IPC_325,{'type': 'MATCHES'}
Q_1020,IPC_326,{'type': 'MATCHES'}
Q_1020,IPC_337,{'type': 'MATCHES'}
Q_1020,IPC_338,{'type': 'MATCHES'}
Q_1020,IPC_350,{'type': 'MATCHES'}
Q_1020,CRPC_320,{'type': 'MATCHES'}
Q_1022,forgery,{'type': 'RELATES_TO'}
Q_1022,charge_sheet,{'type': 'RELATES_TO'}
Q_1022,fir,{'type': 'RELATES_TO'}
Q_1022,bail,{'type': 'RELATES_TO'}
Q_1022,arrest,{'type': 'RELATES_TO'}
Q_1022,cheating,{'type': 'RELATES_TO'}
Q_1022,IPC_465,{'type': 'MATCHES'}
Q_1022,IPC_467,{'type': 'MATCHES'}
Q_1022,IPC_468,{'type': 'MATCHES'}
Q_1022,IPC_471,{'type': 'MATCHES'}
Q_1022,IEA_45,{'type': 'MATCHES'}
Q_1022,RA_82,{'type': 'MATCHES'}
Q_1022,RA_83,{'type': 'MATCHES'}
Q_1022,CRPC_173,{'type': 'MATCHES'}
Q_1022,CRPC_205,{'type': 'MATCHES'}
Q_1022,CRPC_210,{'type': 'MATCHES'}
Q_1022,CRPC_216,{'type': 'MATCHES'}
Q_1022,CRPC_227,{'type': 'MATCHES'}
Q_1022,CRPC_239,{'type': 'MATCHES'}
Q_1022,CRPC_317,{'type': 'MATCHES'}
Q_1022,CRPC_154,{'type': 'MATCHES'}
Q_1022,CRPC_156,{'type': 'MATCHES'}
Q_1022,CRPC_200,{'type': 'MATCHES'}
Q_1022,CRPC_302,{'type': 'MATCHES'}
Q_1022,CRPC_482,{'type': 'MATCHES'}
Q_1022,CPC_24,{'type': 'MATCHES'}
Q_1022,CRPC_167,{'type': 'MATCHES'}
Q_1022,CRPC_397,{'type': 'MATCHES'}
Q_1022,CRPC_439,{'type': 'MATCHES'}
Q_1022,CRPC_41,{'type': 'MATCHES'}
Q_1022,CRPC_73,{'type': 'MATCHES'}
Q_1022,CRPC_160,{'type': 'MATCHES'}
Q_1022,IEA_27,{'type': 'MATCHES'}
Q_1022,IPC_415,{'type': 'MATCHES'}
Q_1022,IPC_417,{'type': 'MATCHES'}
Q_1022,IPC_419,{'type': 'MATCHES'}
Q_1022,IPC_420,{'type': 'MATCHES'}
Q_1022,CRPC_320,{'type': 'MATCHES'}
Q_1022,ICA_73,{'type': 'MATCHES'}
Q_1022,ICA_74,{'type': 'MATCHES'}
Q_1022,ICA_75,{'type': 'MATCHES'}
Q_1023,fir,{'type': 'RELATES_TO'}
Q_1023,CRPC_154,{'type': 'MATCHES'}
Q_1023,CRPC_156,{'type': 'MATCHES'}
Q_1023,CRPC_200,{'type': 'MATCHES'}
Q_1023,CRPC_210,{'type': 'MATCHES'}
Q_1023,CRPC_302,{'type': 'MATCHES'}
Q_1023,CRPC_482,{'type': 'MATCHES'}
Q_1023,CPC_24,{'type': 'MATCHES'}
Q_1025,fir,{'type': 'RELATES_TO'}
Q_1025,bail,{'type': 'RELATES_TO'}
Q_1025,confession,{'type': 'RELATES_TO'}
Q_1025,arrest,{'type': 'RELATES_TO'}
Q_1025,anticipatory_bail,{'type': 'RELATES_TO'}
Q_1025,murder,{'type': 'RELATES_TO'}
Q_1025,CRPC_154,{'type': 'MATCHES'}
Q_1025,CRPC_156,{'type': 'MATCHES'}
Q_1025,CRPC_200,{'type': 'MATCHES'}
Q_1025,CRPC_210,{'type': 'MATCHES'}
Q_1025,CRPC_302,{'type': 'MATCHES'}
Q_1025,CRPC_482,{'type': 'MATCHES'}
Q_1025,CPC_24,{'type': 'MATCHES'}
Q_1025,CRPC_167,{'type': 'MATCHES'}
Q_1025,CRPC_397,{'type': 'MATCHES'}
Q_1025,CRPC_439,{'type': 'MATCHES'}
Q_1025,CRPC_161,{'type': 'MATCHES'}
Q_1025,CRPC_164,{'type': 'MATCHES'}
Q_1025,IEA_27,{'type': 'MATCHES'}
Q_1025,CRPC_41,{'type': 'MATCHES'}
Q_1025,CRPC_73,{'type': 'MATCHES'}
Q_1025,CRPC_160,{'type': 'MATCHES'}
Q_1025,CRPC_438,{'type': 'MATCHES'}
Q_1025,IPC_302,{'type': 'MATCHES'}
Q_1025,IPC_307,{'type': 'MATCHES'}
Q_1025,IPC_308,{'type': 'MATCHES'}
Q_1025,IPC_309,{'type': 'MATCHES'}
Q_1026,fir,{'type': 'RELATES_TO'}
Q_1026,criminal_intimidation,{'type': 'RELATES_TO'}
Q_1026,cheating,{'type': 'RELATES_TO'}
Q_1026,CRPC_154,{'type': 'MATCHES'}
Q_1026,CRPC_156,{'type': 'MATCHES'}
Q_1026,CRPC_200,{'type': 'MATCHES'}
Q_1026,CRPC_210,{'type': 'MATCHES'}
Q_1026,CRPC_302,{'type': 'MATCHES'}
Q_1026,CRPC_482,{'type': 'MATCHES'}
Q_1026,CPC_24,{'type': 'MATCHES'}
Q_1026,IPC_503,{'type': 'MATCHES'}
Q_1026,IPC_504,{'type': 'MATCHES'}
Q_1026,IPC_506,{'type': 'MATCHES'}
Q_1026,IPC_415,{'type': 'MATCHES'}
Q_1026,IPC_417,{'type': 'MATCHES'}
Q_1026,IPC_419,{'type': 'MATCHES'}
Q_1026,IPC_420,{'type': 'MATCHES'}
Q_1026,CRPC_320,{'type': 'MATCHES'}
Q_1026,ICA_73,{'type': 'MATCHES'}
Q_1026,ICA_74,{'type': 'MATCHES'}
Q_1026,ICA_75,{'type': 'MATCHES'}
Q_1027,fir,{'type': 'RELATES_TO'}
Q_1027,forgery,{'type': 'RELATES_TO'}
Q_1027,CRPC_154,{'type': 'MATCHES'}
Q_1027,CRPC_156,{'type': 'MATCHES'}
Q_1027,CRPC_200,{'type': 'MATCHES'}
Q_1027,CRPC_210,{'type': 'MATCHES'}
Q_1027,CRPC_302,{'type': 'MATCHES'}
Q_1027,CRPC_482,{'type': 'MATCHES'}
Q_1027,CPC_24,{'type': 'MATCHES'}
Q_1027,IPC_465,{'type': 'MATCHES'}
Q_1027,IPC_467,{'type': 'MATCHES'}
Q_1027,IPC_468,{'type': 'MATCHES'}
Q_1027,IPC_471,{'type': 'MATCHES'}
Q_1027,IEA_45,{'type': 'MATCHES'}
Q_1027,RA_82,{'type': 'MATCHES'}
Q_1027,RA_83,{'type': 'MATCHES'}
Q_1028,anticipatory_bail,{'type': 'RELATES_TO'}
Q_1028,CRPC_438,{'type': 'MATCHES'}
Q_1030,charge_sheet,{'type': 'RELATES_TO'}
Q_1030,fir,{'type': 'RELATES_TO'}
Q_1030,bail,{'type': 'RELATES_TO'}
Q_1030,CRPC_173,{'type': 'MATCHES'}
Q_1030,CRPC_205,{'type': 'MATCHES'}
Q_1030,CRPC_210,{'type': 'MATCHES'}
Q_1030,CRPC_216,{'type': 'MATCHES'}
Q_1030,CRPC_227,{'type': 'MATCHES'}
Q_1030,CRPC_239,{'type': 'MATCHES'}
Q_1030,CRPC_317,{'type': 'MATCHES'}
Q_1030,CRPC_154,{'type': 'MATCHES'}
Q_1030,CRPC_156,{'type': 'MATCHES'}
Q_1030,CRPC_200,{'type': 'MATCHES'}
Q_1030,CRPC_302,{'type': 'MATCHES'}
Q_1030,CRPC_482,{'type': 'MATCHES'}
Q_1030,CPC_24,{'type': 'MATCHES'}
Q_1030,CRPC_167,{'type': 'MATCHES'}
Q_1030,CRPC_397,{'type': 'MATCHES'}
Q_1030,CRPC_439,{'type': 'MATCHES'}
Q_1032,fir,{'type': 'RELATES_TO'}
Q_1032,assault,{'type': 'RELATES_TO'}
Q_1032,CRPC_154,{'type': 'MATCHES'}
Q_1032,CRPC_156,{'type': 'MATCHES'}
Q_1032,CRPC_200,{'type': 'MATCHES'}
Q_1032,CRPC_210,{'type': 'MATCHES'}
Q_1032,CRPC_302,{'type': 'MATCHES'}
Q_1032,CRPC_482,{'type': 'MATCHES'}
Q_1032,CPC_24,{'type': 'MATCHES'}
Q_1032,IPC_320,{'type': 'MATCHES'}
Q_1032,IPC_323,{'type': 'MATCHES'}
Q_1032,IPC_324,{'type': 'MATCHES'}
Q_1032,IPC_325,{'type': 'MATCHES'}
Q_1032,IPC_326,{'type': 'MATCHES'}
Q_1032,IPC_337,{'type': 'MATCHES'}
Q_1032,IPC_338,{'type': 'MATCHES'}
Q_1032,IPC_350,{'type': 'MATCHES'}
Q_1032,CRPC_320,{'type': 'MATCHES'}
Q_1033,cheating,{'type': 'RELATES_TO'}
Q_1033,arrest,{'type': 'RELATES_TO'}
Q_1033,IPC_415,{'type': 'MATCHES'}
Q_1033,IPC_417,{'type': 'MATCHES'}
Q_1033,IPC_419,{'type': 'MATCHES'}
Q_1033,IPC_420,{'type': 'MATCHES'}
Q_1033,CRPC_320,{'type': 'MATCHES'}
Q_1033,ICA_73,{'type': 'MATCHES'}
Q_1033,ICA_74,{'type': 'MATCHES'}
Q_1033,ICA_75,{'type': 'MATCHES'}
Q_1033,CRPC_41,{'type': 'MATCHES'}
Q_1033,CRPC_73,{'type': 'MATCHES'}
Q_1033,CRPC_160,{'type': 'MATCHES'}
Q_1033,CRPC_167,{'type': 'MATCHES'}
Q_1033,IEA_27,{'type': 'MATCHES'}
Q_1034,fir,{'type': 'RELATES_TO'}
Q_1034,CRPC_154,{'type': 'MATCHES'}
Q_1034,CRPC_156,{'type': 'MATCHES'}
Q_1034,CRPC_200,{'type': 'MATCHES'}
Q_1034,CRPC_210,{'type': 'MATCHES'}
Q_1034,CRPC_302,{'type': 'MATCHES'}
Q_1034,CRPC_482,{'type': 'MATCHES'}
Q_1034,CPC_24,{'type': 'MATCHES'}
Q_1035,fir,{'type': 'RELATES_TO'}
Q_1035,CRPC_154,{'type': 'MATCHES'}
Q_1035,CRPC_156,{'type': 'MATCHES'}
Q_1035,CRPC_200,{'type': 'MATCHES'}
Q_1035,CRPC_210,{'type': 'MATCHES'}
Q_1035,CRPC_302,{'type': 'MATCHES'}
Q_1035,CRPC_482,{'type': 'MATCHES'}
Q_1035,CPC_24,{'type': 'MATCHES'}
Q_1037,charge_sheet,{'type': 'RELATES_TO'}
Q_1037,fir,{'type': 'RELATES_TO'}
Q_1037,CRPC_173,{'type': 'MATCHES'}
Q_1037,CRPC_205,{'type': 'MATCHES'}
Q_1037,CRPC_210,{'type': 'MATCHES'}
Q_1037,CRPC_216,{'type': 'MATCHES'}
Q_1037,CRPC_227,{'type': 'MATCHES'}
Q_1037,CRPC_239,{'type': 'MATCHES'}
Q_1037,CRPC_317,{'type': 'MATCHES'}
Q_1037,CRPC_154,{'type': 'MATCHES'}
Q_1037,CRPC_156,{'type': 'MATCHES'}
Q_1037,CRPC_200,{'type': 'MATCHES'}
Q_1037,CRPC_302,{'type': 'MATCHES'}
Q_1037,CRPC_482,{'type': 'MATCHES'}
Q_1037,CPC_24,{'type': 'MATCHES'}
Q_1043,fir,{'type': 'RELATES_TO'}
Q_1043,CRPC_154,{'type': 'MATCHES'}
Q_1043,CRPC_156,{'type': 'MATCHES'}
Q_1043,CRPC_200,{'type': 'MATCHES'}
Q_1043,CRPC_210,{'type': 'MATCHES'}
Q_1043,CRPC_302,{'type': 'MATCHES'}
Q_1043,CRPC_482,{'type': 'MATCHES'}
Q_1043,CPC_24,{'type': 'MATCHES'}
Q_1044,fir,{'type': 'RELATES_TO'}
Q_1044,CRPC_154,{'type': 'MATCHES'}
Q_1044,CRPC_156,{'type': 'MATCHES'}
Q_1044,CRPC_200,{'type': 'MATCHES'}
Q_1044,CRPC_210,{'type': 'MATCHES'}
Q_1044,CRPC_302,{'type': 'MATCHES'}
Q_1044,CRPC_482,{'type': 'MATCHES'}
Q_1044,CPC_24,{'type': 'MATCHES'}
Q_1045,fir,{'type': 'RELATES_TO'}
Q_1045,criminal_intimidation,{'type': 'RELATES_TO'}
Q_1045,arrest,{'type': 'RELATES_TO'}
Q_1045,CRPC_154,{'type': 'MATCHES'}
Q_1045,CRPC_156,{'type': 'MATCHES'}
Q_1045,CRPC_200,{'type': 'MATCHES'}
Q_1045,CRPC_210,{'type': 'MATCHES'}
Q_1045,CRPC_302,{'type': 'MATCHES'}
Q_1045,CRPC_482,{'type': 'MATCHES'}
Q_1045,CPC_24,{'type': 'MATCHES'}
Q_1045,IPC_503,{'type': 'MATCHES'}
Q_1045,IPC_504,{'type': 'MATCHES'}
Q_1045,IPC_506,{'type': 'MATCHES'}
Q_1045,CRPC_41,{'type': 'MATCHES'}
Q_1045,CRPC_73,{'type': 'MATCHES'}
Q_1045,CRPC_160,{'type': 'MATCHES'}
Q_1045,CRPC_167,{'type': 'MATCHES'}
Q_1045,IEA_27,{'type': 'MATCHES'}
Q_1047,fir,{'type': 'RELATES_TO'}
Q_1047,assault,{'type': 'RELATES_TO'}
Q_1047,arrest,{'type': 'RELATES_TO'}
Q_1047,CRPC_154,{'type': 'MATCHES'}
Q_1047,CRPC_156,{'type': 'MATCHES'}
Q_1047,CRPC_200,{'type': 'MATCHES'}
Q_1047,CRPC_210,{'type': 'MATCHES'}
Q_1047,CRPC_302,{'type': 'MATCHES'}
Q_1047,CRPC_482,{'type': 'MATCHES'}
Q_1047,CPC_24,{'type': 'MATCHES'}
Q_1047,IPC_320,{'type': 'MATCHES'}
Q_1047,IPC_323,{'type': 'MATCHES'}
Q_1047,IPC_324,{'type': 'MATCHES'}
Q_1047,IPC_325,{'type': 'MATCHES'}
Q_1047,IPC_326,{'type': 'MATCHES'}
Q_1047,IPC_337,{'type': 'MATCHES'}
Q_1047,IPC_338,{'type': 'MATCHES'}
Q_1047,IPC_350,{'type': 'MATCHES'}
Q_1047,CRPC_320,{'type': 'MATCHES'}
Q_1047,CRPC_41,{'type': 'MATCHES'}
Q_1047,CRPC_73,{'type': 'MATCHES'}
Q_1047,CRPC_160,{'type': 'MATCHES'}
Q_1047,CRPC_167,{'type': 'MATCHES'}
Q_1047,IEA_27,{'type': 'MATCHES'}
