sample_id,question,chain_q_orig,chain_q_extended,answer_ref,answer_pred,bleu4_sample,cosine_sim_sample,rouge1,rouge2,rougel,meteor,bleu1,bleu2,bleu3,bleu4,bleu_bp,chrf,cosine_sim,cosine_sim_med,bertscore
1,"If a fake porn of a girl has been shown and circulated to defame her then what could be the punushment for the person who tried to defame that girl?( Hooghly, West Bengal )",IPC_465 -> IPC_467 -> IPC_468 -> IPC_471,IPC_465 -> IPC_467 -> IPC_468 -> IPC_471 -> Indian Penal Code 1860 -> PROC_FORGERY -> forgery -> IPC_191,"Dear Client,Section 67B of the Information Technology Act, 2000, which, after amendment in 2008, criminalizes the publishing, transmitting, or causing the transmission of sexually explicit content. Once a violation of Sec.67B of I T Act, is reported to the Cyber Crime Cell, the matter is suo motto investigated by the authorities and the person may be called on for interrogation to access the source of such offensive posts on social networks and to find out the veracity of the facts from the related intermediaries or service providers. On investigation, if they find the person is in any way violating the provisions of the Act, they can be booked for committing the crime. Further, Section 66E of the Information Technology Act, 2000 deals with the transmission of photos of any personâs private area without his or her consent on social media, which is a criminal offence and the penalty is either three years in prison or a fine of not more than two lakh rupees, or both. On investigation, if the police find that the person is in any way violating the provisions of the Act, he can be booked for committing the crime under Section 66E of the Information Technology Act, 2000. Any person who feels their reputation has been damaged by defamatory statements or acts can sue for defamation under Section 356 of BNS, which replaced Section 499 of IPC. If a person is found guilty of criminal defamation, they can be sentenced to imprisonment for up to two years, a fine, or both under Section 500 of the IPC, replaced by Section 356(2) of the BNS. If required, consult with an Advocate to navigate the issues in the right way.","The act of creating and circulating fake porn to defame someone could involve charges related to forgery under IPC sections like 465, 467, 468, and 471. These sections deal with forgery and using forged documents, which can lead to imprisonment. The specific punishment would depend on the exact charges and court's decision.",0.0323,57.3859,18.5489,2.8405,16.3811,15.0562,30.6933,5.4553,1.6994,0.9075,0.2419,15.2347,48.6965,48.9737,84.4916
2,"Respected Sir/Madam
                                 I am a 28 year old resident of Kolkata.My parents put me in a rehabilitation center against my will by calling the center  and making arrangements , on the 8th of March 2021,  5-6 men came to house and DRAGGED  me from there,SHOVED  me in an ambulance and drove me to the rehab.There I was asked asked to sign a consent form and upon refusing , two individuals including a counsellor of the rehab GRABBED my hand and took a thumb impression..While in the rehab I was forced to be BATHED FULLY NAKED  by ANOTHER  INMATE as I being a 28 year old was deemed incompetent to take proper baths by authorities . The counsellors and my parents  decided how long I would stay I HAD NO SAY WHATSOEVER. My question is .. how do I go about filing the lawsuit.( Kolkata, West Bengal )",CRPC_210 -> ART_20 -> CRPC_317 -> NI_ACT_AMENDMENT_2018,CRPC_210 -> ART_20 -> CRPC_317 -> NI_ACT_AMENDMENT_2018 -> NIA_138 -> cheque_bounce -> CRPC_161 -> Code of Criminal Procedure 1973,"Dear Client,According to the Mental Health Care Bill 2016,  no one else can forcefully admit anyone in a hospital if they are lucid and understand what is happening to them. Hence in your case please consult a lawyer near you and file a petition against your parents and the rehabilitation Centre for going against the law and treating you in a defamatory manner and in a way which makes you lose access to your basic fundamental rights.Thank you so much, I hope this answer helped you.",The fact-rule-chain provided does not directly address your situation. You may consider consulting a legal professional to explore options for filing a lawsuit regarding your experience. They can guide you based on the specifics of your case and local laws.,0.8615,33.3239,18.5489,2.8405,16.3811,15.0562,30.6933,5.4553,1.6994,0.9075,0.2419,15.2347,48.6965,48.9737,84.4916
3,"If I do a cross case, can I share the proof I have (personal photos of the girl) with the police?because the police had already got me to delete the private photos of the girl..But I had some private photos kept which I did not tell the police..Today I have to do a cross case against the girl that the girl had implicated me in a false case..I have call recording and private photos for proof..I even tried to commit suicide because of that girl..I lost my job because of that girl. Lost respect. I don't understand anything.. I feel like committing suicide.what legal action can i take against the girl..please tell in details..help me..( Chhindwara, Madhya Pradesh )",IPC_309 -> PROC_CRIMINAL_BREACH_TRUST -> IPC_120B -> CRPC_210,IPC_309 -> PROC_CRIMINAL_BREACH_TRUST -> IPC_120B -> CRPC_210 -> Code of Criminal Procedure 1973 -> Indian Penal Code 1860 -> murder -> charge_sheet,"Dear Sir,You can get sympathy at the most by the Police and the Courts. It is advised to go to High Court by filing quashing petition instead of lodging a counter complaint against her and see that such false complaint be quashed and you may come out of false allegations.","You should be cautious about sharing private photos without consent, as it may have legal implications. It's important to consult a lawyer to understand your options for filing a cross case and using evidence like call recordings. If you feel distressed, consider seeking support from mental health professionals.",1.2542,28.2065,18.5489,2.8405,16.3811,15.0562,30.6933,5.4553,1.6994,0.9075,0.2419,15.2347,48.6965,48.9737,84.4916
4,"Whom should i approach to curb the loudspeaker nuisance created by the vegetable vendors( Jhajjar, Haryana )",IPC_268 -> public_nuisance -> ICA_73 -> PROC_SCST_COMPLAINT,IPC_268 -> public_nuisance -> ICA_73 -> PROC_SCST_COMPLAINT -> Indian Penal Code 1860 -> Indian Contract Act 1872 -> criminal_breach_of_trust -> cheating,"Dear Client,To address the issue of loudspeaker nuisance created by vegetable vendors, you can take several steps. Initially, try to have a polite and direct conversation with the vendors, explaining the disturbance caused by the loudspeakers and requesting them to lower the volume. If this approach proves ineffective, you may contact the local municipal authorities or the respective municipal corporation office in your area, filing a complaint about the noise disturbance. Provide specific details such as the location, time, and duration of the disturbance to strengthen your case. Additionally, check if your locality has a designated noise control department or a local police station that handles noise-related complaints. They can guide you on the relevant local regulations and take appropriate action against the vendors if they are violating noise control norms. Documenting instances of disturbance with video or audio recordings can serve as supporting evidence. Consistent communication with the relevant authorities and adherence to established procedures will contribute to effectively curbing the loudspeaker nuisance created by the vegetable vendors in your vicinity.","You may consider approaching local authorities or law enforcement to address the loudspeaker nuisance, as it may fall under public nuisance. The Indian Penal Code 1860 includes provisions related to public nuisance. They can guide you on the appropriate steps to take.",0.8731,75.1317,18.5489,2.8405,16.3811,15.0562,30.6933,5.4553,1.6994,0.9075,0.2419,15.2347,48.6965,48.9737,84.4916
5,"I have been accused wrongly in a suicide case. Section 306 in police Fir.
Our school guard is committed suicide & leave a note in which a comment with name is that i harassed & insulted him. But the true fact is that i communicate with him only 3 times that was normal talk like hi hello. He was working here from last 2 months. I was shocked when police told my name is in suicide note. Now what can i do please suggest?( Jaipur, Rajasthan )",CRPC_154 -> CRPC_156 -> CRPC_200 -> CRPC_210,CRPC_154 -> CRPC_156 -> CRPC_200 -> CRPC_210 -> charge_sheet -> PROC_SCST_COMPLAINT -> PROC_KIDNAPPING -> PROC_SEXUAL_ASSAULT_COMPLAINT,"Arnab goswami was arrested and got bail from supreme court because his name was in suicide note.name in suicide note is very serious and case will easily run for many years although we believe your words and you can be saved.Hope this clarifies,Advocate Ankur Goel",You may consider filing a complaint under CRPC_200 to contest the allegations. The police will investigate the matter under CRPC_156. It might be helpful to gather any evidence or witnesses that support your version of events.,1.0581,24.7682,18.5489,2.8405,16.3811,15.0562,30.6933,5.4553,1.6994,0.9075,0.2419,15.2347,48.6965,48.9737,84.4916
6,"I unknowingly forwarded a fake message in what's app group regarding tenth class time table again with in 2 minutes I delted it for all by knowing that was fake . Will this come under criminal case( Chittoor, Andhra Pradesh )",IPC_494 -> IPC_200 -> DP_3 -> IPC_467,IPC_494 -> IPC_200 -> DP_3 -> IPC_467 -> Indian Penal Code 1860 -> dowry_harassment -> PROC_FORGERY -> Dowry Prohibition Act 1961,There is no mense rea that is guilt mind...it is no criminal act.,"Forwarding a fake message might not directly fall under the fact-rule-chain provided. Since you deleted it quickly, it may not lead to a criminal case. However, always be cautious with sharing information to avoid potential issues.",1.339,16.5274,18.5489,2.8405,16.3811,15.0562,30.6933,5.4553,1.6994,0.9075,0.2419,15.2347,48.6965,48.9737,84.4916
7,"A member of Hsg Society died and two of three sons got the property transferred being nominees and sold it without knowledge of third brother living abroad. On his return to India he filed a civil  suit against the two brothers, the buyer and the Society and that makes sense but he filed a criminal case against new chairman and secretary who knew nothing about it. How can this be done?( Mumbai suburban, Maharashtra )",IPC_120B -> DP_3 -> PROC_CRIMINAL_BREACH_TRUST -> IPC_149,IPC_120B -> DP_3 -> PROC_CRIMINAL_BREACH_TRUST -> IPC_149 -> Indian Penal Code 1860 -> Dowry Prohibition Act 1961 -> dowry_harassment -> criminal_conspiracy,"Dear Sir,Such and criminal case can be quashed by HC.","The fact-rule-chain mentions criminal conspiracy and criminal breach of trust, which might be relevant if the chairman and secretary were somehow involved. However, if they truly knew nothing, it may be difficult to justify a criminal case against them. The situation may require further legal examination based on specific facts.",2.031,38.3424,18.5489,2.8405,16.3811,15.0562,30.6933,5.4553,1.6994,0.9075,0.2419,15.2347,48.6965,48.9737,84.4916
8,"From the age of 26 i have been continiously caught and put in mental asylum..now the public are after me again..poisoning shopping complexes ..taxis..( Bangalore, Karnataka )",DP_3 -> public_nuisance -> IPC_268 -> PROC_CHEQUE_BOUNCE,DP_3 -> public_nuisance -> IPC_268 -> PROC_CHEQUE_BOUNCE -> Indian Penal Code 1860 -> dowry_harassment -> Dowry Prohibition Act 1961 -> PROC_DOWRY_HARASSMENT,"Dear Sir,You may lodge complaint with higher police officers or directly approach Magistrate I filing private complaint under Section 200 Cr.P.C. On registration of private complaint you are sworn statement will be recorded and documents produced by you will be taken on record and then summons will be issued to Accused persons.Rate me Five Star*","It seems there might be concerns related to public nuisance, which is addressed under IPC 268. If there are allegations of causing harm to public spaces, it could be considered under this provision. It is advisable to seek legal assistance to address these issues.",0.9551,34.2883,18.5489,2.8405,16.3811,15.0562,30.6933,5.4553,1.6994,0.9075,0.2419,15.2347,48.6965,48.9737,84.4916
9,"Iam a railway employee. In 2014 one case is registered by my superior about preventing dooing duty by a native in railway gate. That time i was not in there. The incident was in night. My superior give my name as 4th witness . Still the day i didn't know that iam a witness. Now i got a sameness from court to reported as witness but i never seen the incident. Iam also going to tell this in court.  If there is any  problems by this?( Palakkad, Kerala )",CRPC_210 -> DP_3 -> PROC_CHEQUE_BOUNCE -> PROC_SCST_COMPLAINT,CRPC_210 -> DP_3 -> PROC_CHEQUE_BOUNCE -> PROC_SCST_COMPLAINT -> Code of Criminal Procedure 1973 -> charge_sheet -> Dowry Prohibition Act 1961 -> dowry_harassment,"Dear Sir,You just appear before the Court and tell  the truth and nothing will happen, If you are not in service.","If you did not witness the incident, you should truthfully state this in court. Being honest about your lack of knowledge regarding the event is important. There should not be a problem if you clearly explain your situation to the court.",2.2996,57.0669,18.5489,2.8405,16.3811,15.0562,30.6933,5.4553,1.6994,0.9075,0.2419,15.2347,48.6965,48.9737,84.4916
10,"If the judgment is passed saying issue of NBW. I. How much time or days  the NB warrant gets issued( Mumbai, Maharashtra )",NIA_138 -> CRPC_41 -> CRPC_73 -> CRPC_160,NIA_138 -> CRPC_41 -> CRPC_73 -> CRPC_160 -> Code of Criminal Procedure 1973 -> cheque_bounce -> Negotiable Instruments Act 1881 -> PROC_CHEQUE_BOUNCE,"Dear client,An NBW will stay in effect as long as it is not executed or periodically recalled; the magistrate must extend its validity in order for it to do so. Therefore, you must contact an attorney to request the issuance of an anticipatory bail against the Non-Bailable Warrant of Arrest from the relevant Court and to take additional actions for the recall of said NBW if one is issued in a case involving a cheque bounce.","The fact-rule-chain does not specify an exact time frame for issuing a Non-Bailable Warrant (NBW) after a judgment. Generally, the issuance depends on the court's discretion and procedural efficiency. It's best to consult the specific court for precise timelines.",1.4719,76.3852,18.5489,2.8405,16.3811,15.0562,30.6933,5.4553,1.6994,0.9075,0.2419,15.2347,48.6965,48.9737,84.4916
11,"i have filed a criminal case section 354d.506,509,446 in 2016. Now i want to withdraw it. Please advise the step. This lodged as STATE versus accused name in patiala house court.( New Delhi, Delhi )",CRPC_154 -> CRPC_156 -> CRPC_200 -> CRPC_210,CRPC_154 -> CRPC_156 -> CRPC_200 -> CRPC_210 -> Code of Criminal Procedure 1973 -> PROC_KIDNAPPING -> PROC_FIR_FILING -> PROC_SCST_COMPLAINT,"if any settlement has been arrived between you and the accused, then the FIR can be quashed,contact me for a detailed understanding","To withdraw a criminal case, you may need to approach the court where the case is filed. Since it is a state case, the public prosecutor's consent might be required. Consult with your lawyer for the specific procedure in your situation.",1.3366,43.2465,18.5489,2.8405,16.3811,15.0562,30.6933,5.4553,1.6994,0.9075,0.2419,15.2347,48.6965,48.9737,84.4916
12,"What should be done when opposite party is absent since starting in 498 , and 128( Beed, Maharashtra )",JOGINDER_KUMAR_1994 -> CRPC_239 -> CRPC_167 -> CRPC_210,JOGINDER_KUMAR_1994 -> CRPC_239 -> CRPC_167 -> CRPC_210 -> fir -> PROC_REGULAR_BAIL -> arrest -> Code of Criminal Procedure 1973,"Dear Client,If the Opposite party does not appear at the hearing of criminal prosecution initiated under Sec.12 of PWDV Act even on receipt of summon of the Court, then the Court can issue a non-bailable warrant against the O P","If the opposite party is absent since the start, the court may proceed with the case based on available evidence. The Code of Criminal Procedure allows for certain actions in such situations, but specific steps depend on the court's discretion. It's advisable to consult with a legal professional for guidance.",2.1108,51.1339,18.5489,2.8405,16.3811,15.0562,30.6933,5.4553,1.6994,0.9075,0.2419,15.2347,48.6965,48.9737,84.4916
13,"On Which Grounds Can ChargeSheet be Quashed in High Court.
In My Case Complainant  is Already Dead.( West Delhi, Delhi )",CRPC_173 -> CRPC_205 -> CRPC_210 -> CRPC_216,CRPC_173 -> CRPC_205 -> CRPC_210 -> CRPC_216 -> charge_sheet -> fir -> Code of Criminal Procedure 1973 -> Q_484,"Dear ClientIn India, a charge sheet can be quashed in the High Court under certain circumstancesIf the court does not have the appropriate jurisdiction to hear the case, it may be a valid reason for quashing the charge sheet. If it can be demonstrated that the charge sheet was filed with malicious intent or as a means of harassment, it could be a basis for seeking its quashing. : If the charge sheet violates the fundamental rights of the accused, such as the right to privacy or the right against self-incrimination, it could be a valid ground for seeking its quashing.","A charge sheet can be quashed by the High Court if there are legal grounds such as lack of evidence, procedural errors, or if the case is frivolous. The death of the complainant may impact the case, but it is not solely sufficient to quash the charge sheet. It is advisable to consult a legal expert for specific guidance.",7.7979,82.0164,18.5489,2.8405,16.3811,15.0562,30.6933,5.4553,1.6994,0.9075,0.2419,15.2347,48.6965,48.9737,84.4916
14,"sir I am a victim of false 498a case, fir was registered in 8-9 sections but chargesheet in court presented with 2 sections, 498a and 406 and 6 bills of jewellery are in chargesheet. there is no other evidence in chargesheet and no recovery, only 6 bills of jewellery.
now my question is that can I present crpc 91 application in court and request the court to summon opposite party to bring their (income tax return, balance sheet) as they have alleged to spent 20 lacs cash in marriage.( Alwar, Rajasthan )",CRPC_154 -> CRPC_156 -> CRPC_200 -> CRPC_210,CRPC_154 -> CRPC_156 -> CRPC_200 -> CRPC_210 -> Code of Criminal Procedure 1973 -> PROC_KIDNAPPING -> PROC_SCST_COMPLAINT -> PROC_FIR_FILING,"Hi,Yes, you can make such an application.If the case is false, you can apply to the high Court to quash it under Section 482 CrPC.The person making such claims can be punished under Section 209 IPC.If you found this helpful, please rate us.","The fact-rule-chain provided does not directly mention CRPC 91 or its application. However, generally, CRPC 91 allows for the summoning of documents if they are necessary for the case. You may consider discussing this with your legal counsel to explore the possibility based on your specific situation.",2.4606,56.1573,18.5489,2.8405,16.3811,15.0562,30.6933,5.4553,1.6994,0.9075,0.2419,15.2347,48.6965,48.9737,84.4916
15,"Sir/madam....i hav filed residence under dv, but nw my husb filed divorce...i wish to save my marriage n i hav 4yr old kid...Can i stay in a seperate residence tat belongs to my inlaws,evn if my husband gets divorce?( Chennai, Tamil Nadu )",CRPC_125 -> HMA_9,CRPC_125 -> HMA_9 -> PROC_MAINTENANCE -> Code of Criminal Procedure 1973 -> maintenance -> Hindu Marriage Act 1955,"he filed for divorce not got it.you have right of residence as per DV till divorce case settles.you getting maintenance as per DV ?in divorce, everything will be settled as the kid will definitely get maintenance.Hope this clarifies,Advocate Ankur Goel (Complete Law Shield)#YourLifeYourChoice","If your husband gets a divorce, your right to stay in a residence belonging to your in-laws may depend on specific legal provisions and circumstances. Under the Domestic Violence Act, you might have rights to residence, but this can be complex. It's advisable to consult a legal expert for guidance based on your situation.",2.0007,60.9341,18.5489,2.8405,16.3811,15.0562,30.6933,5.4553,1.6994,0.9075,0.2419,15.2347,48.6965,48.9737,84.4916
16,"I was offered 2 acres of land in jejuri by Mr Steven Menezes , I payed full amount plus registration charges 
But when I went for 7/12 the land is in dispute what do I do( Mumbai suburban, Maharashtra )",IPC_415 -> IPC_417 -> IPC_419 -> IPC_420,IPC_415 -> IPC_417 -> IPC_419 -> IPC_420 -> PROC_CHEATING_FRAUD -> cheating -> Indian Penal Code 1860 -> IPC_191,"Dear Client,The 7/12 extract is an important document needed for various financial and legal transactions pertaining to the land and is maintained by the land revenue department of the State of Maharashtra and Gujarat. The 7/12 Document is prepared by the Talathi and signed by the Tahasildar. In the given scenario, serving a strong legal notice, you can file a criminal suit against the Seller for criminal breach of trust and cheating under Section 316 and Section 318 of the Bharatiya Nyaya Sanhita(BNS) seeking damages/compensation. Apart, you can also file a money recovery suit against the Seller. Hire an experienced Advocate to navigate the issue in the right way.",You may be dealing with a situation involving cheating or fraud under the Indian Penal Code. Consider reporting the matter to the local authorities or seeking legal advice to explore your options. It might involve sections like IPC_415 or IPC_420 related to cheating.,0.4893,48.6819,18.5489,2.8405,16.3811,15.0562,30.6933,5.4553,1.6994,0.9075,0.2419,15.2347,48.6965,48.9737,84.4916
17,"My case is of Rs 156825, for which I had compromised with the party and appealed for queshing, but  denied high court for fir queshinh , now what should I do next?( Mumbai, Maharashtra )",CRPC_154 -> CRPC_156 -> CRPC_200 -> CRPC_210,CRPC_154 -> CRPC_156 -> CRPC_200 -> CRPC_210 -> fir -> charge_sheet -> PROC_KIDNAPPING -> PROC_SCST_COMPLAINT,"Dear Client,When the case involves a compromise with the side of the opponent and the High Court denied the application to quash, it becomes essential to know the rationale behind such a decision. It is recommended to seek assistance from an attorney to provide more specific guidance and ensure the proper functioning in the legal field. That is why, if the decision of the High Court is not appropriate for You, You may file an appeal to the next higher court i.e., the Supreme Court. If unable to pay for it, free legal services can be sought under Legal Services Authorities Act, 1987 which is meant for the needy. Make sure to provide all witnesses and documents that support your position to avoid falling for traps. Free Legal Aid Act is related to the act regulating free legal services in India providing justice to the needy people economically.I hope this answer is sufficient to answer your query.","You might consider exploring options under CRPC_200 or CRPC_210, which deal with complaint procedures and inquiries. Consulting with a legal professional for guidance on the next steps could be beneficial. They can help determine the best course of action based on your specific situation.",0.2323,30.8452,18.5489,2.8405,16.3811,15.0562,30.6933,5.4553,1.6994,0.9075,0.2419,15.2347,48.6965,48.9737,84.4916
18,"What ipc sections can be attracted against the daughter in law if she is harassing her in laws, hurting them, causing them mental agony, torturing them under IPC( East Delhi, Delhi )",ART_14 -> SUBRAMANIAN_SWAMY_2016 -> IPC_120B -> PROC_CRIMINAL_INTIMIDATION,ART_14 -> SUBRAMANIAN_SWAMY_2016 -> IPC_120B -> PROC_CRIMINAL_INTIMIDATION -> CRPC_154 -> PROC_KIDNAPPING -> PROC_SCST_COMPLAINT -> PROC_FIR_FILING,"Dear client,If its a mental harassment you will immediately need to lodge a police compliant against her, send her a legal notice and then initiate legal proceedings against her.","If the daughter-in-law is harassing her in-laws, sections related to criminal intimidation under IPC 120B might be considered. Filing a complaint and FIR under CRPC 154 could be a step to address the issue. Specific sections would depend on the exact nature of the acts and evidence.",1.2015,56.9767,18.5489,2.8405,16.3811,15.0562,30.6933,5.4553,1.6994,0.9075,0.2419,15.2347,48.6965,48.9737,84.4916
19,"I want to appear ""In Person"" in my 482 application pending before Allahabad High Court by removing my existing Junior Lawyer but want to retain my designated Senior Advocate. Can I do this? If yes, how? Is it necessary to remove both Junior and Senior Lawyer if I want to appear ""In Person"" in my case? Alternatively, can I appear along with both Junior and Senior Lawyer in my case? If yes, what should be done for this?( Allahabad, Uttar Pradesh )",PROC_SCST_COMPLAINT -> PROC_FIR_FILING -> ART_14 -> JOGINDER_KUMAR_1994,PROC_SCST_COMPLAINT -> PROC_FIR_FILING -> ART_14 -> JOGINDER_KUMAR_1994 -> CRPC_41 -> Code of Criminal Procedure 1973 -> CRPC_154 -> PROC_KIDNAPPING,"Dear Client,Section 32 of the Advocate's Act 1961 states that the court may allow any person to appear before it even if he is not an Advocate. Therefore, one gets the statutory right to defend one's own case on appeal before the Court. In fact, with the leave of the Court, a non-advocate is still permitted to appear and represent his own case even without a local advocate. Accordingly, you can apply to the Court where the case is pending on the next date of hearing with a prayer to allow you to represent your own case.","The fact-rule-chain does not directly address appearing ""In Person"" or retaining lawyers in court. Generally, you can choose to appear ""In Person"" and retain your Senior Advocate, but specific court procedures must be followed. It's best to consult the court's rules or seek guidance from your Senior Advocate for the correct process.",1.8026,66.6957,18.5489,2.8405,16.3811,15.0562,30.6933,5.4553,1.6994,0.9075,0.2419,15.2347,48.6965,48.9737,84.4916
20,"My driving licence criminal case any issue dl remark( Ramanagara, Karnataka )",rash_driving -> IPC_279 -> criminal_intimidation -> IPC_503,rash_driving -> IPC_279 -> criminal_intimidation -> IPC_503 -> PROC_CRIMINAL_INTIMIDATION -> Indian Penal Code 1860 -> IPC_191 -> perjury,"Dear client,The license holder, upon expiry of the suspension period, must make an application to the licensing authority that issued or last renewed the license. After the application is submitted to the licensing authority, the driver must undergo and pass a fresh test of competence to drive.","If your case involves rash driving, it may relate to IPC 279. This could potentially affect your driving license status. For specific details, consult local authorities or legal advice in Ramanagara, Karnataka.",1.0697,30.6866,18.5489,2.8405,16.3811,15.0562,30.6933,5.4553,1.6994,0.9075,0.2419,15.2347,48.6965,48.9737,84.4916
21,"My 85 years old grandmother is and living alone in the flat. We also stay sometimes wither. Also we have been fighting a court case against my the person who lured me to buy this and then have done a fraud of selling twice and showing the real owner of the house. Now it's been 3 years this person and family members keep harassing, threatening and use abuses language. Repeatedly I have lodged a complaint at the police station. Please do help in as he has threatened people who deliver vegetables to my house.( Mumbai, Maharashtra )",IPC_354D -> IPC_415 -> IPC_417 -> IPC_419,IPC_354D -> IPC_415 -> IPC_417 -> IPC_419 -> Indian Penal Code 1860 -> cheating -> PROC_CHEATING_FRAUD -> stalking,"Dear client,Here are a few routes that you may consider while dealing with neighbor harassment:1.     Gather evidence- You may take photos and videos of what your neighbor might be doing.2.     Call the police- You may call 100 and call the police on your neighbor. The police can arrive at their house and investigate the matter. In many cases, the police can also confiscate items that may cause harassment to you, if any.3.     Do not engage- As difficult as it is, do not engage with your neighbor. You do not want any sort of evidence that shows that you yelled at your neighbor or undertook violent measures. It is very difficult to stay calm in such situations and you may think of losing your calm in the moment but it is not going to work in your favor.4.     File a complaint against them- You can file a complaint against your neighbor. Even though it may not always mean that the police are going to investigate the matter at once, it is recorded proof of your complaint against them.5.     You may file for a restraining order- You can definitely file for a restraining order against your neighbor, especially in matters like trespass and stalking. It is a temporary order by the court that prohibits any person from undertaking a particular action. It also prohibits a person from approaching and contacting someone.6.     Try settling the matter amicably- It is always for the best if you can settle the matter amicably with your neighbor as a harassment suit can be expensive and time-consuming as well. This also protects you from having animosity with your neighbor and maintaining civil relations.","It seems like you are dealing with harassment and possibly fraud. You may consider reporting the harassment and threats to the police, as these actions could fall under criminal offenses. Consulting a legal professional for advice on the fraud and harassment issues might also be helpful.",0.0344,56.6345,18.5489,2.8405,16.3811,15.0562,30.6933,5.4553,1.6994,0.9075,0.2419,15.2347,48.6965,48.9737,84.4916
22,"Hi we have worked with commqui technologies pvt ltd. the owner has not paid our dues for the month of february yet. he ignores our follow ups and answers whenever he wants . the owner said the client has denied paying commqui stating that we havnt worked for that month , however we did . everyday we are juggled by the owner yashesh sawalkar ( owner of commqui technologies and kalpatru site head Mr Imran . in all of this we have not recieved our salaries. please help us get our salaries. the company has sent us mail stating that we have been laid off and will be paid the dues of feb soon and now they claim that we never worked.( Mumbai, Maharashtra )",DP_3 -> ART_39A -> JOGINDER_KUMAR_1994 -> IPC_489A,DP_3 -> ART_39A -> JOGINDER_KUMAR_1994 -> IPC_489A -> Indian Penal Code 1860 -> Dowry Prohibition Act 1961 -> dowry_harassment -> counterfeiting,"Dear client,From the content of your query it appears that your employer is involved in unfair labour practice.Reach out to concerned office of Labour Commissioner with your appointment letter and all other relevant papers that prove your complaint or the office of concerned Chief Inspector, Shops and Establishments if your Company comes under the purview of them for redressal of your grievance ASAP.Wish you all the best.",The fact-rule-chain provided does not directly address employment disputes or unpaid salaries. You may need to seek legal advice or contact a labor authority in Mumbai for assistance with your situation. Consider documenting all communications and agreements related to your employment and dues.,1.3511,51.4234,18.5489,2.8405,16.3811,15.0562,30.6933,5.4553,1.6994,0.9075,0.2419,15.2347,48.6965,48.9737,84.4916
23,"No defence counsel permitted in GCM. Prosecution represented by qualified counsel( Jaipur, Rajasthan )",CRPC_302 -> IPC_205 -> IPC_149 -> CRPC_195,CRPC_302 -> IPC_205 -> IPC_149 -> CRPC_195 -> Code of Criminal Procedure 1973 -> Indian Penal Code 1860 -> fir -> perjury,"Dear client,No person can force him to appear guilty or ask him to prove himself guilty against his will. The accused have the right to defence counsel in case of General court-martial when the accused may face bad conduct discharge.","The fact-rule-chain provided does not directly address the issue of defense counsel in a General Court Martial (GCM). It mainly references sections of the Indian Penal Code and Code of Criminal Procedure. For specific rules about GCM procedures, additional information outside this chain would be needed.",2.0943,46.6139,18.5489,2.8405,16.3811,15.0562,30.6933,5.4553,1.6994,0.9075,0.2419,15.2347,48.6965,48.9737,84.4916
24,"I have joined in DAV Public School, Bistupur, Jamshedpur as a PGT Physics Teacher on 14th June, 2024 as per given offer letter (attached below) with the mentioned salary. But even after more than 80 days I have not been given any appointment letter or ID card from the school, salary is also not given as per mentioned salary. After joining of one month, principal maâam tried to provide me lower post, but I was not agreed with her because same post and salary had been offered from Odisha and I left that opportunity on the basis of this offer letter. On 3rd September, 2024 when I emailed to Principal maâam demanding my appointment letter, ID card and salary, she became aggressive and ousted me from the school without any written notice or explanation. Also I have been removed from all necessary Whatsapp groups of the school. Next day, on 4th September, 2024 I went to school on time (7:30AM), but guards were not permitting me to enter inside the school, saying that principal maâam and management is not giving me permission to enter into the school. I tried to contact to the other teachers and principal maâam, both by calling and messaging, but no reply has come from the school. I had been waiting there for 3 hours and then returned back to home. Again next day 5th September, 2024 (It was Teachersâ Day) I went to school as usual, but in front of the students and parents I was ousted me from the school gate again. I called to Bistupur Police Station helpline number to mention this issue, but they also behave aggressively and didnât do anything, saying that it is a public school and decision of allowing or not allowing inside the school is totally the choice of the principal (I have recorded the call also). Total incident is with me in video and audio recording format of those two days.

Then I have given one application mentioning these situations to Bistupur Police Station, but from them also no reply has come till today (24th September, 2024).

I have sent a legal notice mentioning all these to the Principal maâam, but no reply has come till now. I request you to do the needful as soon as possible so that I can continue my teaching profession in the same school with full efficiency. I am totally confused what to do now, as a teacher if my respect is outside the school gate then how a teacher can lead our society for betterment.

I need suggestions from you sir, what to do now?

Thanks and Regards.

1. Attendance register (for joining date)
2. Soft copy of id card from school 
3. Bank statement (for not giving proper salary)
4. Advertisement (for requirement of PGT physics teacher in 2024-25)
5. WhatsApp (removal from each group) 
6. Google map timeline (for getting the time of approach to the school on 4th and 5th September)
7. Offer letter of Bistupur.
8. Offer letter from Odisha.( Jamshedpur, Jharkhand )",DP_3 -> PROC_CHEQUE_BOUNCE -> ART_39A -> CRPC_210,DP_3 -> PROC_CHEQUE_BOUNCE -> ART_39A -> CRPC_210 -> Code of Criminal Procedure 1973 -> Dowry Prohibition Act 1961 -> dowry_harassment -> charge_sheet,"Dear Madam,Such highhandedness is in practice In many of the public schools and the remedy lies if your approach the concerned government Higher educational Officers and the Ministry of education to teach them a lesson. But it may cost your bright future. Think twice before taking aggressive action against such rude Principal.","The fact-rule-chain provided does not directly address employment disputes or issues related to appointment letters and salary. It seems your situation involves employment and contractual issues, which might require legal advice outside the scope of the given chain. You may consider consulting a legal professional for guidance on employment rights and possible actions.",2.0347,14.5381,18.5489,2.8405,16.3811,15.0562,30.6933,5.4553,1.6994,0.9075,0.2419,15.2347,48.6965,48.9737,84.4916
25,"I have been in a relationship with a guy since last January. Our families also known to each other. But on 24th December he left from his place with his mother. Since then he has blocked me.. from all the sources and also my parents and friends contacts.His father has no idea about our matter. Before he left we had a argument and his mother interfered there and she even asked me to commit suicide. He promised me for marriage and did everything. What should i do?( Hooghly, West Bengal )",IPC_309 -> GIAN_KAUR_1996 -> IPC_308 -> IPC_182,IPC_309 -> GIAN_KAUR_1996 -> IPC_308 -> IPC_182 -> Indian Penal Code 1860 -> murder -> ART_21 -> CRPC_482,"Dear Madam,Since you were in a live in relationship presumably you know his whereabouts.There are two options.Option 1. Forget it. Start a fresh.Option 2. Fight it out. So that he will not spoil the life of another girl/lady.The choice is yours.Shanti Ranjan BeheraAdvocate","It's important to prioritize your safety and well-being. If someone has asked you to harm yourself, consider reaching out to local authorities or support services for help. Legal actions can be complex, so consulting with a legal professional might be beneficial.",0.933,14.9329,18.5489,2.8405,16.3811,15.0562,30.6933,5.4553,1.6994,0.9075,0.2419,15.2347,48.6965,48.9737,84.4916
26,"Please help sir, I am in a big trouble. Sir, a girl who was minor met me in a wedding. She sent me request on instagram and kept asking me to get into relationship. Initially, I was avoiding her but After a period, I also said yes but I didn't know her age at that time as she lied about it(Her actual age was16 then). So, then one day she asked me to pick her up and we roamed in my car. She wanted to stay the night with me in hotel. But, since my parents don't allow me to stay anywhere for the night, so I couldn't accept her proposal. Then she told me to drop at her some sister's place which I did. I later found out she was not informing her parents about the night out. So her parents somehow got my contact and suspected her to be with me. Her phone was off meanwhile. And, I did tell her parents about her whereabout. Her parents then found her the next day in a boys room( which earlier she told me to be her some sister's room). But, then the girl took U turn and blamed everything on me for raping her on the pretext of marriage and abandoning her on the road. The boy who she stayed with was released as she blamed me and told police that the boy saved and gave shelter for the night to her as she was abandoned on the road. I was sent to jail for 2 months in POCSO case and then got bail. Now, the scene is that she is asking me an iPhone to settle the case in court(she's ready to give a statement supporting me) . She is saying that she would convince her parents to settle the case after she gets the phone. I am willing to meet her demand but I can't trust her. Can you suggest something that I can get rid of the case even if I have to give her the iphone ( I have already bought it and it is with me ). How can I make sure that she will be doing what she is saying. Also, to be noted that she has already given her statement once against me in the court already. Can I somehow prove in the court that she is blackmailing me to get a phone to settle the fake case. Please, reply .( Guwahati, Assam )",CRPC_154 -> CRPC_156 -> CRPC_200 -> CRPC_210,CRPC_154 -> CRPC_156 -> CRPC_200 -> CRPC_210 -> fir -> PROC_SCST_COMPLAINT -> PROC_KIDNAPPING -> PROC_FIR_FILING,"Dear client,please note,Section 193 of the Indian Penal Code provides for punishment for false evidence in a judicial proceeding. Whoever intentionally gives false evidence or fabricates false evidence shall be punished with imprisonment of either description for a term which may extend to seven years, and shall also be liable to fineSection 182 of the Indian Penal Code provides for punishment for giving false information with the intent to cause a public servant to use his lawful power to the injury of another person. Whoever gives false information shall be punished with imprisonment of either description for a term which may extend to six months, or with fine which may extend to one thousand rupees, or with bothSection 195A of the Indian Penal Code provides for punishment for threatening another person with injury to his person, reputation, or property, or to the person or reputation of anyone in whom that person is interested, with the intent to give false evidence. The punishment is imprisonment of either description for a term which may extend to seven years, or with fine, or with bothIn addition to criminal penalties, people who give false evidence or make false statements may face civil claims, such as defamation or perjury.The next time she contacts you about the payment of the phone in return for her testimony, please record it or take Screenshots. It would help your case.","It seems you are facing a serious legal issue. According to the fact-rule-chain, filing a First Information Report (FIR) and the procedures under CRPC sections are involved in such cases. It is important to consult a legal professional to explore your options and address any allegations or demands legally.",0.075,43.451,18.5489,2.8405,16.3811,15.0562,30.6933,5.4553,1.6994,0.9075,0.2419,15.2347,48.6965,48.9737,84.4916
27,"Is it a domestic violence case? In sec. 498a Or 352( Kolkata, West Bengal )",IPC_320 -> IPC_323 -> IPC_324 -> IPC_325,IPC_320 -> IPC_323 -> IPC_324 -> IPC_325 -> Indian Penal Code 1860 -> assault -> IPC_191 -> perjury,"Dear Client,Domestic violence in India is covered under several laws, primarily under the Protection of Women from Domestic Violence Act, 2005 (PWDVA), and the Indian Penal Code (IPC). Section 498A and Section 352 of the IPC address specific aspects of domestic violence.Understanding the Sections:Section 498A IPC:Objective: To protect married women from cruelty by their husbands and in-laws.Definition: It covers any willful conduct that is likely to drive a woman to suicide or cause grave injury to her life, limb, or health (whether mental or physical). It also includes harassment with the aim of coercing her or her relatives to meet any unlawful demand for property or valuable security.Punishment: Imprisonment for up to three years and a fine.Section 352 IPC:Objective: To address assault or use of criminal force otherwise than on grave provocation.Definition: It penalizes the act of assault or use of criminal force against any person without grave and sudden provocation by that person.Punishment: Imprisonment for up to three months, or a fine of up to five hundred rupees, or both.Determining the Applicability:Section 498A: If the case involves a married woman being subjected to cruelty by her husband or in-laws, particularly with respect to harassment for dowry or inflicting harm that could cause serious mental or physical trauma, then it falls under Section 498A.Section 352: If the situation involves an incident where assault or use of criminal force occurred without grave provocation but does not fit the specific criteria of cruelty in a matrimonial context as described in Section 498A, it might fall under Section 352.","The fact-rule-chain provided does not mention Section 498A or Section 352, which are related to domestic violence. The chain focuses on sections related to assault and perjury. Without specific mention of domestic violence sections, it's unclear if this is a domestic violence case.",0.0328,53.8098,18.5489,2.8405,16.3811,15.0562,30.6933,5.4553,1.6994,0.9075,0.2419,15.2347,48.6965,48.9737,84.4916
28,"Owner of a company has been arrested by the Telangana police under 420 a month ago but Haryana police took his custody today on production warrent by saying same case has been registered by us in Haryana and Telangana court has accepted their application of Production Warrent but the advocate of accused has told me that Telangana court has granted him bail ........but my sources saying accused is been taken on production warrent.....so that I am confused the accused got bail or not ?( Hyderabad, Telangana )",CRPC_167 -> CRPC_397 -> CRPC_439 -> CRPC_482,CRPC_167 -> CRPC_397 -> CRPC_439 -> CRPC_482 -> fir -> PROC_FIR_FILING -> PROC_SCST_COMPLAINT -> PROC_ANTICIPATORY_BAIL,"Dear Client,Normally Police do not act on their whims and fancies unless and until one has a different motive.Coming to your point since this is a case of inter state nature, Police might have been sent by their Department of Home, Government of Haryana and the so called accused has to be produced before the Court.If the  person has already been released on Bail, by the same Court then he will be set free.If this is a different case which has been lodged by another persons for a different offence committed by him it has to be looked into differently.Under the circumstances please Vidhikarya to provide you a good criminal Lawyer to verify the veracity of truth of bail and take  appropriate legal action which deem fit.Shanti Ranjan Behera,Advocate","The accused was granted bail by the Telangana court, but he was taken on a production warrant by Haryana police for a similar case. Being taken on a production warrant does not necessarily mean the bail is invalid; it means he is required for proceedings in another jurisdiction. The situation involves both bail and custody under a production warrant.",0.7852,69.9521,18.5489,2.8405,16.3811,15.0562,30.6933,5.4553,1.6994,0.9075,0.2419,15.2347,48.6965,48.9737,84.4916
29,"Hi,
Recently we closed a case by compromise with my aunt's family and had give sketch of the parts given to them in the agriculture land to the court and my aunt's family got the sketch prepared by govt surveyor and got the lands transferred to their name. But now I found my aunt's family has forged my sign in the survey sketch document and got the sketch changed and it is not same as what we have agreed upon in court. I plan to lodge a police complaint for forgery but I have few questions here:
1. Will I be responsible for providing all required evidence after filing complaint.?
2. Will I be responsible for hiring a lawyer to fight this case in court or will a PP be appearing for me.?
3. If my aunt's family wants to compromise with us to withdraw the case will I be able to close the case?( Ramanagara, Karnataka )",CRPC_173 -> CRPC_205 -> CRPC_210 -> CRPC_216,CRPC_173 -> CRPC_205 -> CRPC_210 -> CRPC_216 -> Code of Criminal Procedure 1973 -> fir -> charge_sheet -> Q_484,"Dear Client,In the given scenario, you can lodge an FIR/Complaint against your aunt's family for forgery under Section 468 of IPC(now Section 336(3) of BNS) at the local police station. According to Section 468 of the Criminal Procedure Code, the limitation period for filing a criminal suit is as follows : (a) six months if the offence is punishable with a fine only; (b) one year if the offence is punishable with imprisonment for a term not exceeding one year; (c) three years, if the offence is punishable by imprisonment for a term exceeding one year but not exceeding three years. In a criminal proceeding, the public prosecutor(PP) represents the State and not the accused. They conduct the prosecution against the accused in a criminal case.  Their role begins after the police have conducted the investigation and filed the charge sheet in the court. Their primary duty is to ensure that justice is served while maintaining the rights of the accused. The onus to prove the complaint of forgery before the Court lies with the complainant. The offence of forgery is Non-cognizable, Bailable, Triable by Magistrate of the first class and Non-compoundable. Only compoundable offences are referred and settled at Lok Adalat. Since forgery is a non-compoundable offence, it shall not be referred to Lok Adalat for settlement. If required, hire an Advocate to navigate the issue in the right way.","1. Generally, after filing a complaint, the police will investigate, but you may need to provide any evidence you have. 2. You can hire a lawyer, but a Public Prosecutor (PP) usually represents the state in criminal cases. 3. If both parties agree, you may be able to withdraw the case, but it depends on the court's approval.",0.3201,48.4388,18.5489,2.8405,16.3811,15.0562,30.6933,5.4553,1.6994,0.9075,0.2419,15.2347,48.6965,48.9737,84.4916
30,"FIR lodge under section 420/406. only against my brother. But in charge sheet police added section 174{A} , 120 (b) and chit fund act. Police apprehended my brother on 10 Oct 2017 and charge sheet filed on 13 Dec 2017 after 60 days and in main charge sheet no any witness mentioned name of his wife and my father. Antricipatary bail of Wife of my bother rejected on 28 feb 2018. She surrendered on 13 march 2018 and my father surrendered on 09 april 2018. Supplementary CS submitted by Police on 10 May 2018 just before completion of 60 days. Accordingly bail of 167(2) rejected. Thereafter 2 bail application application rejected by CMM and ASJ. Now bail application is in pending with high court in which IO submitted that more application is being received hence enquiry is pending therefore opposed bail application. All 03 pers are on Jail since mentioned above. Request intimate what I can do.( South West Delhi, Delhi )",CRPC_173 -> CRPC_205 -> CRPC_210 -> CRPC_216,CRPC_173 -> CRPC_205 -> CRPC_210 -> CRPC_216 -> charge_sheet -> Code of Criminal Procedure 1973 -> fir -> Q_484,"YOU CAN APPEAL IN HIGH COURT . For details, pl. contact some advocate through vidhikarya.com","The charge sheet includes additional sections and acts beyond the initial FIR. Bail applications have been rejected multiple times, and the matter is now pending in the high court. It may be beneficial to consult a legal professional for further guidance on the pending bail application.",1.0312,27.1802,18.5489,2.8405,16.3811,15.0562,30.6933,5.4553,1.6994,0.9075,0.2419,15.2347,48.6965,48.9737,84.4916
31,"I want to go for FIR and Chargesheet quashing both in my 482 application pending before the Allahabad High Court after a stay of the same as the complaint belongs to repealed Section 66A of the Information Technology Act, 2000. However, these prayers were not specifically mentioned in my revision petition under 482 as it was dismissed by lower Courts. Can I pray the same in my final arguments or I should amend/add my prayer by an application in this regard separately in the High Court?( Allahabad, Uttar Pradesh )",CRPC_154 -> CRPC_156 -> CRPC_200 -> CRPC_210,CRPC_154 -> CRPC_156 -> CRPC_200 -> CRPC_210 -> Code of Criminal Procedure 1973 -> PROC_KIDNAPPING -> PROC_FIR_FILING -> PROC_SCST_COMPLAINT,"Dear Client,In your final arguments before the Allahabad High Court, you can certainly bring up the issue of quashing the FIR and chargesheet based on the repealed Section 66A of the Information Technology Act, 2000. While it would have been ideal to explicitly mention these prayers in your initial petition, you can still address them during the final arguments. It's crucial to emphasize the legal grounds and provide reasoning for seeking quashing. If you feel the need to make it more formal, you may consider filing a separate application to amend or add these prayers, ensuring clarity and precision. Reference relevant sections of the Criminal Procedure Code (CrPC), such as Section 482, to support your request for quashing.Thankyou",You should consider amending or adding your prayer by filing a separate application in the High Court. This ensures that your request for FIR and chargesheet quashing is formally on record. It's important to follow the proper procedure to strengthen your case.,1.7377,72.8707,18.5489,2.8405,16.3811,15.0562,30.6933,5.4553,1.6994,0.9075,0.2419,15.2347,48.6965,48.9737,84.4916
32,"Sir/madam.    I was caught in drink and drive 10 days before and police taken my RC and DL and told to pay 10000 fine through virtual court website. But if I put challan no or mobile no it is telling challan not exist. What I have to do and what is the time time limit for closing the challan pls tell the procedure of this case in chennai( Chennai, Tamil Nadu )",CRPC_210 -> DP_3 -> JOGINDER_KUMAR_1994 -> PROC_REGULAR_BAIL,CRPC_210 -> DP_3 -> JOGINDER_KUMAR_1994 -> PROC_REGULAR_BAIL -> fir -> ART_22 -> CRPC_41 -> Code of Criminal Procedure 1973,Dear SirYou may pay the file directly in the court or engage one advocate to pay the fine on behalf . in either case there will be no consequence on your future career it being a petty case.Please give me RANK FIVE (5) if my answer satisfies you.,You should contact the local police station or traffic department in Chennai to verify the status of your challan. They can provide guidance on how to proceed if the challan is not showing up online. It's important to resolve this promptly to avoid further complications.,1.2755,23.2492,18.5489,2.8405,16.3811,15.0562,30.6933,5.4553,1.6994,0.9075,0.2419,15.2347,48.6965,48.9737,84.4916
33,"I am Govt Group A officer and area police filed kalandra before SDM under sec 107 against false complaint by neighbour.  Kalandra was filed under sec 107 against both i. e.  Myself and neighbour.
Being a Govt officer there is no scope for me to breach the peace. 
Now can I file application under section 115 to dispense me from personal appearance due my occupancy to official assignments( North West Delhi, Delhi )",PROC_MAINTENANCE -> IPC_504 -> PROC_CRIMINAL_INTIMIDATION -> PROC_ANTICIPATORY_BAIL,PROC_MAINTENANCE -> IPC_504 -> PROC_CRIMINAL_INTIMIDATION -> PROC_ANTICIPATORY_BAIL -> Indian Penal Code 1860 -> criminal_intimidation -> IPC_191 -> perjury,"You can file the same. However, it is subject to acceptance.If accepted you shall not be brought to court and if not accepted you need to follow the orders of the court as a dutiful citizen.Thanks","You can consider filing an application under section 115 to request exemption from personal appearance due to your official duties. However, the decision will depend on the discretion of the court. It might be helpful to explain your situation and responsibilities clearly in the application.",6.3941,41.0477,18.5489,2.8405,16.3811,15.0562,30.6933,5.4553,1.6994,0.9075,0.2419,15.2347,48.6965,48.9737,84.4916
34,"IPC 323,324,326 Fake FIR Registered on me Via Against Party After SSP investigation SP Crashed Fake FIR . How Can I File Case Against Party via Legal Process ?( Bathinda, Punjab )",CRPC_154 -> CRPC_156 -> CRPC_200 -> CRPC_210,CRPC_154 -> CRPC_156 -> CRPC_200 -> CRPC_210 -> fir -> PROC_DOWRY_HARASSMENT -> PROC_FIR_FILING -> PROC_KIDNAPPING,"Dear Sir,You can first try to get quash FIR against you or atleast get stay order on further investigation and in the meanwhile lodge a complaint against him or directly approach Magistrate by filing private complaint.Thanks.","You can consider filing a complaint under CRPC_200 for malicious prosecution. This involves presenting your case to a magistrate. It might be helpful to consult a local lawyer for guidance on the process in Bathinda, Punjab.",3.2508,54.6224,18.5489,2.8405,16.3811,15.0562,30.6933,5.4553,1.6994,0.9075,0.2419,15.2347,48.6965,48.9737,84.4916
35,"My wife is having illegal affairs and I have documents for that. She was in affair when she was carrying my child. Even the child birth was not normal. We had to take out the child under  emergency only. All the expense was bared by me only and none from her side visited my wife or our home. Now she ran away with my child. What should we do( Bangalore, Karnataka )",CRPC_154 -> CRPC_156 -> CRPC_200 -> CRPC_210,CRPC_154 -> CRPC_156 -> CRPC_200 -> CRPC_210 -> fir -> PROC_KIDNAPPING -> PROC_FIR_FILING -> PROC_SCST_COMPLAINT,"Dear Client,In the given situation, you have the following legal remedies to navigate the issue in the right way. 1) file an FIR/complaint of missing of your estranged wife at the local police station. 2) file a divorce petition against the wife on the grounds of adultery before the Family Court to resolve the matter permanently. Adultery was also considered a ground for divorce by the Marriage Laws Amendment Act, 1976. Adultery is defined under section 13 (1) of the Hindu Marriage Act. When Either of the spouses is voluntarily indulging in an affair with another individual. If the respondent fails to appear or respond in the one-sided or contested divorce case, the court may proceed with a ruling based on the testimony of the petitioner. 3) As regards custody of the child, both parents have equal rights over the child's custody of the child with mutual understanding and can file a petition seeking the custody or guardianship of the child under Section 26 of the Hindu Marriage Act, 1955; or. Section 7 of Guardian & Ward Act, 1890. However, if there is a lack of mutual understanding, then family courts generally decide who will get custody of the child. The two main factors that the courts look at are - the protection of the best interest and welfare of the child and which parent will be able to take care of the child better. According to the Hindu Minority and Guardianship Act, the custody of the child usually goes to the mother, if the child is below 5 years of age. Only in case, if the court feels that the mother is unfit to take care of the child, the custody will go to the father or another person. It is always recommended to consult an expert divorce lawyer to get the right legal advice before filing a contested divorce petition.",You may consider filing a complaint with the police regarding your wife running away with your child. You can refer to the procedures for filing an FIR as outlined in the fact-rule-chain. It might also be helpful to consult a legal professional for guidance specific to your situation.,0.0136,44.254,18.5489,2.8405,16.3811,15.0562,30.6933,5.4553,1.6994,0.9075,0.2419,15.2347,48.6965,48.9737,84.4916
36,"We are healthcare workers. Yesterday we (5 people) were stopped by a police sergeant while on a yellow cab for overloading. We were in an emergency because we were called from the hospital from a luncheon because a patient of ours became critical. We requested him to let us go because a life was at stake but he started to yell and berate us, threatening to call the media upon us. There was some verbal altercation only. Then he held us up for about 40 minutes, which is serious in case of a medical emergency. Then he asked for â¹500 as a ""stop fine"" and said he was going to let us go with a verbal warning. He did not even make a documentation of the fine. I was pissed off at this and took a video of the situation (as far as I know is legal to take of a police officer in a public space) which angered him more and he took away my mobile and deleted the video himself. Thereafter he dragged us to the police station, berated us some more and then forced us to write an apology letter and took our names and addresses. What are the legal consequences and what can I do about this sergeant?( Uttar Dinajpur, West Bengal )",PROC_SCST_COMPLAINT -> DP_3 -> PROC_SEXUAL_ASSAULT_COMPLAINT -> PROC_CRIMINAL_INTIMIDATION,PROC_SCST_COMPLAINT -> DP_3 -> PROC_SEXUAL_ASSAULT_COMPLAINT -> PROC_CRIMINAL_INTIMIDATION -> dowry_harassment -> Dowry Prohibition Act 1961 -> PROC_DOWRY_HARASSMENT -> CRPC_154,"Dear Sir,If you have political background and legal background and able to spend lakhs of rupees then you can lodge complaint against such police sergeant. Otherwise it is waste of time and money to proceed against such police people.",The situation you described involves potential misconduct by the police sergeant. You may consider filing a complaint with the local police department or higher authorities regarding the sergeant's actions. It might also be helpful to seek legal advice to understand your options better.,3.9974,67.4778,18.5489,2.8405,16.3811,15.0562,30.6933,5.4553,1.6994,0.9075,0.2419,15.2347,48.6965,48.9737,84.4916
37,"My father (government employee) was under an anti corruption enquiry when he passed away. After he passed away I was called to give a application that about what I know regarding his financials. 1.5 years later they told me that now they need my mother's application and when we got there they started enquiring us about things we did not know. What should I do in this scenario?( Rajkot, Gujarat )",IPC_409 -> PCA_7 -> PCA_13,IPC_409 -> PCA_7 -> PCA_13 -> PROC_CORRUPTION_COMPLAINT -> criminal_breach_of_trust -> Indian Penal Code 1860 -> corruption,"Dear Client,Here are some steps you can take:Consult an Attorney: It's advisable to consult with an attorney who specializes in legal matters related to government employees, anti-corruption inquiries, and administrative proceedings. An attorney can provide you with legal guidance and help protect your rights and interests.Request Clarity: If you are uncertain about the nature of the questions or the purpose of the inquiry, you can politely request clarification from the authorities conducting the inquiry. Understand the specific issues they are interested in and the relevance of your knowledge to the case.Avoid Speculation: It's essential not to speculate or provide information that you are not sure about. Stick to the facts and provide accurate and truthful responses to the best of your knowledge.Protect Your Interests: Your primary concern should be to protect your legal interests and those of your family. If you feel uncomfortable or believe that the inquiry is becoming intrusive or unjust, consult with your attorney on how best to proceed.Document Everything: Keep records of all communications, including any written requests, notices, or interactions with the authorities conducting the inquiry. These records can be valuable in case you need to challenge any actions or decisions.Maintain Confidentiality: Be cautious about discussing the inquiry with others, especially in a public or unsecured setting. It's generally best to keep such matters confidential to protect your interests.Follow Legal Procedures: Ensure that you follow any legal procedures and requirements as advised by your attorney. This may include providing responses in writing, attending hearings or meetings, or taking any other necessary steps as part of the inquiry.Legal Representation: Depending on the complexity of the case and the potential implications, you may consider having legal representation for your mother as well, especially if she is being questioned or required to provide information.Remember that each case is unique, and the course of action to take may vary based on the specific circumstances and legal advice you receive.Thank you.","In this situation, it's important to cooperate with the authorities and provide any information you have. If you are unsure about the questions or need assistance, consider seeking legal advice. This can help ensure that you and your mother understand the process and your rights.",0.0187,43.6811,18.5489,2.8405,16.3811,15.0562,30.6933,5.4553,1.6994,0.9075,0.2419,15.2347,48.6965,48.9737,84.4916
38,"10 years back my wifes father has cheated me taken my wife's and filed missing complaint
is there any law and order where i can raise a case against my wife's father for cheating,
is there any way where the judge to give order to police or commissioner to arrest my wife's father and find out where she is,( Thane, Maharashtra )",IPC_415 -> IPC_417 -> IPC_419 -> IPC_420,IPC_415 -> IPC_417 -> IPC_419 -> IPC_420 -> Indian Penal Code 1860 -> PROC_CHEATING_FRAUD -> cheating -> IPC_191,"Hi,False claims can be punished under S.209 IPC. In addition, you can file a complaint against him for cheating and fraud under Sections 415 and 420 IPC.If you found this helpful, please rate us.","You may consider raising a case under IPC sections related to cheating, such as IPC 415 or IPC 420, if you believe your wife's father has committed fraud. These sections deal with cheating and dishonestly inducing delivery of property. Consult with legal authorities to explore the possibility of filing a complaint and seeking police action.",2.4548,66.5207,18.5489,2.8405,16.3811,15.0562,30.6933,5.4553,1.6994,0.9075,0.2419,15.2347,48.6965,48.9737,84.4916
39,"Hello sir 
2011 me mere bhai ke against 
Magistrate ke paas complaint case file hua
406 act lga unke upar 
2014 me case revoked ho gya
Lekin 2015 me hearing fir suru ho gyi

2019 me case ka status appearance se evidence stage me aa gya

2024 tak aise hi chalta tha
Lekin mere bhai ne November me hearing miss krdi
Or sayad next bhi
To warrent issue ho gya

Feb 2025 me wo arrest ho gya

March Tak bail nhi mili
Fir mili to usme 1 lakh ka personal bond
2 1 1 lakh ki guarantee ke sath
Jo mein kal nhi pa rha finance itna strong nhi h

Ab kya kru bail decision ko bhi 15 din ho gye h
Mera lawyer bhi bas aaj nhi kal kr rha h
Or sabse bdi problem ye h
Jo complaint hui thi wo 10000 ke liye hui thi
Or complaint krne wala 40000 ki demand krta h settlement pr
To guarantee itni jyada q
I am helpless and out of money( Ghaziabad, Uttar Pradesh )",CRPC_154 -> CRPC_156 -> CRPC_200 -> CRPC_210,CRPC_154 -> CRPC_156 -> CRPC_200 -> CRPC_210 -> Code of Criminal Procedure 1973 -> PROC_KIDNAPPING -> PROC_SCST_COMPLAINT -> PROC_FIR_FILING,"Dear Client,Section 406 of the Indian Penal Code (IPC) deals with the punishment for criminal breach of trust, which involves dishonestly misappropriating or converting property entrusted to someone, or using it in violation of a legal contract or direction. Under this section, whoever commits criminal breach of trust shall be punished with imprisonment of either description for a term which may extend to three years, or with a fine, or with both. It is a non-bailable offense, meaning an accused person cannot claim bail as a matter of right.  The offence is compoundable by the owner of the property in respect of which breach of trust has been committed, with the permission of the court. In the given scenario, when you are facing financial constraints/hardship to arrange the funds for the bail bond, you can discuss the matter with the complainant to resolve or settle the matter amicably and legally. Ask your counsel to mediate the matter with the opposite party to cope with the situation, which is a viable option in the given situation.","It seems your brother's case has progressed through various stages, and a warrant was issued due to missed hearings. The bail conditions set by the court are based on the case circumstances and judicial discretion. You may need to discuss with your lawyer about possible options to address the bail conditions or explore any legal remedies available.",0.3434,44.6106,18.5489,2.8405,16.3811,15.0562,30.6933,5.4553,1.6994,0.9075,0.2419,15.2347,48.6965,48.9737,84.4916
40,"My mobile phone is submitted in court I have filled return of property it was a gifted phone I don't have bill even my husband doesn't have bill now what is argument on exh_ready means( Mumbai City, Maharashtra )",SCST_7 -> IPC_420 -> JOGINDER_KUMAR_1994 -> CRPC_457,SCST_7 -> IPC_420 -> JOGINDER_KUMAR_1994 -> CRPC_457 -> theft -> PROC_SCST_COMPLAINT -> SC/ST (Prevention of Atrocities) Act 1989 -> Indian Penal Code 1860,"Dear Client,The term âExhâ refers to an exhibit, which can be a document, an application, or any submission filed as physical or documentary evidence during criminal proceedings. The fact that the status has changed to âargument on Exh_readtâ means that the court is about to pass an order related to a specific exhibit or application that has been submitted in your case post-hearing of argument by the parties on the exhibits. It is suggested that you speak to your designated lawyer who is the advocate on record in the case.","If your mobile phone is submitted in court and you have filed for its return, the lack of a bill may complicate proving ownership. The court may consider other evidence or circumstances to decide on the return of the property. ""Exh_ready"" likely refers to the exhibit being ready for consideration in court.",1.7954,42.8445,18.5489,2.8405,16.3811,15.0562,30.6933,5.4553,1.6994,0.9075,0.2419,15.2347,48.6965,48.9737,84.4916
41,"present case charge sheet lo undi but case pettina ammai court ki hajar avtledu case lounna person ki central university lo seat vachhindi ,how to solve this case emina document verification time lo problem aeity ela solve chesukoni join avvalii( Prakasam, Andhra Pradesh )",CRPC_173 -> CRPC_205 -> CRPC_210 -> CRPC_216,CRPC_173 -> CRPC_205 -> CRPC_210 -> CRPC_216 -> Code of Criminal Procedure 1973 -> fir -> charge_sheet -> Q_484,"A.Dear Sir,You have to approach High Court to remove your name from Rowdy sheeter and place before the Court all the necessary credentials to prove your innocence and also to prove that you have good conduct for all these years. Further, you can challenge POSCO case in High Court by filing quashing petition.","If the charge sheet is filed and the person is not appearing in court, they should seek legal advice to address the non-appearance issue. For document verification, they may need to provide relevant legal documents or court orders showing the status of the case. It's important to resolve any legal issues before joining the university.",1.1693,45.0448,18.5489,2.8405,16.3811,15.0562,30.6933,5.4553,1.6994,0.9075,0.2419,15.2347,48.6965,48.9737,84.4916
42,"A criminal case was registered against me . Its compromised in lok Adalat. I eligible for govt jobs .if  eligibleis it necessary to mention those details application .eg are you involved any criminal cases yes or no( Hyderabad, Telangana )",criminal_intimidation -> IPC_503 -> criminal_conspiracy -> IPC_350,criminal_intimidation -> IPC_503 -> criminal_conspiracy -> IPC_350 -> assault -> Indian Penal Code 1860 -> PROC_CRIMINAL_INTIMIDATION -> IPC_191,"Dear Client,If you are acquitted, and eligible for government jobs, you can mention that you were charged on a crime, however not convicted. You can request an expunction order from the court for complete removal of this particular record from the public eye.","If the case was compromised in Lok Adalat, it might not be considered a conviction. However, you should answer truthfully on job applications if asked about involvement in criminal cases. It's advisable to mention the compromise if required.",2.2669,50.0628,18.5489,2.8405,16.3811,15.0562,30.6933,5.4553,1.6994,0.9075,0.2419,15.2347,48.6965,48.9737,84.4916
43,"Society people parking and blocking entrance of my shop. The place is public in front of my shop. Can IPC 339 or any other section applicable to prevent them.( Mumbai suburban, Maharashtra )",IPC_429 -> NI_ACT_AMENDMENT_2018 -> PROC_FIR_FILING -> IPC_499,IPC_429 -> NI_ACT_AMENDMENT_2018 -> PROC_FIR_FILING -> IPC_499 -> Indian Penal Code 1860 -> mischief -> defamation -> NIA_138,"Hi,You have to establish that by parking, those people are preventing inflow and outflow of customers into your shop and causing obstruction in right of free passage, if it is not proved then one cannot complain with any authority.","The fact-rule-chain provided does not directly mention IPC 339 or address parking issues. IPC 339 deals with wrongful restraint, which might be relevant if access is being blocked. It is advisable to consult local authorities or legal counsel for specific guidance on this matter.",1.2791,52.7202,18.5489,2.8405,16.3811,15.0562,30.6933,5.4553,1.6994,0.9075,0.2419,15.2347,48.6965,48.9737,84.4916
44,"My friend has got cheated by a person now he married to other girl but she is not listening she saying she want to stay with him only or else she lives alone after knowing that she is texting and calling to that person and and he forwarding that texts to her brother and her brother is mentally torchuring her she ran away from home also so many times even police also not helping becoz they are saying that she is contacting that person now they made house arrest and her family forcing her to agree to do marry to someone but she dont want she decided to live alone if she cant live with that person she want to marry him only even he is married is there any way, now her family is not giving privacy and freedom not sending outside she want to stay infront them only now what to do( Hyderabad, Telangana )",CRPC_154 -> CRPC_156 -> CRPC_200 -> CRPC_210,CRPC_154 -> CRPC_156 -> CRPC_200 -> CRPC_210 -> Code of Criminal Procedure 1973 -> PROC_KIDNAPPING -> PROC_FIR_FILING -> PROC_SCST_COMPLAINT,"Dear Sir,As your friend married so better to close the issue.Rate me Five Star *","Your friend may consider filing a complaint with the police if she feels her rights are being violated, but it seems the police are not helping due to her contact with the person. She might explore legal options for protection of her rights and freedom. Consulting a legal professional could provide guidance based on her specific situation.",0.8887,22.5339,18.5489,2.8405,16.3811,15.0562,30.6933,5.4553,1.6994,0.9075,0.2419,15.2347,48.6965,48.9737,84.4916
45,"Respected sir , 
I , Chirla Lakshmana Reddy S/o Chirla Brahma Reddy resident of Arthamuru  
In 2009 , The AP Government sanctioned us the free loan for House Repair. but the Loan Amount was taken by My dad's Elder Brother ( Chirla Atchi Reddy ) illegally. 
Also , my dad Committed Sucides in June 2020 in Visakhapatnam. Without intimating to any officials in Visakhapatnam, Mr. Chirla Atchi Reddy and his wife brought My dad's dead body to Arthamuru Secretly. Also we didn't get any things of my dad. All my dad things are kept aside by My dad elder Brothers family only. Sir. Aslo they are harrassing my family very family sir. 
What is the best way to get Justice Sir( East Godavari, Andhra Pradesh )",IPC_415 -> IPC_417 -> IPC_419 -> IPC_420,IPC_415 -> IPC_417 -> IPC_419 -> IPC_420 -> cheating -> PROC_CHEATING_FRAUD -> Indian Penal Code 1860 -> IPC_191,"Firstly, you need to have the sufficient evidence that the Loan Amount was taken by your dad's Elder Brother ( Chirla Atchi Reddy ) illegally. And you can file a case for fraud under section 318 of BNS.  Also, if they're harassing you or any of your family member then Section 85 of BNS encompasses acts of cruelty against women within domestic relationships, extending beyond just marital ties. It encompasses conduct likely to drive the woman to commit suicide or cause grave injury, as well as harassment aimed at coercing her or her relatives to meet unlawful demands.","It seems there may be issues related to cheating or fraud, which could fall under sections like IPC 415 or IPC 420. You might consider reporting the matter to the local authorities or seeking legal advice to explore possible actions. It could be helpful to gather any evidence related to the incidents for further proceedings.",0.9861,42.2475,18.5489,2.8405,16.3811,15.0562,30.6933,5.4553,1.6994,0.9075,0.2419,15.2347,48.6965,48.9737,84.4916
46,"I filed a complaint against my fiance last year, charges 306,307,376,377,etc.
An Fir was not lodged as the accuse and his family pleaded and begged like anything to withdraw the complaint. There was a lot of emotional drama and blackmailing.I had to compromise and we got married with family consent and understanding and promises of being there and the things abuse etc not being repeated.Post marriage everything changed. Family vanished,I was left all alone,so called husband moved to other City and forced me to come there.has been ill treating me, demeaning and torturing me mentally and emotionally now.what can I do?( Delhi, Delhi )",CRPC_154 -> CRPC_156 -> CRPC_200 -> CRPC_210,CRPC_154 -> CRPC_156 -> CRPC_200 -> CRPC_210 -> Code of Criminal Procedure 1973 -> PROC_KIDNAPPING -> PROC_FIR_FILING -> PROC_SCST_COMPLAINT,"A.Dear Madam,Now you can file multiple cases as a wife under section 498(A) of IPC,  domestic violence case etc....","You can consider filing a new complaint with the police regarding the current situation. If an FIR is not lodged, you may approach the magistrate under CRPC provisions. Seeking legal advice for further steps might be helpful.",1.5059,30.806,18.5489,2.8405,16.3811,15.0562,30.6933,5.4553,1.6994,0.9075,0.2419,15.2347,48.6965,48.9737,84.4916
47,"I have filed divorce petition against wife in 2020 before family court . In the same year of 2020, I have filed private complaint against wife and her parents  under section 156(3) for theft of golden ornaments and household material from locked house of mine before JMFC . In the year 2021, JMFC  ordered for registration of FIR under section 378, 379, 34  against wife and her parents and directed concerned police station for investigation. Thereafter, wife and parents moved application for quashing of FIR before High court. Thereafter, I have filed reply and objections against petition of quashing of FIR . This  Case in high court is pending.
Therefore, my question is if I withdraw divorce petition now  from family court and file restitution of conjugal rights petition in family court in the interest of future of kids , will that affect  my objections in high court for quashing of FIR against wife and parents? Please explain in detail.( Pune, Maharashtra )",CRPC_154 -> CRPC_156 -> CRPC_200 -> CRPC_210,CRPC_154 -> CRPC_156 -> CRPC_200 -> CRPC_210 -> Code of Criminal Procedure 1973 -> PROC_KIDNAPPING -> PROC_SCST_COMPLAINT -> PROC_FIR_FILING,"Dear Client,your withdrawal of the case will not have any effect on your ongoing issue in Hih Court.","Withdrawing the divorce petition and filing for restitution of conjugal rights may not directly affect your objections to the quashing of the FIR in the High Court. The FIR and the divorce proceedings are separate legal matters. However, any change in your legal strategy might be considered by the court in context.",2.3077,57.1838,18.5489,2.8405,16.3811,15.0562,30.6933,5.4553,1.6994,0.9075,0.2419,15.2347,48.6965,48.9737,84.4916
48,"My bf utilized me physically in the name of love and pretext of mrge  and cheated me by flirting with some other girl. Now he broke up with me. When I told I will complaint, he told he will marry me but he will not stay with me after the mrge. Also he hav two elder bros. So he s saying he won't marry me until unless there bros r getting married and also he s saying I shud not contact him till his bros r getting married. I felt he agreed for mrge just to shut my mouth for time being. So I contacted his elder brother to convince him for register mrge... His entire family hav agreed for register mrge but my boyfrd s not agreeing for reg mrge as he s not interested to marry me. He told after his bros getting married only he will marry me... After few days my family contacted my bf regarding d mrge( my family doesn't know Dat we had physical relationship) .. My bf is saying he s not interested to marry me. And he will just marry me as we r threatening him. And he told after mrge he won't stay with me. I feel so much depressed for his cheating and utilizing me physically. Can I go legally for dis. Will the court accept it as a legal case?? Will I able to win in dis!? . I hav enuf proof of pictures calls chats etc. If he don't marry me, is dere any punishment for him for cheating me like dis??( Bangalore, Karnataka )",IPC_320 -> IPC_323 -> IPC_324 -> IPC_325,IPC_320 -> IPC_323 -> IPC_324 -> IPC_325 -> Indian Penal Code 1860 -> assault -> IPC_191 -> perjury,"Hi,You can file a rape case against him. Court will consider the facts of your case and come to a conclusion accordingly. The Delhi High Court has clarified in a judgement that ""sex on the promise of marriage"" cannot be considered rape in all situations. An SC bench of justices Dhananjaya Y Chandrachud and MR Shah elucidated the legal position while exonerating a 30-year-old man of the rape charge under Section 376 of the Indian Penal Code. Citing a 2019 judgment of the top court, the bench said that to establish that the consent of a woman for a physical relationship was obtained by fraud and misconception of fact through a false promise of marriage, it was necessary to show that the man gave the promise in bad faith and never had any intention of marrying his girlfriend.Thank You","The fact-rule-chain provided does not directly address your situation. The Indian Penal Code sections mentioned relate to assault and perjury, which may not apply to your case. It is advisable to consult a legal professional to explore your options based on the specifics of your situation.",0.7223,51.5535,18.5489,2.8405,16.3811,15.0562,30.6933,5.4553,1.6994,0.9075,0.2419,15.2347,48.6965,48.9737,84.4916
49,"My senior citizen father (79) and mother are second floor of a Delhi house. There is a court lawsuit related to probate currently going on. However the opposite party, who live on ground floor and first  floor of the same house, are building unauthorized construction on the property, despite the ongoing court case. On Monday when my father protested against the construction, my relative (40) pushed him violently and verbally threatened to kill my mother and father. I am quite scared of their safety, since I live and work in a different city and am unable to come to their aid immediately when such incidents happen. How can I protect my parents against such violence and threatening incidents?( South Delhi, Delhi )",IPC_320 -> IPC_323 -> IPC_324 -> IPC_325,IPC_320 -> IPC_323 -> IPC_324 -> IPC_325 -> assault -> Indian Penal Code 1860 -> IPC_191 -> perjury,"police.Have to give complaint to local police station for voluntarily causing hurt and further threat of life which are non-bailable crimes.  Also, report the unauthorized construction in the ongoing case in court and take injunction order.Hope this clarifies,Advocate Ankur Goel","Your parents can report the incident to the local police, as pushing and threatening can be considered assault under the Indian Penal Code. They may also seek a restraining order to prevent further harassment. It's important to document any incidents for legal purposes.",2.9949,46.1825,18.5489,2.8405,16.3811,15.0562,30.6933,5.4553,1.6994,0.9075,0.2419,15.2347,48.6965,48.9737,84.4916
50,"Whatâs gonna be my fate in future? Iâm a google employee and my girlfriend has pressed charges . I was in jail for 3 months now got released and filed for dismissal. Yet Iâm confused and sacred abt my future. What is usually happens in this kinda of cases?? Itâs gonna be marriage or aqquaital? Pls guide me pls( Bangalore, Karnataka )",CRPC_154 -> CRPC_156 -> CRPC_200 -> CRPC_210,CRPC_154 -> CRPC_156 -> CRPC_200 -> CRPC_210 -> Code of Criminal Procedure 1973 -> PROC_KIDNAPPING -> PROC_SCST_COMPLAINT -> PROC_FIR_FILING,"Dear Sir,If your lawyer is intelligent and having face value in the High Court then he can easily get all the proceedings against you quashed by filing application under Section 482 of Cr.P.C. Further in many such cases the Supreme Courts and High Courts held that it is consensual sex as such it do not attract any of the Section of IPC. Consequently, the alleged charges will be quashed.Please take PAID phone call with me through VIDHIKARYA and get more legal guidance.",The fact-rule-chain does not provide specific outcomes for personal situations like marriage or acquittal. Legal outcomes depend on the specifics of the case and court decisions. It is best to consult with a legal professional for guidance on your situation.,0.8312,38.1466,18.5489,2.8405,16.3811,15.0562,30.6933,5.4553,1.6994,0.9075,0.2419,15.2347,48.6965,48.9737,84.4916
51,"Can resident of Gujarat play International lottery online?
Is it prohibited under FOREIGN EXCHANGE MANAGEMENT ACT.?",PROC_CHEATING_FRAUD -> PROC_CORRUPTION_COMPLAINT -> PROC_DEFAMATION -> PROC_MAINTENANCE,PROC_CHEATING_FRAUD -> PROC_CORRUPTION_COMPLAINT -> PROC_DEFAMATION -> PROC_MAINTENANCE -> CRPC_154 -> PROC_KIDNAPPING -> PROC_SCST_COMPLAINT -> PROC_FIR_FILING,dear client honesly yes .it is.,"The fact-rule-chain does not provide specific information about playing international lotteries online or the Foreign Exchange Management Act. It mainly lists procedures related to complaints and legal processes. Without more details, it's unclear if playing international lotteries online is prohibited for a resident of Gujarat.",0.9799,21.6587,18.5489,2.8405,16.3811,15.0562,30.6933,5.4553,1.6994,0.9075,0.2419,15.2347,48.6965,48.9737,84.4916
52,"Hi - I am tenant staying in One of the apartment in gottigere , Bangalore . Last night I had a beer bottle in my car and I kept the empty bottle in the parking basement . There was no dustbin . So I kept it in one corner of the basement . CCTV captured this and they are imposing penalty on me . Which I am ready to pay because I made the mistake . But they are asking me to pay 10,000 for this . Should I pay such high amount ? Also they made this video Viral in the society what's app group where there are 200 members the the group . Now every one in the society are calling me and saying this is shameful act . People are making comments like I am a criminal . I think the society association should have talked to me personally and ask for penalty . But they put the video in what's app group . Isn't it a defamation ? Now I need to leave this society because of this . Please advice",IPC_499 -> IPC_500,IPC_499 -> IPC_500 -> Indian Penal Code 1860 -> PROC_DEFAMATION -> defamation -> IPC_191,"You appear to a reasonable sound person to agree to your mistake & ready to pay the nominal penalty,but the society is indifferent & not only damaged your self respect & self esteem but also rendering you to financial loss. You have two options 1.to set the matter right by the damaging society & accept the nominal penalty. 2.take advice , guidance and help from a property lawyer and take action against society causing all damage & loss.","If the video sharing harmed your reputation, it might be considered defamation under IPC_499 and IPC_500. Defamation involves damaging someone's reputation, and legal action could be possible. You may want to discuss this with a legal professional to explore your options.",1.1881,26.7847,18.5489,2.8405,16.3811,15.0562,30.6933,5.4553,1.6994,0.9075,0.2419,15.2347,48.6965,48.9737,84.4916
53,"If fIR is registered under sec 420,467,471,120b
For forging of wasiyat(will) and using it in nagar nigam office and civil suit is also pending regarding that wasiya(will).. i have following questions 
1) if the accused refused to give the ORIGINAL WILL FOR FSL investigation then what should police do??
2)If the accused said the he has lost the original will?but not FIR has loged for finding the original will
3)powers of I.O in the case( Barabanki, Uttar Pradesh )",CRPC_154 -> CRPC_156 -> CRPC_200 -> CRPC_210,CRPC_154 -> CRPC_156 -> CRPC_200 -> CRPC_210 -> charge_sheet -> PROC_FIR_FILING -> PROC_KIDNAPPING -> PROC_SCST_COMPLAINT,"Dear Client,An FIR was lodged under Sections 420,467,471,120b of the Indian Penal Code pertaining to cognizable offenses related to forgery and cheating and grave in nature. In such cases, the scope of oral evidence is almost insignificant and the predominant role is played by documentary evidence. A case based mostly on documentary evidence is rather easier to establish since documents are matters of records and unless it's forged, can be disowned. Prosecution will succeed only if it establishes the involvement of the accused, or the guilt of the accused beyond the shadow of all reasonable doubt. Section 156 of Cr.PC confers upon the police officer the power to investigate a cognizable offense. A magistrate can also order the investigation of cognizable offenses under the power given to him by Section 190 of CrPC. For the purpose of valid attestation of a Will under Sec.63 of the Indian Succession Act, the attesting witness must either sign or affix a thumb impression or mark himself, as the Section does not permit an attesting witness to delegate that function to another. The party who sees the Will executed is a witness to it; if he subscribes as a witness, he is then an attesting witness. If the accused refuses to adduce the original documents for forensic test, the Court may issue summons to the attesting witnesses to prove the document. As per Sec.62 of the Indian Evidence Act, secondary evidence of the contents of private documents is admissible only if the original document is not in existence or not available. Secondary evidence can be accepted by the Court for the existence, condition or contents of a document if the original has been lost or destroyed. In this regard, the decision of the Supreme Court reported in AIR 1979 SC 1567 âAher Rama Gova vs. the State of Gujaratâ may be relied upon. So, considering the complexity of the individual cases an investigating officer can take the recourse of well-defined provisions of the relevant law to collect and adduce the documents to prove the allegation framed against the accused.","1) If the accused refuses to give the original will, the police may proceed with their investigation using available evidence and follow procedures under CRPC_156. 2) If the accused claims the original will is lost, the police can investigate the claim and circumstances around the loss. 3) The Investigating Officer (I.O) has powers to investigate the case under CRPC provisions, including collecting evidence and questioning involved parties.",0.2452,58.0461,18.5489,2.8405,16.3811,15.0562,30.6933,5.4553,1.6994,0.9075,0.2419,15.2347,48.6965,48.9737,84.4916
54,"whether defamation case can be filed both under civil and criminal law( Chennai, Tamil Nadu )",IPC_499 -> IPC_500,IPC_499 -> IPC_500 -> PROC_DEFAMATION -> Indian Penal Code 1860 -> defamation -> IPC_191,"Dear Client,A person aggrieved by defamation has a right to proceed both in the civil Court as well as in the criminal Court. He can take either one or the other or both courses. Law does not debar him from enforcing civil and criminal rights at the same time. In India, defamation is categorized as either criminal or civil, and both types are covered by the Indian Penal Code (IPC) and the Code of Civil Procedure (CPC). In Civil Defamation, a person who is defamed can move the competent Court having pecuniary jurisdiction and seek damages in the form of monetary compensation. Under Section 19 of the Civil Procedure Code (CPC), a civil suit can be filed either where the Defendant resides or where the Defamatory statement was made/published. A defamation of a criminal nature has been codified under Sections 499 and 500 of the Indian Penal Code 1860 and to file a criminal suit under this Section, a person must have made an imputation about another person with either an intention, knowledge, or reason to believe that such an imputation will harm the reputation of the said person. Under criminal defamation, individuals can be charged with an offense punishable by imprisonment for two years or a fine. As per the Limitation Act, there is a limitation period of one year for filing a civil defamation suit and the limitation to file a criminal defamation complaint is 3 years from the period of knowledge of offense.","Yes, a defamation case can be filed under both civil and criminal law in India. The fact-rule-chain mentions IPC_499 and IPC_500, which relate to criminal defamation under the Indian Penal Code. Civil defamation can be pursued separately for damages.",0.1215,75.6286,18.5489,2.8405,16.3811,15.0562,30.6933,5.4553,1.6994,0.9075,0.2419,15.2347,48.6965,48.9737,84.4916
55,"Is there any written Rule/Procedure, etc. exists in Allahabad High Courts that have made it mandatory for respondents in Application under 482 of Cr.P.C. to file their counter affidavits within a certain time frame after receipt of court notice? If yes, please mention it.( Allahabad, Uttar Pradesh )",PROC_FIR_FILING -> PROC_CHEQUE_BOUNCE -> PROC_ANTICIPATORY_BAIL -> PROC_DEFAMATION,PROC_FIR_FILING -> PROC_CHEQUE_BOUNCE -> PROC_ANTICIPATORY_BAIL -> PROC_DEFAMATION -> CRPC_154 -> PROC_KIDNAPPING -> PROC_SEXUAL_ASSAULT_COMPLAINT -> PROC_SCST_COMPLAINT,"Dear Client,Allahabad High Court's rules and procedures regarding the time frame for filing counter affidavits in applications under Section 482 of the Cr.P.C. (Criminal Procedure Code). Legal procedures can be subject to changes, amendments, or updates, and it's crucial to refer to the most recent court rules or consult with a legal professional for the latest information. To obtain accurate and current details on any specific rules governing the filing of counter affidavits in Allahabad High Court, I recommend checking the official website of the court or contacting the court registry directly. You may also seek guidance from a local legal expert who can provide insights based on the latest rules and practices. It's essential to have the most recent and accurate information to navigate legal processes effectively.","The fact-rule-chain provided does not mention any specific rule or procedure about filing counter affidavits in the Allahabad High Court under Section 482 of Cr.P.C. It focuses on other procedures like FIR filing, cheque bounce, and anticipatory bail. Therefore, based on the chain, no such rule is specified.",5.1908,78.0176,18.5489,2.8405,16.3811,15.0562,30.6933,5.4553,1.6994,0.9075,0.2419,15.2347,48.6965,48.9737,84.4916
56,"Hi Team,
I have to ask some question I found one person who did two marriage both girls he took money and first wife not divorce. First marriage he did told anything about marriage single person got married and second girls also he found from matrimony site and got married. For second marriage he involved parents. afer marriage also he took new number and registered matrimony site and talking to dovorced girls. all thing we found and have proof about his first marriage and matrimony regirsted ID. He is trapping girls and taking money in the name of business. Paying interest to them. How many years punishment he will get, If we complaint aggainst him.( Nagpur, Maharashtra )",IPC_494,IPC_494 -> bigamy -> Indian Penal Code 1860 -> IPC_191 -> perjury,"Dearlegal consequences for the offense of bigamy (marrying someone while already legally married to another person) can include imprisonment and/or a fine, as per the Indian Penal Code (IPC) under Section 494 and Section 495. The severity of the punishment can vary based on the specific circumstances of the case and the evidence presented.Section 494 of the Indian Penal Code deals with the offense of bigamy and prescribes punishment for individuals who marry again during the lifetime of their spouse. The punishment can extend to imprisonment for up to 7 years and a fine. Additionally, Section 495 deals with the offense of marrying again during the lifetime of the former husband or wife, which can result in a punishment of up to 7 years of imprisonment and a fine.","If a person is found guilty of bigamy under IPC Section 494, they may face legal consequences. The punishment for bigamy can include imprisonment. For specific details on the duration of punishment, consulting a legal expert is advisable.",0.8823,76.6854,18.5489,2.8405,16.3811,15.0562,30.6933,5.4553,1.6994,0.9075,0.2419,15.2347,48.6965,48.9737,84.4916
57,"Is it sufficient only oral complaint of a complainant for proceed to appoint Witness 1 and 2 and to action of raid also? If yes, please specify rule.( Kolhapur, Maharashtra )",CRPC_200 -> PROC_DEFAMATION -> JOGINDER_KUMAR_1994 -> PROC_CHEATING_FRAUD,CRPC_200 -> PROC_DEFAMATION -> JOGINDER_KUMAR_1994 -> PROC_CHEATING_FRAUD -> PROC_FIR_FILING -> Code of Criminal Procedure 1973 -> fir -> ART_21,"Hi,Please state complete facts of the case or consult a lawyer in this regard.","The fact-rule-chain does not specify if an oral complaint alone is sufficient for appointing witnesses or conducting a raid. Generally, procedures like FIR filing are involved in such actions. It is advisable to refer to the Code of Criminal Procedure 1973 for specific rules.",1.2371,40.9675,18.5489,2.8405,16.3811,15.0562,30.6933,5.4553,1.6994,0.9075,0.2419,15.2347,48.6965,48.9737,84.4916
58,Hello sir case is little different like others. I am a astrologer and I gave numbers according to ASTROLOGY to my friend for  playing. He plays online and goes in loss due to his own fault. Now he is saying that he played on borrowed money and the owner wants there money Back.and he is making pressure on me. What should I do :(,CRPC_210 -> IPC_489A -> ART_21 -> DP_3,CRPC_210 -> IPC_489A -> ART_21 -> DP_3 -> dowry_harassment -> Indian Penal Code 1860 -> CRPC_482 -> PROC_SCST_COMPLAINT,Loss in his game is entirely his mistake,"It seems your situation is not directly covered by the fact-rule-chain provided. You might consider discussing the issue with your friend to clarify your role and responsibilities. If needed, seek legal advice to understand your position better.",0.8954,2.1667,18.5489,2.8405,16.3811,15.0562,30.6933,5.4553,1.6994,0.9075,0.2419,15.2347,48.6965,48.9737,84.4916
59,"A wife and her two children were abandoned by a husband . The wife and her two children created his death certificate and got some property to her name. The guy filed a complaint against her.how can the wife and kids get a clean chit here ?( Davanagere, Karnataka )",IPC_415 -> IPC_417 -> IPC_419 -> IPC_420,IPC_415 -> IPC_417 -> IPC_419 -> IPC_420 -> cheating -> Indian Penal Code 1860 -> PROC_CHEATING_FRAUD -> IPC_191,"Dear Client,Since the wife has made a fake death certificate to obtain property unlawfully and has performed a fraud, the husband is well within his rights to file a complaint against the wife.Thank you so much I hope this answer helped you.","The creation of a false death certificate may involve charges related to cheating or fraud under the Indian Penal Code, such as IPC 415 or IPC 420. To get a clean chit, the wife and kids would need to prove their innocence or lack of intent to deceive. Legal advice from a lawyer would be necessary to navigate the specific circumstances and charges.",2.3898,57.2518,18.5489,2.8405,16.3811,15.0562,30.6933,5.4553,1.6994,0.9075,0.2419,15.2347,48.6965,48.9737,84.4916
60,"What is police station bail and what will effect in future ?( Bangalore, Karnataka )",CRPC_167 -> CRPC_397 -> CRPC_439 -> CRPC_482,CRPC_167 -> CRPC_397 -> CRPC_439 -> CRPC_482 -> Code of Criminal Procedure 1973 -> PROC_ANTICIPATORY_BAIL -> PROC_SCST_COMPLAINT -> PROC_FIR_FILING,"Dear Client,Police station bail is mostly about obtaining the bail at the police station on furnishing a bail bond of reasonable amount when a person is arrested for a bailable offence.Thanks.",Police station bail allows a person to be released from custody at the police station before being presented in court. It is subject to conditions and future legal proceedings. The effect in the future depends on compliance with bail conditions and the outcome of the case.,8.6751,68.3139,18.5489,2.8405,16.3811,15.0562,30.6933,5.4553,1.6994,0.9075,0.2419,15.2347,48.6965,48.9737,84.4916
61,"How much time it takes for the police to expunge/dispose the case in police station if complainant is ready to give her statement/consent and affidavit mentioning she does not want this case to go any further investigation etc.

Already, FIR lodged, NBW issued, accused in HC for Anticipatory Bail.
But now complainant ready to finish the case.( Kochi, Kerala )",CRPC_154 -> CRPC_156 -> CRPC_200 -> CRPC_210,CRPC_154 -> CRPC_156 -> CRPC_200 -> CRPC_210 -> fir -> PROC_FIR_FILING -> PROC_KIDNAPPING -> PROC_SCST_COMPLAINT,Quash such FIR u/s 482 CrPC in the High Court.,"The time it takes to expunge or dispose of a case can vary. If the complainant is ready to give a statement and affidavit, the police may expedite the process. However, the exact duration depends on the procedures followed by the police and court in Kochi, Kerala.",0.9037,20.4321,18.5489,2.8405,16.3811,15.0562,30.6933,5.4553,1.6994,0.9075,0.2419,15.2347,48.6965,48.9737,84.4916
62,"I was cheated by a guy for a online game big money payment..He told he will refund money but didnt return..So I complained to cyber crime and they took action and freezed/blocked his all bank accounts(around 3) to which I paid money.. Even after complaint he was threatening me like do wtever u want etc..Later after few days he started pleading that pls take back compliant , I'm poor,u did mistake and gave all reasons..He told he will give back my money somehow. I didn't want to go ahead with full investigation since it would take long time if at all my money is recovered and police said they recovered very little amount..Also I dint want to go to courts and spending lot again...So I decided to take back complaint and complaint was closed..When closing complaint police told this is like a false complaint but we are letting you go dont do it next time and case was closed..I asked that fraud guy to pay my money in installments at least but he says I will die ,i have no option etc..So now I stopped messaging completely and all blocked his number from 10 days.. The most important things is still his bank accounts are not unblocked by police..I'm expecting he will come back to me one day, so I have decided that let him pay my full money first, then he will have to contact the police to unblock his bank accounts..I don't want to involve in this.. My queries are
1) Case is closed from my end. But account unblocking not yet done..In case if I get my money back should I ask the culprit to approach police and unblock his account? I don't want to run behind police helping culprits again.Let culprits do it themselves? Is this better option?
2) I guess the culprit is locked/struck from all sides.If at all he commits suicide or anything will I be in trouble ?
3) I have not harassed him in anyway .. I even took back complaint which nobody will do and given time to pay in installments also..Still in anyway i will be in trouble?( Bangalore, Karnataka )",IPC_107 -> IPC_415 -> IPC_417 -> IPC_419,IPC_107 -> IPC_415 -> IPC_417 -> IPC_419 -> Indian Penal Code 1860 -> cheating -> PROC_CHEATING_FRAUD -> abetment,"Why yo have to go to police/ Let him take take the pain of doing all this.No you will not as he has committed the crime and you might be called as a witness, that's itNo you will not be in trouble but if police calls you for anything then you need to get in touch with a good criminal lawyer.","1) It is reasonable to let the culprit handle the unblocking of his accounts with the police. 2) If he commits suicide, it is unlikely you would be in trouble if you have not harassed him. 3) Since you have not harassed him and withdrew the complaint, you should not be in trouble.",5.4198,49.1565,18.5489,2.8405,16.3811,15.0562,30.6933,5.4553,1.6994,0.9075,0.2419,15.2347,48.6965,48.9737,84.4916
63,"I am a new resident of mira road and have been booked under ipc 279 and 184. The situation - i was trying to take a u turn which passed few blocks when the police caught. They told me you have to pay fine at the police station and over there file a fir directly. Till date I have already paid 2500 rupees to the sub inspector they have not given a single piece of paper / receipt of anything. And have take my driving license. This happened on 12th April and about 2 months now. I keep visiting the police station but they say Kal ao hojayga.( Thane, Maharashtra )",CRPC_154 -> CRPC_156 -> CRPC_200 -> CRPC_210,CRPC_154 -> CRPC_156 -> CRPC_200 -> CRPC_210 -> fir -> Code of Criminal Procedure 1973 -> PROC_KIDNAPPING -> PROC_SCST_COMPLAINT,"See for the Sections there is either a fine of Rs. 1000 or punishment of 6 months. So, hire  a lawyer, pay a fine of Rs 1000 and get rid of this.Section 279 in The Indian Penal Code279. Rash driving or riding on a public way.âWhoever drives any vehicle, or rides, on any public way in a manner so rash or negligent as to endanger human life, or to be likely to cause hurt or injury to any other person, shall be punished with imÂ­prisonment of either description for a term which may extend to six months, or with fine which may extend to one thousand rupees, or with both.Section 184 in The Motor Vehicles Act, 1988184. Driving dangerously.âWhoever drives a motor vehicle at a speed or in a manner which is dangerous to the public, having regard to all the circumstances of the case including the nature, condition and use of the place where the vehicle is driven and the amount of traffic which actually is at the time or which might reasonably be expected to be in the place, shall be punishable for the first offence with imprisonment for a term which may extend to six months or with fine which may extend to one thousand rupees, and for any second or subsequent offence if committed within three years of the commission of a previous similar offence with imprisonment for a term which may extend to two years, or with fine which may extend to two thousand rupees, or with both.","It seems you have been asked to pay a fine without receiving a receipt, and your driving license has been retained. You may consider filing a formal complaint or seeking legal advice to address the situation. It might also be helpful to inquire about the status of any FIR related to your case.",0.0867,25.3444,18.5489,2.8405,16.3811,15.0562,30.6933,5.4553,1.6994,0.9075,0.2419,15.2347,48.6965,48.9737,84.4916
64,"What to do if a witness refuses to give a statement in a case( Chhindwara, Madhya Pradesh )",CRPC_41 -> CRPC_73 -> CRPC_160 -> CRPC_167,CRPC_41 -> CRPC_73 -> CRPC_160 -> CRPC_167 -> bail -> Code of Criminal Procedure 1973 -> PROC_REGULAR_BAIL -> arrest,"Hi client,Once a person receives a summon to be a witness in any of the matter before the court he/ she cannot deny the same. Once denied the person will be charged with contempt of court and  a warrant can be issued for  arrest.There are specific vital grounds where a witness may not attend a case-1.Death2.Hospitalized3.Somebody in the family is dead/ illetc.Thanks and RegardsSimi Paul","If a witness refuses to give a statement, the police may issue a notice under CRPC_160 to compel attendance. If the witness still refuses, further legal action may be considered under the Code of Criminal Procedure 1973. It's advisable to consult legal authorities for specific guidance.",1.4292,59.469,18.5489,2.8405,16.3811,15.0562,30.6933,5.4553,1.6994,0.9075,0.2419,15.2347,48.6965,48.9737,84.4916
65,"I have a friend she and I are friends since 2 months in new year I visited her home to wish her and she invited me for dinner with her parents, I ate dinner her father and her mother was also there and then I came back home nothing happened I just talked with her parents wished them new year and came back home I have fear that they can do false case against me of harassment and sexually and all the fake cases to earn money from me, let me clear you nothing happened she is my classmate we only talk class related talks on college she invited me for dinner that's all but I felt bad for going at her house and having dinner because I am afraid of false cases going these days( Ranchi, Jharkhand )",CRPC_154 -> CRPC_156 -> CRPC_200 -> CRPC_210,CRPC_154 -> CRPC_156 -> CRPC_200 -> CRPC_210 -> charge_sheet -> PROC_SCST_COMPLAINT -> PROC_KIDNAPPING -> PROC_FIR_FILING,"Dear Sir,If any FIR was registered which is false then you have every right to approach High Court for staying and quashing of such baseless FIR.","If no incident occurred and there is no evidence of wrongdoing, filing a false case would be difficult. If a complaint is made, it would typically involve procedures like FIR filing and investigation under relevant sections. It's important to stay calm and seek legal advice if any legal action is initiated.",1.1539,51.5702,18.5489,2.8405,16.3811,15.0562,30.6933,5.4553,1.6994,0.9075,0.2419,15.2347,48.6965,48.9737,84.4916
66,"One of my friends(ST) got into altercation with a muslim and scolded him couple of bad words and that muslim is threatening to give a police complaint ... what is the process regarding this and should my friend worry ?( Hyderabad, Telangana )",SATENDER_ANTIL_2022 -> SATENDER_ANTIL_BAIL_GUIDELINES_2022 -> PROC_SCST_COMPLAINT -> JOGINDER_KUMAR_1994,SATENDER_ANTIL_2022 -> SATENDER_ANTIL_BAIL_GUIDELINES_2022 -> PROC_SCST_COMPLAINT -> JOGINDER_KUMAR_1994 -> ART_21 -> CRPC_482 -> PROC_FIR_FILING -> bail,"Dear Sir,You need not bother since law will take its course. However, ask your friend to lodge counter complaint saying that the other party used abusive words touching the caste of your friend which is more serious.","If a police complaint is filed, the process generally involves filing an FIR. Your friend may need to consider bail guidelines like those in SATENDER_ANTIL_2022. It's advisable to stay informed about legal rights and procedures.",1.4761,50.0736,18.5489,2.8405,16.3811,15.0562,30.6933,5.4553,1.6994,0.9075,0.2419,15.2347,48.6965,48.9737,84.4916
67,"What is uncertified copy in cross examination and why is it requires?( Bharatpur, Rajasthan )",CRPC_200 -> POCSO_RULES_2020 -> CRPC_161 -> JOGINDER_KUMAR_1994,CRPC_200 -> POCSO_RULES_2020 -> CRPC_161 -> JOGINDER_KUMAR_1994 -> ART_21 -> CRPC_482 -> PROC_SCST_COMPLAINT -> CRPC_154,"Hello,Uncertified copy means an unofficial copy of a registered vital record which is not printed on security paper and which does not contain any authentication by the issuing jurisdiction.",An uncertified copy in cross-examination refers to a document that hasn't been officially verified or authenticated. It may be required to challenge or verify the credibility of evidence or testimony. The fact-rule-chain does not provide specific details on its necessity.,2.4105,63.1643,18.5489,2.8405,16.3811,15.0562,30.6933,5.4553,1.6994,0.9075,0.2419,15.2347,48.6965,48.9737,84.4916
68,"Informing about the extra marital affairs of a husband to his wife is comes under blackmailing?( Amritsar, Punjab )",IPC_494 -> IPC_182 -> SUBRAMANIAN_SWAMY_2016 -> HUSSAINARA_KHATOON_1979,IPC_494 -> IPC_182 -> SUBRAMANIAN_SWAMY_2016 -> HUSSAINARA_KHATOON_1979 -> ART_39A -> CRPC_125 -> maintenance -> bigamy,"Hello Sir,If someone is threatening the husband that he will tell his(husband) wife that he is having extramarital affair and asking for money or some favors by saying that he will not disclose his secrets then it is a blackmailing.","The fact-rule-chain does not directly address whether informing about a husband's extramarital affairs to his wife constitutes blackmailing. Blackmail typically involves threats or coercion for personal gain. Without more context, it's unclear if this situation fits that definition.",2.4318,80.3737,18.5489,2.8405,16.3811,15.0562,30.6933,5.4553,1.6994,0.9075,0.2419,15.2347,48.6965,48.9737,84.4916
69,"Hi
What is the procedure to make settlement in 420 case.
There are 3 people named in FIR. I am in different state.all have come to consensus to compromise. No chargesheet is filed yet.What is the procedure to do settlement from here.can I execute compromise deed without visiting that state.please explain( Jaipur, Rajasthan )",CRPC_154 -> CRPC_156 -> CRPC_200 -> CRPC_210,CRPC_154 -> CRPC_156 -> CRPC_200 -> CRPC_210 -> charge_sheet -> fir -> PROC_KIDNAPPING -> PROC_FIR_FILING,"You should appear alongwith the complainant before the comcerned magistrate court and file an application for permitting to compound the offence. Once permission is granted, court will aquitt you from the offence if only sec. 420 is levelled and no any other sections.","To settle a 420 case, parties can agree to a compromise, but it typically requires court approval. Since no chargesheet is filed yet, you may attempt to settle through legal counsel. It's advisable to consult a lawyer in Jaipur to understand if a compromise deed can be executed without visiting the state.",1.1649,45.5606,18.5489,2.8405,16.3811,15.0562,30.6933,5.4553,1.6994,0.9075,0.2419,15.2347,48.6965,48.9737,84.4916
70,"sir, earthsquare phase-i developer pvt limited director sell a plot and handed over fake  registry to us it find when documents puts for mutation process  builder not return my money( Agra, Uttar Pradesh )",IPC_489A -> CRPC_195 -> IPC_200 -> CRPC_239,IPC_489A -> CRPC_195 -> IPC_200 -> CRPC_239 -> Code of Criminal Procedure 1973 -> Indian Penal Code 1860 -> counterfeiting -> charge_sheet,Dear ClientYou can complaint to the Real Estate Regulating Authority for this issueHope it helps.,"If a fake registry is involved, it may relate to counterfeiting under IPC_489A. You might consider reporting the issue to the police for investigation. Legal action could follow based on the findings and applicable laws.",2.2519,31.895,18.5489,2.8405,16.3811,15.0562,30.6933,5.4553,1.6994,0.9075,0.2419,15.2347,48.6965,48.9737,84.4916
71,"Violation of fundamental rights:-
Entire village Boycotted Rajaka(dhobi) community for not washing their clothes and choosing another profession, in srikakulam district of Andhra pradesh.
There was a proclamation issued by sarpanch by beat of tom-tom.. and hence shopkeepers, villagers showed discrimination towards those people and stopped selling goods and helping them...can we approach courts for this matter as these issues are occurring in every villages to minority castes..( East Godavari, Andhra Pradesh )",IPC_489A -> JOGINDER_KUMAR_1994 -> ICA_73 -> IPC_499,IPC_489A -> JOGINDER_KUMAR_1994 -> ICA_73 -> IPC_499 -> Indian Penal Code 1860 -> criminal_breach_of_trust -> Indian Contract Act 1872 -> counterfeiting,"Respected sir/ma'am,You can file a writ petition in the Supreme Court or the High Court for violation of right to life, right against discrimination and right to equality.",The situation described may involve discrimination and violation of fundamental rights. Approaching the courts could be a way to address these issues. Legal advice from a professional may be necessary to proceed.,3.658,58.6017,18.5489,2.8405,16.3811,15.0562,30.6933,5.4553,1.6994,0.9075,0.2419,15.2347,48.6965,48.9737,84.4916
72,"Ake banda dusre ke bike se ja raha hai aur uske bike ka accident  ho jaye jisme usme usko bhi serious chote lage aur samne wale insan bhi serious injury ho jaye to

1. bike owner per kya case hoga 
2. Jo bike chala raha tha uspe konsa case hoga( Garhwa, Jharkhand )",CRPC_154 -> CRPC_156 -> CRPC_200 -> CRPC_210,CRPC_154 -> CRPC_156 -> CRPC_200 -> CRPC_210 -> Code of Criminal Procedure 1973 -> PROC_KIDNAPPING -> PROC_FIR_FILING -> PROC_SCST_COMPLAINT,"Dear Client,In the hit-and-run case, police filed an FIR on both the persons involved in a road accident under Sec. 279 of IPC(now Section 281 of BNS) for rash and negligent driving and Section 337 of IPC (now Section 125 of BNS)  for causing hurt to any person. Both offenses are cognizable and bailable offence and triable by a Magistrate. On appeal, bail can be provided by the police officer who has custody of the offender or by the court. To obtain bail, a bail bond needs to be executed, with or without the presence of sureties.   In motor accident cases both the owner and driver of the vehicle are liable to face prosecution proceedings initiated before the Motor Accident Claim Tribunal once an FIR is lodged in the police station in hit and run case and the legal heirs of the deceased victim and the injured persons apply to the Tribunal under Section 166 of the Motor Vehicle Act, 1988 within six months of the occurrence of the accident.  Section 164 of the Motor Vehicles Act, 1988 (as amended in 2019) states that the owner of the motor vehicle or the authorized insurer shall be liable to pay compensation of five lakh rupees in case of death or two and a half lakh rupees in case of grievous hurt to the legal heirs or the victim, as the case may be. The claimant is not required to prove that the death or grievous hurt was due to any wrongful act or neglect of the owner or any other person. In this context, the judgment passed by the Calcutta High Court in the case of Senjuti Roy (Nee Sengupta) VS New India Assurance Co. Ltd. and the judgment passed by the Rajasthan High Court in the case of Ganesh Bairwa VS Ramphool Bairwa may be referred. Given the complexity of the motor accident case as stated in the query that involves delayed registration of the vehicle, driving a vehicle on the road without insurance and other vital documents, absconding of a vehicle in hit and run case, contradictory statements of the witnesses and finally the investigation report of the police, the Tribunal may pass an order for payment of compensation to the claimant against the defaulted parties. Fine as a penalty is imposed only if there is a criminal prosecution. You have to establish the fact before the Court denying that you were not driving the vehicle rashly and that the accident arose not on account of your negligence. You have to take the defense that in spite of cautious driving you met with an accident. Unless you plead guilty generally fine is not imposed. The maximum fine for both offences is around Rs.1500. under Section 279 and 337 IPC if you are ready to plead guilty then the court will impose the fine and close the case but it is better if you can engage the service of an Advocate to navigate the issue in the right way. You may like to contest the case but the court case will drag you for years and you may have to waste your time, energy, and money on litigation as well as lawyer fees which may be ten times the amount that you may pay as a fine, hence better pay the fine amount, which appears to be very minimum and come out of this crisis.","1. Bike owner par negligence ya liability ka case ho sakta hai agar usne bike kisi irresponsible person ko di thi.  
2. Jo bike chala raha tha uspar rash driving aur negligence ka case ho sakta hai, especially agar uski galti se accident hua ho.",0.0,48.1346,18.5489,2.8405,16.3811,15.0562,30.6933,5.4553,1.6994,0.9075,0.2419,15.2347,48.6965,48.9737,84.4916
73,"Hi,

I have visited an astrologer couple of months ago, recently found out that the gems sold by him is worth 10k for which i paid approx 1.5 lakhs( Mumbai City, Maharashtra )",HUSSAINARA_KHATOON_1979 -> ART_39A -> IPC_199 -> DP_3,HUSSAINARA_KHATOON_1979 -> ART_39A -> IPC_199 -> DP_3 -> dowry_harassment -> Indian Penal Code 1860 -> Dowry Prohibition Act 1961 -> ART_21,"If you have any kind of other details then It would be possible. Need to discuss more about this issue.Adv. Sarika KhudeRajguruanagar, Pune",It seems you may have been overcharged for the gems. The fact-rule-chain provided does not directly address this situation. You might consider seeking legal advice to explore potential remedies.,1.9508,1.8619,18.5489,2.8405,16.3811,15.0562,30.6933,5.4553,1.6994,0.9075,0.2419,15.2347,48.6965,48.9737,84.4916
74,"Calendar case registered against the person who is working in Abroad. He canât receive the Summon if served. What will be the implications.( Thiruvallur, Tamil Nadu )",IPC_120B -> CRPC_210 -> PROC_KIDNAPPING -> ART_20,IPC_120B -> CRPC_210 -> PROC_KIDNAPPING -> ART_20 -> CRPC_161 -> Code of Criminal Procedure 1973 -> IPC_120A -> Indian Penal Code 1860,"Dear client,A âcalendarâ is the court's term for the schedule of cases appearing in court on a particular day. This may consist of civil cases in civil courts and criminal cases in criminal courts. If a calendar case is registered against a person working abroad and they cannot receive the summons, the case can proceed in their absence, potentially resulting in an ex parte decision or the issuance of a non-bailable warrant. The court might also seek international legal assistance for the enforcement of orders. The individual has legal rights to challenge the process, including requesting an adjournment, filing a petition to quash the proceedings, or arguing jurisdictional issues.To handle the situation, the person or their legal representative should inform the Indian court of their inability to receive the summons and provide documentation of their employment abroad. Seeking legal advice from an expert in international law is crucial for managing the case, including potential actions like requesting a delay, challenging the case, or coordinating with legal resources in India. Engaging a local lawyer for representation and addressing jurisdictional concerns are essential steps in ensuring that the person's legal rights are protected. Hope our prompt support in this matter would be greatly appreciated.","If a person working abroad cannot receive a summons, the court may proceed with alternative methods of service as per the Code of Criminal Procedure 1973. If the summons is not served, it might delay the proceedings. The court may also consider other legal provisions to ensure the person is informed.",0.6161,64.7915,18.5489,2.8405,16.3811,15.0562,30.6933,5.4553,1.6994,0.9075,0.2419,15.2347,48.6965,48.9737,84.4916
75,"Is there any way out apart form marriage against the ipc 376( Mumbai suburban, Maharashtra )",CRPC_173 -> CRPC_205 -> CRPC_210 -> CRPC_216,CRPC_173 -> CRPC_205 -> CRPC_210 -> CRPC_216 -> Code of Criminal Procedure 1973 -> fir -> charge_sheet -> Q_484,"Dear Sir,You can take defense of consensual sex and get file B report that is no case report or if charge sheet filed get discharged in the Trial Court or before High Court by hiring the services of eminent advocate practicing on criminal side in High Court.","The fact-rule-chain provided does not directly address alternatives to marriage in cases involving IPC 376. It mainly references procedural aspects of the Code of Criminal Procedure. For specific legal options, consulting a legal professional is advisable.",1.1638,34.4901,18.5489,2.8405,16.3811,15.0562,30.6933,5.4553,1.6994,0.9075,0.2419,15.2347,48.6965,48.9737,84.4916
76,"There is case of my family member where a lady teacher accussed the teacher for misbehavior. And then she sent the written complaint to principle . To enquire on above matter the committee was formed. One of the committee member asked the teacher to go and enquire in class about the accussed behavior with girl student.  
My question is : is this right way to publically announce the name of the accussed and ask students if he has done anything wrong with the students .( Pune, Maharashtra )",CRPC_210 -> PROC_FIR_FILING -> PROC_CORRUPTION_COMPLAINT -> IPC_504,CRPC_210 -> PROC_FIR_FILING -> PROC_CORRUPTION_COMPLAINT -> IPC_504 -> PROC_CRIMINAL_INTIMIDATION -> Code of Criminal Procedure 1973 -> charge_sheet -> criminal_intimidation,"Dear ClientIt is not appropriate to publicly announce the name of the accused and ask students if he has done anything wrong with them. This can be harmful to the accused's reputation and can create a hostile and intimidating environment for the students. Instead, any investigation should be conducted in a confidential and professional manner.","The fact-rule-chain does not directly address the procedure for handling accusations in educational settings. Generally, publically announcing the name of the accused and asking students about their behavior might not align with standard procedures for handling such complaints. It is advisable to follow institutional guidelines and legal protocols to ensure fairness and confidentiality.",10.3669,60.1245,18.5489,2.8405,16.3811,15.0562,30.6933,5.4553,1.6994,0.9075,0.2419,15.2347,48.6965,48.9737,84.4916
77,"Respected Sir,
My friend hang himself May 2017, but case not registered . I have file RTI and got some document from Police and Government Hospital. But now , I dont have a money to file pettion . Can i get the permanent lawyer to fight the case without any charge.( Ghaziabad, Uttar Pradesh )",CRPC_210 -> CRPC_156 -> PROC_CHEQUE_BOUNCE -> CRPC_41,CRPC_210 -> CRPC_156 -> PROC_CHEQUE_BOUNCE -> CRPC_41 -> Code of Criminal Procedure 1973 -> PROC_FIR_FILING -> charge_sheet -> fir,"Dear Client,Every person who has to file or defend a case shall be entitled to free legal services under Section 12 of the Legal Services Authority Act, 1987 if the person meets the criteria as outlined in Sub-Section 1(a) to 1(h) of Section 12 of the said Act. Reach out to the office of the District Legal Services Authority or the State Legal Services Authority to file an application seeking free legal services to file or defend a suit before the Court. If you qualify for the same you will be provided free legal services by the authority.","You may seek legal aid services, which can provide a lawyer at no charge if you qualify. Contact the legal aid authority in Ghaziabad, Uttar Pradesh, for assistance. They can guide you on how to proceed with your case.",0.6734,56.7644,18.5489,2.8405,16.3811,15.0562,30.6933,5.4553,1.6994,0.9075,0.2419,15.2347,48.6965,48.9737,84.4916
78,"We raised a case through court 144/107 then will we be called by the court or not( Dhubri, Assam )",CRPC_439 -> PROC_SCST_COMPLAINT -> PROC_CHEQUE_BOUNCE -> IPC_467,CRPC_439 -> PROC_SCST_COMPLAINT -> PROC_CHEQUE_BOUNCE -> IPC_467 -> PROC_FORGERY -> PROC_ANTICIPATORY_BAIL -> Indian Penal Code 1860 -> bail,"Dear Client,After filing a complaint under Sec. 144 Cr.PC and Sec. 107 of IPC before the Executive Magistrate's Court, notices will be sent to both the plaintiffs and defendants, scheduling a hearing date. The Magistrate may take cognizance at the initial stage by applying judicial scrutiny to the facts in the complaint, police report, or information received from any person, indicating that an offense has been committed.","The fact-rule-chain does not directly address court procedures for cases under sections 144/107. Generally, if a case is raised, the court may call the involved parties. It's best to check with local legal authorities for specific procedures in Dhubri, Assam.",0.781,48.2417,18.5489,2.8405,16.3811,15.0562,30.6933,5.4553,1.6994,0.9075,0.2419,15.2347,48.6965,48.9737,84.4916
79,"It happened two years ago during covid time I was working at a nbfc.Unfortunately i was laid off from my job during covid as my company was doing cost cutting.One day I met my childhood friend at a bank.He promised me if i pay him 270000 rupees he would manage to get a contractual job at a state govt office.I gave him this money in 6 installments.He did not help me get this job and now he is not returning my money.What to do?( Jalpaiguri, West Bengal )",NIA_138,NIA_138 -> cheque_bounce -> Negotiable Instruments Act 1881 -> PROC_CHEQUE_BOUNCE -> Q_9,"Dear Sir,Nicely you may get a postdated cheque/s so that you can file cheque bounce case. Giving such amount for favoring you illegally is an offence. If your friend does similar things to others then go to the Police and get register criminal case.","You may consider filing a complaint for recovery of money. If any cheques were involved and they bounced, you might explore action under the Negotiable Instruments Act, 1881. Consulting a local legal professional could provide guidance based on your specific situation.",2.2315,50.6656,18.5489,2.8405,16.3811,15.0562,30.6933,5.4553,1.6994,0.9075,0.2419,15.2347,48.6965,48.9737,84.4916
80,"Sir/Madam, 
One of my father's friend (say X) has used my father's bank account for some transactions. Those transactions were from my father's friend's girlfriend (say Y) who later realized that she has been cheated by X. Y registered a case against my X and my father under sections 376 and 420. My father had been in police custody for 1 week and in judicial custody since past 30 days. My father is not aware of the purpose for which Y transferred money to his account. My father transferred all the money he received from Y to X account immediately on the same day he received (Except 10k out of total 10Lakhs, my father asked X to adjust 10k for some urgent needs and he asked to cut 10k from the money sent my Y and transfer remaining to his account). My father is 50+, diabetic and has BP and migraine, but we don't have any medical documents to prove that. We have bail hearing next week. What are the chances of getting bail in this case? Please advice.( Thane, Maharashtra )",CRPC_167 -> CRPC_397 -> CRPC_439 -> CRPC_482,CRPC_167 -> CRPC_397 -> CRPC_439 -> CRPC_482 -> PROC_FIR_FILING -> fir -> PROC_REGULAR_BAIL -> PROC_SCST_COMPLAINT,"Dear Client,Since 420 is a Non-bailable offense it is the discretion of the court to grant bail. But the same can be granted if the court feels satisfied the accused shall not escape and will attend the proceedings and be present before the police when called upon. You can apply for bail citing the medical condition of your father. But you will need proof to get bail. so, gather all the medical reports you have. If the court is satisfied it may grant bail, and please clarify whether 376 is of  IPC or any other Act.Thank you","Your father's bail hearing will consider factors like his health, age, and the nature of his involvement in the case. CRPC provisions like CRPC_439 and CRPC_167 may be relevant for bail considerations. The court will decide based on the presented facts and circumstances.",1.0089,66.3509,18.5489,2.8405,16.3811,15.0562,30.6933,5.4553,1.6994,0.9075,0.2419,15.2347,48.6965,48.9737,84.4916
81,"Criminal appeal dismissed in session court against acquittal of all accused in 498crpc order by MM district court.can appeal be filed in Delhi high court, time period?( North Delhi, Delhi )",CRPC_439 -> CRPC_482 -> NI_ACT_AMENDMENT_2018 -> CRPC_317,CRPC_439 -> CRPC_482 -> NI_ACT_AMENDMENT_2018 -> CRPC_317 -> Code of Criminal Procedure 1973 -> PROC_FIR_FILING -> PROC_SCST_COMPLAINT -> PROC_ANTICIPATORY_BAIL,"Dear client,Section 378(5) of the CrPC provides a time limit for approaching the High Court against an order of acquittal under Section 378(4). In a case where the complainant is a public servant, the time limit is 6 months. In all other cases, the time limit is 60 days from the date of order of acquittal.",An appeal can generally be filed in the High Court against an acquittal order. The time period for filing an appeal in the High Court is typically 90 days from the date of the order. It is advisable to check specific procedural rules or consult legal counsel for precise guidance.,11.9236,66.432,18.5489,2.8405,16.3811,15.0562,30.6933,5.4553,1.6994,0.9075,0.2419,15.2347,48.6965,48.9737,84.4916
82,"A person payed me 900rs for i thing that i supposed to send him online and i have to move out of the town suddenly because of the circumstances and was not having any cntact wid him for few days and in these days he lodged a fir and got my paytm accnt having 40k in it blocked when i came back and told him the situation he agreed and i payed him his money back immediately and he agreed to take his complain back and he tried really well to take it back but the officer who lodged a complain went out of the city and situation changed thn i again went outsode fr 15 days and after i came back and asked him abut the comolain he said he will take 50% of the amunt which is blocked i e 20k as his frnds suggested him what shuld i do knw and that 900rs complain can be sended at my home or will i face any trouble in future please clarify( Jaipur, Rajasthan )",CRPC_154 -> CRPC_156 -> CRPC_200 -> CRPC_210,CRPC_154 -> CRPC_156 -> CRPC_200 -> CRPC_210 -> fir -> PROC_FIR_FILING -> Code of Criminal Procedure 1973 -> PROC_KIDNAPPING,Send him a legal notice.,"You should try to resolve the matter amicably with the person who filed the FIR. If the FIR is still active, you may need to approach the police or legal authorities to clarify the situation. It might be helpful to seek legal advice to understand your options and any potential consequences.",0.7861,40.8161,18.5489,2.8405,16.3811,15.0562,30.6933,5.4553,1.6994,0.9075,0.2419,15.2347,48.6965,48.9737,84.4916
83,"I am an 18 yr old btech 1st yr student and my teacher asked me to stand up and asked the reason for missing the previous class to which I said that I was having a headache hence I could not attend the class to which he asked me to leave and so I left then he came out in the corridor and asked me to lean down in front of him and he was going to hit me but he stopped then I leaned down on my knees in front of the entire class and he said now tell me and after that he went inside and I went home..are teachers allowed to humiliate students in the name of punishment .if not what legal action can I take against the teacher.( Asansol, West Bengal )",DP_3 -> ART_39A -> CRPC_317 -> DK_BASU_1997,DP_3 -> ART_39A -> CRPC_317 -> DK_BASU_1997 -> ART_21 -> CRPC_438 -> anticipatory_bail -> PROC_CRIMINAL_INTIMIDATION,"Dear Client,Your teacher is having a quasi- parental authority on you and therefore she /he has got  a right to punish you in order to correct you for your mistake.Thanks.","Teachers are generally not allowed to humiliate students as it can violate their rights under Article 21, which ensures the right to dignity. If you feel intimidated or humiliated, you may consider reporting the incident to school authorities or seeking legal advice. Legal actions like filing a complaint for criminal intimidation could be explored, but it's best to consult a legal professional for guidance.",1.581,50.1611,18.5489,2.8405,16.3811,15.0562,30.6933,5.4553,1.6994,0.9075,0.2419,15.2347,48.6965,48.9737,84.4916
84,"My wife filed a FIR against me two weeks back with 498a section, but now she is ready to take it back. Do I have to still take a anticipatory bail from court even if she is ready to come to police station and give her statement to take the FIR back? Will the police still arrest me saying as a part of there process? Please advice.( Pune, Maharashtra )",CRPC_154 -> CRPC_156 -> CRPC_200 -> CRPC_210,CRPC_154 -> CRPC_156 -> CRPC_200 -> CRPC_210 -> Code of Criminal Procedure 1973 -> PROC_KIDNAPPING -> PROC_FIR_FILING -> PROC_SCST_COMPLAINT,"Dear Client,FIR filed cannot be taken back. If both you and your wife are willing to resolve the matter amicably, you can approach the High Court under Section 482 of CrPC to quash the FIR. To avoid arrest, you may consider applying for anticipatory bail.","If an FIR is filed, the police may still proceed with their process, which can include arrest. Even if your wife wants to withdraw the complaint, it's advisable to consider anticipatory bail to avoid arrest. The police have discretion in their actions, so it's best to consult a lawyer for specific guidance.",2.9809,74.2349,18.5489,2.8405,16.3811,15.0562,30.6933,5.4553,1.6994,0.9075,0.2419,15.2347,48.6965,48.9737,84.4916
85,"What is the process when a person is already in jail and another case was registered against him in another state during that period?( Mumbai City, Maharashtra )",SATENDER_ANTIL_BAIL_GUIDELINES_2022 -> PROC_KIDNAPPING -> SATENDER_ANTIL_2022 -> CRPC_210,SATENDER_ANTIL_BAIL_GUIDELINES_2022 -> PROC_KIDNAPPING -> SATENDER_ANTIL_2022 -> CRPC_210 -> Code of Criminal Procedure 1973 -> fir -> charge_sheet -> ART_21,Dear ClientThe process is that the second case will go on in that court and it will be recorded that the accused is already in jail for another case. whenever the presence of the accused is required in the second court the court will send a notice to the prison for the same.,"When a person is already in jail and another case is registered against them in another state, the process generally involves informing the court about the new case. The court may consider the guidelines from SATENDER_ANTIL_BAIL_GUIDELINES_2022 and the Code of Criminal Procedure 1973. The person may need to be produced before the court handling the new case, and procedures like FIR and charge sheet will follow.",5.5249,69.6341,18.5489,2.8405,16.3811,15.0562,30.6933,5.4553,1.6994,0.9075,0.2419,15.2347,48.6965,48.9737,84.4916
86,"A fir file against me case under 506,406,420. This FIR is fake against me. No transaction is given in my account. Please remove my name against this.( Varanasi, Uttar Pradesh )",CRPC_173 -> CRPC_205 -> CRPC_210 -> CRPC_216,CRPC_173 -> CRPC_205 -> CRPC_210 -> CRPC_216 -> charge_sheet -> Code of Criminal Procedure 1973 -> fir -> Q_484,"Dear Sir,You have to either manage the police to remove your name from charge sheet or approach High Court under section 482 of Criminal Procedure Code.","To address a fake FIR, you may consider filing a petition for quashing the FIR under relevant sections of the Code of Criminal Procedure, 1973. It's advisable to consult a legal professional to explore options like challenging the FIR in court. They can guide you on the appropriate legal steps based on your situation.",3.1678,41.7878,18.5489,2.8405,16.3811,15.0562,30.6933,5.4553,1.6994,0.9075,0.2419,15.2347,48.6965,48.9737,84.4916
87,"Sir I'm Mohammad Javed from Visakhapatnam, Sir i have paid 150000 to Europe job consultancy in Hyderabad 10 months ago on March 2024 they said in 2 months we will be in Belarus, from March they giving me dates,  after 7 months on September she said the Belarus visa was rejected, and they applying for Georgia country and again made 2 months late after i asked my money and passport to return she returned my passport through courier to my home and said my money will return in 1 month from December they again giving me date by date whenever i call madam and her husband both saying they will return my money soon  just giving again dates only. Sir i have all proofs of chatting, call recording conversation, phonepe which i paid money to them. I was full of in debt with two kids sir, financiers are coming to my home and always shouting to return they money back even now i'm not able to pay they interest also. please help me im from Andhra Pradesh and they are from Telangana don't know what to do where to complaint.( Visakhapatnam, Andhra Pradesh )",IPC_489A -> DP_3 -> IPC_494 -> JOGINDER_KUMAR_1994,IPC_489A -> DP_3 -> IPC_494 -> JOGINDER_KUMAR_1994 -> ART_21 -> CRPC_482 -> PROC_SCST_COMPLAINT -> PROC_FIR_FILING,"Dear Client,In the absence of any agreement or contract executed between you and the placement agents based on which transaction of money was done to the agency, no legal remedy is feasible to recover the money from the so-called agents even through litigation.","You may consider filing a complaint with the local police regarding the issue. If needed, you can also explore legal options under relevant sections like IPC_489A or seek advice on procedural steps like PROC_FIR_FILING. Consulting a local legal expert might help in understanding the best course of action.",1.113,33.5828,18.5489,2.8405,16.3811,15.0562,30.6933,5.4553,1.6994,0.9075,0.2419,15.2347,48.6965,48.9737,84.4916
88,"My wife has filed wrong DVC case 3 years back. In the affedevit she has falsely mentioned that she has no means of earning and obtained maintenance order from the court. I approached her company and obtained her experience letter.

Question:
1. Do we need to file a separate 193 ipc case against my wife in the lower court or can we give a 193 ipc petition to the same DVC case court.

2. What is the time limit or limitation for filing 193 ipc in the lower court. Since it is a criminal case I think there will be no time limit. Please confirm.( Hyderabad, Telangana )",IPC_182 -> IPC_191 -> IPC_192 -> IPC_193,IPC_182 -> IPC_191 -> IPC_192 -> IPC_193 -> perjury -> Indian Penal Code 1860 -> IPC_384 -> extortion,"Dear client,Hon'ble Supreme Court held that private complaint alleging offence under sec 193 IPC is not maintainable. You can file petition under section 340 Cr.PC read with 195 (1)(b) Cr.PC and then court proceed for case of false evidence.Thank You.","You can file a petition under IPC 193 in the same DVC case court. Generally, there is no specific time limit for filing a criminal case like IPC 193, but it's best to act promptly.",3.7892,56.9556,18.5489,2.8405,16.3811,15.0562,30.6933,5.4553,1.6994,0.9075,0.2419,15.2347,48.6965,48.9737,84.4916
89,"Today I have received a bill on my WhatsApp number, in the bill there is a bill for the purchase of a computer printer, the bill is about 18000, I have not bought the goods written in the bill, yet the shopkeeper has made a confirmed bill in my name, which is The shopkeeper's Gst  number is also in the bill. The shopkeeper is doing something wrong by making a false bill in my name.
please help
thanking you
from bharti thakkar( Chandrapur, Maharashtra )",IPC_199 -> NIA_138 -> CRPC_317 -> CRPC_210,IPC_199 -> NIA_138 -> CRPC_317 -> CRPC_210 -> Code of Criminal Procedure 1973 -> cheque_bounce -> charge_sheet -> Negotiable Instruments Act 1881,Dear ClientYou can complaint in writing to the nesrest police station about this act.I hope it helps,"It seems there might be an issue with the bill you received. You may want to contact the shopkeeper to clarify the situation. If the issue persists, consider seeking legal advice for further assistance.",1.2754,34.39,18.5489,2.8405,16.3811,15.0562,30.6933,5.4553,1.6994,0.9075,0.2419,15.2347,48.6965,48.9737,84.4916
90,"I was into relationship with a person who promised to marry me and accept my daughter later on knowing that i was pregnant with is baby 5 months he abused me and ran away to UP after which my featus got spoiled . I went to police for help who filed a case of 376 against me and arrested him on 31st may but now he has got a bail and the case is in his favour. His lawyer and family now claims that it was not his baby as his medical  is not conducted .No proper investigation is done.I am not getting any timely update. His father payed 50k for his bail.( Mumbai, Maharashtra )",CRPC_167 -> CRPC_397 -> CRPC_439 -> CRPC_482,CRPC_167 -> CRPC_397 -> CRPC_439 -> CRPC_482 -> PROC_FIR_FILING -> fir -> PROC_SCST_COMPLAINT -> PROC_ANTICIPATORY_BAIL,"Dear Client,In the given scenario, you can file multiple cases against the person who cheated you with false promises of marriage if you can prove those allegations before the Court. Section 90 of IPC (Section 28 of BNS) and Section 375 of IPC(Section 63 of BNS) are what the person is charged with when he has a sexual relationship with a woman on false promise of marriage. Consent given by a victim based on a false assumption would be a violation of Section 375 IPC (Section 63 of BNS) and Section 90 IPC (Section 28 of BNS) respectively. The Supreme Court in the case of State of Uttar Pradesh v. Naushad, 2013 held that the defendant also obtained her consent under Section 90 of the IPC under the erroneous belief that he could marry her. Given the averments of the Apex Court and the given proposition of the relevant law, you should consult with an Advocate experienced in criminal cases to fight back for justice.","It seems the police filed a case under section 376, and the person was arrested but later got bail. If you feel the investigation is not proper, you might consider approaching higher authorities or seeking legal advice. The fact-rule-chain does not provide specific steps for your situation, so consulting a lawyer could help clarify your options.",0.4093,34.7469,18.5489,2.8405,16.3811,15.0562,30.6933,5.4553,1.6994,0.9075,0.2419,15.2347,48.6965,48.9737,84.4916
91,"Respondent has filed a counter affidavit in the name of IO of the case in which IO held the petitioner guilty of offence under section 376 and signed it. Can this counter affidavit lead to dismissal of my bail application?( Jamshedpur, Jharkhand )",CRPC_167 -> CRPC_397 -> CRPC_439 -> CRPC_482,CRPC_167 -> CRPC_397 -> CRPC_439 -> CRPC_482 -> Code of Criminal Procedure 1973 -> PROC_SCST_COMPLAINT -> PROC_FIR_FILING -> PROC_ANTICIPATORY_BAIL,since when 376 ipc have respondent and petitioner.there used to be accused and complainant.Advocate Ankur Goel(Complete Law Shield)  #YourLifeYourChoiceNote - This is just a small advice and final advice can be given only after going through your case in detail .,"The counter affidavit by the IO stating the petitioner is guilty does not automatically lead to dismissal of the bail application. The court will consider various factors under the Code of Criminal Procedure, including CRPC_439 and CRPC_482, before making a decision. The affidavit is one part of the evidence considered.",1.0343,39.5826,18.5489,2.8405,16.3811,15.0562,30.6933,5.4553,1.6994,0.9075,0.2419,15.2347,48.6965,48.9737,84.4916
92,"Police arrested me and let me out with only warning they said. But the fir is filed against me with some stranger under 35(I) police didn't tell me about FIR. I checked in online . In my name there is spelling mistake in FIR. The FIR status is referred further action dropped. What can I do now? can I get govt job? How to delete or remove this FIR is it possible please someone tell me a solution. Please.( Chennai, Tamil Nadu )",CRPC_154 -> CRPC_156 -> CRPC_200 -> CRPC_210,CRPC_154 -> CRPC_156 -> CRPC_200 -> CRPC_210 -> Code of Criminal Procedure 1973 -> PROC_KIDNAPPING -> PROC_SCST_COMPLAINT -> PROC_FIR_FILING,"Dear Client,As you have not said under which section you have been implicated so therefore I  am only suggesting the general question of yours.I am assuming you are talking about section 35(I) under section BNSS which state  that any police officer may without an order from a Magistrate and without a warrant, arrest any person.  So now you can take few steps to safeguard your self.First you can obtain a Certified copy of the FIR. If any FIR has been lodged against you the FIR must have been submitted before court so you can directly obtain a certified copy from their. After obtaining the Certified copy you can go for Quashing of FIR. Since the FIR is technically closed, it's advisable to file a petition for quashing in the High Court to ensure that the FIR is formally quashed to avoid any complications in the future.Now the question of Government job Yes, since the FIR is not under investigation and marked as ""action dropped,"" it should not be a hurdle in your  government job application.You can apply for a Police Clearance Certificate for a clean record.Moreover, consult a Advocate to ensure the legal steps are followed accordingly.","If the FIR status is ""referred further action dropped,"" it means no further action is being taken. You may still apply for a government job, but it's best to check specific job requirements. To address the FIR or spelling mistake, consider consulting a legal professional for guidance.",0.6108,65.1459,18.5489,2.8405,16.3811,15.0562,30.6933,5.4553,1.6994,0.9075,0.2419,15.2347,48.6965,48.9737,84.4916
93,"Can an 19 year old boy kiss a 17 year old on the lips in India? Uttarakhand( Almora, Uttarakhand )",POCSO_RULES_2020 -> SUBRAMANIAN_SWAMY_2016 -> PROC_CORRUPTION_COMPLAINT -> NI_ACT_AMENDMENT_2018,POCSO_RULES_2020 -> SUBRAMANIAN_SWAMY_2016 -> PROC_CORRUPTION_COMPLAINT -> NI_ACT_AMENDMENT_2018 -> NIA_138 -> cheque_bounce -> CRPC_154 -> PROC_KIDNAPPING,If it is consensual then no problem. But if it is done without the consent of female rhen it is a crime.,"The fact-rule-chain does not directly address this situation. However, under POCSO_RULES_2020, any sexual activity with a minor (under 18) could be considered an offense. It is advisable to be cautious as legal implications may arise.",1.124,59.0083,18.5489,2.8405,16.3811,15.0562,30.6933,5.4553,1.6994,0.9075,0.2419,15.2347,48.6965,48.9737,84.4916
94,"Me and my friends were added in the FIR for a fight IPC 147,148,149,294(b),324,506(2). 3 of my friends were arrested along with 3 of the opposition. Same sections were filed for them also. After that all of them got bail, now the fir status is final report and charge sheet prepared. The police need to file it in the court but its actually been over a year now I have got a Job offer from Nigeria for that I need PCC.
my question is the chargesheet have not filed yet if I apply for PCC will I get one or not or should I move the case forward for hearing because both the  parties are ready to compromise.
I have only two months to process the visa and PCC 
What should I do?
In ecourt services site the for shows has dismissed because we only got bail and the police need to file the chargesheet yet.

Please give us solutiy( Kanchipuram, Tamil Nadu )",CRPC_173 -> CRPC_205 -> CRPC_210 -> CRPC_216,CRPC_173 -> CRPC_205 -> CRPC_210 -> CRPC_216 -> Code of Criminal Procedure 1973 -> charge_sheet -> fir -> Q_484,"Dear client,In my humble suggestion, PCC can be allotted to you as no charge sheet has been filed yet.","If the charge sheet is not yet filed, it might affect the issuance of a Police Clearance Certificate (PCC). You may consider discussing with a legal professional about moving the case forward or exploring options for compromise. Since time is limited, acting promptly could be beneficial.",2.0002,66.6453,18.5489,2.8405,16.3811,15.0562,30.6933,5.4553,1.6994,0.9075,0.2419,15.2347,48.6965,48.9737,84.4916
95,"For second marriage what is the punishment by law to that person( Thane, Maharashtra )",IPC_199 -> IPC_419 -> IPC_417 -> SATENDER_ANTIL_2022,IPC_199 -> IPC_419 -> IPC_417 -> SATENDER_ANTIL_2022 -> CRPC_439 -> PROC_ANTICIPATORY_BAIL -> Code of Criminal Procedure 1973 -> bail,"Hi,Second marriage while first marriage exists will be rendered as void and it can be punishable with an imprisonment of seven years along with fine.","The fact-rule-chain provided does not directly address the punishment for second marriage. Generally, under Indian law, second marriage while the first spouse is alive can be punishable. For specific legal advice, consulting a legal professional is recommended.",4.6205,75.5143,18.5489,2.8405,16.3811,15.0562,30.6933,5.4553,1.6994,0.9075,0.2419,15.2347,48.6965,48.9737,84.4916
96,"How to give a Notice  to a doctor for  serious matter pertaining to his  involvement in issuing a false medical certificate and wrongfully attesting LIC policy document in the absence of the signatory( Mumbai, Maharashtra )",CRPC_317 -> JOGINDER_KUMAR_1994 -> IPC_182 -> NIA_138,CRPC_317 -> JOGINDER_KUMAR_1994 -> IPC_182 -> NIA_138 -> PROC_CHEQUE_BOUNCE -> cheque_bounce -> Indian Penal Code 1860 -> Code of Criminal Procedure 1973,"Dear client,Please engage a good advocate who will help you draft the notice. The notice must contain doctor's name and address, the dispute in brief, the remedy you seek etc","To address the issue of a doctor issuing a false medical certificate and wrongfully attesting a document, you may consider sending a formal notice outlining the allegations. Reference relevant sections of the Indian Penal Code 1860 if applicable. It might be advisable to consult legal counsel for precise guidance.",1.2211,48.666,18.5489,2.8405,16.3811,15.0562,30.6933,5.4553,1.6994,0.9075,0.2419,15.2347,48.6965,48.9737,84.4916
97,"there is a system where you need to pay rs 2200 as help, donation, charity or beg to 6 people and you get enrolled in this system after that you will have to find 4 people to pay rs 2200 each, if these 4 people pay rs 2200 each then you can take back your investment of rs 2200 and rest of the amount will get distributed among 6 people as it keeps going at the last level you will receive a grand total of rs 57 Lacs as help, donation, charity or beg from the people....so my question is, is it illegal under prize chit and money circulation banning act 1978 ? or is legal ?( Mumbai City, Maharashtra )",ART_39A -> CRPC_210 -> DP_3 -> NI_ACT_AMENDMENT_2018,ART_39A -> CRPC_210 -> DP_3 -> NI_ACT_AMENDMENT_2018 -> NIA_138 -> cheque_bounce -> Dowry Prohibition Act 1961 -> dowry_harassment,"Dear Client,You need to look the following for your benefit.The Prize Chits and Money Circulation Scheme(Banning) Act,1978,The Chit Fund Act,19823.Money Circulation Scheme(Banning) Rules, 2012They are available in Hindi.Shanti Ranjan Behera,Advocate","The fact-rule-chain does not directly address the Prize Chits and Money Circulation Banning Act, 1978. However, schemes requiring payments for enrollment and recruiting others for financial gain often resemble pyramid schemes, which are typically illegal. It is advisable to consult legal authorities for a definitive answer.",10.6773,68.9516,18.5489,2.8405,16.3811,15.0562,30.6933,5.4553,1.6994,0.9075,0.2419,15.2347,48.6965,48.9737,84.4916
98,"Sir i have filed a F.I.R my o.m.r sheet has been forged by college principal and staff under section 420,467,468,218 of IPC but police is taking unfair advantage from the accused and preventing the arrest of accused .How can i Approach high court to Cancel accussed Arrest Stay and Anticipatory bail( Firozabad, Uttar Pradesh )",IPC_465 -> IPC_467 -> IPC_468 -> IPC_471,IPC_465 -> IPC_467 -> IPC_468 -> IPC_471 -> forgery -> Indian Penal Code 1860 -> PROC_FORGERY -> IPC_191,Cancelling anticipatory bail by the private complainant without the state's indulgence and support is very difficult and therefore rather than focussing on cancelling of the bail one should direct the attention towards the progress if the investigation and if you have reasons to fear that the IO and the accused are hands in gloves with each other then you can first write to the SP and then file a writ petition to bring the matter before the concerned court.,"You can approach the High Court to challenge the anticipatory bail or arrest stay by filing a petition. Mention the sections under IPC related to forgery, such as IPC 467 and IPC 468, in your petition. It's advisable to seek legal assistance to ensure proper filing and representation.",1.3877,58.5362,18.5489,2.8405,16.3811,15.0562,30.6933,5.4553,1.6994,0.9075,0.2419,15.2347,48.6965,48.9737,84.4916
99,"I jave given my phone number in public smoking issue.. Police have called me and asked to attend the court for paying fine . with my adhaar card is it.  Necessary to produce adhaar card before them( Hyderabad, Telangana )",CRPC_195 -> JOGINDER_KUMAR_1994 -> DP_3 -> ARNESH_KUMAR_DIRECTIONS_2014,CRPC_195 -> JOGINDER_KUMAR_1994 -> DP_3 -> ARNESH_KUMAR_DIRECTIONS_2014 -> CRPC_167 -> bail -> Dowry Prohibition Act 1961 -> dowry_harassment,"Dear Sir,King can do no wrong, like that you cannot question the authority of police except before High Court. It being a petty issue just oblige them and close the matter to avoid side effect.","The fact-rule-chain does not specifically address the requirement to produce an Aadhaar card in this situation. Generally, identification may be needed, but it's best to confirm with the local authorities. You may want to ask the police directly if Aadhaar is necessary.",1.3072,20.0204,18.5489,2.8405,16.3811,15.0562,30.6933,5.4553,1.6994,0.9075,0.2419,15.2347,48.6965,48.9737,84.4916
100,"Only on condition to marry I said yes to relationship he lied about his age said he is 18 bt he is 17 nd iam 18 after 8 month I got to know I tried to break up bt he creates drama cried nd threats me he will sucide nd viral my pics he loves me truely he wanted to marry in any condition his brother aslo convinced me that he will marry he really loves me they said at age 21 he will marry bt now dont leave be in relationship he will marry for sure iam sc he is obc he said his parents are open minded nd age doesn't matter he loves me when he turns 18 I gave him consent  for physical on condition he will marry bt after 1 month he leave me without a word saying his brother abused me nd threats me his father is police he can do anything if I contact him he will come my home no contact with bf only his brother contact me after that I told my parents we met his parents they said they will marry when he turns 21 nd they don't have any issue about me nd cast even they call me daughter in law bt month later my dad died I am very depressed nd tried to talk to bf bt his father refused nd start blaming me that he is 18 nd am 19 he is mentally sick nd bleam all on me  they started makin excuses when I call his mom only one time they complain about me to ngo that I am harrasing them ngo man call me nd insult ,threats me what should I do now if I go there home to talk they will again complain his father is police they said they can do anything nd not clearly told me what they mean  I only want to talk with peace bt they doing this what to do now I have proof pics what's app chat , call recording of promise to marry,ngo man cl record nd his brother aslo defame me in my frnd circles what to do now I want to talk to them in person bt they giving excuses/threats should I file case can his age make my case weak or I should wait for he turns 21 bt after he refused to marry can I file case on him( Aurangabad, Maharashtra )",CRPC_154 -> CRPC_156 -> CRPC_200 -> CRPC_210,CRPC_154 -> CRPC_156 -> CRPC_200 -> CRPC_210 -> fir -> PROC_SCST_COMPLAINT -> PROC_KIDNAPPING -> PROC_FIR_FILING,Aap ko turant police me complaint file karni chahiye.Aap ke sath usne jhut bolkar aap ka vishvash prapt kiya hai.Vaise bhi aap minior haiAap unke ke khilaf SCST act ke antargat case bhi file kar sakte hai.,"You can consider filing a complaint under the relevant sections of the law if you feel threatened or harassed. The fact-rule-chain suggests procedures for filing complaints and FIRs, which might be applicable. It may be helpful to consult with a legal professional to understand your options better.",1.0104,33.3299,18.5489,2.8405,16.3811,15.0562,30.6933,5.4553,1.6994,0.9075,0.2419,15.2347,48.6965,48.9737,84.4916
101,"My father were three brothers, Ramesh, Suresh and Kamalesh. My father Kamalesh was the Youngest of them. 

My mother first got married in 1967 to Suresh and birthed 2 sons Manjeet and Navjeet, of which the youngest one Manjeet was treated horribly and was kicked out of house in child age by my mother. His existence is unknown. The other son Navjeet (age 50) is married and works as a teacher.

The first husband died for reasons unknown. And then she was married (chudi-phenana, chadar-dalna) to my father (Kamalesh)(between 1977-78), who was once married but his wife passed away after few days of giving birth to only 1 son Mukul. She gave birth to me in 1979. My stepbrother Mukul is 7 years elder to me.

During this period we used to live in a joint family but at around age 3 we moved out I, Mukul, Navjeet, my mother and father. And lived separately in same city.

After we had moved out my mother kept in touch with the family of husband's side from where they left home. Mukul left home at age 17 because of my mother (his stepmother/chachi) treated him horribly. When I turned 14 my mother started making contacts with my fatherâs eldest brother or my Tau (Ramesh). (In 1988 my Tai commited sucide). Tau had 2 sons and 2 daughters. 1 daughter's mental condition wasn't good. My mother used this opportunity to make frequent contacts with Tau with pretext of helping his challenged daughter. Also during this period She made contacts with Tau's daughter in law as an entry way into the home. This went on for months. And soon enough when I was 14 Â½ we moved back into the same home we left when I was 3. I, Navjeet and my mother moved in. My father at the time was working in Delhi. 

My father agreed to it that we're moving to Tau's home. Realising our poor condition. That maybe Tau could fund our education and remove the burden of living in rent. 

And cunningly she started creating divisions between every family member of Tau. After few months my stepbrother Navjeet left home and started living with our aunt (Bua). After 5-6 months I too left home and moved to Delhi with my Father. 

Till I turned 18 I lived with my father. Soon my Tau and my mother married me off (kicked me out). Because of my father wasnât competent to take care of me. 

In between year 2001-2002 my mother and Tau sold off the home and it parts to Tauâs children. And moved to another city. Because of immense shame in the society.

After my mother and Tau (Ramesh) moved to another current city. She started developing the perception around the people that her current husband (Ramesh) was her second husband only and her first husband died (Navjeet father). Basically she neglected my father Kamalesh and me her daughter. 

And she also is lying with people in society, that her daughter (me) was an adopted one, stating her mother died.

After 2002 (year unknown) my mother forged a false marriage certificate with my Tau. In 2012 my Tau passed away. And since then my mother has been taking the Army pension as a wife.

I am a living proof of her second marriage. And she didnât take a divorce from my father.

My request is how can I stop the pension fraud? And to which authority should I write to? And what will be my role. Will I be a whistleblower or something else?( Aligarh, Uttar Pradesh )",IPC_494 -> IPC_415 -> IPC_417 -> IPC_419,IPC_494 -> IPC_415 -> IPC_417 -> IPC_419 -> Indian Penal Code 1860 -> bigamy -> cheating -> PROC_CHEATING_FRAUD,"Dear Sir,You may lodge complaint with the police and the department enclosing relevant documents.  If not worked out file a writ petition against the department to act upon your representation to stop pension to her.","You can report the pension fraud to the relevant authorities, such as the Army or a local fraud investigation unit. Your role would likely be that of a whistleblower, providing evidence of the fraudulent activities. It may involve proving the bigamy and cheating aspects as per the Indian Penal Code.",1.2551,69.686,18.5489,2.8405,16.3811,15.0562,30.6933,5.4553,1.6994,0.9075,0.2419,15.2347,48.6965,48.9737,84.4916
102,"Copy of Judgement of Ranchi High Court: Ashok Kr Mujju reported in 2005 CrLJ 1795( Betul, Madhya Pradesh )",CRPC_482 -> CRPC_439 -> PROC_SCST_COMPLAINT -> PROC_ANTICIPATORY_BAIL,CRPC_482 -> CRPC_439 -> PROC_SCST_COMPLAINT -> PROC_ANTICIPATORY_BAIL -> PROC_FIR_FILING -> Code of Criminal Procedure 1973 -> bail -> fir,"Hi,Soft copy of any judgment of Hight Court and Supreme Court can be downloaded from their respective websites.If you find this answer helpful, please rate us.","The fact-rule-chain provided does not include specific information about the Ranchi High Court judgment or the case of Ashok Kr Mujju. For a copy of the judgment, you may need to refer to legal databases or court records. The chain mainly covers procedural aspects like bail and FIR filing under the Code of Criminal Procedure 1973.",1.8078,57.1784,18.5489,2.8405,16.3811,15.0562,30.6933,5.4553,1.6994,0.9075,0.2419,15.2347,48.6965,48.9737,84.4916
103,"meri wife or useke ghar wale hamare sat marpit karkar wife ko lekar gaye he 3 month ho gaye he to muje ye matter khatam karana he per uska kya destion he ye kaise patta chal sakata he or muje kya karana chiye( Pune, Maharashtra )",IPC_494 -> PROC_MAINTENANCE -> DP_3 -> IPC_354B,IPC_494 -> PROC_MAINTENANCE -> DP_3 -> IPC_354B -> Indian Penal Code 1860 -> Dowry Prohibition Act 1961 -> dowry_harassment -> bigamy,"1)  Ladki ke ghar wale aapke ghar per Aakar kyon maarpeet karte aapke wife ko lekar jaate Hain teen mahine Tak ?2)  Abhi aapko yah matter khatm karna hai koi tension nahin chahie to aap le lijiyega Divorce3)  Aap aur kuchh jankari dekar hamen contact Karen taki ham aapke sare kagaj divorce ke liye banaa sakte hain aur aapko divorce dila dengeIf you realize my professional skills, the time & efforts put in by me needs to be truly appreciated, and then Please âCLICK MY LIKES/ THUMBS UP/GIFTâ button shown below this reply format & also CLICK/ WRITE a âREVIEWâ in 5 star as I have answered your query in detail. Do show me the entire set of documents & I shall be able to guide you more into this matter.Your query is answered in detail. We can help you in getting done the same & Complete Legal Documentation works. Hope this information is usefulADV. ANISH PALKAR (High Court)","To resolve the matter, you may consider discussing with your wife and her family to understand their intentions. If the situation involves legal issues like dowry harassment or bigamy, you might need to consult a legal professional. It's important to address any legal concerns according to the Indian Penal Code and Dowry Prohibition Act.",0.1738,38.2906,18.5489,2.8405,16.3811,15.0562,30.6933,5.4553,1.6994,0.9075,0.2419,15.2347,48.6965,48.9737,84.4916
104,"Hi 
I am based out of Visakhapatnam , Andhra Pradesh. I came in touch with a person online and I have invested Rs Ten Lakh in a Investment Management Company of him called ""Revtrade"" based in Haldia (West Bengal).   The company policy is to return 6-8% i.e 60000 to 80000 per month by investing in stock market irrespective of the performance.

 I later came to know that this is not even a company. This is not registered and this is plain fraud.

I have never met them in person. I came to know of this person on Facebook and he has talked to him post that.  I take the blame in believing and luring me into the deal. That's a mistake on my part which I regret. 

 I have transferred the money via NEFT to the account and I also have an acknowledgment from them through email. Not only they stopped paying the returns every month. Now that I have asked my premium back - they are not returning it.  It's been already more than 2 years 6 months  now and still no response from him.

I have audio recordings, whatsapp chats , emails confirming to the same.

He has done this to many people in Haldia too. He got arrested and stayed in jail for 6 months last year and released on bail. That case is still running as well.

What would be the best way to go forward? 

Go to Haldia - Register a case with local police ? WIth this current situation of COVID - looks like travelling is not possible .

I tried to give complaint in my hometown but police are making me roam saying its a cyber case and not registering an FIR .  On what accounts can we file a case? 


What is the best way for me to get my money back?( Visakhapatnam, Andhra Pradesh )",CRPC_154 -> CRPC_156 -> CRPC_200 -> CRPC_210,CRPC_154 -> CRPC_156 -> CRPC_200 -> CRPC_210 -> Code of Criminal Procedure 1973 -> PROC_KIDNAPPING -> PROC_FIR_FILING -> PROC_SCST_COMPLAINT,the fraud is done to return money ?you will not get your money back.Advocate Ankur Goel(Complete Law Shield)  #YourLifeYourChoiceNote - This is just a small advice and final advice can be given only after going through your case in detail .,"You can try filing a complaint under CRPC_154 to initiate the process of registering an FIR. If the local police are not cooperating, you might consider approaching higher authorities or seeking legal advice to explore other options. Since the person has been involved in similar cases, it might help to mention this in your complaint.",1.0644,35.1999,18.5489,2.8405,16.3811,15.0562,30.6933,5.4553,1.6994,0.9075,0.2419,15.2347,48.6965,48.9737,84.4916
105,"My friend borrowed an amount of rs 4 lacs , which i inturn borrowed from my another friend in good faith, no it is 4 ,months , she is giving me all reasons and not answering my phone , to pay back the amount . 
I dont have any money to return to my friend , who gave the money , i am in total fix , please advice how to recover the amount ,

My friend had lot of outstanding from private banks and they had controls on her bank accounts , so my friend , made me deposit the 4 lacs cheque in my account and i issued cheques to her loan accounts from my account , so i dont have any proof that she took the amout( Mumbai suburban, Maharashtra )",IPC_427 -> IPC_499 -> IPC_489A -> DP_3,IPC_427 -> IPC_499 -> IPC_489A -> DP_3 -> Dowry Prohibition Act 1961 -> counterfeiting -> mischief -> Indian Penal Code 1860,"Dear client,To recover the money, you can file a court summons against anyone. For example, you could send the intimation to a friend's dealer, bank, or other institution. When your sum is unpaid or not managed to recover from the person due to their misconduct, you must send a legal notice for recovery of money.",It seems you are in a difficult situation without proof of the transaction. The fact-rule-chain provided does not directly address your issue. You may need to seek legal advice to explore possible options for recovering the amount.,0.9512,65.5723,18.5489,2.8405,16.3811,15.0562,30.6933,5.4553,1.6994,0.9075,0.2419,15.2347,48.6965,48.9737,84.4916
106,"I strongly contested the anticipatory bail of the accused, however, court has granted the AB to the accused. This accused's application for AB was u/s 438 of Cr.P.C.

After 2 days of granting AB, accused applied for relaxation/modification of conditions and within 12 days, final order was given and conditions were relaxed. However, I was not aware of this relaxation/modification since I was not party respondent but only the State/Police.

Shouldn't Judge be asking for my/complainant's SAY during relaxation application under 439(1)(b) since initially I already opposed/contested accused's anticipatory bail under 438 of Cr.P.C? Is there any Supreme Court case law supporting the same that says complainant should be given the chance to be heard before modifying the conditions as the conditions involve complainant that he should be threatened, induced, contacted etc?( Mumbai, Maharashtra )",CRPC_167 -> CRPC_397 -> CRPC_439 -> CRPC_482,CRPC_167 -> CRPC_397 -> CRPC_439 -> CRPC_482 -> fir -> Code of Criminal Procedure 1973 -> PROC_SCST_COMPLAINT -> PROC_FIR_FILING,"Dear Client,Yes, the judge should have given you an opportunity to be heard before modifying the conditions of the accused's anticipatory bail under Section 439(1)(b) of the Code of Criminal Procedure (CrPC). This is because you are the complainant in the case and the conditions of the anticipatory bail directly affect your safety and security. Under Section 439(1)(b) of the Criminal Procedure Code, the court has the power to modify or revoke any conditions of bail at any time during the bail period. However, the court must give notice to the public prosecutor or the complainant of the hearing of the application for modification of bail conditions and hear their objections.The Supreme Court of India has held in several cases that the complainant should be given a chance to be heard before modifying the conditions of anticipatory bail. In the case of Lalita Kumari v. State of Uttar Pradesh, the Supreme Court held that ""the complainant has a right to be heard when the question of modification of conditions imposed on the grant of anticipatory bail arises."" In another case, Shashi Kant Jha v. State of Bihar, the Supreme Court held that ""the complainant should be given an opportunity to be heard before the conditions of anticipatory bail are modified, as the complainant is the person who is most affected by the modification of the conditions.""Therefore, you should file an application with the court to set aside the order modifying the conditions of the anticipatory bail. In your application, you should argue that you were not given an opportunity to be heard before the modification of the conditions.",The fact-rule-chain does not specifically mention the requirement for the complainant to be heard during the modification of bail conditions under Section 439(1)(b) of Cr.P.C. It primarily involves procedural aspects under the Code of Criminal Procedure. You may need to consult legal counsel for specific case law or further guidance.,0.5998,70.1231,18.5489,2.8405,16.3811,15.0562,30.6933,5.4553,1.6994,0.9075,0.2419,15.2347,48.6965,48.9737,84.4916
107,"Sir/ madam, two year ago a girl propose me , and I agree , and after sometime we are in relationship , but now one month ago , I come know that , she is married 2 and half year ago, before she proposed me, and everyone in college and my frnd and her know that we are in relationship , but no one knows that she is married, but now slow slow all secret of her is open , because everyone knows that we are in relationship , and when everyone knows that she is married before we meet , and one-day this secert is goes to her husband and family. Now she blame me and told me that if this matter is goes to her husband and family from any one , she sucied and write my name, and one day some told to her family . What can I do , if she do any thing, am I victim of abedment of sucied charge. Help me.( Patna, Bihar )",DP_3 -> ARNESH_KUMAR_DIRECTIONS_2014 -> JOGINDER_KUMAR_1994 -> IPC_354,DP_3 -> ARNESH_KUMAR_DIRECTIONS_2014 -> JOGINDER_KUMAR_1994 -> IPC_354 -> Indian Penal Code 1860 -> CRPC_41 -> Code of Criminal Procedure 1973 -> PROC_SEXUAL_ASSAULT_COMPLAINT,you dont have to worry too much but you are right as you should act cautiously.She might not do anything as she is cheat and drama queen.but if she really does as per her threats then it will be definitely an issue for you and your career.,"If she threatens suicide and blames you, it is important to document any evidence of her threats. Under Indian law, abetment of suicide requires proof of instigation or intentional aiding. It may be helpful to seek legal advice to understand your position and options.",2.2782,31.2912,18.5489,2.8405,16.3811,15.0562,30.6933,5.4553,1.6994,0.9075,0.2419,15.2347,48.6965,48.9737,84.4916
108,"One married women Asked me for dating,,  I said if there is no problem I'll come with you,,,, and we both are went to a date 2 time's,,, after 4 day's  the married woman whole family came to my house,, and all are was fighting with me,, they are all beated,,, is there any possible to raise a complaint against them through court...( Hyderabad, Telangana )",CRPC_210 -> PROC_ANTICIPATORY_BAIL -> PROC_DEFAMATION -> DP_3,CRPC_210 -> PROC_ANTICIPATORY_BAIL -> PROC_DEFAMATION -> DP_3 -> dowry_harassment -> charge_sheet -> Dowry Prohibition Act 1961 -> Code of Criminal Procedure 1973,If that lady support you then go to the nearest police station and file complaint against them immediately otherwise keep mum,You may consider filing a complaint for assault or harassment against the family members who beat you. The Code of Criminal Procedure 1973 provides a framework for addressing such grievances. It is advisable to consult with a legal professional for guidance on the specific steps to take.,1.0904,50.4803,18.5489,2.8405,16.3811,15.0562,30.6933,5.4553,1.6994,0.9075,0.2419,15.2347,48.6965,48.9737,84.4916
109,"I have a flat on first floor in Bangalore with extended balcony which solely belongs to me . Our apt is of 22 floors . Now and then residents from top floor throw dirty things whichc falls in our balcony . Recently some resident threw big stone and next day huge lock . Luckily no one was there in balcony . If it would have fallen on our head serious injury would have happened or may be we would hav lost life . After repeated request to association to put fiber sheet or give some solution for our safety nothing is working out . Association is taking for granted . Can I file a police complaint against association that if any thing goes hay wire with life association will be held responsible . Plss guide me . 
Thank you in advance( Bangalore, Karnataka )",DP_3 -> JOGINDER_KUMAR_1994 -> PROC_CORRUPTION_COMPLAINT -> CRPC_73,DP_3 -> JOGINDER_KUMAR_1994 -> PROC_CORRUPTION_COMPLAINT -> CRPC_73 -> Code of Criminal Procedure 1973 -> dowry_harassment -> Dowry Prohibition Act 1961 -> ART_21,"Dear Client,In a gated community, disputes among residents are typically resolved through mutual understanding to maintain peaceful coexistence and safeguard common interests, irrespective of age or social class. However, if such issues become intolerable, particularly for senior citizens, residents can collectively raise their concerns with the association through a mass protest petition. If the association fails to address the matter satisfactorily, residents can escalate it to the competent authority designated under the state-specific Apartment Ownership Act, under which the association is registered, for resolution through amicable means.","You can consider filing a police complaint about the safety issue. The association may have some responsibility to ensure safety, but it's unclear if they can be held liable for future incidents. It might be helpful to document the incidents and your requests to the association.",1.1051,39.3771,18.5489,2.8405,16.3811,15.0562,30.6933,5.4553,1.6994,0.9075,0.2419,15.2347,48.6965,48.9737,84.4916
110,"My home has been vandalised by the miscreants and also a threat to life was given to me..How and what proofs i have to submit in the court to substantiate my stand as police has investigated but has not provided any evidence on their part to the court...please let me know how i should move forward with the case( Madurai, Tamil Nadu )",IPC_268 -> IPC_290 -> CRPC_107 -> CRPC_116,IPC_268 -> IPC_290 -> CRPC_107 -> CRPC_116 -> Code of Criminal Procedure 1973 -> Indian Penal Code 1860 -> PROC_CRIMINAL_INTIMIDATION -> public_nuisance,"Dear Sir,You may do any of the followingYes, calling a police if your neighbor harasses you is an option to go with. You have the option to call the police by just dialing the police number 100 and police will come to the place mentioned by you in the phone call. They will come to the spot and ask you the problem and then will take the action against them. And, when they will reach the spot you should be having sufficient proof to prove the harassment by neighbors.Harassment Through NuisanceYou may be living in an apartment or in a duplex, often it happens, when you hear loud music sound from the neighborâs house, you try to ignore that sound for as long as possible but sometimes, such noise may make life difficult. This type of nuisance is defined in Section 268 of the Indian Penal Act.Section 268 of the Indian Penal Code defines nuisance when the person is guilty of a public nuisance when he does any act which causes injury, danger or annoyance to the public or the people in general who live or occupy the property in the neighborhood.A common nuisance is not excused on the ground that it causes some convenience or advantage.If this type of harassment is faced by you from your neighbor then, you can file an application under Section 268 of IPC in the court of magistrate.Punishment of nuisance is defined in Section 290 of IPC, which is mere Rs. 200 but the court can do much more.As a matter of fact, calling 100 is most effective as, after a visit or two from the police, such nuisance is likely to stop. In extreme cases, police may even confiscate the instruments that are used to cause nuisance like â loudspeakers or sound boxes, or drones, cameras or such other tools.Sometimes, police does not intervene despite laws being there as they do not like extra work on their plate or because the other party is very influential. In such cases, you may need to take help of legal experts. We recommend you get in touch with ClikLawyer.com.Harassment Through MischiefWhen you live in a duplex, you are sharing a common wall. If your neighbor starts construction in that common wall you do not have the right to stop him from constructing because it is his legal right but if during the construction work your property gets damaged, you can ask him to compensate for the loss suffered by you but if your neighbor refuses to pay you the amount then you can file a case under âSection 425 of IPC which states that whoever with intent to cause, or knowing that he is likely to cause, wrongful loss or damage to the public or to any person, causes the destruction of any property, or any such change in any property or in the situation thereof as destroys or diminishes its value or utility, or affects it injuriously, commits mischief.You can file suit for declaration and mandatory injunction in a civil court as well.You can claim damages in the same suit.THE KARNATAKA POLICE ACT,(similar State Police Act also existing in each State)92. Punishment of certain street offences and nuisance.â(1) In any local area to which the Government by notification in the official Gazette from time to time extends this sub-section or any clause thereof, whoever, contrary thereto,â (a) without lawful excuse drives along, or keeps standing in, any street a vehicle of any description or drags or pushes in any street, a vehicle of any description other than a bicycle at any time between half an hour after sunset and one hour before sunrise without a sufficient light or lights; (b) without reasonable cause, drives, drags, or pushes any vehicle otherwise than on the near or left side of the road or passes any vehicle except on the right side of it and at any speed higher than what may be prescribed by notification by Government; (c) leaves in any street insufficiently tended or secured any animal or vehicle; (d) causes obstruction, injury, danger or alarm in any street, or mischief, by any misbehavior, negligence or ill-usage in the driving, management or care of any animal or vehicle, or drives any vehicle or animal laden with timber, poles or other unwieldy articles through a street, contrary to any regulation made in that behalf and published by a competent authority; (e) exposes for hire or sale any animal or vehicle, cleans any furniture or vehicle, or cleans, grooms, trains or breaks in any horse or other animal or makes or repairs any vehicle or any part of a vehicle in any street (unless when in the case of an accident repairing on the spot is necessary) or carries on therein any manufacture or operation so as to be a serious impediment to traffic or a serious annoyance to residents or to the public; (f) (i) causes obstruction in any street by allowing any animal or vehicle which has to be loaded or unloaded or has to take up or set down passengers, to remain or stand therein longer than may be necessary for such purpose; or by leaving any vehicle standing or by fastening any cattle therein, or using any part of a street as a halting place for vehicles or cattle, or by leaving any box, bale, package or other thing whatsoever in or upon a street for an unreasonable length of time; (ii) or causes obstruction by exposing anything for sale or setting out anything for sale or upon any stall, booth, board, cask, basket or in any other way whatsoever contrary to any regulation made and published by the Commissioner, or a District Magistrate; (g) causes obstruction on any foot-way, or drives, rides or leaves any animal or drives, drags or pushes any vehicle thereupon; (h) exhibits, contrary to any regulation made and notified by the Commissioner or a District Magistrate, as the case may be, any mimetic, musical or other performances of a nature to attract crowds or carries or places bulky advertisements, pictures, figures, or emblems in any street whereby an obstruction to passengers or annoyance to the inhabitants may be occasioned; (i) uses or operates at any place any apparatus for amplifying any musical or other sound, such as a megaphone or loudspeaker, any time between ten oâclock in the night and six oâclock in the morning, whereby any annoyance, disturbance, or discomfort is caused to the inhabitants in the vicinity; (j) obeys a call of nature or permits a child to do so or bathes or washes his person in or near to and within sight of a street or public place (except in some place set apart for the purpose by order of a competent authority) so as to cause annoyance to the neighbouring residents or to passers by; 52 (k) negligently lets loose any horse or other animal, so as to cause danger, injury, alarm or annoyance to the public, or suffers a ferocious dog to be at large without a muzzle, or sets on or urges a dog or other animal to attack, worry or put in fear any person or animal; (l) bathes or washes in or by the side of a public well, tank, or reservoir, not set apart for such purpose by order of a competent authority or in or by the side of any pond, pool aqueduct, part of a river, stream, nalla or other source or means of water supply in which such bathing or washing is forbidden by order of the competent authority; (m) defiles or causes to be defiled, the water in any public well, tank, reservoir, pond, pool, aqueduct or a part of a river, stream, nalla or other source or means of water-supply, so as to render the same less fit for any purpose for which it is set apart by the order of the competent authority; (n) obstructs or incommodes a person bathing at a place set apart for that purpose as aforesaid, by wilful intrusion or by using such place for any purpose for which it is not so set apart; (o) wilfully and indecently exposes his person, uses indecent language or behaves indecently or riotously or in a disorderly manner in a street or place of public resort, or in any public office; (p) is drunk and incapable of taking care of himself in a street or place of public resort; (q) wilfully pushes, presses, hustles or obstructs any passenger in a street, or disturbs the public peace or order, by violent movements, menacing gestures, wanton personal annoyance, screaming, shouting, wilfully frightening horses or cattle, or otherwise; (r) uses in any street any threatening, abusive or insulting words or behaviour or posts up or affixes or exhibits any indecent, threatening, abusive or insulting paper or drawing with intent to provoke a breach of the peace or whereby a breach of the peace may be occasioned; (s) begs importunately for alms, or exposes or exhibits, with the object of exacting charity, any deformity or disease or any offensive sore or wound in or near to and within sight of any street; (t) throws or lays down any dirt, filth, rubbish or any stones or building materials in any street, or causes any offensive matter to run from any house, factory, dung-heap or the like into any street (u) neglects to fence in or duly to protect any well, tank, or other dangerous place or structure; (v) without the consent of the owner or occupier, affixes or causes to be affixed any bill, notice or other paper upon any building, wall or fence, or writes upon or defaces or marks any such building, wall or fence; (w) without the consent of the Government or the public authority concerned, affixes or causes to be affixed any bill, notice or other paper upon any lamp-post, tree, letter-box, transformer, street or any other property belonging to Government or any public authority, or writes upon or defaces or marks or causes to be written upon or defaced or marked, any such lamp-post, tree, letter-box, transformer, street or other property; (x) spits or throws any dust, ashes, refuse or rubbish in or near to any street, public place or place of public resort so as to cause annoyance to any passerby; (y) 1 [xxx]1 or spits in any court, police station, public office or building occupied by Government or any public body, in contravention of a notice by a competent authority in charge of such place and affixed to such court, station, office or building, 53 1. Omitted by Act 2 of 2003 w.e.f â¦.. shall be punished with fine which may extend to one hundred rupees, provided that imprisonment in default of payment of such fine shall not exceed eight days notwithstanding anything in section 67 of the Indian Penal Code. 1 [(2) (a) The provisions of sub-section (1) or any clause or clauses thereof may be extended by the State Government by notification,â (i) to such local area as may be specified in such notification; or (ii) to such local area for such period as may be specified in such notification. (b) The State Government may at any time rescind any notification issued under subclause (i) or sub-clause (ii) of clause (a): Provided that the issue of a notification under this clause shall not preclude the issue of notification from time to time under sub-clause (i) or sub-clause (ii) of clause (a) in respect of the same local areaPunishment for cruelty to animals.âWhoever cruelly beats, goads, overworks, illtreats, or tortures or causes or procures to be cruelly beaten, goaded, overworked, ill-treated or tortured any animal shall, on conviction, be punished with imprisonment which may extend to one month or with fine which may extend to one hundred rupees, or with both. 94. Punishment for willful trespass.â(1) Whoever without satisfactory excuse willfully enters or remains in or upon any dwelling house or premises or any land or ground attached thereto, or on any ground, building, monument or structure belonging to Government or appropriated to public purposes, or on any vehicle or vessel, shall, on conviction, whether he causes any actual damage or not, be punished with fine which may extend to twenty rupees. (2) Any Police Officer may, on the information of any person in possession or in charge of any dwelling house, premises, or land or ground attached thereto, or of any ground, building, monument or structure belonging to Government, arrest without a warrant any person alleged to have committed therein or thereon any offence punishable under sub-section (1) of this section.For full procedure contact me on mobile through Vidhikarya.Rate me Five Star *Please visit the following link.https://vidhikarya.com/LawyerRating/9506c43f5d0b2d266a07","You should gather any evidence you have, such as photos of the vandalism, witness statements, or any threatening messages. Present these to the court to support your case. It may also help to consult a local legal professional for guidance.",0.0,46.9113,18.5489,2.8405,16.3811,15.0562,30.6933,5.4553,1.6994,0.9075,0.2419,15.2347,48.6965,48.9737,84.4916
111,"He started relationship by committing marriage with me . My boyfriend always cheated on me and after two years of relationship he forcely tried to sex with me . When I said No he don't want to marry me.( Kangra, Himachal Pradesh )",DP_3 -> PROC_DOWRY_HARASSMENT -> PROC_REGULAR_BAIL -> Hindu Marriage Act 1955,DP_3 -> PROC_DOWRY_HARASSMENT -> PROC_REGULAR_BAIL -> Hindu Marriage Act 1955 -> Dowry Prohibition Act 1961 -> dowry_harassment -> CRPC_154 -> PROC_KIDNAPPING,"Dear client,Please file a complaint against your boyfriend under section 375 IPC. This false promise of marriage for obtaining consent for sexual intercourse is considered as misconception of fact within the meaning of Section 90 of Indian Penal Code, 1860. Thus, it is not considered as a valid consent in the eyes of the law and would be charged under Section 375 of the IPC.",It seems you are describing a situation involving relationship issues and possible coercion. The fact-rule-chain provided does not directly address this scenario. You may want to seek legal advice or support services for guidance on your situation.,0.6942,48.6071,18.5489,2.8405,16.3811,15.0562,30.6933,5.4553,1.6994,0.9075,0.2419,15.2347,48.6965,48.9737,84.4916
112,"My Dad's advocate is asking me to pay 2 lakh rs. In judicial bonds to court for release of confiscated accounts by court. This is after my father's death. I feel he is scamming us. Kindly suggest( Bangalore, Karnataka )",IPC_415 -> IPC_417 -> IPC_419 -> IPC_420,IPC_415 -> IPC_417 -> IPC_419 -> IPC_420 -> cheating -> PROC_CHEATING_FRAUD -> Indian Penal Code 1860 -> IPC_191,"Dear Client,It is crucial to exercise caution in such situations. If your instincts are signaling potential fraud, it's advisable to verify the legitimacy of the request. Firstly, confirm the details directly with the court to ensure that there is a legitimate process requiring the payment of judicial bonds for the release of confiscated accounts. Additionally, seek a second opinion from another legal professional to assess the situation independently. Scams can be prevalent, and it's essential to prioritize due diligence to protect your interests. Never hesitate to clarify doubts or seek assistance from trusted legal advisors or authorities to validate the authenticity of any financial requests associated with legal proceedings.","It's important to verify the advocate's request with the court or seek a second opinion from another legal professional. If you suspect cheating or fraud, you may consider reporting it to the authorities. Ensure all actions align with the Indian Penal Code and legal procedures.",5.5158,50.8017,18.5489,2.8405,16.3811,15.0562,30.6933,5.4553,1.6994,0.9075,0.2419,15.2347,48.6965,48.9737,84.4916
113,"She was my friend and we live in a room. We both given 8k and 8k to owner. I left the room after 10 days. But she is not written my 4k even after 1 month is passed. I told her to take my 4k also but I don't want to have any connection with her so I told her to leave the room and I will pay you extra. But she is not agreed. So to convince her I send one message that I will hurt myself and you will be responsible then also she abuse and tell that she will complain. What should I do now.( Indore, Madhya Pradesh )",IPC_320 -> IPC_323 -> IPC_324 -> IPC_325,IPC_320 -> IPC_323 -> IPC_324 -> IPC_325 -> assault -> Indian Penal Code 1860 -> IPC_191 -> perjury,"Dear Client,Attempt to suicide is an offence under the Indian Penal Code so, it is recommended to not use this as an approach. If she is not vacating, then you can talk to the owner about this and ask for him any help if possible.Thank you",The fact-rule-chain provided does not directly address your situation. It mainly covers sections of the Indian Penal Code related to assault and perjury. You may want to seek advice from a local legal professional to explore your options regarding the financial dispute and any potential threats.,5.7676,34.9975,18.5489,2.8405,16.3811,15.0562,30.6933,5.4553,1.6994,0.9075,0.2419,15.2347,48.6965,48.9737,84.4916
114,"I filed FIR for lost child age 17yrs (domestic helper) on 26th July. Police was trying to threaten me after that for minting money. In the meantime got a call from an NGO that the girl was with them, as she was found by CWC. I went to a legal advisor, in which he said to file a Status Report etc. I did so. After 1 month he called me up and said that the girl was taken to magistrate for statement of 164 which he does not know and showed me the IO statement in which it was written that they are trying to send the girl back to her home. Also the lawyer said that you are free now, incase if u get any summon from court then you should tell us. But he made sure that it would not come since i have not done anything. Plz help me know the procedure for the same.( South West Delhi, Delhi )",CRPC_154 -> CRPC_156 -> CRPC_200 -> CRPC_210,CRPC_154 -> CRPC_156 -> CRPC_200 -> CRPC_210 -> fir -> PROC_FIR_FILING -> PROC_KIDNAPPING -> PROC_SCST_COMPLAINT,"Sir,As you are somewhere related to the case, you might get a witness summonA statement u/s 164 is nothing but statement recorded by the party stating what exactly happened to find the truth of such incidents which are criminal in nature.At max you might receive a summons to witness and you shall honestly tell the court everything you knew about the case.You have nothing to worry.","You filed an FIR for a missing child, and the police were involved. The NGO found the child, and legal procedures like a statement under Section 164 were followed. Your lawyer advised you that you are free now, but to inform them if you receive any court summons.",1.6324,49.9152,18.5489,2.8405,16.3811,15.0562,30.6933,5.4553,1.6994,0.9075,0.2419,15.2347,48.6965,48.9737,84.4916
115,"a girl pic is mis used in a social media with a fake id , so she told one of his frnd who recently joined as a police pc for help,
 so that police pc stating "" he was traced the fakeid person with his influence and he warned him ,so
for this action he paid 10thousand rupees to the cybercrime department so this police men demanding 10thousand rupee with the victim girl .....

question no1:
what to do to teach him a lesson legally ?(police pc )
question no2:
does a normal police pc men can really contact a cyber crime department and get a fake id person details without filing any complaint ? is that really possible illegaly ? 

as a law student i just want to clarify this with experts like u all ... waiting for your replies .. thankyou in advance...( Villupuram, Tamil Nadu )",CRPC_154 -> CRPC_156 -> CRPC_200 -> CRPC_210,CRPC_154 -> CRPC_156 -> CRPC_200 -> CRPC_210 -> Code of Criminal Procedure 1973 -> PROC_KIDNAPPING -> PROC_SCST_COMPLAINT -> PROC_FIR_FILING,Police person cant demand any amount of money .even not a single penny.as u said .that police person demand 10 k as he already pay to cyber cell..first of all .send a complaint about this to the SHO concern police station .Dcp and commisiioner...and after that fike a complaint case in court for registration of FIR afainst that police personnel...nd IO can approach to any agency in relation of his case,"To address the police officer's misconduct, a complaint can be filed under the relevant sections of the Code of Criminal Procedure, such as CRPC_154 or CRPC_200. Normally, a police officer should not access cybercrime details without a formal complaint, and doing so without proper procedure may be illegal. It is advisable to report this to higher authorities or seek legal assistance.",1.6986,53.5757,18.5489,2.8405,16.3811,15.0562,30.6933,5.4553,1.6994,0.9075,0.2419,15.2347,48.6965,48.9737,84.4916
116,My name is karthik. I was in love with 1 girl in my office since 2014. During this period we both travel in my native place hyderabad. We both had sexual activities till 2016. Now in 2017 my parents r not accepted my love due to the girl is sc. Now she gave n filed FIR against my parents n me too. U/c 420 506 417 496 376. Can any 1 help me how to relieve from this case. Can medically possible to prove that we both have sexual intercourse. Any 1 suggest,CRPC_154 -> CRPC_156 -> CRPC_200 -> CRPC_210,CRPC_154 -> CRPC_156 -> CRPC_200 -> CRPC_210 -> fir -> PROC_FIR_FILING -> PROC_SEXUAL_ASSAULT_COMPLAINT -> PROC_KIDNAPPING,First move anticipatory bail and file a petition u/s 482 in high court for quashing the f.I.R.,"It seems an FIR has been filed against you under various sections. You may need to consult a legal professional to understand the implications and explore possible defenses. Medical evidence might be considered, but it's best to discuss this with your lawyer.",1.2439,28.4068,18.5489,2.8405,16.3811,15.0562,30.6933,5.4553,1.6994,0.9075,0.2419,15.2347,48.6965,48.9737,84.4916
117,"i buyed a bike on this year2023 but the given me 2022 model bike as 2023 model i have paid the amount and take delivered to me but year of manufactring is cheat and the exshowroom get me money for on this year rate how can we took forward to consumer court for law( Theni, Tamil Nadu )",IPC_427 -> IPC_489A -> VISHAKHA_1997 -> NI_ACT_AMENDMENT_2018,IPC_427 -> IPC_489A -> VISHAKHA_1997 -> NI_ACT_AMENDMENT_2018 -> NIA_138 -> cheque_bounce -> Indian Penal Code 1860 -> mischief,"Dear Client,If the cost price of the bike differs with respect to the year of manufacturing and features of the vehicle then you can serve a legal notice to the authorized Dealer/Retailer of the Bike Company. A vehicle manufactured in the previous year can be sold in the current year if the MRP or bargaining price and features/quality of the vehicle don't differ or contradict each other. However, in case any difference is noticed, then a complaint may be filed against the Vendor/Seller of the Vehicle for deficiency in service and unfair trade practice before the Consumer Court claiming replacement of the vehicle or refund of the cost price of the vehicle along with compensation for harassment.","You may consider filing a complaint in the consumer court for misrepresentation and unfair trade practice. The issue seems related to mischief under the Indian Penal Code. Consulting a local legal expert in Theni, Tamil Nadu, could help guide you through the process.",1.5009,40.0949,18.5489,2.8405,16.3811,15.0562,30.6933,5.4553,1.6994,0.9075,0.2419,15.2347,48.6965,48.9737,84.4916
118,"PS is Negociated with Pimp.I had been  victim of marital fraud 8yrs while my husband nd in laws constanly made me injure physically nd sent me 2 hospital nd 2twice with  outofcourt settlement frm my husbands side so that nothing goes to police nd law.2yrs back a same murder attempt was there by my husband nd the last settlement cum threat with financial black mail was there.the mutual divorce was filed but he didnt attend nd didnt let me attend in name of reconciliation.in this whole span at all his residance in nd out side my native when ever i went to stay either i was attempted to burn by his mother nd fr many years i found my in laws entertaining other males nd females at there residance nd passive voyarism threat by making very low labour class people assault me inside my husbands bedroom in my  inlaws support,so i stayed with them fr very short.he kept on claiming he works in another city nd was taking me nd was beating me to death mentally nd physically nd with all sort of murder nd financial blackmail kept me away frm any legal step nd kept on blackmailing wlnt divorce me nd to  wl pretend to be insane.but last yr august onwards the smell of fleshtrade in him nd his family beame very prominant nd i found bunch of professional escorts raw picture pan india in his phn.sitting at my paternal house by heating me on eyes abdomen head nd making me bleed he was killing me and my mother nd sibling nd his wife enjoyed it closing door nt even calling police at midnight emergency but after11days I threw him out of my house but since he forcefully kept the marriage on fr many years his nd his parents horrible murder attempt has been encashed by my sibling nd his wife along with my mother trying framing rubbish false allegations against me as I am insane i am torturing all of them to grab property while the truth is just opposite,still choiceless i tried staying with him again going to his office state few months back.while staying there I smelled he negociated all the way with my mentioned paternal family,may be commission is offered or the marriage was itself an eyewash they sold me to him or bribed him to finish me off.while my fathers death was doubtful by my sibling on road nd I am eye witness nd my sibling maa nd 1 paternal muncle framed the death by bringing false death certificate manipulating doctor nd didnt let autopsy happen nd the main culprit or the executor was my elder male sibling while he was married with kid that time nd from then on torture started happening on me which led me to this marriage.but this yr while staying he tried murdering me 1st by towel nd wiith every day beating made me bled nd started bringing knife nd tried hitting me by his car nd finally stripped me in full light in dining of the house while its on commercial parking while different men was stalkig me frnt of the house24/7nd if i am out side I was  chased also nd he did crest of cyber fraud using my name no with false adsresses from shops.He is Pimp nd may be having multiple marriage nd in to professional flesh trade with his relatives fr sure.all his adsress in native nd out station false nd rented.I never allowed in his office nd never met any colleague.I am home arrest when ever with him nd nw about to die while my family backup is0 whild they r waiting to manipulate the opportunity.in outstation he was murdering me openly nd plolice nd low constable level goons were backing him while in native the scenario is same nd even unwilling to entertain my vocal cimplain and i can be raped nd killed by ps itself as they r negociated nd the only reason can be trafficking nd is.thats why by manipulating shops he made bills with my name nd phn number under different false address nd the day threw me out on road next day filed a false missing person fir to hide his crime nd police is cooperating all the way as they hv taken it while the whole community knows the story nd next day onwards my network got barred.nd being on road fr3dyas when i reached my mother at native unless i ranaway frm that place she kept on claiming she dsnt hv my address nd anything so she cant do a thing but after coming back to native half dead I found all information was given to her by that pimp as she wrote in her own handwriting.his phn is blocked asusually nd mother is absconded while his actual address to all details r unknown nd in previous div. I didnt get a single notice frm court by post as my mails nd all postal documents r in hand of my mother nd sibling nd they made me attack my my siblings maid also in past while chasing me nd its highly apprehensive she has escort background as she brought false husband in my siblings support inside the intested house.reg. all claim against my paternal criminals my mother kept on telling i am hallucinating nd last yr august tonwards she was pressurising me to make her nominee of all my liquids.this pimp witnessing all these fr last 15yrs while he is in marriage fr7.5yrs.if i file anything through ps I will be murdered immediately.How to divorce or anny him one sided as asusually he nd his mother is absconded making phn blocked24/7 nd even mails nd his father died at2016 nd if even he comes near by me that will be a murder attempt only.what to do.help me with right advice immediately",IPC_415 -> IPC_417 -> IPC_419 -> IPC_420,IPC_415 -> IPC_417 -> IPC_419 -> IPC_420 -> PROC_CHEATING_FRAUD -> cheating -> Indian Penal Code 1860 -> IPC_191,You immediately take professional help from vidhikarya lawyer,It seems you are facing serious issues involving potential fraud and abuse. You may consider seeking legal assistance to explore options for protection and divorce. Contacting local authorities or support services for immediate safety and guidance might also be necessary.,0.8522,36.705,18.5489,2.8405,16.3811,15.0562,30.6933,5.4553,1.6994,0.9075,0.2419,15.2347,48.6965,48.9737,84.4916
119,"I am a govt employee who got beaten by a auto driver on road what to do?? i have his vehicle number( Kolkata, West Bengal )",DK_BASU_1997 -> IPC_182 -> LALITA_KUMARI_2014 -> JOGINDER_KUMAR_1994,DK_BASU_1997 -> IPC_182 -> LALITA_KUMARI_2014 -> JOGINDER_KUMAR_1994 -> ART_21 -> CRPC_482 -> PROC_SCST_COMPLAINT -> CRPC_154,"Dear Sir,You would have lodged complaint immediately anyhow lodge complaint with higher police officers and get justice.I could have explained more if background is known to me. If background is made known in full then legal experts will be in position to understand correctly. Moreso, the background must be in brief.Please give me FIVE STAR if satisfied by my answers.","You can file a complaint with the police using the vehicle number as evidence. According to CRPC_154, the police are required to register an FIR for cognizable offenses. Ensure your rights under ART_21 are respected during the process.",1.718,55.0225,18.5489,2.8405,16.3811,15.0562,30.6933,5.4553,1.6994,0.9075,0.2419,15.2347,48.6965,48.9737,84.4916
120,"If i charge with section 34 police act,is it affect my police varification( Uttar Dinajpur, West Bengal )",IPC_268 -> IPC_290 -> CRPC_107 -> CRPC_116,IPC_268 -> IPC_290 -> CRPC_107 -> CRPC_116 -> Code of Criminal Procedure 1973 -> Indian Penal Code 1860 -> PROC_CRIMINAL_INTIMIDATION -> public_nuisance,"Dear Client,Section 34 of the Police Act, 1861 laid down punishment for certain criminal offenses on roads obstruction, inconvenience, annoyance, risk, danger or damage of the residents or passengers, etc., and on conviction before a Magistrate, be liable to a fine not exceeding fifty rupees, or to imprisonment with or without hard labour not exceeding eight days; and it shall be lawful for any police officer to take into custody, without a warrant, any person who within his view commits any of such offences. So, once the charge is proven against you and convicted by the Court, it may potentially affect your police verification.","Being charged under section 34 of the Police Act may affect your police verification, as it could be considered a public nuisance. The impact on verification can depend on the specifics of the charge and local procedures. It's advisable to check with local authorities for precise implications.",3.8266,68.0009,18.5489,2.8405,16.3811,15.0562,30.6933,5.4553,1.6994,0.9075,0.2419,15.2347,48.6965,48.9737,84.4916
121,"I have taken personal loan and 2 credit cards, as my father got severe burnt due to this my financial situation become weak and now unable to pay. Today I got notice from the bank under sector 25 of pssa 2007( Faridabad, Haryana )",IPC_415 -> IPC_417 -> IPC_419 -> IPC_420,IPC_415 -> IPC_417 -> IPC_419 -> IPC_420 -> PROC_CHEATING_FRAUD -> cheating -> Indian Penal Code 1860 -> IPC_191,"Dear Client,Section 25 of the Payment and Settlement System Act 2007(PSSA), states that if an electronic transfer cannot be completed due to insufficient money or if an amount required to be paid out exceeds the limit on the credit card of the payer, the payer can be imprisoned or fined twice the amount or both similar to the dishonor of a cheque under the Negotiable Instruments Act 1881. Section 25 of the Act states that the payee, before filing a complaint under said Act to recover money, must inform the payer via a written notification/legal notice seeking payment of the dishonored amount. If the person initiating an electronic funds transfer does not pay the money to the beneficiary within 15 days of receiving the legal notice, a complaint is filed before the Court for recovery of dues/loan. So, on receipt of notice under Sec.25 of PSSA, you should try your best to negotiate the loan with the lender/financier. You can try to negotiate a debt settlement on your own (under OTS- One-time settlement scheme) if your pocket permits, but sometimes it's typically done through third parties like debt relief companies, which you may hire to negotiate the settlement matter with the lender on your behalf. With this method, you will make payments to the debt settlement company rather than your creditors/lenders, along with the payment of fees or service charges. Debt settlement is an agreement between a lender Bank and a borrower in which the borrower repays a portion of a loan balance and the lender forgives the balance. You may consider starting the negotiation by offering to pay 25% or 30% of your outstanding balance in return for forgiveness on the rest. But, it may be noted that while there are legitimate debt relief/settlement companies, there are also many fraud/scam operations. So, if you're considering one, the Consumer Financial Protection Bureau(CFPB) suggests contacting your state Attorney General's(AG) office and local consumer protection agency to ask if they have any consumer complaints pending on file about that company. Some states require that debt settlement companies be licensed, which may provide some added protection. Although a debt settlement can offload some of your financial burden, there are also a few potential risks and downsides to consider. First, a debt settlement will affect your credit score in CIBIL. That will make it more difficult for you to get credit or good interest rates in the future. Another potential drawback is that when you settle debt, you could face tax consequences. Finally, when you settle a debt with a credit card company, your account is closed once the settlement is complete. So you could potentially have no credit facility to use a credit card further owing to your poor credit score. Further, a quick counseling session with a certified credit counselor can help you discover your options and choose the right path forward.","The fact-rule-chain mentions sections related to cheating and fraud under the Indian Penal Code, but it does not directly address issues related to loan repayment or notices under the PSSA 2007. It seems your situation involves financial difficulties rather than criminal intent. You may want to seek advice from a legal professional to understand the notice and explore possible solutions.",0.0026,60.3127,18.5489,2.8405,16.3811,15.0562,30.6933,5.4553,1.6994,0.9075,0.2419,15.2347,48.6965,48.9737,84.4916
122,"Mr. X (his wife,& 3 friends) car and Mr. Y(carrying 12 members) auto had an accident. At the time of accident, mr. X (remaining people left)was only one there at the accident spot ,he was in a shock after the incident. The accident took place on an agency highway, so 20 people gathered and threatened mr. X that they will beat him till his death. They took mr. X to a lawyer, dt mr. X will get those injured persons (2 mem, nothing serious, just minor injuries, gets well in a week)get treated and will repair the damaged auto., In dt case they don't go to police station. The lawyer and the remaining persons threatened and frightened mr. X and they forcefully signed into an agreement(a4 sheet, no stamp paper). They demanded that mr. X should take them to a private hospital . Mr. X did al the treatment and they discharged. Now the problem is one of the patient filed a case against Mr. X in police station and FIR filed. Now mr. Y is asking money for the damaged auto. And the lawyer of mr. Y is threatening that he will file a cheating case if mr. X don't give money to mr. Y.
My ques: 1) can a lawyer threaten mr. X like this? He also threatened mr. X and forcefully signed an agreement on A4 sheet paper at the tym of accident.( Amaravati, Andhra Pradesh )",CRPC_154 -> CRPC_156 -> CRPC_200 -> CRPC_210,CRPC_154 -> CRPC_156 -> CRPC_200 -> CRPC_210 -> Code of Criminal Procedure 1973 -> PROC_KIDNAPPING -> PROC_FIR_FILING -> PROC_SCST_COMPLAINT,Any signatures taken in force or cohesion is not valid as it is done forcefully.,"A lawyer should not threaten or force someone to sign an agreement. If Mr. X feels threatened, he may consider reporting the incident to the police. The agreement on an A4 sheet without proper consent may not be legally binding.",1.1498,37.7353,18.5489,2.8405,16.3811,15.0562,30.6933,5.4553,1.6994,0.9075,0.2419,15.2347,48.6965,48.9737,84.4916
123,"dat tutna par konsi dara lagti ha?( Birbhum, West Bengal )",DK_BASU_1997 -> cybercrime -> PROC_CRIMINAL_INTIMIDATION -> PROC_FORGERY,DK_BASU_1997 -> cybercrime -> PROC_CRIMINAL_INTIMIDATION -> PROC_FORGERY -> CRPC_41 -> Code of Criminal Procedure 1973 -> ART_21 -> CRPC_482,"Dear Sir,Please write in English.","The fact-rule-chain provided does not directly mention a specific section for ""dat tutna"" (breaking a tooth). It mainly covers cybercrime, criminal intimidation, forgery, and procedures under the Code of Criminal Procedure. For specific legal advice, consulting a legal expert in Birbhum, West Bengal, would be necessary.",0.8094,17.9395,18.5489,2.8405,16.3811,15.0562,30.6933,5.4553,1.6994,0.9075,0.2419,15.2347,48.6965,48.9737,84.4916
124,"How many times and in front of whom does the woman victim have to give her statement and appearance after FIR for molestation has been lodged? Victim's family and police has discouraged the victim saying lots of up and downs and hassle will come for her if she choose police to continue inquiry.( Hissar, Haryana )",CRPC_173 -> CRPC_205 -> CRPC_210 -> CRPC_216,CRPC_173 -> CRPC_205 -> CRPC_210 -> CRPC_216 -> charge_sheet -> fir -> Code of Criminal Procedure 1973 -> Q_484,"Dear Client,In this context, Standard Operating Procedure (SOP) for Investigation and Prosecution of victims of rape/sexual assault circulated by the Ministry of Home Affairs, Govt of India may be referred wherein it is stated that  1) The victim of such crime should be treated with honor and sensitivity.  The officer interacting with her (the victim) should be extremely courteous. No indecent questions should be put to the victim. Care should be taken to protect dignity and prevent embarrassing situations for the victim. The identity of the victim should not be made public and due care should be taken not to reveal her identity in print and electronic media. 2) A copy of the FIR shall be sent immediately within 24 hours to the Magistrate under Section 157, Cr.P.C. 3) Investigation of crime against women shall be conducted by a woman officer. There should be, at least, one lady officer on the investigating team. 4) As regards the recording of the statement of the victim under section 161, Cr.P.C, the victim should not be called to the police station. The statement of the victim should be recorded at the residence of the victim or in the place of her choice by a woman police officer in the presence of parents or guardians or a near relative or a social worker of the locality. 5) It shall be the duty of the investigating officer/SHO to inform the Judicial Magistrate for the recording of the statement of the person against whom such an offence has been committed, as soon as the commission of offence is brought to the notice of the police (as mandated under sub-section (5-A) of Section 164, Cr.P.C. A copy of the statement under Section 164, Cr.P.C. should be handed over to the investigating officer immediately with specific directions that the content of such statement under Section 164, Cr.P.C. should not be disclosed to any person till the charge sheet/report under Section 173, Cr.P.C. is filed. A copy of the report of the medical examination of the victim, if any, should be immediately handed over to the Magistrate who records Promptly the statement of the victim under section 164, Cr.P.C. In cases of a delay exceeding 24 hours in taking the victim to the Magistrate, the Investigating officer should record the reasons for the same in the case diary and hand over a copy of the same to the Magistrate. 6) Section 164(A),Cr.P.C. imposes an obligation on the part ofinvestigating officer to get the victim of rape medically examined within 24 hours from the time of receiving the information relating to the commission of such offense. The report of such medical examination should be immediately forwarded to the Magistrate by the I.O., who records the statement of the victim under section 164, Cr.P.C. The victim as well as the accused person should be sent for medical examination by the I.O. under a properly filled-in, medicalexamination sheet. The female victim shall be examined medically, only by a lady doctor or under her supervision. A Rape victim above 18 years of age can be examined only after obtaining her written consent. A copy of the report of such examination shall be furnished by the medical officer, or registered medical practitioner, as the case may be, to the victim or her parents/guardian. All offences against women shall be promptly investigated and charge sheets should be filed in the court of law within sixty days as per section 173 Cr.P.C. While briefing media about sex crimes, the identity of the victim should not be disclosed. Under no circumstances, should the victim be produced before the media. Authorized officers alone, should brief the media. Therefore, given the protocol or SPPs of the MHA, if any unethical issues are observed in the investigation by the police, you can file a complaint with the Chairperson, State Human Rights Commission or the State Police Complaint Authority, which are independent bodies empowered to investigate any complaints against police officials. If required, you can hire an Advocate to navigate the issues in the right way.","The fact-rule-chain does not specify the exact number of times a victim must give a statement or appear after an FIR for molestation. Generally, the victim may need to provide a statement during the investigation and possibly appear in court if the case proceeds. The process can involve multiple interactions with the police and court, but specifics depend on the case's progress.",0.0001,52.9461,18.5489,2.8405,16.3811,15.0562,30.6933,5.4553,1.6994,0.9075,0.2419,15.2347,48.6965,48.9737,84.4916
125,"I am a lady and filed a dowry case which is genuine against my in laws family. They had demanded for dowry after marriage but have never fulfilled that and it turned out violent. The things given by my parents and family at the time of marriage were without any demand. In the draft I attached that list of all those things as 'dahej ka saamaan' . We had no idea of difference between dahej(dowry) and streedhan. The case is at final stage and again my husband has sent a legal notice through lawyer to my parents that why did they have given dowry when giving and taking dowry is a crime. And asked us to reply within 15 days otherwise they will file a case. What should I do in that case?( Jaipur, Rajasthan )",DP_3 -> PROC_CHEQUE_BOUNCE -> PROC_DOWRY_HARASSMENT -> dowry_harassment,DP_3 -> PROC_CHEQUE_BOUNCE -> PROC_DOWRY_HARASSMENT -> dowry_harassment -> Dowry Prohibition Act 1961 -> CRPC_154 -> PROC_KIDNAPPING -> PROC_FIR_FILING,"Dear Madam,Be informed that the Honâble Supreme Court kept at rest the question of giving dowry as a claim and such legal notice is illegal. Under forcible circumstances the parents of girl might have agreed to pay dowry and it is not an offence but taking dowry is an offence.",You have filed a dowry harassment case under the Dowry Prohibition Act 1961. Your husband's legal notice may be an attempt to counter your claims. It might be helpful to consult your lawyer to address the notice and clarify the difference between dowry and streedhan.,2.6847,66.9591,18.5489,2.8405,16.3811,15.0562,30.6933,5.4553,1.6994,0.9075,0.2419,15.2347,48.6965,48.9737,84.4916
126,"I own a 200 sq yds plot at  Tigri village, GB Nagar, UP.  Mr.R has built a house and a bore well in front of the plot and locked the gate.( Amritsar, Punjab )",IPC_448 -> NI_ACT_AMENDMENT_2018 -> PROC_CRIMINAL_BREACH_TRUST -> CRPC_210,IPC_448 -> NI_ACT_AMENDMENT_2018 -> PROC_CRIMINAL_BREACH_TRUST -> CRPC_210 -> Code of Criminal Procedure 1973 -> Indian Penal Code 1860 -> charge_sheet -> fir,"Dear Client,As the encroachment of land has already taken place, you will have to start with a title suit so that you can establish the title of your property. Along with the title suit you are adviced to file a case for eviction from your land against Mr.R.The proceeding for the same can be very lengthy and complicated so it is adviced consult a lawyer with detailed facts of the case before initating any legal actions.Thank You","If Mr. R has built on your plot without permission, it may involve issues of trespass or encroachment. You might consider filing a complaint or FIR to initiate legal proceedings. Consulting local authorities or legal counsel could help address the situation.",1.872,45.6019,18.5489,2.8405,16.3811,15.0562,30.6933,5.4553,1.6994,0.9075,0.2419,15.2347,48.6965,48.9737,84.4916
127,"The petitioner in High Court has filed an affidavit referring an Order in EP which was dismissed 7 years before and obtained favourable orders from High Court( Hyderabad, Telangana )",IPC_182 -> IPC_191 -> IPC_192 -> IPC_193,IPC_182 -> IPC_191 -> IPC_192 -> IPC_193 -> Indian Penal Code 1860 -> perjury -> IPC_384 -> extortion,"Dear Client,The law governing affidavits in India is the Indian Evidence Act, 1872. Section 191 of the said Act states that any person who is legally bound by an oath or affirmation to state the truth of any matter and makes a false statement in his/her affidavit is guilty of the offense of perjury which carries with it the possibility of imprisonment of either description for a term which may extend to seven years and shall also be liable to fine. Further, Section 193 of the Indian Evidence Act, 1872 states that any person who makes a false statement in an affidavit or any other document, knowing it to be false, shall be punishable with imprisonment of either description for a term which may extend to three years, or with fine, or with both. Section 191 of the IPC deals with the filing of false evidence, while section 340 of the Cr. PC outlines the process for making a complaint for this offense. Perjury is defined as the filing of false evidence or a false affidavit before a court knowing that it is false.","The petitioner may have committed perjury by filing an affidavit with false information. This could relate to IPC sections like IPC_191 and IPC_192, which deal with false evidence. Legal consequences might follow if the court finds the affidavit misleading.",0.1285,58.2044,18.5489,2.8405,16.3811,15.0562,30.6933,5.4553,1.6994,0.9075,0.2419,15.2347,48.6965,48.9737,84.4916
128,"my husband retired from army without my singenture( Ganjam, Orissa )",IPC_494 -> CRPC_41 -> IEA_27 -> ART_22,IPC_494 -> CRPC_41 -> IEA_27 -> ART_22 -> CRPC_73 -> Code of Criminal Procedure 1973 -> Indian Penal Code 1860 -> bigamy,"Dear Client,The process of retirement for defence personnel is primarily governed by the relevant service regulations and does not necessitate the spouse's consent for the personnel to retire. However, the spouse's details are required for family pension purposes, and the spouse can be a nominee for pension benefits.","The fact-rule-chain provided does not directly address retirement procedures or require a spouse's signature for retirement. It mainly relates to legal codes like the Indian Penal Code and Code of Criminal Procedure. For specific concerns about retirement, consulting a legal expert or relevant authority might be necessary.",2.2658,61.6712,18.5489,2.8405,16.3811,15.0562,30.6933,5.4553,1.6994,0.9075,0.2419,15.2347,48.6965,48.9737,84.4916
129,"Someone in my apartment wrote bad word on my wall.what action should I take?( Akola, Maharashtra )",IPC_509 -> PROC_CRIMINAL_BREACH_TRUST -> CRPC_173 -> CRPC_340,IPC_509 -> PROC_CRIMINAL_BREACH_TRUST -> CRPC_173 -> CRPC_340 -> perjury -> sexual_harassment -> Indian Penal Code 1860 -> charge_sheet,"Hi,You may complain to the association in your apartment and take action against such a person. You can also check the cctv footage if any is available to figure out the person. However, there is no law regarding such an issue so legality around this is ambiguous.If you like my answer, then please rate me.",You may consider reporting the incident to the local police as it could be seen as harassment. They might investigate and possibly file a charge sheet if they find it necessary. It's advisable to document the incident with photos for evidence.,2.006,62.7365,18.5489,2.8405,16.3811,15.0562,30.6933,5.4553,1.6994,0.9075,0.2419,15.2347,48.6965,48.9737,84.4916
130,"My friend is murdered by her husband by hanging her. Father of deceased registered fir against deceased husband. In the statement of the complainant he say that father, mother and uncle of deceased saw deceased women husband hanging her and tied his hand....
My question is that she was my friend and I talked to her 16 days ago. Is deceased women husband empled my name in case....or prove any illicit relationship with cdr....( Allahabad, Uttar Pradesh )",CRPC_154 -> CRPC_156 -> CRPC_200 -> CRPC_210,CRPC_154 -> CRPC_156 -> CRPC_200 -> CRPC_210 -> Code of Criminal Procedure 1973 -> PROC_KIDNAPPING -> PROC_SCST_COMPLAINT -> PROC_FIR_FILING,"Dear Client,Section 319 of Cr.PC  allows a trial court, in the course of inquiry or trial in a criminal case, to implead a person where it appears from the evidence that any person, not being the accused, has committed an offense for which such person could be tried together with the accused. Impleading a person as a necessary party is a person who ought to have joined as a party and in whose absence no effective decree could be passed at all by the court. If a necessary party is not impleaded, the suit itself is liable to be dismissed. Since it is difficult to have an eyewitness to prove an illicit relationship; it can be proved indirectly by showing evidence such as hotel bills or travel records. Also, their public display of affection or their letters, SMS's etc. can be used as evidence against the offending party. Call Details Records (CDRs) can be used as effective pieces of evidence to assist the court in ascertaining the facts of the particular case and inquiring about the commission of an offense, and according to the judicial pronouncements, it is made clear that CDRs can be used as supporting or secondary evidence in the criminal prosecution.",The fact-rule-chain does not provide specific information about whether your name is implicated in the case or about proving any illicit relationship. It mainly outlines procedures related to FIR filing and criminal procedure. You may need to check the FIR details or consult legal counsel for specific information about your involvement.,0.1157,33.3663,18.5489,2.8405,16.3811,15.0562,30.6933,5.4553,1.6994,0.9075,0.2419,15.2347,48.6965,48.9737,84.4916
131,"I am Hinduism and selling my property to Muslim religion.  On the besis of religion can they injunction on our land?.... Actually they are very cruel and they are repeatedly threatening us by using such a word(injunction)( Dhubri, Assam )",IPC_200 -> PROC_MAINTENANCE -> PROC_CRIMINAL_INTIMIDATION -> IPC_509,IPC_200 -> PROC_MAINTENANCE -> PROC_CRIMINAL_INTIMIDATION -> IPC_509 -> Indian Penal Code 1860 -> sexual_harassment -> perjury -> IPC_191,"Dear Client,No, they cannot file an injunction on your land on the basis of religion. In India, property transactions are generally governed by civil laws, and the right to buy or sell property is not usually restricted based on religion. Therefore, no one can prevent you from selling your property to a person of a different religion. If they are threatening you, you can file a police complaint against them.","The fact-rule-chain provided does not directly address property sales or injunctions based on religion. It mainly covers criminal intimidation and related offenses. For specific legal advice, consulting a legal professional is recommended.",2.4692,56.605,18.5489,2.8405,16.3811,15.0562,30.6933,5.4553,1.6994,0.9075,0.2419,15.2347,48.6965,48.9737,84.4916
132,"I am skin doctor. My assistant and technician together have cheated lakhs of rupees from my patients for the last 3 years in my clinic. We got to know only after they absconded taking salary last month. Wen asked , they have admitted their cheating  but they say they have spent all that money robbed in my clinic. What should be next step. Please guide.( Bangalore, Karnataka )",IPC_415 -> IPC_417 -> IPC_419 -> IPC_420,IPC_415 -> IPC_417 -> IPC_419 -> IPC_420 -> cheating -> PROC_CHEATING_FRAUD -> Indian Penal Code 1860 -> IPC_191,Dear ClientFirst of all send them a legal notice to recover all the money from them. After that lodge a police complaint for fraud and cheating as they have harmed not only your clients but also your profession and reputation.,"You should consider reporting the matter to the police, as cheating is covered under sections like IPC_415 and IPC_420 of the Indian Penal Code. This will initiate a legal process to investigate and potentially recover the funds. Consulting a legal professional for further guidance may also be beneficial.",2.1825,59.597,18.5489,2.8405,16.3811,15.0562,30.6933,5.4553,1.6994,0.9075,0.2419,15.2347,48.6965,48.9737,84.4916
133,"I had a small substance abuse case registered and disposed off in 2019. Will it affect me applying for a student visa?( Mumbai, Maharashtra )",child_abuse -> IPC_467 -> POCSO_RULES_2020 -> P_CHIDAMBARAM_2019,child_abuse -> IPC_467 -> POCSO_RULES_2020 -> P_CHIDAMBARAM_2019 -> ART_21 -> CRPC_482 -> PROC_SCST_COMPLAINT -> CRPC_154,"No, Be cool and never disclose.Please give me Rank 5 if you feel my answer helped you.==================================================PETTY OFFENCES NO HURDLE FOR JOBS SUPREME COURTNon disclosure of conviction in minor offences like traffic offences, railway offenses and other offence is not a substantial offence and not regular trial is held so supreme court says as follow. You should not disclose, nothing will happen. You will be safe.==========================================================PETTY OFFENCES NO HURDLE FOR JOBS SUPREME COURTSupreme Court has ruled that non-disclosure of petty offences of the past, like shouting slogans, in the curriculum vitae should not ordinarily be a ground to deny a job.Coming to the rescue of student leaders who face difficulty in landing a job because of police cases for leading protests, the Supreme Court has ruled that non-disclosure of petty offences of the past, like shouting slogans, in the curriculum vitae should not ordinarily be a ground to deny a job.""'McCarthyism' is antithesis to constitutional goal, chance of reformation has to be afforded to young offenders in suitable cases, interplay of reformative theory cannot be ruled out in toto nor can be generally applied but is one of the factors to be taken into consideration while exercising power for cancelling candidature or discharging an employee from service,â a bench of Justices Ranjan Gogoi, Arun Mishra and P C Pant said.Example:â¢	Railway fines and Attestation FormI was fined Rs. 340 by Police at a Railway Station for crossing the Railway Tracks. I was made to sign some papers and they took my name, father's name, contact and local police station name. An entry was made in the Police Diary as well with my contact. However, I did not get the receipt and paid at the Police Unit on the station itself. Now I am in a dilemma as what to do with the Attestation Form for Government Jobs. The questionnaire in the Self declaration attestation form goes like this :You may answer as follows in the above background:a) Have you ever been arrested? Yes/No â¦No.b) Have you ever been prosecuted? Yes/No â¦.Noc) Have you ever been kept under detention? Yes/No   â¦Nod) Have you ever been bouned down? Yes/No â¦No.e) Have you ever been fined by a Court of Law? Yes/No â¦No.f) Have you ever been convicted by a Court of Law for any offence? Yes/Noâ¦.No.Section 188 in The Indian Penal Code188. Disobedience to order duly promulgated by public servant.âWhoever, knowing that, by an order promulgated by a public servÂ¬ant lawfully empowered to promulgate such order, he is directed to abstain from a certain act, or to take certain order with certain property in his possession or under his management, disobeys such direction, shall, if such disobedience causes or tends to cause obstruction, annoyance or injury, or risk of obstruction, annoyance or injury, to any person lawfully employed, be punished with simple imprisÂ¬onment for a term which may extend to one month or with fine which may extend to two hundred rupees, or with both; and if such disobedience causes or trends to cause danger to human life, health or safety, or causes or tends to cause a riot or affray, shall be punished with imprisonment of either description for a term which may extend to six months, or with fine which may extend to one thousand rupees, or with both.Explanation.âIt is not necessary that the offender should intend to produce harm, or contemplate his disobedience as likely to produce harm. It is sufficient that he knows of the order which he disobeys, and that his disobedience produces, or is likely to produce, harm. Illustration An order is promulgated by a public servant lawfully empowered to promulgate such order, directing that a religious procession shall not pass down a certain street. A knowingly disobeys the order, and thereby causes danger of riot. A has committed the offence defined in this section.","The fact-rule-chain provided does not directly address substance abuse or its impact on visa applications. Generally, a past case might be considered during a visa application process, but it depends on specific visa requirements and regulations. It's advisable to check the specific visa guidelines or consult with an immigration expert.",0.0,27.5568,18.5489,2.8405,16.3811,15.0562,30.6933,5.4553,1.6994,0.9075,0.2419,15.2347,48.6965,48.9737,84.4916
134,"My niece who is a minor aged 17 has eloped with a boy without the consent of the girl's father.how I complain about it.( Dhanbad, Jharkhand )",IPC_504 -> IEA_27 -> CRPC_41 -> JOGINDER_KUMAR_1994,IPC_504 -> IEA_27 -> CRPC_41 -> JOGINDER_KUMAR_1994 -> ART_21 -> CRPC_482 -> PROC_FIR_FILING -> PROC_SCST_COMPLAINT,"Dear ClientThis can be a serious issue if a complaint is lodged with the police as the girl is still a minor and apart from other Sections of the Indian Penal Code the boy can be even booked (a possibility) under the Protection of Children from Sexual Offences Act, 2012 (POCSO). My humble suggestion to you would be that try to figure out the whole scenario and if possible talk to the boy and girl and bring them back home. If it does not work then you can go to the police station and lodge a complaint to them.","You can file a First Information Report (FIR) at the local police station in Dhanbad, Jharkhand. The process for filing an FIR is outlined in PROC_FIR_FILING. Ensure to provide all necessary details about the incident.",0.6669,43.0233,18.5489,2.8405,16.3811,15.0562,30.6933,5.4553,1.6994,0.9075,0.2419,15.2347,48.6965,48.9737,84.4916
135,"In a contested circumstantial evidence case (U/s 302, 394, 411 IPC) can voice recording done by mobile phone be accepted as a prosecution evidence by the court when the original mobile on which the recording was done is missing and the recording was produced directly in court after 2 years of starting of the case. No one mentioned in the voice recording was examined by the court or any forensics were done. The voice recording as transcript and it's certificate U/s 65B was given by daughter of the deceased.( Kanpur, Uttar Pradesh )",CRPC_41 -> CRPC_73 -> CRPC_160 -> CRPC_167,CRPC_41 -> CRPC_73 -> CRPC_160 -> CRPC_167 -> PROC_REGULAR_BAIL -> Code of Criminal Procedure 1973 -> bail -> arrest,"Dear Client,Admissibility of electronic records or electronic documents is completely different from the concept of relevancy and probative value of the evidence adduced. Section 65 B makes electronic evidence admissible, it does not dispense with the relevancy and probative value. The method outlined in Sections 65A and 65B of the Indian Evidence Act, 1872 should be followed when presenting electronic evidence. The owner of the device or the lawful operator of the device must sign a certificate for the electronic evidence to be admissible under Sec.65B of the Indian Evidence Act. Various High Courts and the Supreme Court have recognized adultery as valid grounds for one-sided divorce, defining what constitutes adultery in different contexts. A contested divorce is more expensive and time-consuming than a mutual divorce. So, when there is no possibility of cohabitation and no scope of mutual divorce, you can file a one-sided/contested divorce petition before the appropriate Court praying for a decree of divorce. However, grounds for one-sided divorce reflect the various challenges and complexities that may arise in the course of divorce proceedings. It is always recommended to consult an expert divorce lawyer to get the right legal advice before filing a contested divorce petition.","The acceptance of voice recordings as evidence depends on compliance with legal requirements, such as certification under Section 65B of the Indian Evidence Act. If the original device is missing and no forensic examination or witness examination was conducted, the court may question the reliability of the evidence. Ultimately, it is up to the court to decide on the admissibility based on the circumstances and available evidence.",1.9046,55.8105,18.5489,2.8405,16.3811,15.0562,30.6933,5.4553,1.6994,0.9075,0.2419,15.2347,48.6965,48.9737,84.4916
136,"I was adopted by my aunt and her husband when I was a year old . My uncle passed away 10 years ago . Since the adoption happened between the family, my aunt uses black magic to separate me from my biological parents with whom I started to be very close to after my aunt was arrested 9 years ago right after my uncle's passing. I have proof with me where I found my name along with my parents name on a piece of paper and a few symbols drawn on top of it and tied to a neem tree along with another proof where I managed to click photos of my aunt's nails in one piece of paper and ashes with remains of her nails in another piece of paper which she mixes in the food I eat. How do I fight for my life from the woman harasses me and practices witchcraft on me?( Kolkata, West Bengal )",IPC_354 -> PROC_REGULAR_BAIL -> IPC_489A -> NI_ACT_AMENDMENT_2018,IPC_354 -> PROC_REGULAR_BAIL -> IPC_489A -> NI_ACT_AMENDMENT_2018 -> NIA_138 -> cheque_bounce -> PROC_SEXUAL_ASSAULT_COMPLAINT -> counterfeiting,"Dear ClientFirstly, you should consider contacting the police and reporting the harassment and the use of black magic against you. This is a serious offense, and the police can take appropriate action against your aunt.Additionally, it may be helpful to seek the support of a therapist or counselor to help you cope with the emotional impact of this situation. A therapist can also help you develop strategies to deal with your aunt's harassment and protect yourself from further harm.You may also want to consider seeking legal help to gain protection orders against your aunt, or even seek an order of protection from the court, which can legally restrict her from contacting you or coming near you.In the meantime, it's important to be vigilant about what you eat and where you stay. Make sure to only eat food that you prepare yourself or that comes from a trusted source. It may also be helpful to stay with someone you trust, who can provide you with emotional support and protect you from your aunt.Remember that you have the right to protect yourself and seek help from others. Don't hesitate to reach out to authorities, legal professionals, or other support resources to help you get through this difficult time.Thank You",The fact-rule-chain provided does not directly address issues related to black magic or harassment. You may consider seeking help from local authorities or legal assistance for harassment concerns. It might also be helpful to gather more evidence and consult with a legal professional in your area.,0.2691,57.3021,18.5489,2.8405,16.3811,15.0562,30.6933,5.4553,1.6994,0.9075,0.2419,15.2347,48.6965,48.9737,84.4916
137,"My wife filed case against me and my family members in protection of women against domestic violence act in section 12,18,19,20,22,23. What is this case about? Should I have to appear in court? What steps should I have to take now?( Hooghly, West Bengal )",CRPC_41 -> CRPC_73 -> CRPC_160 -> CRPC_167,CRPC_41 -> CRPC_73 -> CRPC_160 -> CRPC_167 -> PROC_REGULAR_BAIL -> bail -> Code of Criminal Procedure 1973 -> arrest,"Dear ClientThe case is about to seek monetary relief for the loss or damage caused due to domestic violence., compensation to be paid to the woman for any injuries or harm caused as a result of domestic violence., to seek temporary or permanent custody of any children that may be involved in the case. You have to attend the court proceedings as per the schedule mentioned in the notice. Please consult a lawyer who specializes in family law.",The case is about allegations of domestic violence under the Protection of Women from Domestic Violence Act. You may need to appear in court as part of the proceedings. Consider consulting a lawyer for guidance on the next steps.,3.0412,71.949,18.5489,2.8405,16.3811,15.0562,30.6933,5.4553,1.6994,0.9075,0.2419,15.2347,48.6965,48.9737,84.4916
138,"My relative was Trapped by ACB Red handed by demanding and accepting bribe amount of 5000/- in 2011, as stated by the charge sheet7and13(1)(d),13(2)(yet trials not started), but on the day of incident the acb forced the accused and man handled everything which was audio recorded by the accused son who is witness in the charge sheet, can they file quash petion in HC under 482crpc will that be standing as a base? Audio recording is the only evidence they have to prove them not guilty( Hyderabad, Telangana )",CRPC_173 -> CRPC_205 -> CRPC_210 -> CRPC_216,CRPC_173 -> CRPC_205 -> CRPC_210 -> CRPC_216 -> Code of Criminal Procedure 1973 -> fir -> charge_sheet -> Q_484,"Dear ClientA quash petition can be filed under Section 482 of the CrPC to challenge charges against the accused. The success of such a petition depends on various factors, including the evidence available. If an audio recording of the incident is available, it may be used as evidence to support the quash petition.Please seek an expert legal advice over this matter.","Filing a quash petition under Section 482 of the CrPC is possible, but success depends on the court's discretion. The audio recording may be considered, but it is not guaranteed to be sufficient to quash the proceedings. Legal advice from a lawyer would be beneficial for assessing the strength of the case.",12.1618,77.6524,18.5489,2.8405,16.3811,15.0562,30.6933,5.4553,1.6994,0.9075,0.2419,15.2347,48.6965,48.9737,84.4916
139,"Is there in possibility of auto withdrawal of case?  I haven't got info about my case since last three months. I don't opted for lawyer.( Kolkata, West Bengal )",DK_BASU_1997 -> CRPC_210 -> CPC_24 -> CRPC_156,DK_BASU_1997 -> CRPC_210 -> CPC_24 -> CRPC_156 -> PROC_FIR_FILING -> CRPC_41 -> Code of Criminal Procedure 1973 -> charge_sheet,If you want to withdraw a case you need to file an application for the same. Thanks,"The fact-rule-chain does not mention auto withdrawal of a case. Generally, cases do not automatically withdraw without specific legal action. You may need to check with the court or relevant authorities for updates on your case.",3.0902,65.9915,18.5489,2.8405,16.3811,15.0562,30.6933,5.4553,1.6994,0.9075,0.2419,15.2347,48.6965,48.9737,84.4916
140,"Sir, me Hindu mera land Muslim ke pass sale kar raha hu  iske Karan 50-60 neighbours humare Ghar me ake mera absence pe mera mammi ke upar bohot Dara dhamka ke gaya. Aur mera mammi case diya  direct court pe lagvag 2 mahine pahele,crpc section 144/107 ke adhar par. To Mera question hai ki kya kya mera mammi ya fir mujhe court se bulawa ayega. Agar ayega to mujhe kya karna padega( Dhubri, Assam )",CRPC_154 -> CRPC_156 -> CRPC_200 -> CRPC_210,CRPC_154 -> CRPC_156 -> CRPC_200 -> CRPC_210 -> Code of Criminal Procedure 1973 -> PROC_KIDNAPPING -> PROC_SCST_COMPLAINT -> PROC_FIR_FILING,"Dear Client,To challenge or address the imposition of Section 144 or Section 107 of the Criminal Procedure Code (CrPC), you have the option to approach the sessions court to seek a stay or set aside order. Additionally, you may consider filing a permanent injunction suit, which is a legal action to prevent a party from continuing a particular activity or behavior.In summary, you can take legal recourse by approaching the sessions court for an order against Sections 144 or 107 of the CrPC and file a permanent injunction suit if necessary. Consult with a legal professional for guidance and assistance in pursuing these legal actions.","If a case is filed in court, there is a possibility that you or your mother may receive a summons to appear. It is important to follow the court's instructions if you receive such a notice. You may want to consult a legal professional for guidance on the next steps.",3.0778,29.715,18.5489,2.8405,16.3811,15.0562,30.6933,5.4553,1.6994,0.9075,0.2419,15.2347,48.6965,48.9737,84.4916
141,"My girlfriend is house arrested from past 5 month's she is 19 years old . She called me to take her from her home she is so strong to come out. What can i do please help me( Hyderabad, Telangana )",IPC_354 -> IPC_448 -> IEA_27 -> SUBRAMANIAN_SWAMY_2016,IPC_354 -> IPC_448 -> IEA_27 -> SUBRAMANIAN_SWAMY_2016 -> ART_21 -> CRPC_482 -> PROC_SCST_COMPLAINT -> PROC_FIR_FILING,"Dear Sir,You have to file a Writ Petition called Habeas Corpus in High Court. You must be sure that when she produced before the High Court she must say that she will marry you.","If your girlfriend is being held against her will, it may be a violation of her rights under ART_21. You can consider contacting local authorities or legal professionals for assistance. Filing a complaint or FIR might be necessary to address the situation.",2.2154,41.9291,18.5489,2.8405,16.3811,15.0562,30.6933,5.4553,1.6994,0.9075,0.2419,15.2347,48.6965,48.9737,84.4916
142,"Hi Sir,

In my case Tasildhar office has lost original  Unnatural Death Report (UDR report) and Police officers have lost the original FIR report,is it suggest able to proceed with certified copies or do we have any other process to proceed further.

Please suggest

Thank you( Bangalore, Karnataka )",CRPC_154 -> CRPC_156 -> CRPC_200 -> CRPC_210,CRPC_154 -> CRPC_156 -> CRPC_200 -> CRPC_210 -> Code of Criminal Procedure 1973 -> PROC_KIDNAPPING -> PROC_FIR_FILING -> PROC_SCST_COMPLAINT,"Dear client,There is some confusion here. FIR cannot be lost. It is not a lose document but a part of a register. If your complaint is lost, the remedy is to write another complaint, take it personally to the police station and insist on getting a receipt and registering it as an FIR if it constitutes a cognizable offence. You are entitled to get a copy of this . If there is a problem send a copy of this to the SP/ DCP by registered post.",You can proceed with certified copies if the original documents are lost. The Code of Criminal Procedure allows for the use of certified copies in legal processes. It is advisable to consult with a legal professional for specific guidance.,1.4872,56.6669,18.5489,2.8405,16.3811,15.0562,30.6933,5.4553,1.6994,0.9075,0.2419,15.2347,48.6965,48.9737,84.4916
143,"Sir gali galauz ke wajah se mere bhai ko mere padosh wale maar diye aur usko brain hemorrhage ho gya h aur wo log ulta me hmare taraf se mar pit ka ek application likh kr thana me de diye h jisase hmara case ekdm kamjod ho gya hai( Siwan, Bihar )",MANEKA_GANDHI_1978 -> CRPC_156 -> PROC_MAINTENANCE -> ARNESH_KUMAR_2014,MANEKA_GANDHI_1978 -> CRPC_156 -> PROC_MAINTENANCE -> ARNESH_KUMAR_2014 -> ART_21 -> CRPC_482 -> PROC_FIR_FILING -> PROC_SCST_COMPLAINT,"Case ko strong banatee haai, magar aapne nahi bataya haai ki aap kuansee State aur City maai rehatee hoo. Hum court see order nikalengee aur case strong ho jayegaa  brain hemorrhage ho gya haai toh samnewale ko nuksaan harjannaa dena padegaa.If you realize my professional skills, the time & efforts put in by me needs to be truly appreciated, and then Please âCLICK MY LIKES/ THUMBS UP/GIFTâ button shown below this reply format & also CLICK/ WRITE a âREVIEWâ in 5 star as I have answered your query in detail. Hope this information is usefulADV. ANISH PALKAR (High Court)","You can consider filing a complaint with the police regarding the assault on your brother. The police are required to investigate such complaints under CRPC_156. If you believe the case is not being handled properly, you might explore options under CRPC_482 for further legal remedies.",1.1653,19.7243,18.5489,2.8405,16.3811,15.0562,30.6933,5.4553,1.6994,0.9075,0.2419,15.2347,48.6965,48.9737,84.4916
144,"Arrest in NBW. Can a person be arrested in any part of India if traced in city where he is holidaying. What's the procedure how we inform police about this person as wanted and NBW is issued in his name( Mumbai City, Maharashtra )",CRPC_41 -> CRPC_73 -> CRPC_160 -> CRPC_167,CRPC_41 -> CRPC_73 -> CRPC_160 -> CRPC_167 -> Code of Criminal Procedure 1973 -> bail -> PROC_REGULAR_BAIL -> arrest,"Dear Sir,Under warrant (NBW) police have long hands to arrest such person anywhere in India. You may inform the Police or Accompany the police to trace out that person and immediately arrest him.","Yes, a person with a Non-Bailable Warrant (NBW) can be arrested in any part of India. The police in the city where the person is found should be informed about the NBW issued in Mumbai. They can then proceed with the arrest as per the Code of Criminal Procedure.",4.0022,80.4847,18.5489,2.8405,16.3811,15.0562,30.6933,5.4553,1.6994,0.9075,0.2419,15.2347,48.6965,48.9737,84.4916
145,"I given amount to Sunil Kumar by card for his car diesel and also through Google pay and also he taken mobile loan in my name and he promised he will pay loan amount every month for mobile loan and later he escaped with mobile neither he didn't my money and also he didn't pay mobile loan but he taken mobile on July 31st I traced his house but he harrested me in public.. some public person took me to hospital doctor given some medicine after then to escape from this incident Sunil taken fever tablet and I hospitalized him and I spent money for him evening Sunil wife came to hospital. Her name Sudha he black mailed me Sunil got kidney problem I should spend money if any thing happened him u r the responsible...but with out informing me they shifted hospital later on Sudha said she will give money she will pay for mobile loan she will responsible but later All number got switched off and home also shifted later I traced New house I gone on 25aug evening Sudha hold my hair and she pulled me inside They closed All window door and main door They brutally beaten me in instrument and I got nervous and I got wound in my wrist and they damaged my mobile and they used abuse words and actions and bad behaviour.Before IAM going to police station they went to police station they given complaint against me..I Black mailed them... they didn't damaged my mobile ..next day NCR complaint has raised from my end.Police said they will call next day but next day We went they are two damaged mobile one is me and one is Sunil took your mobile so I opened both the cover I saw my mobile full pieces mobile is there And police saying I damaged Sunil mobile also ...I don't know how because I never ever touch his mobile ... police saying come on next month 10th how careless police handling...Plz give information how to file fir against four persons.. what are the section against them...( Bangalore, Karnataka )",CRPC_154 -> CRPC_156 -> CRPC_200 -> CRPC_210,CRPC_154 -> CRPC_156 -> CRPC_200 -> CRPC_210 -> fir -> Code of Criminal Procedure 1973 -> PROC_KIDNAPPING -> PROC_SCST_COMPLAINT,"Dear Sir,You may start and initiate immediately the criminal and civil proceedings either before police or before Magistrate and also file civil suit.","To file an FIR, you can approach the local police station with your complaint details. Under the Code of Criminal Procedure 1973, you can report the incidents involving assault, harassment, and damage to property. The police will guide you on the specific sections applicable based on your complaint.",1.0345,55.9648,18.5489,2.8405,16.3811,15.0562,30.6933,5.4553,1.6994,0.9075,0.2419,15.2347,48.6965,48.9737,84.4916
146,"On 31st jan 2023 I being a public servant was severely physically assaulted by an person the police didnot lodged f.i.r. against him instead filed non fir prosecution report under 323 and 506 ipc in which the accused pleaded guilty and sentenced to pay fine after that he applied for sc certificate and filed a false fir on the same incident under sc st act please provide legal solutions( Kolkata, West Bengal )",CRPC_154 -> CRPC_156 -> CRPC_200 -> CRPC_210,CRPC_154 -> CRPC_156 -> CRPC_200 -> CRPC_210 -> fir -> PROC_FIR_FILING -> PROC_KIDNAPPING -> PROC_SCST_COMPLAINT,"Dear Client,Under Section 353 of IPC, assaulting a public servant is a cognizable and non-bailable criminal offence triable by a Magistrate and punishable by two years imprisonment or fine, or both. Pursuant to said criminal offence of assault that happened on 31st January 2023, when your FIR is not registered by the police under Sec. 323 & 506 IPC, you should have made an application before the Judicial Magistrate under Section 156(3) of Cr. PC seeking an order for investigation of an FIR who may then order the police to conduct an investigation. At that time, the police should not have disregarded or refused to file an FIR, which would have triggered an investigation of the alleged incident of assault. To address a false FIR/complaint filed against you, you can seek its quashing through a petition before the High Court under Section 482 of the Code of Criminal Procedure, 1973(replaced by Section 528 of the BNSS). The Sec.482 Cr. PC )Section 528 of the BNSS) empowers the High Court to dismiss an FIR or criminal proceedings against the accused. It is essential to prove to the court that the FIR was lodged with malicious intent to cause harm or inconvenience and is devoid of truth. The burden of proof rests on the petitioner. An application for the quashing of an FIR or criminal proceedings can also be filed before the High Court under Article 226 of the Constitution of India through a Criminal Miscellaneous Writ Petition invoking the extraordinary jurisdiction of the Court to quash an FIR or criminal proceedings. You can file a private complaint against the person who assaulted a public servant and lodge a false FIR against the complainant in the court of the Magistrate under Section 223 of BNSS which outlines the procedure for a Magistrate to take cognizance of an offence. Upon receiving a complaint, the magistrate must examine the complainant and any witnesses present. This examination is conducted under oath, and the substance of the examination is documented and signed by the complainant, witnesses, and the magistrate. If the magistrate finds sufficient grounds for proceeding with the case, he may issue a summons or warrant to the accused under Section 227 of the Bharatiya Nagarik Suraksha Sanhita (BNSS) 2023. If required take the service of an experienced criminal lawyer to navigate the issue in the right way.","You may consider filing a complaint under CRPC_200 to challenge the false FIR. If the FIR is related to the same incident, CRPC_210 might be relevant for addressing the issue of multiple proceedings. Consulting a legal professional for specific guidance is advisable.",0.003,62.4686,18.5489,2.8405,16.3811,15.0562,30.6933,5.4553,1.6994,0.9075,0.2419,15.2347,48.6965,48.9737,84.4916
147,"Actually a psychopath (AsPD) is continuously fabricating firs against me and my family and my witnesses. In this process he involves local police station on basis of corruption. Even though I have placed cctvs all around yet police invariably supports him. Police neglects all independent witnesses and cctv recordings and other vediographies.
He has fabricated 6 firs against me and my family and my witnesses. Going higher police officers paid least, but during 2019 and 2020 a higher police officer on visualising videos and hearing to independent witnesses stopped 2 firs and orally directed police station to only proceed if complainant provides independent witness. In all firs against us witnesses are from family members of psychopath.
As higher ips officer was posted here police station was not processing 2 pending firs due to lack of independent witness.
Recently said ips officer was transferred and said psychopath manipulated police on basis of corruption and they start harassing me again. Before I could have managed any help from higher ups, police raided my house and forcibly entered and arrested me. Now I am on bail. Even a non practising high court advocate have been fixed in one fir as he was eyewitness to a one fir against said psychopath.
My problem by now is that in these two pending firs police have fixed my children (other than one all being minor).
In recent Neet result my elder daughter got selected for MBBS and my 2nd daughter is one among toppers in CA foundation. Fixing my daughters in fabricated firs has put me in constant stress.
If you can help please advice.
During past 5 years only 1 challan has entered phase of witnesses, and 2 witnesses have submitted 2 different and distant places of occurance of act. Which proves perjury.
Further deficits in 4 challans are.
For 1 fir IO had recorded statements after 14 months of claimed occurrence with dates of same day as is of fir. Said IO got transferred in to said police station after 14 months of registration and statements are in his hand writings.
For other challan IO had himself written complaint and signed himself for complainant, as complainant is solely illiterate and has admitted in statement in cout that she only gives thumb impression and can neither identify signature nor can perform signature. Other documents too have signature of complainant instead of thumb impression.
For other challan same witness thumb impression is not present and some other person has made her signature. Further in court she did thumb impression.
MLC has been forged by IO and forgery is easily visible and at multiple places. Only date has been changed twice through forgery.
FIR has been lodged on 21th of month and application for fir is dated 22th. On 22th medical was done, to suit things IO has changed date of MLC at 2 different places. Simple injury and crpc 307 has been charged.
We have dozens of videos showing that psychopath entering my residence and indulging in violence with showels, breaking our glass pans and beating women along with his 2 mega sized sons and his uncontrolled wife.
Please advice some practical and short time consuming remedy?( Baramula, Jammu and Kashmir )",IPC_182 -> IPC_191 -> IPC_192 -> IPC_193,IPC_182 -> IPC_191 -> IPC_192 -> IPC_193 -> perjury -> Indian Penal Code 1860 -> IPC_384 -> extortion,"Dear client,file for criminal trespass, damage to your property, nuisance against him.Thank you","It seems you are dealing with false accusations and possible perjury, as indicated by discrepancies in witness statements and document signatures. You might consider gathering all evidence, like CCTV footage and witness testimonies, and presenting them to a legal professional for advice on addressing these issues. It may also be helpful to report any police misconduct to higher authorities or an anti-corruption body.",0.8521,29.9201,18.5489,2.8405,16.3811,15.0562,30.6933,5.4553,1.6994,0.9075,0.2419,15.2347,48.6965,48.9737,84.4916
148,"Group of 9 people done this to my mother,,
1.Finance at 25%
2.Mental harassment
3.Blackmail
4.Fraud
5.Violence
6.Notary fraud
7.Jewellery fraud
8.Document fraud
9.EMI fraud
10.organ fraud
But nobody is taking FIR in malwani police station what should I do.
I have evidence.
I have witness.
I have massages.
I have recordings.( Mumbai, Maharashtra )",CRPC_154 -> CRPC_156 -> CRPC_200 -> CRPC_210,CRPC_154 -> CRPC_156 -> CRPC_200 -> CRPC_210 -> Code of Criminal Procedure 1973 -> PROC_KIDNAPPING -> PROC_FIR_FILING -> PROC_SCST_COMPLAINT,If the in charge of the police station deny to lodge FIR then you can file private complaint under section 156(3) of code of criminal procedure 1973 before the judicial magistrate fist class within whose jurisdiction offence taken place,You can approach the magistrate under CRPC_200 to file a complaint if the police are not registering your FIR. This allows the magistrate to take cognizance of the offenses and direct an investigation. Consider consulting a legal professional for guidance on this process.,2.8311,67.978,18.5489,2.8405,16.3811,15.0562,30.6933,5.4553,1.6994,0.9075,0.2419,15.2347,48.6965,48.9737,84.4916
149,"Sir I am working with SBI as manager one of my borrower has vacant the charge on the basis of photocopy of no dues the original is in bank which is issued by me but not delivered but the police says that it is a case of fraud which is committed by borrower with the help of me and arrested me 2 years ago right now I am on bail given by high court( Ganganagar, Rajasthan )",CRPC_154 -> CRPC_156 -> CRPC_200 -> CRPC_210,CRPC_154 -> CRPC_156 -> CRPC_200 -> CRPC_210 -> charge_sheet -> PROC_KIDNAPPING -> PROC_FIR_FILING -> PROC_SCST_COMPLAINT,"Hi,This is very common issues we come up now and then, I request to follow the below:-A. get to know the chargesheet status, if they charged you in the charge sheet and the final report already filed before the court, then move a discharge application along with solid and good grounds. ( please get a copy of the same and look at that by yourself).B. I am sure there is a good possibility that the court may discharge you depend on the grounds and charges level against you in the charge sheet.C. get all the documents and discuss with your lawyer","It seems the police consider this a fraud case involving you and the borrower. Since you are on bail, it is important to follow any legal proceedings and advice from your lawyer. The fact-rule-chain does not provide specific guidance for your situation, so consulting legal counsel is advisable.",0.9486,36.7766,18.5489,2.8405,16.3811,15.0562,30.6933,5.4553,1.6994,0.9075,0.2419,15.2347,48.6965,48.9737,84.4916
150,"I paid money to builder for construction of building, against which he had agreed to sale flat at the agreed rate. Accordingly, he he had made an agreement in non-judicial stamp paper. After lapse of time, he did not sale the flat at the agreed rate, but agreed to refund my money with interest by an agreement in non-judicial stamp paper, and issued me cheques. Now I found that there in no money in his bank account. Then please advice me what I have to do now.( Kolkata, West Bengal )",NIA_138,NIA_138 -> cheque_bounce -> Negotiable Instruments Act 1881 -> PROC_CHEQUE_BOUNCE -> Q_9,"Dear sir/madamYou may follow the following procedure and you will get your money back.________________________________________Cheque bounce FAQs Negotiable Instruments Act1A. Amended Cheque Bounce Provisions- 143A & 148â¦what is it?Ans:  Section 143A- It empowers the Court to order the drawer of the cheque to pay Interim Compensation  - 20% - Without depositing this amount the accused cannot defend the case.Section 148 â It empowers the Appellate Court to order payment pending the appeal against convictionThe Appellate Court may order the appellant to deposit an amount which shall be a minimum of 20% of the fine or compensation awarded by the trial Court.This amount shall be in addition to the amount already paid by the appellant under Section 143A.It received the assent of the President and was notified in the Official Gazette on 02.08.20181. In which court do I need to file the complaint case under Section 138 N.I. Act in case drawer did not pay after receiving notice?A complaint case under Section 138 N.I. Act can be filed in any competent court in whose jurisdiction any of the following acts have occurred:a) Place of drawing of the cheque,b) Address of bank where cheque was presented (holders bank address),c) Address of bank where cheque is payable (drawers bank address)d) Place from where notice was received by drawer of chequea. It is possible that each of these four acts could have occurred at different localities. The complainant can choose any one the above places to determine jurisdiction of court where they wish to file complaint.2. What can I do if it has been more than 30 days since I received information of dishonour of cheque?If the cheque is still valid i.e. 3 months (currently) have not passed from the date of its issue, you can represent the cheque again to your banker as there is no restriction regarding the number of times a cheque can be presented and that every subsequent representation and dishonour gives rise to fresh cause of action for filing complaint. It may be noted that once a notice for payment is given then the holder must file a complaint under Section 138 N.I. Act within 30 days from expiry of notice period as a fresh cause of action will not arise if the cheque is presented again and it is dishonoured and failure to file complaint will lead to loss of remedy available under Section 138 N.I. Act.3. How long after notice has been served can I file a case against the drawer?After giving notice you need to file a complaint case against drawer under Section 138 N.I. Act within 30 days from the expiry of notice period i.e. 15 days. In other words you need to file complaint case against drawer within 45 days (15+30) from the date of issue of notice. Failure to do so will lead to loss of remedy under Section 138 N.I. Act; however, you can file a summary suit for recovery of money and initiate criminal proceedings under Section 420 I.P.C. within 3 years from date of issue of cheque.4. What can I do if I do not have the drawer's address?You need the address of the drawer of cheque to issue notice as contemplated under provisions of N.I. Act; also the address is necessary if you wish to avail other legal remedies available to you. You can send the notice to the last known address. In case the address of the drawer has changed and the drawer has not left a forwarding address and the notice is returned with the noting that addressee is not available at the address or addressee has left without leaving a forwarding address then you need to file a complaint case after 15 days (notice period) of receipt of such information or returned notice and within 30 days from expiry of notice period. Failure to do so will lead to loss of remedy under Section 138 N.I. Act; however, you can file a summary suit for recovery of money and initiate criminal proceedings under Section 420 I.P.C. within 3 years from date of issue of cheque5. What should I do if the notice was returned and could not be served to the drawer?When a notice is returned to the sender as unclaimed or with the noting that addressee is not available at the address or addressee has left without leaving a forwarding address then the date of receipt of such information or returned notice would be the commencing date for the notice period of 15 days. Complaint case under Section 138 N.I. Act must be filed within 30 days from expiry of notice period. Such reckoning would be without prejudice to the right of the drawer of the cheque to show that he had no knowledge that the notice was brought to his address or previous address.6. Can Kishan Retd judge Law Chambers assist in drafting of legal notice as required by Section 138 of N.I. Act.?Yes, Kishan Retd judge law Chambers offers assistance in drafting of legal notice as required by Section 138 of N.I. Act.7. How long after receiving information of dishonour of cheque do I have to serve notice to the drawer?You need to serve a legal notice to drawer of cheque demanding payment of cheque amount within 30 days of the receipt of information from your banker regarding dishonour of cheque under Section 138 N.I. Act.8. What if the cheque was given for a reason other than to discharge a legally enforceable debt or other liability?In cases where cheque was given for a reason other than to discharge a legally enforceable debt or other liability, the provisions of Section 138 N.I. Act are not applicable e.g. Cheque given as Gift, in charity, donation etc.9. Can a cheque issued in security attract offence under Section 138 N.I. Act?With respect to the dishonour of cheques given as security, legal position is not very clear. It is subject to presumption and proof thereof that may be given by either party in support of their case. High Court of Delhi in the case of M/s Datt Enterprises ltd. vs. V.K.Dua held that the security cheque does not attract the provisions of Section 138 N.I. Act., if cheques were given as a security cheque as per past practice and pending reconciliation of accounts and not towards discharge of any liability.10. What is a legally enforceable debt or other liability?Legally enforceable debt or other liability should be such which is contracted in accordance with law and which is not opposed to public policy viz., wagering contracts, debt obtained for running brothel or gambling house etc.","You may consider initiating a cheque bounce case under the Negotiable Instruments Act, 1881. This involves following the procedure for cheque bounce cases. It might be helpful to consult a legal professional for guidance.",0.0,66.7726,18.5489,2.8405,16.3811,15.0562,30.6933,5.4553,1.6994,0.9075,0.2419,15.2347,48.6965,48.9737,84.4916
151,"There is non congnizible case against me and my and father at homwtown under IPC 427,504,506,34 for damaging farm and abusing. That farm belong to my father with his brothers. Complaint registered by one of his brother's son. I work at diffrenet city hence no summons provided to us. 1) In that case will there be a bailable warrent against us? 2) As I work in diff city will that warrent go back to court and what may happen next? 3) How can I face this in high court under crpc 482 to cancel case 4) I dont trust any lawyer at my homtown. How can I decide to pay lawyer if he is from other city to travel, fees etc?( Pune, Maharashtra )",PROC_SCST_COMPLAINT -> PROC_FIR_FILING -> DP_3 -> CRPC_210,PROC_SCST_COMPLAINT -> PROC_FIR_FILING -> DP_3 -> CRPC_210 -> Code of Criminal Procedure 1973 -> Dowry Prohibition Act 1961 -> charge_sheet -> dowry_harassment,"Dear Sir,You may immediately approach High Court and you may get stay on such investigation.Please call me and take PAID legal consultancy on my mobile through the administrators of this website.","The fact-rule-chain does not directly address non-cognizable cases or bailable warrants. Generally, non-cognizable offenses require a court order for investigation, and warrants depend on court decisions. For legal strategy, consider consulting a lawyer who can advise on CrPC 482 and fees, even if they are from another city.",1.1449,45.1684,18.5489,2.8405,16.3811,15.0562,30.6933,5.4553,1.6994,0.9075,0.2419,15.2347,48.6965,48.9737,84.4916
152,"Sir ladayi huyi thi 2 parties me . Us ladayi me done parties ke people injured huye the.. police ne hamari f.i.r me hospital ke c.r number bi likhe the jo admit the.. but hamare ik bande to jada injurey huyi thi. Doctrs ne head opration kiya tha . Aur aj vi wo walk nahi kr skta. Doctrs 61? disiable certificate diya hai... But police ne dusri party se mil kr ..dusri party ki help ki... Dusri party ne f.i.r nahi karvayi.. aur police ne i.p.c 307 nahi i.p.c 308 laga dii.... Sir m puchna chah ta hu ke jab dono parties ke people injured ho.. aur  dono parties ke people hospital admit ho .. fir police ne i.p.c 308 kaise laga dhi...please mujhe bata do m kya karu aab( Rupnagar, Punjab )",CRPC_154 -> CRPC_156 -> CRPC_200 -> CRPC_210,CRPC_154 -> CRPC_156 -> CRPC_200 -> CRPC_210 -> fir -> PROC_SEXUAL_ASSAULT_COMPLAINT -> PROC_KIDNAPPING -> PROC_FIR_FILING,"à¤à¤à¤° à¤¤à¥à¤®à¥à¤¹à¥à¤ à¤²à¤à¤¤à¤¾ à¤¹à¥ à¤à¥ 308 à¤à¥ à¤à¤à¤¹ 307 à¤²à¤à¤¨à¥ à¤à¤¾à¤¹à¤¿à¤ à¤¥à¥, à¤¤à¥ à¤à¤¿à¤¸à¥ à¤à¤à¥à¤à¥ à¤µà¤à¥à¤² à¤à¥ à¤¸à¥à¤µà¤¾à¤à¤ à¤²à¥ à¤à¤° charge frame à¤à¥ à¤¸à¤®à¤¯ arguments à¤à¤°à¥, court à¤à¤¾à¤¹à¥ à¤¤à¥ 308 à¤à¥ 307 à¤®à¥à¤ à¤à¤¨à¥à¤µà¤°à¥à¤ à¤à¤° à¤¸à¤à¤¤à¥ à¤¹à¥ à¤²à¥à¤à¤¿à¤¨ à¤¯à¥ FIR/complaint à¤à¥ facts à¤ªà¤° depend à¤à¤°à¤¤à¤¾ à¤¹à¥IPC 307 à¤à¥ à¤à¤à¤¤à¤°à¥à¤à¤¤ private complaint à¤­à¥ à¤«à¤¾à¤à¤² à¤à¤° à¤¸à¤à¤¤à¥ à¤¹à¥","If you believe the police have not applied the correct charges, you can file a complaint with higher police authorities or approach the court. You may also consider consulting a legal professional for guidance on challenging the charges.",0.6891,40.7517,18.5489,2.8405,16.3811,15.0562,30.6933,5.4553,1.6994,0.9075,0.2419,15.2347,48.6965,48.9737,84.4916
153,"My girlfriend got married with me 2 years ago I have proof now she can't marry me due to her family's disapproval what should I do 8 years of love we still talk( Bankura, West Bengal )",IPC_354 -> DK_BASU_1997 -> JOGINDER_KUMAR_1994 -> PROC_DOWRY_HARASSMENT,IPC_354 -> DK_BASU_1997 -> JOGINDER_KUMAR_1994 -> PROC_DOWRY_HARASSMENT -> PROC_SEXUAL_ASSAULT_COMPLAINT -> Indian Penal Code 1860 -> ART_21 -> CRPC_482,"Dear Client,In this context, a recent verdict of the Supreme Court passed in the case of Dolly Rani Vs. Manish Kumar Chanchal Citation: 2024 SCC OnLine SC 754 may be referred to access the status of your case in the given scenario. The Supreme Court said that if a Hindu marriage is not performed following the applicable rites or ceremonies such as 'saptapadi' (taking seven steps by the groom and the bride jointly before the sacred fire), the marriage will not be construed as a Hindu marriage. The Court held that a marriage certificate is valid proof of Hindu marriage only when the marriage ceremony has been performed as per Section 7 of the Court observed that for a valid marriage under the Act, the requisite ceremonies have to be performed and there must be proof of performance of the said ceremony when an issue/controversy arise. Unless the parties have undergone such ceremony, there would be no Hindu marriage according to Section 7 of the Act and a mere issuance of a certificate by an entity in the absence of the requisite ceremonies having been performed, would neither confirm any marital status to the parties nor establish a marriage under Hindu law. In view of the above averment of the Apex Court, even if a marriage certificate is issued on registration of marriage under HMA, in the absence of performance of ceremonies or rites post-registration of marriage cannot be considered a valid marriage. Accordingly,   no legal remedy or relief is feasible in the matter even through litigation.","If your girlfriend is already married, she cannot legally marry you again. You may want to consider discussing the situation with a legal professional to understand your options. It's important to respect the legal boundaries and personal decisions involved.",0.007,38.9285,18.5489,2.8405,16.3811,15.0562,30.6933,5.4553,1.6994,0.9075,0.2419,15.2347,48.6965,48.9737,84.4916
154,"Sir, i applied for NEW  voters I D and corrections voters ID names And address with all their necessary documents, through my mobile No receiving O T P Number, is it illigal ?( Bangalore, Karnataka )",IPC_411 -> JOGINDER_KUMAR_1994 -> ARNESH_KUMAR_DIRECTIONS_2014 -> PROC_FORGERY,IPC_411 -> JOGINDER_KUMAR_1994 -> ARNESH_KUMAR_DIRECTIONS_2014 -> PROC_FORGERY -> theft -> Indian Penal Code 1860 -> ART_21 -> CRPC_482,"Dear client,This is illegal. You have to give their own number for the purpose of maintaining privacy. Your action is misleading and in violation of privacy",Applying for a voter ID and making corrections with necessary documents and OTP verification is generally a legal process. There is no indication from the fact-rule-chain that this action is illegal. Ensure all information provided is accurate and truthful.,4.7347,34.4128,18.5489,2.8405,16.3811,15.0562,30.6933,5.4553,1.6994,0.9075,0.2419,15.2347,48.6965,48.9737,84.4916
155,"Sir, my father had told the girl's family about the marriage. My father was known to the boy's family, so after seeing that, the girl's family got married...In this situation my father was mediator... Now the boy doesn't want to be with that girl because the boy likes another girl... So the girl's family is saying that they will file a police case against your father. Even if you knew, we got married to this boy... The truth is, my father didn't know that the boy likes another girl... Sir, what could have happened? Please help.( Ahmedabad, Gujarat )",DP_3 -> ART_39A -> IPC_182 -> HUSSAINARA_KHATOON_1979,DP_3 -> ART_39A -> IPC_182 -> HUSSAINARA_KHATOON_1979 -> ART_21 -> CRPC_482 -> PROC_SCST_COMPLAINT -> PROC_FIR_FILING,"Dear Sir,It is beyond the knowledge of your father about the love affair of that guy. If any complaint is lodged then your father may approach High Court and get a stay and ultimately such complaints may be quashed.","If the girl's family files a police case, it might involve allegations related to misleading information or coercion. However, if your father genuinely did not know about the boy's other relationship, it could be a defense against any claims of intentional wrongdoing. It may be helpful to seek legal advice to understand the situation better.",2.5888,62.4065,18.5489,2.8405,16.3811,15.0562,30.6933,5.4553,1.6994,0.9075,0.2419,15.2347,48.6965,48.9737,84.4916
156,"i bought a second hand car in second hand car showroom in november 2018.the showroom owner hasnât transferred to me and i have given a complaint in police station in march 2019 but they are not filed fir on that time. after two years showroom owner transferred to me in 2021febraury and i sold that car to x person in 2021 july. that x person wants to sell the car in 2023 february.but he failed to transfer to another person y. due to police filed a case u/s420ipc on showroom owner because showroom owner not given money to previous owner. so previous owner filed a case on showroom owner. so what should i have to do for car registration unblock from rto in andhra pradesh?( Vijayawada, Andhra Pradesh )",CRPC_154 -> CRPC_156 -> CRPC_200 -> CRPC_210,CRPC_154 -> CRPC_156 -> CRPC_200 -> CRPC_210 -> fir -> PROC_SCST_COMPLAINT -> PROC_KIDNAPPING -> PROC_FIR_FILING,"Dear Sir,You have to make a representation to the show room authorities and explain the situation to the Police so that you should be involved in future in the above case.","You may need to contact the RTO in Vijayawada to understand the specific reason for the block and provide any necessary documentation showing the car's transfer history. Since the issue involves a legal case, consulting with a legal professional might help clarify your position and next steps.",1.3846,23.4449,18.5489,2.8405,16.3811,15.0562,30.6933,5.4553,1.6994,0.9075,0.2419,15.2347,48.6965,48.9737,84.4916
157,"IN FIR mentioned dated and spot of crime I was not there .I was in my company and used finger thumb access used in office.
1) My dought is court which date will take an action , FIR date ?
2)Iam having Company my office thumb biometric report and attendance report is it enough for court ?( Chittoor, Andhra Pradesh )",CRPC_173 -> CRPC_205 -> CRPC_210 -> CRPC_216,CRPC_173 -> CRPC_205 -> CRPC_210 -> CRPC_216 -> charge_sheet -> fir -> Code of Criminal Procedure 1973 -> Q_484,"Dear Sir,You can take defence ALIBI that is not present at the spot when incident occur and thus get quashed FIR if you approach Hon'ble High Court under Section 482 of Cr.P.C.","The court will consider the FIR date as part of the proceedings. Your company's thumb biometric and attendance report can be presented as evidence, but the court will decide its sufficiency.",1.5803,37.379,18.5489,2.8405,16.3811,15.0562,30.6933,5.4553,1.6994,0.9075,0.2419,15.2347,48.6965,48.9737,84.4916
158,"Hello sir/madam, Sir one of my friend have filed a flase FIR stating that his house have been robbed and he have lost jewelry Worth 30 lakh.The police have found that no such robbery had happened.and the whole FIR was flase.he have been hiding from the police since 1 month. Now how can the police take action against him..or will the police just let him go by closing the case..can police take action against him for filling a false FIR.( Kolhapur, Maharashtra )",CRPC_154 -> CRPC_156 -> CRPC_200 -> CRPC_210,CRPC_154 -> CRPC_156 -> CRPC_200 -> CRPC_210 -> fir -> PROC_KIDNAPPING -> PROC_FIR_FILING -> PROC_SCST_COMPLAINT,Quash the FIR u/s 482 Crpc in the HC.,"The police can take action against your friend for filing a false FIR. Filing a false report is a serious offense, and the police may proceed with legal action based on their findings. It is unlikely they will just close the case without addressing the false report.",1.0104,1.9951,18.5489,2.8405,16.3811,15.0562,30.6933,5.4553,1.6994,0.9075,0.2419,15.2347,48.6965,48.9737,84.4916
159,"FIR registered in October and got ABA in sessions court in January 2024. 
After bail in court, IO visited for panchnama and 3 days later I was asked by IO in a call to visit the police station with witnesses for bail procedure. I followed the process at police station. It was then the IO handed a letter which stated that investigation is complete and I need to be in court for bail process next week. My lawyer back then advised to complete bail process in the court whenever we get a next date. However, for 3 months, there was nothing online about a case registered with our FIR number in the said magistrate court.

After 3 months, we got similar letter from IO stating that investigation is complete and we need to be at court with witnesses on 6th May.
This time , I visited the court and the clerk said that case gets filed when I come with witnesses to the court for bail process. Is this correct process?( Mumbai suburban, Maharashtra )",CRPC_154 -> CRPC_156 -> CRPC_200 -> CRPC_210,CRPC_154 -> CRPC_156 -> CRPC_200 -> CRPC_210 -> fir -> Code of Criminal Procedure 1973 -> PROC_KIDNAPPING -> PROC_SCST_COMPLAINT,"Dear Client,Your query does not provide enough clarity about the issue. It is important to know the cause of action in the said case to answer your question precisely. You can connect with your advocate for further recourse and guidance in the matter.Thank you.",The process described seems to involve steps related to the completion of investigation and court procedures for bail. The clerk's statement suggests that the case filing may be linked to your appearance with witnesses. It is advisable to follow the court's instructions and consult your lawyer for guidance.,4.1622,19.023,18.5489,2.8405,16.3811,15.0562,30.6933,5.4553,1.6994,0.9075,0.2419,15.2347,48.6965,48.9737,84.4916
160,"In my case Prosecution sanction has issued demanding money for recording Measurements Book, that was not my duty, while ACB challan has framed charges for demanding money for signing completion certificate. When and at what stage I should challenge it. How I can get benifits for this .( Jaipur, Rajasthan )",IPC_383 -> IPC_384 -> CRPC_173 -> CRPC_205,IPC_383 -> IPC_384 -> CRPC_173 -> CRPC_205 -> Code of Criminal Procedure 1973 -> Indian Penal Code 1860 -> charge_sheet -> extortion,"Dear Client,Under Section 19 of the Prevention of Corruption Act, 1988, sanction for prosecution is required for an offence punishable under Sections 7, 10, 11, 13, 15 of the Act, while under Section 197(1) Cr. P.C. sanction is required for an offence committed by a public servant while acting or purporting to act in the discharge of his official duty, and not otherwise. After the amendment of the Prevention of Corruption Act, in 2018, it significantly extended the provisions of PCA and gave it the required edge to tackle bribery/corruption involving commercial entities/private companies. According to Section 9 of the amended Act, a commercial organization can be held liable âif any person associated with such commercial organization gives or promises to give any undue advantage to a public servantâ with an intent to obtain or retain business or any advantage for that commercial organization. This provision covers all types of entities (including domestic companies, foreign companies, and partnerships) doing business in India. Thus, while the PCA, 1988 applied to public sector employees, the Act has been amended to encompass situations where private organizations and individuals can also be held accountable for indulging in corrupt practices. Further, the CBI investigates cases of corruption in compliance with the provisions of the Prevention of Corruption Act 1988, under the supervision of the Central Vigilance Commission (CVC). This can include cases of bribery, extortion, and other forms of corruption. The CBI has a special division called the Anti-Corruption Branch (ACB). This branch handles the investigation of corruption-related cases. The CBI can initiate suo moto investigations on the basis of information received from the public, the media, or other sources. CBI lays great emphasis on catching corrupt public servants who demand and take bribes. The process of catching such corrupt public servants red-handed while they demand and take bribes is popularly called the 'trap'. It is not a legal term. A set procedure has been devised in CBI to lay a trap against a corrupt public servant. The evidence collected during the process of trap is placed before the court along with the charge sheet and is quite important in securing the conviction of the public servant charged with corruption. So, given the proposition of relevant laws, you may choose the recourse/steps that suit your grievance most in the prevailing situation, If required, hire an experienced Advocate to navigate the issues in the right way.","You can challenge the charges at the stage of filing objections to the charge sheet, which is part of the process under the Code of Criminal Procedure 1973. It may be beneficial to highlight discrepancies between the charges and your actual duties. Consulting a legal professional for specific guidance on timing and strategy is advisable.",0.006,27.6492,18.5489,2.8405,16.3811,15.0562,30.6933,5.4553,1.6994,0.9075,0.2419,15.2347,48.6965,48.9737,84.4916
161,"Police gave call to come down to the Police Station for an Investigation I remember going into Wellness store and couple other stores and and stealing some Items like facewash , chocolate and protein powder The officer on the call told there was going to be an arrest now or then I didn't visit the PS then But now I am worried that I might get arrest just stolling the streets( Pune, Maharashtra )",CRPC_154 -> CRPC_156 -> CRPC_200 -> CRPC_210,CRPC_154 -> CRPC_156 -> CRPC_200 -> CRPC_210 -> charge_sheet -> PROC_KIDNAPPING -> PROC_SCST_COMPLAINT -> PROC_FIR_FILING,"Dear Client,A police officer cannot ask you to come to the police station by giving you a call. He must follow the conditions laid down under section 160 of CrPC. The summon must be issued to you in writing and must include the investigating Officerâs name, title, and address as well as information on the FIR and the offence.","If the police have called you for an investigation and mentioned an arrest, it is possible they may arrest you if they find evidence of theft. It is advisable to cooperate with the investigation process. Consider consulting a legal professional for guidance.",1.6431,37.2142,18.5489,2.8405,16.3811,15.0562,30.6933,5.4553,1.6994,0.9075,0.2419,15.2347,48.6965,48.9737,84.4916
162,"One person first l love him but she activities are not good she talking very bad and always she say give money so i leave but but she black mail me i  i come your house and i told all and relation this problem i( Vellore, Tamil Nadu )",IPC_383 -> IPC_384 -> IPC_415 -> IPC_417,IPC_383 -> IPC_384 -> IPC_415 -> IPC_417 -> cheating -> PROC_CHEATING_FRAUD -> extortion -> Indian Penal Code 1860,"Dear Client,If someone is blackmailing you by threatening to reveal your past relationship and demanding money, you should know that such actions are illegal under Indian law. Blackmail and extortion are criminal offenses under Section 383 and Section 384 of the Indian Penal Code. You have the right to protect yourself from such harassment. It is advisable to file a complaint with the local police, providing all the evidence of blackmail and threats. Additionally, you can seek the assistance of a lawyer to guide you through the legal process and ensure your safety and privacy. Do not give in to the demands, and let the authorities handle the situation.","If someone is threatening to reveal information to extort money, it may relate to extortion under IPC_383 and IPC_384. You might consider reporting this to the authorities. It's important to handle such situations carefully.",1.4584,65.5028,18.5489,2.8405,16.3811,15.0562,30.6933,5.4553,1.6994,0.9075,0.2419,15.2347,48.6965,48.9737,84.4916
163,"I am Dipa Mukherjee age is 59+ and my Brother in-law Arun Mukherjee continuously mentally and economically harassing me and my husband. My husband is a Senior citizen and seriously ill almost bedridden. My Brother in-law Arun Mukherjee taking that advantage. Previously he filed a false case against my husband and submit a false deed. We won that case 2017. Now we decided to give our house for promoting and Arun  Mukherjee  had taken Rs. 50,000 from promoters and he with that promoters together threatening us and blackmailing us. Gave us layer letter claiming Rs. 5 lack. Can I filled a 498a case against Arun  Mukherjee for this kind of harassment. Is there any age limit for filling this case? If I can't fill this case then how can I go further to fight against my brother in-law?( Kolkata, West Bengal )",CRPC_154 -> CRPC_156 -> CRPC_200 -> CRPC_210,CRPC_154 -> CRPC_156 -> CRPC_200 -> CRPC_210 -> fir -> PROC_KIDNAPPING -> PROC_SCST_COMPLAINT -> PROC_FIR_FILING,"Dear Madam,You may approach Assistant Commissioner of Revenue under the provisions of Senior Citizens Act through your husband and get immediate relief.=================================================================================http://socialjustice.nic.in/UserView/PrintUserView?mid=52569The Maintenance and Welfare of Parents and Senior Citizens Act 2007What are the important features of the Maintenance and Welfare of Parents and Senior Citizens Act 2007?Ans. The Maintenance and Welfare of Parents and Senior Citizens Act 2007 envisages providing need based maintenance to the parents/grand parents from their children. Tribunals will be set up for the purpose of settling the maintenance claims of the parents in a time bound manner. Lawyers are barred from participating in the proceedings of the Tribunals at any stage.The Maintenance and Welfare of Parents and Senior Citizens Act 2007 also contains enabling provisions like protection of life and property of senior citizens, better medical facilities, setting up of old age homes in every district, etc.What is the applicability of the Act?Ans. The Act extends to the whole of India except the State of Jammu and Kashmir and it applies also to citizens of India outside India (Section 1(2)).When will the Act come into force in the States?Ans. The Act come into force in a State on such date as the State Government may, by notification in the Official Gazette, appoint (Section 1(3)).Please take PAID phone call with me through VIDHIKARYA and get more legal guidance.","Filing a case under Section 498A is typically for harassment by a husband or his relatives towards a wife. Since Arun Mukherjee is your brother-in-law, this section may not apply directly. You might consider filing a complaint with the police or seeking legal advice for harassment and blackmail.",0.0039,36.086,18.5489,2.8405,16.3811,15.0562,30.6933,5.4553,1.6994,0.9075,0.2419,15.2347,48.6965,48.9737,84.4916
164,"I want to get examples of some cases in  which court has given punishment to the party and his lawyer for filing false affidavit in the court( Giridih, Jharkhand )",CRPC_317 -> IPC_182 -> DP_3 -> IPC_193,CRPC_317 -> IPC_182 -> DP_3 -> IPC_193 -> perjury -> Code of Criminal Procedure 1973 -> Dowry Prohibition Act 1961 -> Indian Penal Code 1860,"Filing false affidavit comes under section 191 of IPC and is punishable u/s 193 of IPC.Filing of false affidavit when the court has asked for an affidavit also draws the offence of contempt of court u/s 2 of contempt of court Act.Case Law: In the case of Murray & Co. v. Ashok Kr. Newatia, (2000) 2 SCC 367 : AIR 2000 SC 833, the Supreme Court held that a false statement deliberately made in an affidavit before the court amounted to contempt of court.Likewise, in the case of M.C. Mehta v. Union of India, (2003) 5 SCC 376 : 2003 Cri LJ 2045 : AIR 2003 SC 3469, the Supreme Court held that filing a false statement or false affidavit amounts to contempt of court.","The fact-rule-chain mentions IPC_193 and perjury, which relate to giving false evidence or fabricating false evidence in court. While specific cases from Giridih, Jharkhand, are not listed, filing a false affidavit can lead to punishment under these sections. The court may penalize both the party and the lawyer involved in such actions.",0.999,69.392,18.5489,2.8405,16.3811,15.0562,30.6933,5.4553,1.6994,0.9075,0.2419,15.2347,48.6965,48.9737,84.4916
165,"I am 75 years old, me and one member of my family have land in same survey no. We have been cultivating that land for generations in our allotted portion. In 2022 , that family member plowed sorghum in my allocated portion of land, we removed some of plants after few days. That man, with his money, he filed a criminal case against us in the police station and started harassing us, because the land owned by that man was not in a shape. Please note that this was his real intention behind filing criminal case.  and also, for several years he barely cultivates his portion of land. We could re-partion the land and give in his desired shape, but my portion will be shapeless. The police have issued summons to us. We are attending to the court every 2 months like the wrongdoers but they do not listen to our arguments at this stage.I have never been to the police station and court in my life. And I wasn't aware that I can goto high court and get this case squashed at that time. I and my family are suffering a lot from this wicked man.  My questions are, can we not plead in such a criminal case? How many years will the court ask me to attend the court? When will the judge hear our words? Can such a case not be dismissed? Your suggestion is very helpful to me and Thank you in advance.( Warangal, Telangana )",CRPC_154 -> CRPC_156 -> CRPC_200 -> CRPC_210,CRPC_154 -> CRPC_156 -> CRPC_200 -> CRPC_210 -> fir -> PROC_FIR_FILING -> PROC_CORRUPTION_COMPLAINT -> PROC_KIDNAPPING,"Dear Client,To address a false FIR/complaint filed against you, you can seek its quashing through a petition before the High Court under Section 482 of the Code of Criminal Procedure, 1973(replaced by Section 528 of the BNSS). The Sec.482 Cr. PC (Section 528 of the BNSS) empowers the High Court to dismiss an FIR or criminal proceedings against the accused. It is essential to prove to the court that the FIR was lodged with malicious intent to cause harm or inconvenience and is devoid of truth. The burden of proof rests on the petitioner. An application for the quashing of an FIR or criminal proceedings can also be filed before the High Court under Article 226 of the Constitution of India through a Criminal Miscellaneous Writ Petition invoking the extraordinary jurisdiction of the Court to quash an FIR or criminal proceedings. Speedy trial is a fundamental right implicit in the guarantee of life and personal liberty enshrined in Article 21 of the Constitution of India and any party to a litigation who is denied this right of speedy trial is entitled to approach the High Court under Article 226 of the Constitution of India to enforce such right.  Apart, you can put up an application before the trial Court praying for the transfer of your case to a Fast Track Court or Lok Adalat for speedy trial by expressing the reasons/causes in the application The Chief Justice of India has addressed the Chief Justice of all the High Courts across the country advising them to identify and dispose of cases on a priority basis in which persons above 65 years of age are involved. These include long pending cases of senior citizens, pensioners, and retired Government servants on a priority basis.","You may need to continue attending court as required until the case progresses. The judge will hear your side during the trial process. If you believe the case is unjust, you might consider seeking legal advice to explore options like filing a petition for dismissal.",0.0155,51.6997,18.5489,2.8405,16.3811,15.0562,30.6933,5.4553,1.6994,0.9075,0.2419,15.2347,48.6965,48.9737,84.4916
166,"Itâs been 1 years and 3 months since I have been released from jail ,  because of 3,19 gram of heroin, now Iâm going every month for court appearance, my question is  will I go to jail again after trial ? And why itâs so taking long time in HIMACHAL  SHIMLA( Shimla, Himachal Pradesh )",DP_3 -> SATENDER_ANTIL_BAIL_GUIDELINES_2022 -> IPC_494 -> SATENDER_ANTIL_2022,DP_3 -> SATENDER_ANTIL_BAIL_GUIDELINES_2022 -> IPC_494 -> SATENDER_ANTIL_2022 -> ART_21 -> CRPC_482 -> PROC_FIR_FILING -> PROC_SCST_COMPLAINT,"Dear Sir,In every State the Trials will take for a longer time due to heavy burden of cases, non-appearance of witnesses due to non service of summons etc. Be aware that allow it to be delayed so that witness may forget about what has happened really and thus you will get benefit of it.",The fact-rule-chain does not provide specific information about your case or the reasons for trial delays. Whether you will go to jail again depends on the trial outcome and the court's decision. Delays can occur due to various procedural reasons not detailed in the chain.,2.2028,50.91,18.5489,2.8405,16.3811,15.0562,30.6933,5.4553,1.6994,0.9075,0.2419,15.2347,48.6965,48.9737,84.4916
167,"My brother in law out matrimonial issue spoke to my parents in very abusive and filthy manner which is so shameful that we don't ever dare to repeat it, he does it often and threaten in aggressive way, we even have call recording of it. Now I want to file a legal case against him as it's a matter of dignity and self respect.( Wardha, Maharashtra )",CRPC_164 -> IPC_199 -> JOGINDER_KUMAR_1994 -> IPC_200,CRPC_164 -> IPC_199 -> JOGINDER_KUMAR_1994 -> IPC_200 -> Indian Penal Code 1860 -> Code of Criminal Procedure 1973 -> PROC_SEXUAL_ASSAULT_COMPLAINT -> perjury,"In my humble suggestion, yes you can go ahead and file a case against your brother in law with regard to his abusive behavior.",You may consider filing a complaint with the police regarding the abusive and threatening behavior. The call recordings could serve as evidence. It might be helpful to consult with a legal professional for guidance on the specific charges applicable under the Indian Penal Code.,2.1263,47.2062,18.5489,2.8405,16.3811,15.0562,30.6933,5.4553,1.6994,0.9075,0.2419,15.2347,48.6965,48.9737,84.4916
168,"During interrogation confession statement of thief not made on a front of magistrate which is not admissible in the court but Police involve my father in false case u/s 380,457 and 411 ipc i am apply for anticipatory bail in sessions court it is rejected then apply in high court chandigarh and get interim relief after that my father join investigation but police ask for recovery in court and anticipatory bail gets rejected if i don't get stolen property how to get recovered My father acquitted in 3 other criminal cases of u/s 379, 411 and 482 Police can do this only for political pressure because my property case is pending in the court. How to get anticipatory bail can i file court case because confession statement not admissible in court and why police interrogate my father and go for jail( Jalandhar, Punjab )",CRPC_161 -> CRPC_164 -> IEA_27 -> CRPC_167,CRPC_161 -> CRPC_164 -> IEA_27 -> CRPC_167 -> bail -> Code of Criminal Procedure 1973 -> PROC_SEXUAL_ASSAULT_COMPLAINT -> Indian Evidence Act 1872,"1. police can make anyone as accused on the basis of disclosure statement during interrogation,2. anticipatory allowed (interim relief) and canceled later on due to recovery not effected, if correct, you are advised to move DB against bail cancellation order,3. three cases, though acquittal, may be creating hurdles in getting bailcall for a complete understanding","If the confession was not made before a magistrate, it may not be admissible in court. Since anticipatory bail was rejected, you might consider consulting a legal professional for further options. The police can investigate, but any action should be based on evidence and legal procedures.",2.1774,63.8131,18.5489,2.8405,16.3811,15.0562,30.6933,5.4553,1.6994,0.9075,0.2419,15.2347,48.6965,48.9737,84.4916
169,"A man sexually exploited me under false promises of marriage. When I filed a complaint, the police facilitated a compromise to marry instead of registering an FIR. But then he refused and went missing so I filed a complaint reporting those events. The police sent me back saying they will register an FIR based on both the complaints but they registered only the second complaint under IPC 417, 420. When I asked why they did not register the offence of 376 I reported first, they said they will alter the section but after one month they are refusing. They have not yet remanded the accused either. What are my legal options now? How can I get 376 added?( Hyderabad, Telangana )",CRPC_154 -> CRPC_156 -> CRPC_200 -> CRPC_210,CRPC_154 -> CRPC_156 -> CRPC_200 -> CRPC_210 -> fir -> Code of Criminal Procedure 1973 -> PROC_KIDNAPPING -> PROC_SCST_COMPLAINT,You can file a petetion under section 482 crpc and you prayed in your petetion add section 376 IPC by your lawyer for the fair and impartial investigation in your consert high court Then you file the petetion attech all relaivent documents.,"You can approach the Magistrate under CRPC_156 to direct the police to investigate and register the FIR with the correct sections, including 376. Alternatively, you can file a private complaint under CRPC_200. If the police are not acting, these steps may help in getting the necessary legal action initiated.",3.5829,47.0132,18.5489,2.8405,16.3811,15.0562,30.6933,5.4553,1.6994,0.9075,0.2419,15.2347,48.6965,48.9737,84.4916
170,"My husband had a workmate before our marriage, she was in an abusive marriage as per her, and wanted divorce from her husband, as per the information we got she has multiple affairs due to sympathy, she use to make friends than try to have a comfort with them, and than all of a sudden her husband comes into picture threatening and abusing the boys..
Currently my husband is in worst stage, he doesn't sleep , cannot focus on work.

They are threatening him saying that you forced her into this, behla fusla kar you had an affair, even if you both had consent no body can prove it.
She will say what I want her to say in court.
They threatened me yesterday that they will destroy us and our families and we will have to bear the consequences.

I have had bad thoughts yesterday about us living, women can blame anyone known or unknown.
This is sick.( Delhi, Delhi )",DP_3 -> JOGINDER_KUMAR_1994 -> IPC_354 -> PROC_MAINTENANCE,DP_3 -> JOGINDER_KUMAR_1994 -> IPC_354 -> PROC_MAINTENANCE -> PROC_SEXUAL_ASSAULT_COMPLAINT -> Indian Penal Code 1860 -> dowry_harassment -> Dowry Prohibition Act 1961,"Dear client,Here are a few suggestions:Safety first: If you or your husband feel threatened or unsafe, consider reaching out to local authorities or law enforcement to report the threats and seek their guidance on how to ensure your safety.Seek legal advice: Consult with a lawyer who specializes in family law or domestic issues. They can provide guidance on how to navigate the situation, protect your rights, and take appropriate legal steps if necessary. They may advise you on collecting evidence, filing for a restraining order, or taking other legal actions to protect yourselves.Document evidence: Keep a record of any threats, abusive behavior, or incidents that occur. Preserve any evidence such as text messages, emails, or other communication that may be relevant to your case.Build a support network: Reach out to friends, family, or support organizations that can offer emotional support and guidance during this challenging time. Surrounding yourselves with trusted individuals can provide some comfort and help you through the process.Focus on self-care: It's important to prioritize your mental and emotional well-being. Consider seeking therapy or counseling to help you cope with the stress and emotions you may be experiencing.","It seems like your husband is facing threats related to allegations of an affair. If there are accusations of sexual assault or harassment, procedures under the Indian Penal Code 1860 and related acts like the Dowry Prohibition Act 1961 may apply. It might be helpful to seek legal advice to understand your options and rights.",0.1678,49.1031,18.5489,2.8405,16.3811,15.0562,30.6933,5.4553,1.6994,0.9075,0.2419,15.2347,48.6965,48.9737,84.4916
171,"How to i solving  loan summan problems?( Tiruppur, Tamil Nadu )",IEA_27 -> IPC_309 -> CRPC_302 -> IPC_354B,IEA_27 -> IPC_309 -> CRPC_302 -> IPC_354B -> Indian Penal Code 1860 -> Code of Criminal Procedure 1973 -> murder -> Indian Evidence Act 1872,"Hi,Appear before the court and ask for more time for repayment of the loan.","The fact-rule-chain provided does not directly address loan summons issues. It mainly relates to criminal law topics like murder and evidence. For loan summons problems, consider consulting a legal professional in Tiruppur, Tamil Nadu.",1.3339,53.6539,18.5489,2.8405,16.3811,15.0562,30.6933,5.4553,1.6994,0.9075,0.2419,15.2347,48.6965,48.9737,84.4916
172,"Once a criminal case of dishonoring land sale agreement is settled will it reflect in PCC for GC to USA( Kottayam, Kerala )",IPC_467 -> ICA_75 -> IPC_406 -> PROC_DEFAMATION,IPC_467 -> ICA_75 -> IPC_406 -> PROC_DEFAMATION -> criminal_breach_of_trust -> Indian Contract Act 1872 -> Indian Penal Code 1860 -> cheating,"Dear Sir,No, normally when the criminal cases are settled it should not be reflected in PCC.Please take PAID phone call with me through VIDHIKARYA and get more legal guidance.","If a criminal case is settled, it might still reflect in the Police Clearance Certificate (PCC) as it involves criminal matters. The fact-rule-chain mentions criminal breach of trust and cheating, which are serious offenses. It's best to check with local authorities for specific PCC details.",1.3297,73.3189,18.5489,2.8405,16.3811,15.0562,30.6933,5.4553,1.6994,0.9075,0.2419,15.2347,48.6965,48.9737,84.4916
173,"My brother got expired few months back. Police given statement as it is sucide due to issues with his wife. When he committed sucide/got  murdered, he and his wife is only there in the home and no one saw when he was hanging. Now we locked the house where he(my brother) was expired as it is one the prime evidence and conveyed/ raised our quiries to police even though PM is given as aspoxiya due to hanging, but they didn't given proper answer.
 
Meanwhile my brother's  wife enter the  entered house by breaking the lock with out any notice to us and locked it again with her lock. Now we are suspecting that, she trespassed to the the house to clean any evidence. Now also police not responding to this and saying that what can we do if a wife enter to her husband house.

How to proceed with this...?( Hyderabad, Telangana )",DP_3 -> IPC_448 -> IPC_494 -> JOGINDER_KUMAR_1994,DP_3 -> IPC_448 -> IPC_494 -> JOGINDER_KUMAR_1994 -> ART_21 -> CRPC_482 -> PROC_SCST_COMPLAINT -> PROC_FIR_FILING,"Hi,You can lodge a complain and ask the police to go for further investigation, if you are suspecting something. Until and unless you have such permissions you cannot lock the room and not ask your brother's wife to  not to enter into the house.Thanks.","You can consider filing a complaint with the police about the suspected trespass and tampering with evidence. If the police do not respond, you might explore legal options under CRPC_482 for seeking court intervention. It may also be helpful to consult a local lawyer for guidance specific to your situation.",2.673,46.4731,18.5489,2.8405,16.3811,15.0562,30.6933,5.4553,1.6994,0.9075,0.2419,15.2347,48.6965,48.9737,84.4916
174,"I have been a regular customer at this shop I would steal occasionally steal face wash and soaps etc The owner filed complaint against me I am worried this might distroy my career( Ratnagiri, Maharashtra )",DP_3 -> VISHAKHA_1997 -> IPC_120B -> PROC_CORRUPTION_COMPLAINT,DP_3 -> VISHAKHA_1997 -> IPC_120B -> PROC_CORRUPTION_COMPLAINT -> ART_14 -> CRPC_154 -> PROC_KIDNAPPING -> PROC_SCST_COMPLAINT,"Dear client,If it is a petty case, then compromise is allowed by the Court under section 320 of CrPC. Else, please defend yourself in Court with the help of a lawyer","Stealing from a shop can lead to a criminal complaint, which might affect your career. It's important to address the complaint seriously and consider seeking legal advice. The fact-rule-chain does not provide specific guidance for theft, so consulting a local legal expert could be beneficial.",1.1412,30.9197,18.5489,2.8405,16.3811,15.0562,30.6933,5.4553,1.6994,0.9075,0.2419,15.2347,48.6965,48.9737,84.4916
175,"Hello everyone, 

Due to an ongoing property dispute between my Mother and my Aunty (case pending in civil court) my Aunty has filed a FALSE FIR that my parents and I have threatened to kill her. Now, the local thana has, without any investigation and clarification, filed an FIR against us in IPC 294, 506 and 34 for which we have taken a Bail from Court in Gwalior, MP.

I want to know how and at what stage I can file a Defamation case against my Aunt ? Can I file the same in a Delhi Court ?( Delhi, Delhi )",CRPC_154 -> CRPC_156 -> CRPC_200 -> CRPC_210,CRPC_154 -> CRPC_156 -> CRPC_200 -> CRPC_210 -> fir -> PROC_DEFAMATION -> PROC_KIDNAPPING -> PROC_SCST_COMPLAINT,"Dear Client,You can file a defamation case in the same delhi court itself.A false case is often initiated by someone against another person as a means of tormenting someone they hold enmity or personal grudges against. This malicious act aims to defame the innocent victim, subjecting them to societal shame and character assassination, regardless of whether the false case is dismissed or the victim is acquitted. To seek compensation for the defamation caused by the false case, the victim has the option to file a civil suit under Section 19 of the Code of Civil Procedure, 1908. Additionally, the victim can file a criminal defamation case against the accuser under Section 499 r.w. Section 500 of the Indian Penal Code, 1860, which carries a punishment of imprisonment for up to two years, a fine, or both.","You can consider filing a defamation case under PROC_DEFAMATION. The stage to file may depend on the progress of the current proceedings. Filing in a Delhi court might be possible, but jurisdictional rules should be checked.",0.4239,80.1901,18.5489,2.8405,16.3811,15.0562,30.6933,5.4553,1.6994,0.9075,0.2419,15.2347,48.6965,48.9737,84.4916
176,"I was caught for drink and drive 3 years ago in gurgaon..i didnt go on court date till now..i dont have license from that time and it is showing blocked and seized..what should i do to get back my license.it is a very old matter( Gurgaon, Haryana )",JOGINDER_KUMAR_1994 -> PROC_DEFAMATION -> DP_3 -> ARNESH_KUMAR_DIRECTIONS_2014,JOGINDER_KUMAR_1994 -> PROC_DEFAMATION -> DP_3 -> ARNESH_KUMAR_DIRECTIONS_2014 -> CRPC_41 -> Code of Criminal Procedure 1973 -> dowry_harassment -> Dowry Prohibition Act 1961,"Hi client,I think your driving license is with the court. Contact an advocate immediately and get back your license. This rule varies according to the state. You might get the license without any court proceedings from the Motor Vehicle Departments. Or apply for a new license.Thanks",You should contact the court in Gurgaon to address the pending matter. Resolving the case may help in unblocking and retrieving your license. Consider consulting a legal professional for guidance on the process.,3.831,57.9798,18.5489,2.8405,16.3811,15.0562,30.6933,5.4553,1.6994,0.9075,0.2419,15.2347,48.6965,48.9737,84.4916
177,"My brother signed in a sub magistrate court as witness for his friend's friend of not been violating a law for 2 years who was prisoned for 6 months under goonda section. My brother is a student of age 21 . Will there be any problem or issues on his future?( Pudukkottai, Tamil Nadu )",DP_3 -> PROC_REGULAR_BAIL -> IPC_489A -> DK_BASU_GUIDELINES_1997,DP_3 -> PROC_REGULAR_BAIL -> IPC_489A -> DK_BASU_GUIDELINES_1997 -> CRPC_167 -> Code of Criminal Procedure 1973 -> Dowry Prohibition Act 1961 -> bail,"Hi,no one can be punished for someone else's offence.you brother only signed as a witness, he did not commit the offence, so his future is secure.","Based on the fact-rule-chain, your brother acting as a witness should not directly cause future problems for him. However, involvement in legal matters can sometimes have unforeseen implications. It's advisable to ensure he understands his role and any potential responsibilities.",4.5256,66.7433,18.5489,2.8405,16.3811,15.0562,30.6933,5.4553,1.6994,0.9075,0.2419,15.2347,48.6965,48.9737,84.4916
178,"Wife and daughter are making wrong allegations on extra marital affairs and filing wrong police complaints for violence. Wife has also not allowing husband enter his own house and and not allowing meeting 12 year old son.  Husband wants to first issue a legal notice documenting all these points to legally remind her the provisions of the various acts and take action against her . After that this legal notice shall be used to file anticipatory bail. Husband also wants to put a defmation suit. Please advise  what should be done.( Mumbai suburban, Maharashtra )",IPC_499 -> IPC_500 -> CRPC_438,IPC_499 -> IPC_500 -> CRPC_438 -> Code of Criminal Procedure 1973 -> PROC_ANTICIPATORY_BAIL -> anticipatory_bail -> Indian Penal Code 1860,"Dear client,For instituting a complaint of defamation under section 499 of the IPC, the abusive words are required to be uttered against you in public. If the words have been uttered behind closed doors, it cannot be defamation. You can file suit for divorce","The husband can consider issuing a legal notice to document the allegations and remind the wife of relevant legal provisions. He may then use this notice to support an application for anticipatory bail under the Code of Criminal Procedure 1973. Additionally, he can explore filing a defamation suit under IPC sections 499 and 500.",1.2709,61.9348,18.5489,2.8405,16.3811,15.0562,30.6933,5.4553,1.6994,0.9075,0.2419,15.2347,48.6965,48.9737,84.4916
179,I give my salary certificate as surety to my friend for ksfe kury. He not pay the amount. I remit the amount and close the kury. Can i file a criminal case against him??? what is the procedure. How my money given back??,IPC_427 -> SATENDER_ANTIL_BAIL_GUIDELINES_2022 -> PROC_CHEATING_FRAUD -> DP_3,IPC_427 -> SATENDER_ANTIL_BAIL_GUIDELINES_2022 -> PROC_CHEATING_FRAUD -> DP_3 -> dowry_harassment -> Indian Penal Code 1860 -> mischief -> Dowry Prohibition Act 1961,Yes. You can demand by issuing notice & file a suit for recovery as per the  provisions of law.,The fact-rule-chain does not directly address your situation. You may consider consulting legal advice to explore options like filing a civil suit for recovery of money. Criminal proceedings might not be applicable based on the provided chain.,4.9809,57.5059,18.5489,2.8405,16.3811,15.0562,30.6933,5.4553,1.6994,0.9075,0.2419,15.2347,48.6965,48.9737,84.4916
180,my colleague had taken from me 1 lakhs of rupees on 12.2015.but still he did not return me the said amount.recently he give me a cheque on 03.05.18 which is also bounced from bank . can i file a case at consumer forum????,PROC_CHEQUE_BOUNCE -> NI_ACT_AMENDMENT_2018 -> IPC_199 -> IPC_427,PROC_CHEQUE_BOUNCE -> NI_ACT_AMENDMENT_2018 -> IPC_199 -> IPC_427 -> mischief -> Indian Penal Code 1860 -> perjury -> NIA_138,"Listen it is a criminal case. steps are....1. Issue legal notice within 30 days to your friend through your advocate....2. After that file a criminal complaint under section 138 NI act, 420 IPC....nothing to do with consumer forum....","You can consider filing a case under the Negotiable Instruments Act, specifically NIA_138, for the bounced cheque. The consumer forum may not be the right place for this issue. It's advisable to consult a legal expert for guidance on the appropriate legal action.",1.945,44.9248,18.5489,2.8405,16.3811,15.0562,30.6933,5.4553,1.6994,0.9075,0.2419,15.2347,48.6965,48.9737,84.4916
181,"My sister was harassed by one of her known friend. The boy use to stop her on roads, have broken her phone & was giving threats to her about her life and mine. 
we did fir in which sec 354, 427, 506 were applied. we have voice recording of this person in which he is continuously trying to harres ous. Further we have a written piece of paper on which the boy himself wrote that he will not do any thing in future, but he did tryed to contact my sister. 
I want this person to be in such a way that he is legally bound by law & can never contact ous.",CRPC_154 -> CRPC_156 -> CRPC_200 -> CRPC_210,CRPC_154 -> CRPC_156 -> CRPC_200 -> CRPC_210 -> fir -> PROC_FIR_FILING -> PROC_SCST_COMPLAINT -> PROC_KIDNAPPING,"Hi,When FIR U/S 354,427 & 506 IPC is Registered you have to fallow the case with Criminal advocate. In Criminal case only punishment to the accused no Cost,Damages or Losses. You have to file a Civil Case in the respective jurisdiction.Advocate","You have already filed an FIR under sections 354, 427, and 506. The voice recording and written statement can be used as evidence. To ensure he is legally bound, you may consider seeking a restraining order through the appropriate legal channels.",2.2797,45.6847,18.5489,2.8405,16.3811,15.0562,30.6933,5.4553,1.6994,0.9075,0.2419,15.2347,48.6965,48.9737,84.4916
182,"A person came to my cousin marriage in 2016 nov 6 with my friend after that he sent a req on Fb I saw it on 17 nov 2016 after That daily he chatted about normal things we met first time normally on 31st dec 2017 for new yr after that In April 2017 he chatted about love and marriage I said Iâm elder than you and our caste are different will your family agree he Said there is no pblm He asked in your home I said they donât agree then We run away and get marry I asked after some days if u leave me then he said if u donât trust then leave it then i said if we got fight then u leave like that i said i asked about earning he said listen Iâm a designer till July he talking about u like me u trust me or not in aug he called me he talked about this and strongly said yes I want to marry you then Iâm confirmed Iâm loving him after that we met outside on oct17 2020 he kissed on my hand and I kissed on her cheek and he tried to lip to lip kiss but i stopped after next day normally we are talking and he normally said I dint met you I said normally slap with footwear for he got angry and block me after that Iâm contacting through texts After that Iâm trying to talk about this he talks to me but dint give clarity He asks me to meet but i dint in 2018 aug he saw me and called to meet so I met to talk him so he said nothing becoz of ur calling Iâm ignoring thatâs it I asked about marriage my brother is there after that i will marry will u wait I said yes after he kissed me lip to lip and touched my body after in 2019 he calls asks for going anywhere I said I canât whenever he calls he asks to meet in 2020 from Jan he is not talking when I called him continuously he called and said donât text me I donât like why what is the Reason I asked he said I donât say he know Iâm waiting for him after 2 yrs he said so I started enquiring about him with his friends so they inform him and he called me and giving warning Iâll go to police station or ill come to home I said do whatever u want but I wonât leave you Iâm asking if u donât want to marry y did u said love and marriage and promised Now he is lining and refusing I have proofs of fb chat what he talked to me no what should I do becoz I want to marry him if I do police complaint what will happen so Iâm stepping if I get clarity after giving complaint i get justice of get marry him means Iâll proceed please sugesst me what to do( Hyderabad, Telangana )",CRPC_125 -> HMA_9,CRPC_125 -> HMA_9 -> PROC_MAINTENANCE -> Hindu Marriage Act 1955 -> Code of Criminal Procedure 1973 -> maintenance,If he's not ready to marry with you then need to approach local police station and register your complaint against them immediately.,"The fact-rule-chain does not directly address your situation about marriage promises or police complaints. It mainly covers maintenance and related procedures under the Hindu Marriage Act and Code of Criminal Procedure. For specific legal advice, consider consulting a legal professional.",1.2444,45.9928,18.5489,2.8405,16.3811,15.0562,30.6933,5.4553,1.6994,0.9075,0.2419,15.2347,48.6965,48.9737,84.4916
183,"I was charged u/s 406/407/408/409/420/467/468/471/120B and sacked from my service. After 11 years I am aquitted from the court for  no evidence.  After dismissal from service I had filed case in Labour Court, but the judgement passed against me. I have challanged the judgment in High Court. Under many SC judgment, it was passed that after aquital in criminal case internal investigation was dropped. Can I file a case in the Lower Court for reinstatement ?( Purba Singhbhum, Jharkhand )",PROC_KIDNAPPING -> PROC_SCST_COMPLAINT -> PROC_CHEQUE_BOUNCE -> PROC_REGULAR_BAIL,PROC_KIDNAPPING -> PROC_SCST_COMPLAINT -> PROC_CHEQUE_BOUNCE -> PROC_REGULAR_BAIL -> CRPC_154 -> PROC_FIR_FILING -> PROC_SEXUAL_ASSAULT_COMPLAINT -> Code of Criminal Procedure 1973,The way judicial system works that you should first approach your organization with the court order and give a representation to reinstate. If they do not take you back then you can file a case against them. Without giving them a chance of redressal the court will not entertain your case.,The fact-rule-chain does not directly address reinstatement after acquittal. You may consider consulting legal advice to explore filing a case for reinstatement. The outcome may depend on specific circumstances and applicable legal precedents.,1.8115,48.8442,18.5489,2.8405,16.3811,15.0562,30.6933,5.4553,1.6994,0.9075,0.2419,15.2347,48.6965,48.9737,84.4916
184,"I have filed a petition under 482 of CrPC to quash or set aside the charges against me on 30.01.2018.
The high court admit my petition and directed to the CBI to file counter affidavit with in four weeks. But CBI has not file counter affidavit and it is still pending . That after 30.01.18 the cas has been listed once in 17.05.18 but not heard by hobble court. After that two listing application has been filed and case listed on 31.07.18 and 24.08.18 but it is neither admitted not heard by court.
Being a innocent I am very depressed because advance bail may not taken in u.p.. kindly advice me what can I do in such circumstances sothat I can obtain justice. And what ground should be raised in listing application. I'll very thankful to you.( Lucknow, Uttar Pradesh )",CRPC_167 -> CRPC_397 -> CRPC_439 -> CRPC_482,CRPC_167 -> CRPC_397 -> CRPC_439 -> CRPC_482 -> PROC_FIR_FILING -> PROC_ANTICIPATORY_BAIL -> PROC_SCST_COMPLAINT -> bail,"Dear Sir,It is better to seek interim order in the High court itself restraining the police from arresting you, it has vast discretionary powers under section 482.","You have filed a petition under CrPC 482, and the case is pending due to the CBI not filing a counter affidavit. You may consider following up with the court for a hearing date or seek legal advice on further steps. For anticipatory bail concerns, consult a local lawyer familiar with Uttar Pradesh procedures.",1.12,47.0579,18.5489,2.8405,16.3811,15.0562,30.6933,5.4553,1.6994,0.9075,0.2419,15.2347,48.6965,48.9737,84.4916
185,"om
 Hello sir. 
Some peoples atack on me 5 feb 2017. I had head injury and docters take opration . But today am disiable . Do not walk . And p.g.i give me disable certificate .  But police can not throw case in court . Chalan ni pesh hoeya hun tak. Naa police ne ipc 307 lagayi .. te naa ipc 34 ... Today am on bed full day ... But no body help me .. my fir numbr is 0027 f.i.r date - 5 feb 2017 . Police station - kurali district - mohali state - punjab 
Please advice me .. help me",CRPC_154 -> CRPC_156 -> CRPC_200 -> CRPC_210,CRPC_154 -> CRPC_156 -> CRPC_200 -> CRPC_210 -> fir -> PROC_FIR_FILING -> PROC_KIDNAPPING -> PROC_SCST_COMPLAINT,"Nowadays victims of crime have many remedies after changes were made in CrPC in 2008.Firstly you can write a letter to  member secretary district legal services  authority mohali district  court complex for seeking legal help of a advocate at state expense free of cost .Also send a copy to secretary high court legal services committee punjab and haryana high court building ground floor sector 1 Chandigarh. In the letter addressed to member secretary district legal services authority u ask for medical assistannce u/s 357A crpc.In the letter addressed to secretary high court legal services committee u ask for legal aid to file a writ petition before the high court for speedy investigation.There will be requirement for you to attended court hearings compulsorily. But if u can go to high court, it will be better.After the high court issues notice on the writ petition, the police shall have to expedient filling of challan.","You can check the status of your FIR and follow up with the police station for updates on the investigation. If there is no progress, you might consider filing a complaint with higher authorities or seeking legal assistance to ensure the case is properly addressed.",0.314,45.4705,18.5489,2.8405,16.3811,15.0562,30.6933,5.4553,1.6994,0.9075,0.2419,15.2347,48.6965,48.9737,84.4916
186,"The mob of around 100 Scheduled caste persons buried a dead body which belongs to my own agriculture land,I have all the documents which are belongs to the land.
I filed a FIR against the persons involved,later one of the accused person who is in FIR filed SC atrocity case against my entire family.
Could you please Help me on this ,what we can do in this case according to law.( Nalgonda, Telangana )",CRPC_154 -> CRPC_156 -> CRPC_200 -> CRPC_210,CRPC_154 -> CRPC_156 -> CRPC_200 -> CRPC_210 -> Code of Criminal Procedure 1973 -> PROC_KIDNAPPING -> PROC_SCST_COMPLAINT -> PROC_FIR_FILING,That is happening and misuing the provisions of Atrocity Act. You have hire senior criminal advocate and get stay in High Court saying it is counter blast fake FIR as your FIR is first one.Please give me Rank 5 if you feel my answer helped you,"You have filed an FIR, which is a step under the Code of Criminal Procedure. If an SC/ST atrocity case is filed against your family, it is important to address it legally, possibly by seeking legal counsel. The procedures under the Code of Criminal Procedure and specific provisions for SC/ST complaints will guide the next steps.",2.1209,56.1604,18.5489,2.8405,16.3811,15.0562,30.6933,5.4553,1.6994,0.9075,0.2419,15.2347,48.6965,48.9737,84.4916
187,"What is the validity of Anticipatory Bail? Valid till chargesheet been filed ?( South Andaman, Andaman and Nicobar )",CRPC_173 -> CRPC_205 -> CRPC_210 -> CRPC_216,CRPC_173 -> CRPC_205 -> CRPC_210 -> CRPC_216 -> Code of Criminal Procedure 1973 -> charge_sheet -> fir -> Q_484,It's valid till your presences in courtAsk vidhikarya,"The validity of anticipatory bail is not explicitly defined in the fact-rule-chain provided. Generally, it remains valid until the chargesheet is filed or the court decides otherwise. Specific conditions may vary based on the court's order.",1.0925,36.9378,18.5489,2.8405,16.3811,15.0562,30.6933,5.4553,1.6994,0.9075,0.2419,15.2347,48.6965,48.9737,84.4916
188,"Fraud Case/FIR was lodged in 376, 315 and 420, NBW was issued, accused is in HC for Anticipatory bail, complainant did medical and gave statements.

Now, Complainant ready to take down the case as its already 4-5 months and all are fed up.

Please advise what is the fastest/easiest legal way to finish this. This should be done from Police station or Court or both ?
Does the complainant needs to give the affidavit in court and police station or both?
For expunge, what will be the process ?( Hyderabad, Telangana )",CRPC_154 -> CRPC_156 -> CRPC_200 -> CRPC_210,CRPC_154 -> CRPC_156 -> CRPC_200 -> CRPC_210 -> fir -> PROC_KIDNAPPING -> PROC_FIR_FILING -> PROC_SCST_COMPLAINT,"Dear client,Withdrawal of case 8s not simply possible, bcz section 376 has been part of FIR, if girl has given consent that what has happened has been with her consent, and Fir has not been lodged by her by any body else. Then case may be dismissed before charge framed.You may take consultancy onlIne for more in detail discussion and legal advices.Thanks","The complainant may need to approach both the police station and the court to express their intention to withdraw the complaint. An affidavit might be required in both places to formalize this intention. The process to expunge or close the case will depend on the court's and police's procedures in Hyderabad, Telangana.",0.8671,38.5263,18.5489,2.8405,16.3811,15.0562,30.6933,5.4553,1.6994,0.9075,0.2419,15.2347,48.6965,48.9737,84.4916
189,"My friend wife filed a flase case about attempted to murder a women against him and also all his family members.How to deal with this case i want to close this case please give some suggestions what to do as we don't have any proof against his wife as she is very clever than us.( Howrah, West Bengal )",CRPC_154 -> CRPC_156 -> CRPC_200 -> CRPC_210,CRPC_154 -> CRPC_156 -> CRPC_200 -> CRPC_210 -> charge_sheet -> PROC_KIDNAPPING -> PROC_FIR_FILING -> PROC_SCST_COMPLAINT,Go to the high court under section 482 if crpc for   quashing FIR against u,"Your friend can consider filing a complaint under CRPC_154 to initiate an investigation. If the case proceeds, CRPC_200 allows for examination of the complainant and witnesses. Consulting a legal professional for guidance on the specific situation is advisable.",1.124,41.2822,18.5489,2.8405,16.3811,15.0562,30.6933,5.4553,1.6994,0.9075,0.2419,15.2347,48.6965,48.9737,84.4916
190,"I caught in a Drunk & drive case . Police has given me a memo mentioning date to present in court. Is it possible to present in a court on a date other than that either earlier or later? Is it possible that any lawyer will represent in court on my behalf ? What is the minimum fine that have to pay in pune for that( Pune, Maharashtra )",DP_3 -> PROC_DEFAMATION -> ARNESH_KUMAR_DIRECTIONS_2014 -> IPC_499,DP_3 -> PROC_DEFAMATION -> ARNESH_KUMAR_DIRECTIONS_2014 -> IPC_499 -> Indian Penal Code 1860 -> dowry_harassment -> Dowry Prohibition Act 1961 -> defamation,Dear client no need to worry about it.if that was your first offense then judge impose fine on you,"The fact-rule-chain does not provide specific information about drunk driving cases or court appearances. Generally, you should follow the date given by the police unless the court allows a change. A lawyer may represent you, but it's best to confirm with local legal advice.",1.0529,36.2253,18.5489,2.8405,16.3811,15.0562,30.6933,5.4553,1.6994,0.9075,0.2419,15.2347,48.6965,48.9737,84.4916
191,"My name is karthik. I was married on 2016.after marriage i have affair with another girl (SC cast)who worked as my co staff. We had sexual intercourse many times.she knows that am already married.  She forced me to marry her but i refused. The girls parents arranged marriage for both by threatening me. Since that i was absconded The girl was filed case against me & my parents under mentioned sec.420,417,506(2),496 on feb 19th 2018.After that till now am in abscond. My parents was arrested with the same sec and remanded by police.my parents are aged 55&60.I approach advocate to get bail for us. He took bail for my parents with some condition.after condition bail he put relaxation petitions then they relived from condition bail. My advocate tried bail for me two times directly in high Court. But my bail application was rejected by high Court bcs the girl put some petition that me n the girl had sexual intercourse before the marriage. Till now am in abscond. Now police was came to my wife's house for searching me without any warrant.they threaten me to give 50lakhs for settlement.police said they will go to my brother home n took my brother to station for getting me surrender. I need suggestion. They have rights to arrest my brother for getting surrender me. Can i surrrender myself or continues abscond.is there any problem for absconding.help to sort out this issue.( Chennai, Tamil Nadu )",CRPC_154 -> CRPC_156 -> CRPC_200 -> CRPC_210,CRPC_154 -> CRPC_156 -> CRPC_200 -> CRPC_210 -> Code of Criminal Procedure 1973 -> PROC_KIDNAPPING -> PROC_SCST_COMPLAINT -> PROC_FIR_FILING,you first surrender before the competent court,"It is generally advisable to surrender to the authorities rather than continue absconding, as absconding can lead to further legal complications. The police typically need a warrant to arrest someone, but they may have other legal means to compel your surrender. It is important to consult with your advocate for specific legal advice on your situation.",0.7068,50.85,18.5489,2.8405,16.3811,15.0562,30.6933,5.4553,1.6994,0.9075,0.2419,15.2347,48.6965,48.9737,84.4916
192,"I am suffering from bipolar disorder with an outbreak of psychosis in which a person has delusions and hallucinations. In May 2020 during my psychosis breakdown, I sent sexually explicit messages to one of my seniors ( a lady officer).

I was under the delusion that she along with the departmental head is plotting against my life. Now the department on her complaint is implicating me under the provisions of the POSH Act, 2013.

I have sought defense that I am having a bipolar disorder with an outbreak of psychosis and produced discharge and follow-up certificates and documents of PGI, Chandigarh, but the administration is not accepting my plea.

The administration is not accepting my plea of mental illness and it turned down my plea. The administration is of the opinion that when I can use the internet and laptop then my plea of psychosis is not admissible.( Chandigarh, Chandigarh )",VISHAKHA_1997 -> DP_3 -> PROC_CHEQUE_BOUNCE -> PROC_SCST_COMPLAINT,VISHAKHA_1997 -> DP_3 -> PROC_CHEQUE_BOUNCE -> PROC_SCST_COMPLAINT -> Dowry Prohibition Act 1961 -> dowry_harassment -> ART_14 -> CRPC_154,"Hi,More information regrading the facts of the case are required so as to help you out.However, you may present the medical certificates before the inquiry committee.If you find this answer helpful, please rate us.","The administration is not accepting your plea of mental illness in the context of the POSH Act, 2013 complaint. The fact-rule-chain does not provide specific guidance on mental illness defenses in such cases. It may be beneficial to seek legal advice to explore your options further.",2.124,25.1843,18.5489,2.8405,16.3811,15.0562,30.6933,5.4553,1.6994,0.9075,0.2419,15.2347,48.6965,48.9737,84.4916
193,"Sir,
I have been honey trapped for last 1 year. when I got to know then I asked the money which I have given her and her friend then girl threten me for blackmailing and making rape charges against me. I don't know what to do?( Gurgaon, Haryana )",IPC_383 -> IPC_384 -> IPC_415 -> IPC_417,IPC_383 -> IPC_384 -> IPC_415 -> IPC_417 -> cheating -> extortion -> PROC_CHEATING_FRAUD -> Indian Penal Code 1860,"Dear Client,First of all you will have to make an application to the local police station highlighting the fact of the honey trap alongwith the evidence (digital or non digital) if any. Please do not forget to get a received copy with the sign and seal of the respective police station.Along with this you have to file a cybercrime complaint in cyber cell along with proper evidence and complaining about blackmailing.","You might be dealing with a situation involving extortion or cheating, as outlined in IPC sections like 383 and 415. Consider reporting the matter to the local authorities in Gurgaon, Haryana. They can investigate and provide guidance based on the Indian Penal Code 1860.",2.2468,41.204,18.5489,2.8405,16.3811,15.0562,30.6933,5.4553,1.6994,0.9075,0.2419,15.2347,48.6965,48.9737,84.4916
194,"I have been summoned by CBI Court CMM Rouse Avenue, New Delhi as Accused in a case referred above. Court has asked me to appear in person or through Lawyer. I have no idea about the procedures.  Kindly advise me the possible way to go about it. Investigation was carried betn 2010 to 2012.( Ahmedabad, Gujarat )",PROC_SCST_COMPLAINT -> CRPC_317 -> POCSO Act 2012 -> JOGINDER_KUMAR_1994,PROC_SCST_COMPLAINT -> CRPC_317 -> POCSO Act 2012 -> JOGINDER_KUMAR_1994 -> ART_21 -> CRPC_482 -> PROC_FIR_FILING -> bail,"Dear Client,Consult an advocate and appear through him on the date mentioned on the summon copy.Thanks.",You can appear in person or have a lawyer represent you in the CBI Court. It's important to follow the court's instructions and attend as required. Consider consulting a lawyer for guidance on the procedures and your options.,2.4495,41.2763,18.5489,2.8405,16.3811,15.0562,30.6933,5.4553,1.6994,0.9075,0.2419,15.2347,48.6965,48.9737,84.4916
195,"4 persons  armed with sword entered a house and assaulted X living there . They compelled Y another inmate of the house on pain of death to catch hold of the hands of X so that he couldn't struggle and then beheaded X , Y was sent up with the other four persons for protection under section 302 with the aid of section 34 of IPC . Can Y be held guilty and convicted of that offence or of any other minor offence?( Bangalore, Karnataka )",ART_39A -> IPC_148 -> DP_3 -> IPC_448,ART_39A -> IPC_148 -> DP_3 -> IPC_448 -> Indian Penal Code 1860 -> Dowry Prohibition Act 1961 -> dowry_harassment -> CRPC_125,Y under the fear of instant death or grievous injury has done such act as such he will be acquitted. He has no mens rea in his mind to commit any offense. Let your experienced advocate get him discharged.,"Y may be held guilty if it is proven that he shared the common intention with the others to commit the crime, as per section 34 of IPC. If Y acted under duress without intent, he might be considered for a lesser charge. The final decision would depend on the court's assessment of Y's intent and involvement.",1.8295,38.7487,18.5489,2.8405,16.3811,15.0562,30.6933,5.4553,1.6994,0.9075,0.2419,15.2347,48.6965,48.9737,84.4916
196,"my husband submitted false evidences in family court to get order in his favor and same has happened. now my present advocate said to file application under section 340 but Chief jmfc refused to take application and family court said the case is over so he can not do anything. so what to do?( Navsari, Gujarat )",IPC_182 -> IPC_191 -> IPC_192 -> IPC_193,IPC_182 -> IPC_191 -> IPC_192 -> IPC_193 -> Indian Penal Code 1860 -> perjury -> IPC_384 -> extortion,"Dear client,we would advise you to file an appeal and in addition prosecute your husband under section 193 of IPC for giving/fabricating false evidence","If false evidence was submitted, it may relate to perjury under IPC sections like 191, 192, or 193. Since the family court case is over, you might need to explore other legal avenues or consult your advocate for further steps. Consider discussing options like filing a separate complaint or appeal with your advocate.",1.8514,68.6662,18.5489,2.8405,16.3811,15.0562,30.6933,5.4553,1.6994,0.9075,0.2419,15.2347,48.6965,48.9737,84.4916
197,"Can I file a case Zero FIR or online now against to my father and his third wife on attempt murder which was happened in Jan 2020 in Andhra Pradesh. Please suggest. Currently I am in Bangalore.( Bangalore, Karnataka )",CRPC_154 -> CRPC_156 -> CRPC_200 -> CRPC_210,CRPC_154 -> CRPC_156 -> CRPC_200 -> CRPC_210 -> fir -> PROC_FIR_FILING -> PROC_KIDNAPPING -> PROC_SCST_COMPLAINT,"Dear Sir,You can file it online and due to jurisdictional point it can be transferred to the Andhra Pradesh .     Please give me Rank 5 if you feel my answer helped you====================================================Online FIR Bangalore â A Quick Guideâ¢	Website: https://bcp.gov.in/https://www.ksp.gov.in/fir.aspx====================================================FIRs to be uploaded on police website or official website of Government concerned from 15th November, 2016http://blog.scconline.com/post/2016/09/08/firs-to-be-uploaded-on-the-police-website-or-official-website-of-the-government-concerned-from-15th-november-2016/10 GUIDELINES TO POLICESupreme Court: In a writ of mandamus seeking direction to the Union of India and the States to upload each and every First Information Report registered in all the police stations within the territory of India in the official website of the police of all States, as early as possible, preferably within 24 hours from the time of registration, the Bench of Dipak Misra and C. Nagappan, JJ gave the following directions:â¢	A copy of the First Information Report at an earlier stage than as prescribed under Section 207 of the CrPC to be given to the accused.â¢	An accused, upon suspicion that his name may be included in the FIR, can submit an application through his representative for grant of a certified copy before the  police officer concerned or to the Superintendent of Police on payment of fee payable for obtaining such a copy from the Court and such copy shall be made available to him within 24 hours.â¢	When, on an application being filed for certified copy on behalf of the accused, the FIR is forwarded by the police station to the  Magistrate or any Special Judge concerned , the same shall be given by the Court concerned within two working days.â¢	The copy of the FIR, except in case of the offence of âsensitiveâ in nature, like sexual offences, offences pertaining to insurgency, terrorism, etc., is to be uploaded on the police website or the official website of the State Government within 24 hours of the registration and within 48 hours in case of connectivity problems due to geographical location or there is some other unavoidable difficulty. The time can be extended up to a maximum of 72 hours due to connectivity problems due to geographical location. However, the Court clarified that the offences mentioned as âsensitiveâ in nature are only illustrative and it is for the competent authority to decide sensitivity of the case.â¢	In case a copy of the FIR is not provided on the ground of sensitive nature of the case, an aggrieved person can submit a representation to the Superintendent of Police or any person holding the equivalent post in the State, after disclosing his identity. The Superintendent of Police or Commissioner of Police in Metropolitan cities shall constitute a committee of three officers, within 8 weeks of this order, which shall deal with the said grievance within three days from the date of receipt of the representation and communicate it to the grieved person.â¢	In cases wherein decisions have been taken not to give copies of the FIR regard being had to the sensitive nature of the case, it will be open to the accused/his authorised representative to file an application for grant of certified copy before the Court to which the FIR has been sent and the same shall be provided by the  Court concerned not beyond three days of the submission of the application.Stating that the directions for uploading of FIR in the website of all the States shall be given effect from 15th November, 2016, the Court, clarified that if an FIR is not uploaded, it shall not enure per se a ground to obtain the benefit under Section 438 of the CrPC that provides for anticipatory bail. [Youth Bar Association of India v. Union of India, 2016 SCC OnLine SC 914, decided on 07.09.2016]","You can file a Zero FIR at any police station, including online, regardless of the location of the incident. Since the incident happened in Andhra Pradesh, the FIR can be transferred to the appropriate jurisdiction. It's advisable to contact local authorities or legal counsel for specific guidance.",0.0,62.9273,18.5489,2.8405,16.3811,15.0562,30.6933,5.4553,1.6994,0.9075,0.2419,15.2347,48.6965,48.9737,84.4916
198,"Where can I lodge the complaint against corrupted govt employees as per the IPC sections.( Warangal, Telangana )",IPC_409 -> PCA_7 -> PCA_13,IPC_409 -> PCA_7 -> PCA_13 -> PROC_CORRUPTION_COMPLAINT -> Indian Penal Code 1860 -> criminal_breach_of_trust -> corruption,Dear ClientYou can contact your nearest Anti-Corruption official in person or through telephone or even email. More information can be obtained even on phone through the Toll Free numbers: 180023344444 or 1064. The complaint can be filed with the Deputy Superintendent of Police or Inspector of Police.Hope it helps.,"You can lodge a complaint against corrupt government employees under IPC Section 409 and PCA Sections 7 and 13. This can be done at the local police station or with the Anti-Corruption Bureau in Warangal, Telangana.",2.3295,59.8042,18.5489,2.8405,16.3811,15.0562,30.6933,5.4553,1.6994,0.9075,0.2419,15.2347,48.6965,48.9737,84.4916
199,"The accused is charged u/s 366 IPC and pleaded not guilty of the charges and the summons were served upon PWs. the victim in her statement u/s164 stated that she had love and affairs with accused person and they solemnised their marriage and she lived with accused for one month thereafter she appeared before the I.O of the case she was taken to hospital but she refused her medical examination. When the victim girl appeared before the court she in her examination in chief stated that accused forcibly took her and taken her to a unknown place and she stayed there for one phone. Prosecution exhibited her original birth certificate which reveals her age was 17 years at the time of occurrence. The statement of victim u/s 164 was also exhibited. 
The informant in her examination in chief stated that she didn't see any occurrence and other witnesses were also gave hearsay evidence and there is absence of Corroborative evidence supporting the version of victim. But it is a fact that  victim was a minor at the time of occurrence, the defense in cross examination only gave suggestion that at the time of occurrence she was above 18 years, but her evidence is marked by flaws and gaps in such a situation whether it is proved that the victim was minor at the time of occurrence or prosecution succeed in proving the essential condition of section 366 IPC. and whether the prosecution will suceeds in securing a conviction of accused. please help with suggestion in preparing the argument of this case with landmark judgement in the light of the present case.( Cachar, Assam )",IPC_363 -> IPC_364,IPC_363 -> IPC_364 -> PROC_KIDNAPPING -> Indian Penal Code 1860 -> kidnapping -> IPC_191,"Dear Client,The essential condition for the application of Section 366 I.P.C. is that there is kidnapping or abduction of a woman with the intention to compel her or knowing it to be likely that she will be compelled to marry any person against her will or will be forced or seduced to illicit intercourse. Section 366 I.P.C. only applies when the woman abducted has no intention of marriage or lawful intercourse when abducted. Mere abduction does not bring the accused under the ambit of this penal section. In Shahjahan Vs. State, 2011 Cr.L.J. 573, the Supreme Court has held that to establish an offence u/s 366 I.P.C., it must first be established that the offence of kidnapping under Section 361 I.P.C. or abduction under Section 362 I.P.C. has been proved. It must then be shown that such kidnapping or abduction was with the contumacious intent referred to under Section 366 I.P.C. Further, in the case of  Gabbu Vs. The state of M.P., AIR 2006 SC 2461, the Apex Court has held that so far as the charge u/s 366 I.P.C. is concerned, mere finding that a woman was abducted is not enough. It must further be proved that the abduction is for the purposes mentioned in Section 366 I.P.C. Given the provision of relevant law and averments of the Apex Court, you can defend your case to before the Court.","The fact that the victim was a minor at the time of the occurrence is significant under IPC Section 366, which deals with kidnapping or abduction of a woman to compel her marriage. The prosecution's case may be weakened by the lack of corroborative evidence and inconsistencies in the victim's statements. However, the minor status of the victim could still play a crucial role in the case outcome.",0.633,63.7126,18.5489,2.8405,16.3811,15.0562,30.6933,5.4553,1.6994,0.9075,0.2419,15.2347,48.6965,48.9737,84.4916
200,"So my lawyer had filed the case on 27th Jan and we received another date on 2 feb as hearing.  The lawyer said there is no need for me to be present there. And when I checked the ecourt I saw that the case status is Notice_Unready and next date is 4 March 2021. I just want to understand what does Notice Unready means in Domestic Violence case ?( Thane, Maharashtra )",domestic_violence -> CRPC_210 -> PROC_ANTICIPATORY_BAIL -> PROC_KIDNAPPING,domestic_violence -> CRPC_210 -> PROC_ANTICIPATORY_BAIL -> PROC_KIDNAPPING -> Code of Criminal Procedure 1973 -> charge_sheet -> fir -> Q_484,It means that the other side has not yet been informed regarding the case. That is Have u submitted the required fees for sending summons. court must send summon along with petition to other party and they must file their WS.,"""Notice Unready"" generally means that the case is not ready to proceed on the scheduled date. It might be due to pending actions or documents. You should follow up with your lawyer for specific details related to your case.",5.4144,46.2366,18.5489,2.8405,16.3811,15.0562,30.6933,5.4553,1.6994,0.9075,0.2419,15.2347,48.6965,48.9737,84.4916
